ply
format ascii 1.0
element vertex 6412
property float x
property float y
property float z
property uchar red
property uchar green
property uchar blue
end_header
-16.36599405 -4.58622411 21.78729168 145 142 127
-16.37407164 -4.78140156 22.00933907 111 125 96
-17.30159001 -2.58939641 24.07960047 116 110 92
-2.49781421 -1.86450870 8.56174923 135 134 109
-2.49874713 -1.89849904 8.60557150 10 11 4
-2.34933791 -2.34611029 8.46697415 129 105 71
-2.30419731 -2.28863221 8.46466287 4 2 1
-2.27486824 -2.36685420 8.45986654 154 131 94
-2.26893597 -2.29886786 8.44054431 145 120 90
-2.26358518 -2.38951115 8.42464788 111 83 44
-2.31973487 -1.65696608 8.63454096 63 41 6
-2.26264216 -1.67898348 8.51747180 118 98 73
-2.20128899 -2.25120126 8.41919027 135 102 60
-2.20236945 -1.73016807 8.43651540 134 112 83
-2.20333499 -2.28946980 8.44630821 74 45 3
-2.20173226 -1.80092797 8.44679296 9 2 0
-2.16873695 -1.87600639 8.37888709 0 0 0
-2.17109169 -1.36972066 8.41024194 147 151 114
-2.20753195 -1.60848783 8.56042016 47 20 0
-2.16788225 -1.72337351 8.41799389 77 54 20
-2.16458650 -2.16690103 8.39183123 10 2 0
-2.16196122 -1.79300861 8.39937047 166 138 107
-2.20704391 -1.52153884 8.61661751 83 58 27
-2.10664113 -2.02191228 8.35474067 27 14 1
-2.11466525 -2.07394302 8.38510808 23 13 4
-2.10989536 -2.18018678 8.39428851 76 49 12
-2.13612402 -2.35161947 8.49917313 146 109 65
-2.09773505 -2.04381422 8.35683286 147 127 101
-2.08820882 -1.97342720 8.35241617 128 106 70
-2.08962886 -1.73698562 8.38921305 154 130 97
-2.08322580 -1.92978913 8.36846405 73 44 11
-2.10054738 -1.77954073 8.44045284 71 43 7
-2.12039359 -1.63252146 8.54513429 43 21 0
-2.06249151 -2.17191258 8.35744143 157 125 87
-2.06249151 -2.17191258 8.35744143 157 125 87
-2.05796572 -1.94441718 8.35479956 159 135 103
-2.04608018 -2.03587689 8.36627257 83 58 19
-2.06015505 -1.79743328 8.48533979 98 73 35
-2.03840467 -1.76214208 8.39013818 88 62 25
-2.02482318 -1.97508509 8.35186820 130 105 74
-2.07017829 -1.64103966 8.55451299 35 20 0
-2.03503564 -1.69807252 8.43677423 78 51 11
-2.02458162 -1.72990823 8.40637624 88 59 21
-2.01748480 -1.86863175 8.39384300 162 133 91
-2.01997697 -1.75496555 8.41082638 171 143 106
-2.01997697 -1.75496555 8.41082638 171 143 106
-2.00678802 -1.89845308 8.37416995 70 42 13
-2.02769328 -1.66839604 8.46780124 112 89 57
-2.00166344 -2.20283752 8.41107213 97 61 15
-1.99621290 -1.81544132 8.38886206 70 42 3
-1.99286639 -2.16615358 8.37945690 166 133 95
-1.98813819 -1.84277144 8.37722684 171 140 103
-1.97810770 -2.06256606 8.36148724 81 48 8
-2.03843724 -1.43932485 8.64172967 121 94 65
-1.93842158 -2.10757646 8.35805278 157 123 85
-1.93842158 -2.10757646 8.35805278 157 123 85
-1.94739348 -1.83171779 8.39558435 185 152 115
-2.01438261 -1.35945109 8.67969118 68 44 10
-1.93033003 -2.14724593 8.38970432 110 78 31
-1.93033003 -2.14724593 8.38970432 110 78 31
-1.93188631 -1.78702094 8.41401247 84 59 25
-1.93188631 -1.78702094 8.41401247 84 59 25
-1.92597855 -1.84864136 8.43225821 92 63 30
-1.99570978 -1.36415422 8.72981654 109 85 49
-1.94027635 -1.61649950 8.53496296 61 38 7
-1.88180364 -2.13940563 8.36876023 103 69 26
-1.88691164 -2.09779784 8.39546835 78 48 9
-1.88691164 -2.09779784 8.39546835 78 48 9
-1.89228014 -1.93485659 8.41474853 141 109 64
-1.91670036 -1.54839574 8.53437573 76 49 15
-1.87506983 -1.79854826 8.40453885 79 50 11
-1.87506983 -1.79854826 8.40453885 79 50 11
-1.86968140 -1.75754864 8.41004340 75 50 9
-1.86968140 -1.75754864 8.41004340 75 50 9
-1.91639049 -1.40333716 8.69736357 46 24 0
-1.84020054 -1.96973811 8.44652316 153 119 72
-1.84749868 -1.57037750 8.50163094 64 36 4
-1.86176533 -1.54265881 8.59555725 92 63 29
-1.86176533 -1.54265881 8.59555725 92 63 29
-1.82964980 -2.27709186 8.49930549 148 115 73
-1.90608753 -1.19677463 8.87559917 57 28 0
-1.79717112 -1.83111627 8.40204690 76 48 4
-1.81849316 -1.50181132 8.51168663 83 58 15
-1.81021297 -2.30030664 8.48748655 111 77 25
-1.81105032 -1.59670391 8.51765248 76 50 17
-1.81105032 -1.59670391 8.51765248 76 50 17
-1.81105032 -1.59670391 8.51765248 76 50 17
-1.77451447 -1.90417064 8.42869869 85 52 7
-1.78242700 -2.32017987 8.48910445 151 117 78
-1.75710028 -1.86980259 8.39428577 159 129 90
-1.77911117 -1.55405935 8.52785781 77 48 19
-1.75721017 -1.94577357 8.43826307 100 65 17
-1.74775309 -1.84590857 8.43186045 85 53 8
-1.80612070 -1.15286822 8.79798880 101 74 39
-1.79008429 -1.23413213 8.71874926 129 102 73
-1.73618231 -1.57167356 8.51825974 74 45 11
-1.70763377 -1.87374577 8.44722981 81 48 1
-1.70763377 -1.87374577 8.44722981 81 48 1
-1.71345121 -1.60209227 8.47858054 194 166 124
-1.71345121 -1.60209227 8.47858054 194 166 124
-1.70960608 -2.08605338 8.48730922 55 32 1
-1.71010320 -2.23017546 8.52556560 152 118 81
-1.69147764 -1.84903882 8.42848514 168 134 99
-1.67966401 -1.84294683 8.46576400 75 46 13
-1.68285077 -1.57066182 8.51067594 166 138 99
-1.66503549 -1.91859343 8.43930670 170 137 96
-1.66839541 -2.28507719 8.51740705 93 58 5
-1.66625946 -1.64880683 8.51207305 74 42 2
-1.66972371 -2.25900558 8.54271996 148 115 73
-1.65355793 -1.94756005 8.46402721 75 40 1
-1.68436745 -1.41031800 8.63793316 41 18 0
-1.63568626 -1.88100740 8.44584300 81 50 12
-1.65385521 -2.34926260 8.55936959 112 78 32
-1.62944253 -1.90669414 8.44652864 151 117 79
-1.62358519 -1.95607957 8.45840386 177 143 103
-1.63518184 -2.40126549 8.57430958 114 77 28
-1.61569837 -2.29715091 8.52642442 97 62 9
-1.61569837 -2.29715091 8.52642442 97 62 9
-1.60482935 -1.66483193 8.53232915 164 133 89
-1.59810874 -2.10456313 8.55272893 144 107 63
-1.58603742 -2.00338404 8.48209460 89 53 10
-1.57774506 -1.63534306 8.52778561 150 118 77
-1.55697464 -1.70774943 8.51288202 90 58 17
-1.64137551 -1.03500408 8.96217110 145 120 90
-1.57705304 -1.33116670 8.63562050 141 111 76
-1.57840491 -1.36518274 8.65460169 77 48 14
-1.56460841 -1.40207872 8.62874323 76 47 6
-1.54478553 -1.34941446 8.65019795 87 57 22
-1.52657354 -2.40507403 8.60461243 109 71 27
-1.50127865 -1.66601174 8.53593609 168 138 104
-1.51330531 -1.38444073 8.63874971 73 42 5
-1.48840780 -2.23732820 8.58939969 131 100 57
-1.46566149 -1.81433213 8.57348810 113 81 42
-1.45975608 -2.16478417 8.59245861 144 110 64
-1.46427546 -2.37979539 8.61801027 95 59 3
-1.46427546 -2.37979539 8.61801027 95 59 3
-1.49965341 -1.16992556 8.82712294 127 98 64
-1.49374363 -1.20029499 8.79797917 61 35 6
-1.51194400 -1.05323293 8.94900332 134 105 72
-1.48008114 -1.07165425 8.87763323 129 104 73
-1.42759994 -1.48566397 8.62239462 108 75 40
-1.43208120 -1.33432773 8.67988857 153 126 97
-1.41029819 -1.85301025 8.62320748 155 119 80
-1.41548977 -1.36736608 8.66909169 86 57 22
-1.38890585 -2.03797424 8.54808871 71 45 2
-1.40311912 -1.40286454 8.63600593 192 162 127
-1.38483562 -1.38375261 8.65073550 82 55 11
-1.38234230 -2.26356845 8.63856989 74 41 1
-1.37801562 -2.31493348 8.68421448 147 113 73
-1.39603160 -1.23375948 8.79197747 57 33 1
-1.36616086 -1.87001978 8.60550902 151 111 69
-1.35371426 -2.05346547 8.56242140 80 49 4
-1.35061385 -2.20130637 8.58265891 169 128 86
-1.34317082 -1.40774532 8.65598488 76 47 19
-1.32426812 -1.88153616 8.63503894 139 102 58
-1.31054847 -1.72865318 8.58205433 78 48 13
-1.31054847 -1.72865318 8.58205433 78 48 13
-1.31783968 -1.52326991 8.67059199 84 52 14
-1.31783968 -1.52326991 8.67059199 84 52 14
-1.30733145 -1.81963510 8.60427656 80 42 1
-1.38291680 -1.14138075 9.07187278 126 99 68
-1.34900741 -1.10081495 8.92253035 134 107 78
-1.31710386 -2.31884041 8.70604110 164 131 89
-1.30806074 -1.47794857 8.66566948 73 45 15
-1.30806074 -1.47794857 8.66566948 73 45 15
-1.29762921 -1.42924217 8.67507321 77 51 16
-1.32222097 -1.08871082 8.98332274 40 18 0
-1.27529850 -2.52485934 8.76358271 113 80 30
-1.33551949 -0.87469586 9.18851229 116 87 53
-1.24642037 -1.78284637 8.63043659 168 140 100
-1.24370784 -2.32513546 8.72214556 72 39 2
-1.24370784 -2.32513546 8.72214556 72 39 2
-1.25918260 -1.30012087 8.82642106 91 68 36
-1.22960268 -1.92283698 8.65575160 146 111 70
-1.24247340 -2.37560982 8.75960478 152 118 73
-1.21722776 -1.80372492 8.61827079 67 34 1
-1.21062437 -1.52010059 8.67485520 73 41 2
-1.21182004 -1.63951419 8.70243767 68 43 12
-1.20047579 -1.46617118 8.70413090 61 34 0
-1.18228430 -1.79067497 8.64066491 174 145 110
-1.18643525 -1.50629426 8.68156490 186 157 114
-1.22033744 -1.14870776 8.93787806 129 102 67
-1.18072049 -2.28067112 8.69895508 136 98 49
-1.18752982 -1.23833679 8.84123647 58 31 3
-1.14056385 -2.21456839 8.67777393 103 63 16
-1.15969175 -1.22173215 8.85446664 132 102 74
-1.15969175 -1.22173215 8.85446664 132 102 74
-1.12530265 -1.62510127 8.70377652 148 114 73
-1.11425805 -1.79933006 8.66575563 76 48 13
-1.12143878 -1.56829656 8.72295016 65 36 2
-1.11603537 -1.52097280 8.69883742 76 43 4
-1.17517555 -0.96022707 9.20758756 46 19 0
-1.17048636 -0.92818604 9.20975371 114 88 55
-1.10294539 -1.54723925 8.70936797 199 166 133
-1.15661584 -0.98629856 9.11677989 136 110 75
-1.08681005 -1.84748459 8.67468358 85 55 12
-1.09159906 -2.31354247 8.78004238 150 113 69
-1.08126120 -1.51076630 8.71935511 94 65 32
-1.06942973 -1.54108616 8.71269000 202 170 134
-1.06942973 -1.54108616 8.71269000 202 170 134
-1.09541882 -1.18967650 8.92096744 131 102 70
-1.08053153 -2.48146200 8.86197748 83 50 1
-1.05213413 -1.50023601 8.74163548 170 142 103
-1.04248565 -2.42519538 8.86236544 134 99 53
-1.02616831 -1.67943521 8.75701583 147 114 78
-1.01901806 -1.55044809 8.73776718 99 71 35
-1.01778692 -2.06774193 8.78572140 59 35 1
-1.00591858 -1.30409935 8.87268977 87 60 24
-0.99419523 -2.13955356 8.74904969 61 34 0
-0.99788511 -2.41172934 8.87966433 75 43 3
-0.99788511 -2.41172934 8.87966433 75 43 3
-1.07656567 -0.60650744 9.63607463 171 163 150
-1.07656567 -0.60650744 9.63607463 171 163 150
-0.97774170 -2.20404797 8.73978912 94 63 18
-0.97774170 -2.20404797 8.73978912 94 63 18
-0.99629383 -2.52418246 8.92958471 96 64 15
-0.96035794 -1.93228817 8.71774846 88 56 16
-0.97013399 -1.26354870 8.88227684 97 68 27
-0.97423322 -1.29462448 8.92952546 147 121 85
-0.97423322 -1.29462448 8.92952546 147 121 85
-0.94696974 -2.25995349 8.77965950 159 124 86
-0.94696974 -2.25995349 8.77965950 159 124 86
-0.95313977 -2.51411973 8.90459185 103 72 18
-0.92950992 -1.90621411 8.74892895 64 39 2
-0.92950992 -1.90621411 8.74892895 64 39 2
-0.92141839 -1.60322333 8.78205151 177 147 109
-0.92115485 -2.20623348 8.79838656 71 37 1
-0.90981615 -1.92086656 8.73252135 159 129 89
-0.93336628 -1.04545213 9.19033741 130 106 73
-0.89190984 -1.59490675 8.78610392 175 146 108
-0.89190984 -1.59490675 8.78610392 175 146 108
-0.89379440 -1.31713474 8.91104612 69 40 9
-0.89379440 -1.31713474 8.91104612 69 40 9
-0.88642360 -2.46521042 8.93830356 88 55 4
-0.87085312 -2.01928518 8.80571491 167 132 87
-0.87171910 -2.21168078 8.77781452 79 45 2
-0.87546871 -2.43208860 8.91469728 175 135 85
-0.84449771 -1.58951677 8.82919382 165 136 102
-0.85938761 -2.80084178 9.21618167 157 124 83
-0.82254326 -1.39122504 8.87175188 140 112 82
-0.81564183 -1.74734481 8.84318497 146 112 70
-0.83254251 -1.22349285 9.06720946 44 18 1
-0.79114275 -1.62861437 8.81808358 79 53 19
-0.96383247 -0.21340574 10.68970991 85 68 43
-0.79850513 -2.43302365 8.96798442 153 112 62
-0.92595397 -0.64593937 10.46769069 181 172 157
-0.90914475 -0.70567303 10.46836499 90 68 48
-0.91915992 -0.02346442 10.63560871 98 74 50
-0.75791178 -1.36855093 8.93674903 68 41 5
-0.76155474 -2.60408938 9.05969040 91 58 7
-0.75544462 -2.50806788 9.01332846 77 43 0
-0.72733925 -1.96311953 8.81042371 77 44 6
-0.72622705 -2.29711704 8.85568358 106 69 24
-0.72298328 -1.70209793 8.82789597 77 43 4
-0.73006690 -1.50526298 8.88169524 55 34 2
-0.73006690 -1.50526298 8.88169524 55 34 2
-0.84686823 0.43235984 10.48315516 187 186 174
-0.72537716 -2.49300637 9.02367473 172 130 76
-0.74163475 -1.04312684 9.23287024 66 39 7
-0.70614020 -1.64244425 8.85158099 76 46 10
-0.70611004 -2.59659863 9.06136597 166 131 89
-0.68700758 -2.28889339 8.91116546 91 60 16
-0.68309824 -2.20136569 8.87577352 56 36 1
-0.67914875 -2.16472010 8.93999541 146 114 75
-0.68883609 -2.54967174 9.06184597 161 126 84
-0.67394476 -2.31564886 8.90063263 170 136 98
-0.67848113 -2.36041322 8.97293557 125 92 49
-0.69795560 -1.05823141 9.23055278 51 24 1
-0.66770427 -2.10865653 8.91765185 148 112 73
-0.65903714 -2.09574419 8.81382780 126 93 52
-0.67568550 -2.51005551 9.06023270 68 41 4
-0.67568550 -2.51005551 9.06023270 68 41 4
-0.65682926 -1.64917382 8.84587708 70 40 3
-0.65398988 -2.50240720 9.08025956 74 42 2
-0.62414794 -1.67944099 8.84195719 75 43 5
-0.72909805 0.12191731 10.31150736 66 42 14
-0.61437301 -2.20557546 9.00790672 14 10 8
-0.68225091 -0.62136696 9.98748755 109 83 57
-0.60120910 -1.37257672 8.95441847 85 57 17
-0.59804709 -2.38874506 9.00485921 87 55 6
-0.59713981 -1.29222955 9.08026418 48 25 3
-0.58807431 -2.34664087 9.01828652 161 126 86
-0.58188989 -1.42417773 8.95786447 109 79 45
-0.64588710 -0.60830400 9.98547229 118 92 65
-0.66590029 0.27580290 10.30581167 116 97 71
-0.57556135 -2.05373930 8.99924912 145 113 64
-0.57242915 -2.31484798 9.00895285 0 0 4
-0.57894741 -2.55388123 9.11193567 59 32 0
-0.56646879 -2.13023349 9.00021296 1 1 1
-0.54554701 -1.55832398 8.97989166 147 112 80
-0.55193341 -2.18198628 9.01236391 15 14 8
-0.53406286 -1.30298537 9.07897341 46 22 1
-0.52905981 -1.13417280 9.16374854 121 94 63
-0.51946130 -2.26329385 9.05631499 25 17 10
-0.51861034 -1.46663190 9.05345851 77 44 11
-0.51841023 -2.21072903 9.01897825 181 166 152
-0.51841023 -2.21072903 9.01897825 181 166 152
-0.51841023 -2.21072903 9.01897825 181 166 152
-0.47947837 -1.90633237 8.94743294 144 109 67
-0.47679448 -1.70882394 8.92504145 58 33 1
-0.47296076 -1.97753227 9.01463293 74 46 8
-0.43908801 -2.48630303 9.01466603 103 66 21
-0.43597284 -1.59929029 9.00234620 155 121 85
-0.47135930 -0.76664385 9.84418311 121 94 65
-0.42174205 -2.01079866 9.00512076 53 32 2
-0.42174205 -2.01079866 9.00512076 53 32 2
-0.42911046 -2.63033626 9.05250457 74 43 11
-0.42659661 -2.71906614 9.09228487 168 132 88
-0.41568493 -2.05434624 8.96197790 120 88 49
-0.41016081 -1.51065165 8.99226565 76 43 6
-0.40651707 -2.62540816 9.11854084 136 102 59
-0.39605292 -2.66371865 9.12057909 70 41 4
-0.39605292 -2.66371865 9.12057909 70 41 4
-0.40067118 -1.14054930 9.19231048 122 93 62
-0.37246376 -2.01058505 9.00431990 66 39 9
-0.37327098 -2.17842123 9.04904559 16 8 2
-0.37447653 -2.70269977 9.10380227 147 114 70
-0.40057826 -0.74172752 9.80449681 57 31 1
-0.36001210 -2.27311458 9.05348637 131 97 55
-0.35714385 -2.15764967 9.04769325 164 134 83
-0.35389583 -2.80132823 9.16820072 105 67 20
-0.34405272 -1.51525585 9.03469513 147 115 79
-0.34334284 -2.13132855 9.03059339 145 115 64
-0.32777619 -2.68705431 9.11537935 73 43 1
-0.32777619 -2.68705431 9.11537935 73 43 1
-0.32230998 -2.46736699 9.01068817 72 47 8
-0.32027021 -2.42389539 9.04240416 56 30 1
-0.33539588 -0.82599831 9.64274520 135 106 74
-0.26086418 -2.23807268 9.02015875 150 118 81
-0.26086418 -2.23807268 9.02015875 150 118 81
-0.25921746 -2.32007394 9.06111784 158 123 80
-0.33575094 1.70500127 12.33262313 99 83 51
-0.23001460 -2.00989955 9.02529770 161 123 78
-0.22682461 -2.20270740 9.05298464 84 55 12
-0.22618326 -1.86985036 9.02120890 62 33 0
-0.22583428 -2.77303955 9.15353431 158 121 76
-0.22583428 -2.77303955 9.15353431 158 121 76
-0.22268030 -2.86540505 9.22443722 171 136 85
-0.22019312 -2.82664061 9.19368819 92 59 9
-0.21392285 -1.51587199 9.03444904 71 45 10
-0.20902969 -2.39478448 9.11137428 63 39 5
-0.20683364 -2.10584859 9.07879383 50 29 1
-0.19240769 -1.27506447 9.18991192 63 34 1
-0.18788819 -0.16821725 9.81767561 116 89 60
-0.18200720 0.28501905 9.93244740 79 55 20
-0.18306595 0.10008995 9.87346561 62 33 4
-0.16438050 -2.24028580 9.04364825 69 40 0
-0.17185405 0.13773182 9.83739425 111 87 53
-0.17185405 0.13773182 9.83739425 111 87 53
-0.15744813 -2.44837628 9.08116038 100 75 44
-0.16193258 -2.81232632 9.22150821 162 126 78
-0.15884027 -0.69774517 9.68913003 102 77 46
-0.15657252 0.01894990 9.82214295 125 99 64
-0.15657252 0.01894990 9.82214295 125 99 64
-0.14445704 -1.55404076 9.10665325 64 37 9
-0.15441416 0.39226069 9.84780648 78 50 12
-0.15564280 0.23024343 9.90103393 117 92 62
-0.15232226 0.09967936 9.84810706 126 99 69
-0.14702547 0.32160320 9.92523997 127 103 69
-0.13717333 -2.90726525 9.28532464 168 131 87
-0.13200662 0.13774798 9.85138103 58 35 1
-0.11848864 -1.93047402 9.03082604 117 88 58
-0.11848864 -1.93047402 9.03082604 117 88 58
-0.12174933 -1.27554921 9.24189563 66 41 8
-0.12693838 0.23231968 9.91608110 63 38 6
-0.12693838 0.23231968 9.91608110 63 38 6
-0.12639481 0.40888118 9.90630252 129 105 70
-0.11743467 -1.25010460 9.28632869 102 76 52
-0.11681461 -0.21958931 9.86756888 44 27 2
-0.10676684 -1.52029140 9.16879238 81 59 37
-0.11374734 -1.00812997 9.46704138 47 28 4
-0.10062802 -1.74029390 9.14016809 150 115 78
-0.10132519 -1.35212710 9.23857474 67 36 1
-0.10288152 0.33854897 9.92268361 42 21 0
-0.09070093 -2.12733282 9.12889090 62 37 2
-0.09231263 -1.23119156 9.34701719 15 3 2
-0.09197166 0.05940615 9.87599207 50 29 4
-0.08603353 -1.42822447 9.23894013 147 119 82
-0.07963107 -1.90816246 9.10583432 58 31 2
-0.08306438 -1.27065057 9.31786274 86 65 41
-0.08028631 -0.02470338 9.78661124 94 67 40
-0.07643259 -1.97633495 9.08194112 77 43 7
-0.07725066 -0.94450843 9.56725023 58 33 2
-0.07011323 -0.08202077 9.84573489 70 46 10
-0.06740584 -1.02915731 9.50200456 37 16 0
-0.06135566 -2.35110105 9.09556167 113 80 37
-0.06074704 -1.07479176 9.42387221 120 95 65
-0.05782281 -1.50671523 9.22689085 10 6 0
-0.05782281 -1.50671523 9.22689085 10 6 0
-0.06106216 -1.05881295 9.49009557 116 93 62
-0.04386021 -1.41529509 9.24280456 133 104 70
-0.04437632 -0.36240474 9.78363587 53 28 4
-0.03476577 -2.85524402 9.28041739 93 57 17
-0.03168391 -1.38515868 9.21850697 59 28 2
-0.03163314 -1.38701429 9.26290452 59 28 1
-0.03056212 -1.66223544 9.14637773 157 122 92
-0.02805804 -1.93178619 9.11047775 64 37 2
-0.01924640 -2.16709511 9.19370526 60 33 5
-0.01246003 -2.49506179 9.22764388 61 36 8
-0.01632375 -1.06525739 9.48103930 114 88 57
0.00863752 -1.63251444 9.16896510 150 125 93
0.01138968 -1.78861568 9.20904521 136 99 62
0.02385332 1.48674271 11.13547191 41 24 1
0.02979633 -2.00550398 9.11618901 88 54 9
0.03037613 -2.52968238 9.22195152 99 75 41
0.03338537 -0.28842214 9.79488403 106 82 48
0.04374426 -1.42188765 9.28710170 58 32 3
0.05901159 -0.85595295 9.80400050 48 23 4
0.05925143 0.08447227 9.88297773 46 22 0
0.06027194 -2.20767206 9.23495318 58 29 1
0.06791741 0.53681935 9.92701084 114 87 54
0.06393100 -1.75467039 9.16495721 79 47 7
0.07644595 -0.37062452 9.78654853 45 20 0
0.08198210 -1.09652350 9.50599986 107 83 53
0.07757740 -1.85878013 9.21751150 20 10 0
0.09262476 0.84588856 10.12488669 51 24 1
0.09648452 -1.58078330 9.26256754 9 3 1
0.10424872 0.35022216 9.91590253 43 23 1
0.11324716 0.78193681 10.08937292 123 91 58
0.10383938 -2.58803554 9.25791942 64 45 13
0.11779217 -2.90353427 9.40620649 94 58 9
0.13741149 -0.66624551 9.79620201 51 26 0
0.13385899 -1.83214125 9.27746910 125 91 59
0.13264520 -2.50876423 9.27978457 151 113 78
0.15419935 -2.00215679 9.19516577 51 23 4
0.16671306 -1.70712540 9.14110181 58 36 16
0.18864623 0.85821624 10.12045645 49 23 1
0.18542997 -1.21087537 8.64243951 54 32 8
0.18941397 -1.54709497 8.68950104 51 27 2
0.18941397 -1.54709497 8.68950104 51 27 2
0.20696372 -2.64159392 9.39659896 98 74 44
0.20504790 -2.59958621 9.36765603 58 32 2
0.23212046 1.06858680 10.21931971 64 34 3
0.22979090 -0.09176213 9.85363886 53 29 1
0.21307797 -1.41927309 8.65411184 87 52 11
0.21443484 -1.45281114 8.64559157 73 44 5
0.21749862 -1.27030684 8.62218682 54 29 2
0.22337441 -0.88132743 8.68075815 83 57 22
0.23761207 -2.35352798 9.30357651 38 21 0
0.22742509 -1.02457130 8.66772075 57 32 11
0.23192682 -0.84832693 8.70631209 144 118 87
0.26239885 0.16045715 9.85046179 55 32 3
0.24792659 -2.23338610 9.29724576 130 97 59
0.23773454 -1.33313769 8.60029867 170 142 105
0.25407471 -2.63771729 9.40711097 34 13 3
0.21173649 0.03975805 7.60779346 48 24 0
0.24861787 -1.22950633 8.60819347 137 115 87
0.25069264 -0.91987817 8.62158572 188 160 136
0.29731088 1.07596505 10.23979385 58 29 1
0.27594840 -2.69488452 9.45953269 125 103 77
0.25883711 -1.01882852 8.65227100 162 135 100
0.26299851 -1.08521913 8.71566803 12 1 0
0.26966450 -0.88158037 8.66176052 92 64 27
0.28459254 -2.04291585 8.83282848 156 123 82
0.27950595 -1.22766194 8.59219153 85 57 26
0.29155229 -1.31804588 8.58749419 76 45 9
0.29788577 -0.91062623 8.64466988 147 121 91
0.29788577 -0.91062623 8.64466988 147 121 91
0.30194652 -0.79954828 8.75699944 47 24 3
0.30191899 -0.98599984 8.62766900 185 157 118
0.29833333 -1.35076598 8.56915703 169 140 99
0.35385677 -0.06064962 9.91078578 95 71 40
0.37216320 1.07659622 10.29039306 57 27 0
0.31326750 -1.33505803 8.60856347 73 44 1
0.34170141 -2.67805397 9.42925464 0 0 2
0.32756500 -1.86416676 8.70570313 164 135 95
0.35878972 -2.77703027 9.24803064 122 96 63
0.34902415 -0.82264138 8.79719604 38 18 0
0.34626160 -1.06572883 8.65158839 161 125 90
0.34626160 -1.06572883 8.65158839 161 125 90
0.35001217 -1.92057141 8.75006741 104 73 26
0.39858848 0.13772372 9.91790430 55 29 6
0.35378962 -1.01917030 8.65077893 184 151 119
0.35773588 -0.85983451 8.71952029 141 114 84
0.37046587 -2.44088541 9.11466277 149 117 81
0.41482713 0.17638647 9.90355416 123 96 66
0.36736128 -1.79502995 8.71538932 103 73 25
0.38844180 -2.63434063 9.17794043 60 34 8
0.42673519 0.21088009 9.93907824 103 78 48
0.42673519 0.21088009 9.93907824 103 78 48
0.37474719 -1.21088291 8.64148388 66 33 1
0.37474719 -1.21088291 8.64148388 66 33 1
0.43087895 -0.13069169 9.97367021 58 32 4
0.39637808 -1.78147833 8.77540118 127 95 54
0.39619500 -1.85261264 8.76016326 101 68 24
0.49969268 2.20205211 11.04225261 51 27 0
0.49969268 2.20205211 11.04225261 51 27 0
0.40484615 -1.74439007 8.79184681 84 49 3
0.40416927 -1.25761741 8.72366929 72 41 9
0.40416927 -1.25761741 8.72366929 72 41 9
0.50588431 2.37915857 11.02616870 51 43 25
0.40367744 -1.73449073 8.68058084 92 56 6
0.42228895 -0.73950347 8.83594772 88 54 10
0.42228895 -0.73950347 8.83594772 88 54 10
0.42228895 -0.73950347 8.83594772 88 54 10
0.44609865 -1.15152137 8.73601084 167 133 97
0.56690691 2.39115176 10.92454200 43 29 19
0.55328346 1.01284458 10.32760428 141 108 75
0.60279835 2.37759115 11.01713710 124 102 68
0.49150022 -1.48977241 8.84368813 102 73 27
0.56000191 -0.16029813 9.96824787 48 27 2
0.59407524 1.00896062 10.34607458 134 101 68
0.63428833 1.72042266 11.12419170 47 26 4
0.56047906 -0.66705284 9.14309818 175 144 116
0.55603977 -2.40869265 9.09183768 109 76 30
0.62569461 0.26008058 10.11908306 60 34 4
0.63868995 1.03612305 10.38396632 56 26 1
0.61771773 0.32148589 10.04358410 112 78 39
0.62480116 0.41566779 10.04539316 125 96 65
0.69819336 1.67654317 11.09002503 52 29 2
0.58359573 -1.89074267 9.02244942 107 76 31
0.58359573 -1.89074267 9.02244942 107 76 31
0.58255299 -1.38252940 8.95034142 168 136 99
0.68748941 1.02077271 10.39189572 65 38 12
0.60907713 -1.11950330 9.13269364 170 135 102
0.60907713 -1.11950330 9.13269364 170 135 102
0.61424074 -2.32883683 9.22720151 104 73 28
0.62041692 -0.76086386 9.23743359 152 125 95
0.67916362 0.39604602 10.09514859 172 141 111
0.69502694 0.90060234 10.26373839 97 64 30
0.69502694 0.90060234 10.26373839 97 64 30
0.74421933 2.19280644 10.81012821 125 88 51
0.63112297 -1.23992133 9.16764017 172 139 106
0.71996389 0.29802498 10.10633065 160 126 88
0.78637418 1.22809911 10.67792622 54 30 0
0.82257977 1.61717043 11.04425605 36 17 0
0.69124132 -1.20090494 9.21305405 169 140 106
0.82029826 1.45744198 10.91047466 58 30 2
0.81607474 2.25787999 10.76566286 90 52 10
0.77983655 0.06164691 10.14646633 121 91 53
0.83023485 2.33430610 10.78232796 91 53 20
0.81337503 1.14921498 10.58663978 127 98 67
0.72167557 -1.70586248 9.24723710 103 69 27
0.82306031 0.93117687 10.43391730 144 115 73
0.80198659 0.06982856 10.10654059 171 142 108
0.74079987 -1.72554944 9.26318438 166 137 106
0.88447734 1.63165786 10.89796561 51 31 6
0.87487949 2.02892126 10.82044650 158 121 84
0.89704041 1.40530421 10.91637040 132 97 67
0.87820714 -0.06282890 10.22665072 141 109 69
0.90096347 0.94523337 10.45999711 53 26 4
0.91185766 0.96266473 10.47589036 80 54 22
0.87887082 -0.69561642 9.86758598 137 111 77
0.94599549 1.12051865 10.66535413 104 71 36
0.96332634 1.06974974 10.62171979 124 95 65
0.98363689 1.12733484 10.62521843 134 103 69
0.98651779 1.08587995 10.58726848 83 53 21
1.01417184 1.37132433 10.80566912 133 104 75
1.02763371 1.76182916 10.87892902 173 134 107
0.93016869 -0.83807299 9.80630051 81 48 8
1.01261746 1.18763066 10.67806350 74 41 7
1.01779287 1.07312507 10.64773682 133 105 68
1.04322618 1.93183564 10.90248280 84 52 14
0.99733992 -0.30630696 10.30986136 175 143 108
1.05961473 2.43573549 10.92494300 53 31 15
1.07375403 1.67249267 10.96684884 46 24 3
1.02072307 0.19126295 10.37146630 134 100 62
0.95751081 -1.01281449 9.66619963 158 128 94
1.03184019 -0.34742963 10.39087041 177 144 111
1.06100584 0.25383049 10.40449468 99 67 29
1.07843392 -0.49684991 10.59562515 154 119 79
1.11978361 2.30969401 10.88014584 131 97 60
1.10674481 0.91786636 10.67890276 56 29 0
1.07865794 -0.03556039 10.36329966 164 133 100
1.14143251 2.34800153 10.91970119 180 147 116
1.09653408 0.13493391 10.43680865 132 97 56
1.14452090 1.70915847 10.83785398 149 115 78
1.13771140 1.07825690 10.70496115 165 138 93
1.16093050 -0.52553280 10.79186222 159 124 91
1.16011611 0.41802622 10.50183626 144 111 76
1.17072064 0.79410231 10.57888437 188 159 125
1.21608790 2.25893344 10.95384475 75 41 2
1.21779216 -0.62127943 10.92216239 91 60 14
1.24047675 2.01403818 10.94743711 165 131 90
1.19318314 -0.09221816 10.50133412 173 140 103
1.31467199 2.28696061 11.09161484 75 40 1
1.26006135 0.75641750 10.60778112 85 49 12
1.26527521 0.79176645 10.62939265 187 154 121
1.31159650 2.27103167 11.03526129 84 49 11
1.26035284 0.49573172 10.52999078 177 144 106
1.30364248 0.03306774 10.63733602 158 119 79
1.32738451 0.35786507 10.64795464 165 132 90
1.36166066 0.74334381 10.70229821 136 104 65
1.36166066 0.74334381 10.70229821 136 104 65
1.41030202 1.93898732 11.03249221 139 106 68
1.46650793 2.01570529 11.24179651 96 64 23
1.44621562 2.23612902 11.09813930 100 76 53
1.39526659 0.12632911 10.64187148 176 142 105
1.52718832 -0.73012345 11.49129727 89 54 17
1.43666213 0.65894879 10.72235286 95 65 25
1.43666213 0.65894879 10.72235286 95 65 25
1.47538087 1.29413466 10.93027375 163 133 100
1.45594240 0.78534253 10.76772614 153 124 85
1.48427665 0.62926367 10.76318997 92 59 16
1.49592283 0.72687649 10.78524231 108 78 42
1.56771524 -0.13650917 11.09353890 73 44 1
1.56139470 1.31812705 11.02571396 91 62 32
1.66755280 -0.74703516 11.66940475 172 135 95
1.62331798 1.40834429 11.28943347 138 111 81
1.63573035 -0.46237684 11.39078477 81 49 8
1.56205550 0.09393749 10.81493770 171 138 103
1.57604912 0.23977801 10.88057441 176 145 106
1.79993946 -0.89016673 12.06310906 168 137 99
1.67902302 -0.16993574 11.21749765 84 52 11
1.67431758 1.19111675 11.07406465 152 120 91
1.67431758 1.19111675 11.07406465 152 120 91
1.66691516 0.29552483 10.94301047 169 140 100
1.66691516 0.29552483 10.94301047 169 140 100
1.70839568 -0.13532870 11.14267055 157 123 81
1.88759866 -0.83093615 12.00183326 109 76 44
1.83449825 -0.57509418 11.62001159 159 126 91
1.86635110 -0.17217100 11.46229305 162 130 91
1.88751777 -0.40900502 11.54533147 153 120 84
1.88751777 -0.40900502 11.54533147 153 120 84
1.83640559 0.86315268 11.12861099 191 159 121
1.90711497 -0.26734870 11.56089245 146 111 70
2.06427240 2.18846844 12.26447581 190 174 159
1.88585298 0.46738615 11.20164473 171 142 102
2.08912947 -0.86664170 12.15417955 111 72 31
2.05325476 1.09813635 11.82197147 150 125 94
2.18450294 -1.19220247 12.56436883 176 141 102
2.00890168 0.19090370 11.38910434 162 129 97
2.00890168 0.19090370 11.38910434 162 129 97
2.04715973 -0.08872568 11.61891680 160 129 94
2.03365429 0.82008096 11.45583059 173 147 110
2.16935677 -0.61501510 11.99389650 82 48 7
2.09205112 0.40126210 11.48555777 161 127 90
2.24166016 -0.89864592 12.30361871 87 51 3
2.22512217 -0.62925592 12.06984242 78 44 9
2.22683036 -0.12194987 11.78577960 94 58 22
2.22167458 0.05569826 11.73792974 154 120 75
2.25732596 0.44263991 11.70594949 148 115 80
2.30236343 -0.29476861 11.92068976 163 127 88
2.32258966 0.71150230 11.92277177 164 134 97
2.34938729 -0.38451891 11.96822756 141 109 69
2.35347325 -0.42016962 11.97172892 91 59 11
2.40152909 0.72365603 11.97112280 151 119 91
2.50722600 -1.02351927 12.52950596 106 64 27
2.54091529 -0.97993313 12.57347464 137 100 56
2.56404987 -0.95504378 12.61814032 99 57 11
2.44593692 -0.11156238 11.92847516 175 144 106
2.53975658 -0.84108719 12.38157441 179 142 106
2.66679444 1.46898537 12.95337094 83 70 53
2.52716412 0.68781524 12.14784229 144 113 84
2.52276977 0.42526917 11.94228087 151 118 84
2.61229649 -0.63032824 12.31740738 182 146 110
2.64771779 -0.69800774 12.44694903 92 53 10
2.72292596 -0.72110768 12.49448270 96 61 17
2.67076043 -0.20903077 12.17314931 105 71 32
2.67076043 -0.20903077 12.17314931 105 71 32
2.66082850 -0.24525044 12.13847472 171 136 96
2.78749240 -0.28928018 12.28958152 153 118 80
2.78749240 -0.28928018 12.28958152 153 118 80
2.89900726 -0.45793872 12.44994970 94 54 6
3.01804417 -1.10790062 12.89720344 94 55 16
2.96985797 -0.79832108 12.63592604 81 44 3
2.91855736 -0.08142632 12.38981069 165 132 91
2.96737935 -0.48640801 12.47428754 97 58 14
3.01255176 0.62674393 12.58485319 155 128 100
3.04255241 -0.50734306 12.57743446 94 57 21
3.20493499 -1.50716399 13.20252494 114 75 32
3.07825374 0.18440657 12.52428262 156 123 85
3.07608812 -0.04016997 12.41510187 136 103 65
3.07608812 -0.04016997 12.41510187 136 103 65
3.43693710 1.05366997 13.63973953 147 152 175
3.23250656 -0.57100197 12.66062866 90 55 16
3.58338860 0.93930535 13.75598180 155 165 188
3.89193872 1.31758583 13.81147938 139 104 72
3.91490580 1.50759819 13.91329448 64 35 1
3.93137799 1.17553456 13.91259319 52 26 2
3.71266506 0.09495638 12.98449821 157 128 97
3.96304907 0.55693868 13.52978901 82 54 23
4.06320760 1.74856008 13.83809108 23 8 0
4.09909272 0.87997166 13.82701745 123 94 62
4.06544159 0.65067673 13.63311291 139 105 68
4.11579609 0.97158188 13.65011019 139 99 63
4.17159148 1.56702545 13.72512961 155 117 80
4.05896129 -0.87806283 13.27011838 163 125 89
4.46075416 -2.11181634 14.38443631 117 90 46
4.20876755 -1.04139112 13.44426717 162 125 90
4.15881622 -0.15252420 13.29846117 153 123 87
4.25243966 0.10396566 13.50614352 168 138 104
4.35463502 1.58232517 13.72106749 165 129 93
4.35463502 1.58232517 13.72106749 165 129 93
4.42620359 0.94770619 13.86208403 150 111 70
4.47019005 1.72763797 13.83058184 42 28 12
4.57148410 -1.47279690 14.12980333 86 55 3
4.55577332 0.76856512 13.92940621 141 108 77
4.51091720 0.19300582 13.75004189 142 111 77
4.54750636 -0.52681376 13.68470159 155 126 97
4.56762915 -0.38451226 13.67750523 141 112 78
4.65196862 -0.58988333 13.78861897 175 144 114
4.74091065 0.63416728 13.96516623 68 42 9
4.74091065 0.63416728 13.96516623 68 42 9
4.78794574 1.51352423 14.00496992 87 58 24
4.93872825 0.90109786 14.21894381 90 67 29
5.01780380 1.04550124 14.28047472 146 122 89
5.00133720 1.44088178 14.22923144 200 200 211
17.75194036 -3.61536492 23.64715360 147 161 192
17.82182679 -3.75605762 23.60214065 97 104 98
17.70367660 -3.38787585 23.39889388 40 39 19
17.77807943 -3.64650275 23.49759731 149 161 190
18.29262954 -3.56191161 23.72221382 146 167 203
-3.09888492 -2.66011167 10.42471305 132 131 111
-2.28613454 -1.76478295 8.63419277 1 0 0
-2.29374341 -1.66436151 8.72220448 57 35 0
-2.27552098 -1.67793670 8.67316433 133 114 88
-2.15546684 -2.17746898 8.46627763 150 129 103
-2.15546684 -2.17746898 8.46627763 150 129 103
-2.16382887 -2.36030911 8.61742610 84 48 3
-2.11734441 -1.79339917 8.50419160 71 43 7
-2.12759635 -2.37061187 8.62358055 79 42 0
-2.22656716 -1.39228727 9.10611316 105 87 56
-2.20686128 -1.47810856 9.05747053 67 40 4
-2.13596492 -1.45367615 8.79939318 132 107 74
-2.06480392 -1.72334747 8.47964354 131 105 72
-2.04565575 -2.12815892 8.41181372 156 126 85
-2.09628714 -2.38497532 8.64566683 80 42 2
-2.03246617 -1.72770041 8.50179894 144 115 76
-2.05749273 -2.39500149 8.64732918 67 36 0
-2.01191281 -2.25159695 8.44224977 136 104 63
-2.04291579 -2.34701035 8.57221747 162 120 74
-2.06185372 -1.47531537 8.71523741 143 120 89
-1.96963063 -1.76210058 8.46405227 82 56 22
-1.97458948 -1.85504911 8.49961948 185 152 115
-1.98804979 -1.59700429 8.63278274 47 23 0
-2.02045395 -1.41218261 8.86794879 46 22 0
-2.03333057 -1.23280153 9.04251936 108 84 56
-1.93687710 -2.42825340 8.66856931 80 43 1
-1.95072831 -1.39284908 8.82244376 93 69 34
-1.88042495 -2.11022652 8.50554661 67 41 8
-1.79175706 -2.12182458 8.51141417 94 61 22
-1.72403600 -1.64794897 8.57934029 71 34 4
-1.78377362 -1.10165909 8.95941640 81 57 21
-1.71196486 -1.60268937 8.57287771 85 55 21
-1.64681901 -2.04716490 8.47541857 150 115 73
-2.29475791 1.88441759 12.04489441 125 124 124
-2.29475791 1.88441759 12.04489441 125 124 124
-1.66285048 -2.20825670 8.62734530 73 45 3
-1.64684022 -1.92499571 8.52663768 151 117 79
-1.64869965 -2.14993638 8.60534739 58 35 4
-1.62409807 -1.92641226 8.54032383 79 47 8
-1.62409807 -1.92641226 8.54032383 79 47 8
-1.58513861 -2.32131746 8.61285343 93 56 9
-1.64004319 -1.02863363 9.15353639 44 20 0
-1.61073959 -1.01058864 9.16895244 120 94 59
-1.51147665 -2.24002360 8.71057825 66 34 1
-1.56251155 -1.05169282 8.99256940 148 120 90
-1.51725263 -1.12852659 8.94594051 79 50 13
-1.47281752 -1.55421782 8.73302477 50 24 1
-1.52533655 -0.95028291 9.09344496 86 58 18
-1.48311275 -1.25230132 8.85513374 42 21 0
-1.48311275 -1.25230132 8.85513374 42 21 0
-1.47651222 -1.07396825 9.01346551 135 107 75
-1.45933408 -0.90958173 9.19596929 140 115 83
-1.42254340 -1.09012500 8.98848222 134 107 78
-1.35235681 -1.16376455 8.84704484 74 49 6
-1.38204274 -1.03772531 9.07927708 54 27 2
-1.29849310 -2.08192973 8.62151188 136 108 60
-1.28939985 -2.37702195 8.69460197 104 69 12
-1.28002610 -1.13178317 8.95066426 131 107 72
-1.21017265 -2.43599934 8.81858864 97 64 12
-1.19165705 -1.51247304 8.71706879 186 157 114
-1.15663954 -1.76110471 8.70503586 62 37 0
-1.18568448 -1.30501835 8.90640640 41 19 2
-1.20808915 -0.92006934 9.30131200 73 46 9
-1.12098854 -1.79165633 8.76078830 61 35 0
-1.03897485 -2.34309308 8.84325646 161 122 77
-1.05819149 -1.22904034 8.93426111 152 125 93
-1.03013377 -1.61737293 8.76739805 75 45 7
-1.02808047 -2.32682595 8.91911460 149 111 66
-0.99503081 -1.88004678 8.71144677 72 42 4
-0.99531958 -1.83176504 8.74010975 62 37 2
-0.99974729 -1.58069943 8.76255399 192 166 126
-0.97422381 -1.70330855 8.80232829 139 107 69
-0.93225775 -1.33047029 8.91805686 81 51 16
-0.93225775 -1.33047029 8.91805686 81 51 16
-0.91145309 -2.43885658 8.90076960 81 49 3
-0.89494566 -2.55441267 8.99362436 94 62 13
-0.84470190 -2.51946085 8.99310080 141 107 60
-0.83768827 -1.88068326 8.78521378 56 35 0
-0.83768827 -1.88068326 8.78521378 56 35 0
-0.98765351 -0.47907193 10.82809786 184 178 166
-0.97318334 -0.15325476 10.71012312 96 82 60
-0.79031952 -1.62601137 8.80437650 79 53 19
-0.96561685 -0.38343952 10.79269724 185 177 166
-0.79390334 -1.35540047 8.89395793 71 43 4
-0.79390334 -1.35540047 8.89395793 71 43 4
-0.95639625 -0.56668215 10.94555820 188 180 166
-0.78235639 -1.31491626 8.77360842 146 118 79
-0.92489477 -0.30912403 10.55730546 189 180 168
-0.95336680 0.19531097 10.86854690 190 180 170
-0.92559517 -0.41599567 10.70720540 89 68 43
-0.94944788 0.10015822 10.96229497 119 101 78
-0.74342077 -2.55065117 9.00198974 143 110 69
-0.91069486 -0.55072195 10.79221758 79 62 45
-0.86660824 -0.42285221 10.49129895 128 106 85
-0.75421363 -1.08562240 9.13348628 89 60 26
-0.75421363 -1.08562240 9.13348628 89 60 26
-0.70627411 -2.57990284 9.07459266 146 113 69
-0.83268872 -0.69098385 10.56803362 71 42 14
-0.74910404 -0.95253998 9.54647349 144 118 88
-0.86421383 0.46160340 11.14426103 98 82 63
-0.66153275 -2.44928857 9.02434169 161 122 80
-0.66109805 -2.14606301 8.94038498 158 129 93
-0.65705160 -1.88526057 8.88665419 62 32 4
-0.64761430 -2.24502417 8.89944876 158 130 89
-0.64966257 -2.49802662 9.06807835 74 42 2
-0.82227134 0.50162022 11.01149841 99 73 47
-0.72329341 -0.78452048 10.03912256 54 27 6
-0.67896772 -0.92769330 9.36808350 147 121 89
-0.63470532 -1.27010181 9.00120134 48 23 2
-0.61250973 -2.64967124 9.18233049 157 124 81
-0.71530387 -0.07792921 10.15869204 121 100 71
-0.70033307 -0.60366072 10.08239789 129 102 75
-0.59851978 -2.53354034 9.07221688 78 49 11
-0.59696791 -1.53142442 8.79784354 53 30 0
-0.58555780 -1.84268196 8.88053678 140 104 68
-0.66591296 -0.75416605 9.97894902 70 42 20
-0.58370470 -1.93587556 8.99696575 62 42 4
-0.69496915 0.06965004 10.17152085 123 101 77
-0.66527945 -0.01173692 10.10132498 77 50 19
-0.64335969 -0.32153946 10.02301698 71 43 13
-0.61858850 -0.64466695 9.96576567 61 34 4
-0.56466364 -1.02378902 9.21722444 72 46 10
-0.52346700 -1.89240639 8.94709367 158 122 87
-0.48256846 -2.93975681 9.22184999 105 71 25
-0.52381078 -1.10345018 9.17799634 130 100 71
-0.59213634 0.41661796 10.24234621 83 54 20
-0.46940253 -1.75928412 8.92853763 61 32 2
-0.52126936 0.20047240 10.13531270 55 30 4
-0.49710166 -0.29239276 10.02918399 113 85 62
-0.43544280 -1.12847067 9.16999042 132 105 75
-0.41672473 -1.30768980 8.89547809 46 26 5
-0.54221160 1.01002636 11.06648630 189 184 179
-0.46174368 -4.49137840 13.40613546 127 126 135
-0.40994951 -1.11124842 9.24339334 45 23 0
-0.37565814 -1.83603302 8.88763163 108 74 30
-0.41241771 -0.92164206 9.41911432 71 44 15
-0.37144859 -1.93115540 8.91722456 166 129 87
-0.44088791 -0.21786627 9.87457357 68 40 10
-0.35264971 -2.41606988 8.97253666 74 46 4
-0.34532679 -2.30585320 9.00466066 62 33 4
-0.54898764 1.88263299 12.87591369 109 108 114
-0.34143557 -1.50491528 8.97423145 147 115 79
-0.31115895 -2.28598244 9.00120906 157 125 85
-0.41063804 0.42535425 10.14794025 123 98 68
-0.40065581 0.66568602 10.27150523 126 101 71
-0.28541026 -2.27716844 9.12763711 108 77 30
-0.27116878 -2.57163446 8.99075886 109 74 32
-0.31678408 -0.97691018 9.44613274 140 109 81
-0.25356421 -2.71333530 9.10203603 75 40 1
-0.36437122 0.55108631 10.14953464 128 104 76
-0.25591360 -2.06544717 9.00254483 60 36 5
-0.39695329 1.07202805 11.21542562 117 91 66
-0.28798712 -0.89099736 9.52081508 132 104 74
-0.20380091 -2.73456413 9.16187438 87 52 0
-0.30136491 0.18285515 10.01009094 59 32 4
-0.23296901 -1.20325765 9.21272382 114 85 56
-0.36310350 1.68763439 12.35947635 37 20 2
-0.36176837 1.90050298 12.63630381 43 23 1
-0.20575826 -1.19104656 9.28893158 32 13 0
-0.30963763 1.31341493 11.46213364 80 64 41
-0.21308953 -0.85666059 9.64177392 126 101 68
-0.15662584 -2.02334160 9.00649944 161 124 80
-0.15133087 -2.07958414 8.99652043 54 32 4
-0.25159130 0.92233035 10.30294477 93 64 33
-0.23133456 0.44695109 9.97981539 129 105 71
-0.29938608 2.00057775 12.54103869 32 18 1
-0.19042286 -0.19756713 9.79044930 76 49 12
-0.18861210 -0.16847596 9.81761302 116 89 60
-0.17098084 0.07460385 9.86497273 64 38 5
-0.13926613 -0.73846662 9.76575281 32 13 2
-0.14225122 -0.47779973 9.71157832 34 11 0
-0.14395331 -0.38891460 9.82408893 52 24 1
-0.13151801 -0.83088615 9.43253655 130 104 77
-0.07358686 -2.56387082 8.95393955 98 64 16
-0.13070471 -0.20407762 9.82189314 35 18 0
-0.07004929 -2.14968704 8.96528895 73 48 18
-0.07004929 -2.14968704 8.96528895 73 48 18
-0.14985273 0.81671179 10.12359602 120 93 64
-0.13548380 0.70007110 10.00244462 76 50 20
-0.16636302 2.01703914 12.48411669 7 0 0
-0.10990440 0.43715169 9.85963238 77 53 18
-0.07164897 -0.74902111 9.67524822 36 20 4
-0.09372735 0.10024532 9.84101571 96 71 41
-0.05749846 -1.07021964 9.38990482 120 95 65
-0.09194291 0.05933642 9.83656785 50 29 4
-0.02686088 -1.92452755 9.07766496 64 37 2
-0.02465397 -1.77984954 9.10954247 45 23 2
-0.02055374 -0.90465506 9.56475205 71 45 13
0.03357497 -2.49609966 9.10244197 99 75 41
0.01715617 -1.92356187 9.08136496 70 43 12
-0.02927689 0.00444051 9.85998133 118 95 63
-0.01731925 -0.28933755 9.09048083 100 73 41
0.01616690 -1.44287802 9.19100846 125 92 62
0.00156003 -0.84084858 9.67263074 55 28 6
0.02346096 -0.03222842 9.86281481 98 73 40
0.02346096 -0.03222842 9.86281481 98 73 40
0.05781745 -0.92252632 9.49478105 62 37 6
0.05781745 -0.92252632 9.49478105 62 37 6
0.07370497 -1.06081943 9.50574558 26 8 0
0.06676509 -0.86402187 9.57664635 117 88 59
0.09034219 -1.56392013 9.16015327 9 3 1
0.09285531 -1.66948752 9.09669204 124 102 76
0.05961562 0.08410929 9.84848770 46 22 0
0.05961562 0.08410929 9.84848770 46 22 0
0.10892010 -1.15533375 8.85362731 52 37 13
0.15607445 -1.90296244 9.16214975 13 5 0
0.13540672 -1.19622936 9.37323865 30 13 0
0.07564454 0.96600097 10.19173561 69 40 10
0.07564454 0.96600097 10.19173561 69 40 10
0.07564454 0.96600097 10.19173561 69 40 10
0.10060340 0.61965120 9.99989418 41 16 1
0.13225970 -0.75637695 9.54278712 20 4 1
0.10644903 0.80878953 10.13740824 135 105 69
0.19240197 -1.78953903 9.17595410 67 43 19
0.19769909 -1.95121712 9.07341644 38 24 7
0.15204017 2.06828317 12.70834984 8 2 0
0.16639446 -0.86727976 9.60173649 41 15 1
0.20282731 -1.54762420 8.49360147 111 83 46
0.18505440 0.61136270 10.02984356 58 32 9
0.21006679 -1.13913310 8.49496685 46 24 1
0.28662801 -2.37844082 9.25415039 103 77 52
0.22609336 -1.30736195 8.42620474 170 142 105
0.21812670 -0.69529460 8.66718865 139 112 87
0.22153987 -0.83501393 8.55763186 144 118 87
0.22411098 -0.97752008 8.49868758 152 125 97
0.22607890 0.71551884 9.90925585 131 102 69
0.24866560 -1.13288610 8.48480259 129 100 72
0.24211542 -0.68001437 8.65604385 143 117 86
0.25272438 -0.91859268 8.50336030 117 85 57
0.27943206 -0.82825314 8.56388132 140 115 82
0.28606844 1.05142453 10.30296151 145 113 75
0.32773587 -1.65424310 8.56120014 81 48 4
0.32773587 -1.65424310 8.56120014 81 48 4
0.31944051 -1.21696229 8.46254395 86 54 12
0.31072053 -0.49736114 8.88220687 88 55 18
0.32416576 -1.16202064 8.51548783 91 61 25
0.35453135 -1.83835472 8.55948336 105 73 31
0.32579723 -1.25375584 8.41864550 87 56 12
0.31764158 -0.82979030 8.54169511 122 97 63
0.33031921 0.43953202 9.88221017 62 38 5
0.33031921 0.43953202 9.88221017 62 38 5
0.32116572 1.21842129 10.38244413 149 120 88
0.32192250 -0.88192782 8.52469030 78 48 17
0.36655815 -1.79402193 8.55978327 170 138 101
0.37849519 -1.68574298 8.57089248 93 59 14
0.34860441 -0.94202818 8.48812134 189 163 132
0.34651786 -0.66881667 8.67001603 85 54 23
0.35608207 -0.97467260 8.49998958 76 46 12
0.35608207 -0.97467260 8.49998958 76 46 12
0.35608207 -0.97467260 8.49998958 76 46 12
0.36322394 -1.07139246 8.49424249 175 140 104
0.37634143 0.43429779 9.90917684 69 44 9
0.36420531 -1.04747483 8.49655157 89 51 9
0.44660535 -2.23514473 8.81333430 145 112 68
0.44660535 -2.23514473 8.81333430 145 112 68
0.48790285 -2.65205580 9.14182029 160 120 70
0.39705458 1.00265144 10.20324848 105 74 35
0.40737614 -1.27556926 8.61165715 74 43 7
0.44142263 -1.90756813 8.70814497 162 131 93
0.39481974 -0.86565964 8.64136284 55 26 1
0.43214698 -1.37445549 8.62353369 168 139 109
0.51967740 -2.65209065 9.15983054 104 62 18
0.41846987 -0.67801508 8.73907535 144 117 88
0.45118592 0.30933895 9.90545906 49 25 1
0.45118592 0.30933895 9.90545906 49 25 1
0.44047933 2.30120808 11.11475393 60 53 45
0.44816819 -0.68223790 8.90510559 77 51 15
0.45514797 2.04681031 11.03294829 115 91 60
0.46299984 1.02772878 10.32905428 143 116 82
0.47727207 -1.51166176 8.62192621 171 141 104
0.46814425 0.77229646 10.10425059 141 111 76
0.54014002 -2.19223622 8.91359218 144 116 78
0.51523199 1.32885873 10.70803451 78 48 15
0.51523199 1.32885873 10.70803451 78 48 15
0.51846395 0.76515321 10.20606616 131 99 63
0.57697145 -2.22265582 9.00478731 64 39 0
0.55302499 -0.15960741 9.89272814 48 27 2
0.53216188 -0.81261621 9.02168267 84 57 16
0.54431630 1.30739773 10.56703555 155 122 92
0.53507528 -0.67778497 9.05591726 142 111 82
0.53507528 -0.67778497 9.05591726 142 111 82
0.55852811 -1.73616658 8.73592847 156 123 89
0.55238250 -1.19936331 8.95208028 69 38 11
0.55025196 1.97362524 10.98008444 70 43 18
0.54660085 2.21439317 11.03027779 58 32 1
0.56606159 0.49410816 10.07223808 132 102 72
0.56862553 2.25725231 10.97243811 167 138 99
0.62554856 -1.83081881 9.13497184 89 53 13
0.60891271 1.23619299 10.54165444 150 117 75
0.60804823 1.26381312 10.52996545 73 40 6
0.61843943 -1.34710903 9.02385200 80 53 23
0.59045084 2.34275569 10.83403299 126 102 76
0.60068314 -0.68432329 9.13808739 57 31 5
0.63992803 -0.01900182 9.95845902 54 30 2
0.64786325 0.19624692 9.99154266 126 99 69
0.62883119 -0.54341893 9.25542884 103 74 42
0.62883119 -0.54341893 9.25542884 103 74 42
0.65686482 -0.59899124 9.41277708 127 99 63
0.67077488 -0.74567806 9.32179690 146 116 75
0.69506876 -1.53487071 9.17354377 102 70 32
0.69506790 1.24759253 10.65227859 63 36 5
0.70529621 -0.10567752 10.00068461 119 93 56
0.69140099 -1.13567007 9.18943275 86 56 21
0.70256555 -1.16281649 9.18021048 80 48 17
0.77165590 -2.17391119 9.46225407 172 138 100
0.71304655 1.20247086 10.60125795 145 117 80
0.72006066 -1.31106672 9.11261645 172 139 108
0.73457007 -0.89097409 9.36704182 66 38 4
0.73778192 1.98263067 10.91405840 106 68 27
0.73073445 -0.94674400 9.22131295 160 131 97
0.74946626 0.77041159 10.31341162 61 35 11
0.77360060 -0.73087201 9.71279259 174 143 105
0.75756003 -0.93643607 9.40177967 66 38 6
0.76431384 -1.18292452 9.33854519 160 125 92
0.74135763 2.26774185 10.83397261 92 55 19
0.75225934 2.32381377 10.83286881 90 54 18
0.81204163 -0.25065930 10.01677431 75 51 15
0.80375830 1.92843892 10.99881432 142 105 67
0.82591306 1.57998649 11.01975681 100 74 44
0.83245563 -1.14589832 9.37930559 168 137 107
0.85974028 -0.99621246 9.59738672 160 126 94
0.91470605 -0.42584033 10.38663147 57 37 3
0.87867339 0.73922251 10.45651921 56 26 0
0.88367305 -0.77767662 9.58603800 71 41 2
0.91375936 1.45339033 10.96007818 137 106 75
0.91198871 0.91843200 10.59863982 150 122 83
0.94006877 -0.26421166 10.19371808 129 102 72
0.91961334 -0.77461365 9.65971415 178 151 117
0.97238698 1.48277017 11.03532437 76 47 20
0.96029523 1.09177457 10.65572037 126 95 63
0.94604427 2.02471837 10.86604854 176 140 105
0.98153731 1.62259589 10.99009371 104 78 45
1.03159175 0.07473216 10.43932549 121 97 62
0.99005164 0.63355539 10.35009050 136 105 74
1.09868645 -0.54816132 10.65752180 68 42 3
1.00836148 1.06634423 10.58812701 133 105 68
1.02054954 0.69418574 10.45455350 60 33 3
0.97973568 2.41082677 10.81847631 56 38 18
1.07949337 -0.21449366 10.38312162 71 47 2
1.21129564 -0.79096177 11.14296323 158 127 96
1.05953164 -0.07298231 10.18756013 114 81 35
1.11177578 1.51158947 10.99779044 60 31 1
1.16558527 0.05777302 10.44673414 67 42 1
1.12147702 1.94517040 10.91003185 96 63 21
1.16320922 0.86451769 10.61460096 160 129 93
1.12963130 2.41841485 10.90644294 69 42 14
1.16284734 2.26882052 10.96581576 76 42 3
1.26524480 -0.27227299 10.65499966 161 126 86
1.37237888 -0.68704096 11.24980893 81 45 9
1.20627195 1.72084553 10.95035138 130 94 51
1.20563280 0.85012507 10.60003751 155 126 93
1.20894819 0.76381852 10.56779345 90 55 20
1.17003051 2.41471962 10.93412123 97 70 44
1.25282996 0.80776872 10.60213973 147 114 79
1.26657124 1.32074770 10.80730225 104 72 34
1.37587846 -0.37845943 10.90384422 85 47 8
1.37587846 -0.37845943 10.90384422 85 47 8
1.29214296 1.70588120 11.07012829 46 24 1
1.27278760 1.90486346 10.98353015 107 73 38
1.28185977 0.82925879 10.57362024 140 110 75
1.36690110 -0.08705746 10.67770469 143 114 78
1.34806358 0.90334917 10.76963007 106 81 50
1.35603449 1.61860345 11.03478153 94 60 23
1.34578206 2.28269209 11.17402525 77 42 2
1.38627729 1.17986398 10.89461948 188 152 119
1.38411167 1.27614455 10.82013389 166 131 98
1.39548368 1.00765386 10.74815546 161 131 94
1.42989868 0.83488705 10.84163749 60 37 3
1.43533539 0.44455563 10.62139458 171 137 100
1.42756166 1.28445146 10.86229121 95 62 29
1.42756166 1.28445146 10.86229121 95 62 29
1.41173031 2.33914798 11.09174523 100 76 50
1.49187782 1.45794733 11.18466347 50 27 0
1.47849382 0.62775024 10.74863686 92 59 16
1.47849382 0.62775024 10.74863686 92 59 16
1.48383261 1.82934559 11.13530422 156 123 87
1.51790393 1.78110479 11.17176882 163 132 104
1.52466420 0.81862498 10.79606405 78 55 15
1.54050948 2.32562290 11.39166577 186 167 150
1.70667020 -0.54543881 11.38980798 160 127 88
1.55061038 1.72364249 11.23932977 79 51 13
1.52035365 1.18992624 10.84232239 167 134 101
1.83414341 -0.88599253 11.98351317 165 129 95
1.57496267 1.05855107 10.88205133 72 48 16
1.62519484 1.18304773 11.09099145 174 141 108
1.84253035 -0.68606134 11.65307601 162 128 94
1.65757533 0.96595419 10.94674556 152 120 82
1.68672064 0.76377372 10.96176918 59 33 2
2.02636952 -0.85841107 12.12261411 86 52 10
1.79390525 0.92340767 11.10079985 160 129 96
2.20350420 -1.14634921 12.60316778 104 63 15
1.88845767 0.13280138 11.26852627 159 126 82
1.82368561 1.11136829 11.23687059 160 132 101
2.00045482 -0.41748104 11.66491719 110 75 33
2.00045482 -0.41748104 11.66491719 110 75 33
2.41636282 -1.57088141 13.52704584 132 97 62
1.96562587 0.41583477 11.31786759 163 130 95
2.09069404 -0.28426611 11.64613874 76 44 7
2.47069394 -1.52968256 13.19546509 148 113 71
2.30406105 -0.88085551 12.45572379 168 131 91
2.02667730 0.72547466 11.46921875 161 135 100
2.01861302 0.50569894 11.27581461 181 147 113
2.22092265 1.28204727 12.55148320 135 106 78
2.17105147 -0.23057767 11.70695297 151 113 76
2.09242161 0.65557190 11.54888466 66 41 2
2.11327474 0.34884835 11.53558431 63 40 3
2.14452410 0.28200349 11.56457547 149 120 86
2.42831224 -0.98500999 12.50755003 173 139 102
2.55165699 1.47264326 13.73316234 77 66 48
2.18253548 0.59793846 11.66711558 132 102 68
2.28738015 -0.02596381 11.83699211 81 48 13
2.24080169 0.81509523 11.79062408 157 128 94
2.54745494 -0.98897631 12.59294570 153 118 78
2.49488344 -0.70441651 12.22214374 149 114 75
2.38675619 -0.03967772 11.86482548 74 47 6
2.38958836 0.57724963 12.00822140 102 76 38
2.58864583 -0.72762017 12.38218990 150 117 74
2.57110069 -0.34457786 12.12074992 163 131 93
2.57161732 0.89881772 12.44356771 99 72 40
2.52677517 0.37875381 11.95430020 148 115 80
2.67031640 -0.40790427 12.22378946 85 52 13
2.79741715 -0.70083779 12.57490362 166 128 91
2.62691597 0.64559978 12.21765662 169 138 107
2.71275162 0.98744536 12.59317180 86 55 26
2.74835838 -0.38357705 12.30666892 163 125 86
2.72790777 0.26716249 12.20799626 162 128 94
2.76016595 0.74173705 12.46399269 70 40 3
2.93218561 -0.77422373 12.68478464 91 54 10
2.82122820 0.34368648 12.30810529 122 89 55
2.85964026 0.24893655 12.41294130 148 114 76
2.92456647 -0.18834890 12.43476924 141 108 73
2.86467827 0.64425474 12.33589744 157 127 90
2.93298988 0.59243468 12.50696085 148 120 83
3.00672147 -0.21731058 12.45579149 133 103 65
3.02255319 -0.29155887 12.44044132 157 123 88
3.00067575 0.15378397 12.44822914 61 35 7
3.12473462 0.37289330 12.68025120 119 89 59
3.54609292 -1.50611392 13.40742343 180 146 108
3.46243795 -0.97971284 13.08708746 95 61 21
3.80916850 1.31392658 15.03247963 151 156 181
4.13041234 1.20363457 16.02914753 161 167 189
3.41734602 1.80481875 13.56568933 186 169 159
3.41734602 1.80481875 13.56568933 186 169 159
3.54032752 -1.01972391 13.17340620 96 62 24
3.74518241 1.53691200 14.42842531 141 141 162
3.80355224 0.92839659 14.36955377 179 175 183
3.46837784 -0.30721328 12.80622430 74 44 4
3.47367022 -0.05381583 12.72871004 141 111 74
3.54178007 -0.38371660 12.85391745 143 108 75
3.63305637 -0.90595434 12.99459462 176 141 101
3.82675842 1.56332691 14.22153369 94 69 48
3.81616291 1.62436810 14.13194981 42 16 6
3.81325519 1.33476227 13.98175422 79 51 15
3.88526334 -1.17341878 13.47336428 95 61 24
3.82558256 1.28295792 13.93457661 62 38 4
3.86542175 0.98566582 13.96349902 68 45 14
3.69981046 0.19433192 13.14791194 68 45 6
3.78807875 1.33527816 13.77181820 130 96 66
3.73212250 -0.35942690 13.08104355 158 122 86
3.68452640 -0.00584798 13.00852947 156 123 87
3.84287011 1.51023644 13.95898000 119 90 60
4.26886738 -2.07042488 14.37168520 172 138 99
3.82056421 1.20897850 13.75889124 56 33 6
3.85655598 1.46532797 13.89260502 69 40 8
3.73273157 0.10737709 12.97050180 158 131 103
3.95922082 1.22476342 13.98206589 146 107 74
3.98761508 0.75405278 13.73866604 79 46 11
4.04083645 -0.95483473 13.42631893 152 118 81
4.51289859 -2.12737215 14.60608486 85 59 10
3.95369498 0.48907678 13.47252141 146 120 92
4.45827400 -2.05240311 14.39287543 161 126 89
3.99838837 1.45806895 13.80910712 78 47 11
4.10459418 1.00073129 13.94695611 140 105 72
4.51190350 -1.87657754 14.50992513 127 92 52
4.08381882 0.50125513 13.71693426 67 40 6
4.06296550 0.45977926 13.64261472 150 125 95
3.99117370 0.21207981 13.31317011 154 125 92
4.09970202 1.16652531 13.89950527 61 34 6
3.83614465 -0.28882417 12.66483769 160 129 96
4.01795186 0.27475226 13.34779138 79 48 19
4.09412447 1.21047814 13.84433159 149 113 75
4.11406334 0.68329384 13.68566176 145 109 72
4.51844399 1.12712801 15.14514066 120 84 52
4.11412320 0.72421821 13.66894941 60 32 1
4.04043585 1.64973562 13.66971972 122 92 60
4.04428491 1.65116617 13.67944357 122 92 60
4.20063453 0.44927967 13.78904208 66 38 9
4.43020603 -1.46412161 13.94752544 150 116 78
4.19688599 -0.22293897 13.49542435 158 127 93
4.72462879 -1.91389688 14.65955987 119 91 56
4.24820081 -0.64935844 13.48707316 74 44 15
4.63094218 -1.49335556 14.32293112 86 55 3
4.22099841 -0.10649545 13.30666665 150 121 91
4.17871491 1.66706294 13.62855481 68 38 7
4.19964980 -0.26581657 13.16305877 156 126 88
4.25871584 1.62385300 13.78202327 152 117 81
4.45481715 0.29010308 13.97618531 145 115 80
4.32826859 0.53218282 13.59916205 140 106 68
4.46798252 0.25047154 13.80734066 157 126 97
4.61808389 -0.86032860 13.90095351 158 131 102
4.50951157 0.37707255 13.88534183 82 51 18
4.82191583 -0.88225423 14.34603103 91 62 26
4.82191583 -0.88225423 14.34603103 91 62 26
4.55541323 0.41530739 13.90395770 155 121 81
4.42196298 1.64043054 13.70894228 140 107 76
4.47427642 1.63706123 13.79480735 132 95 59
4.93686036 -0.59433644 14.48905250 84 58 33
4.47107622 1.64086096 13.67749393 146 114 86
4.65143841 0.74000399 13.87046112 133 100 67
4.63874355 0.70812205 13.77752970 141 108 75
4.60218478 1.53131566 13.77380846 158 124 85
4.79120649 0.93825614 14.06132952 153 119 82
4.64474526 1.53856175 13.74342345 162 130 97
4.72937687 1.66471289 13.98436937 103 72 47
4.97481405 0.60367267 14.37543698 91 62 27
4.94878668 -0.18133094 14.07931591 141 127 114
4.80361320 1.23434539 13.99592259 151 119 86
4.88167658 1.20263682 14.13204407 89 66 33
4.83491651 1.47502542 14.06514284 202 199 211
4.93897604 1.17278008 14.23330396 206 201 210
4.96149994 0.79502186 14.18033238 122 103 83
5.11262128 0.74857982 14.58488134 150 123 94
5.63238557 1.29803169 15.35522883 188 188 200
-18.23835858 -3.12393711 25.45304961 152 149 134
-10.73153422 0.81248424 15.67878450 181 191 216
-10.60571606 -0.49565057 21.37413923 255 255 255
-2.25327577 -1.54823688 8.66990012 75 55 26
-2.17404178 -1.79701557 8.43805983 147 125 99
-2.13150314 -2.00544902 8.38257150 161 136 109
-2.06888825 -1.94885041 8.39079009 150 122 89
-2.04200117 -1.94795564 8.40377675 61 38 5
-1.76854497 -1.87525886 8.44460429 170 135 95
-1.75381580 -1.43778542 8.75522776 72 49 17
-1.68023954 -2.20776902 8.50986645 102 65 21
-1.73767544 -1.20034729 8.87528664 45 22 0
-1.61563369 -1.63418054 8.54043587 84 50 13
-1.59256651 -1.75471753 8.55542670 146 114 77
-1.59283025 -1.78666700 8.57923343 55 34 4
-1.60860542 -1.35442202 8.66803643 89 63 30
-1.57786951 -2.30690224 8.56935738 93 55 10
-1.60462719 -1.33428170 8.75310168 155 129 95
-1.60462719 -1.33428170 8.75310168 155 129 95
-1.64599805 -0.98138062 9.05816202 91 66 30
-1.54177565 -2.11628971 8.56315733 140 103 59
-1.48506242 -1.69244388 8.57497640 153 123 89
-1.43222574 -1.56315777 8.66331920 47 27 0
-1.41239450 -2.29515046 8.65905174 146 112 69
-1.38540456 -2.26656670 8.65951704 69 41 4
-1.35972299 -2.28645988 8.68952304 87 53 8
-1.32944739 -2.10777282 8.57314033 97 63 19
-1.32944739 -2.10777282 8.57314033 97 63 19
-1.33065685 -2.28701691 8.69631608 83 49 0
-1.24297610 -2.16398882 8.62163302 100 64 22
-1.24297610 -2.16398882 8.62163302 100 64 22
-1.25037577 -1.17747046 8.90609451 129 106 74
-1.25037577 -1.17747046 8.90609451 129 106 74
-1.12727017 -2.41458582 8.82936459 145 112 68
-1.11909481 -1.52247334 8.72255041 76 47 14
-1.08664295 -1.84776532 8.67698604 81 52 12
-1.09194927 -1.57614631 8.72257935 76 47 6
-1.08850907 -1.65018901 8.73080479 117 84 45
-1.07193755 -1.54246593 8.73368202 167 137 103
-1.03219055 -2.01185831 8.76865709 148 114 69
-0.95946980 -1.93185163 8.71384855 85 54 8
-0.95635042 -1.53809895 8.78757974 143 117 90
-0.94004799 -2.44166494 8.91742078 76 45 2
-0.93245622 -1.57407781 8.77741435 83 54 23
-0.93270435 -2.48502243 8.92320082 148 111 66
-0.88214563 -1.91056505 8.76248528 66 37 1
-0.83052090 -2.07836333 8.85444813 151 114 69
-1.16757088 -0.50704924 13.00634077 170 166 154
-1.16449138 -0.50588612 13.01790923 170 166 154
-1.16449138 -0.50588612 13.01790923 170 166 154
-0.76703590 -1.60620282 8.80501951 154 124 90
-0.95601310 0.14956682 10.85010497 102 86 67
-0.74677987 -1.59082074 8.82420481 76 48 14
-0.71220220 -2.12756926 8.91202370 143 111 64
-0.74517584 -0.71652283 9.54388589 87 63 37
-0.67368331 -1.41285381 8.94643538 73 48 11
-0.62155199 -2.63627729 9.11143042 159 126 76
-0.59583540 -1.66175373 8.86939582 66 37 4
-0.53151058 -2.54917182 9.09962609 54 30 0
-0.49728002 -2.21967534 8.98520371 148 146 130
-0.43300655 -2.13471902 9.16287426 32 26 15
-0.43228731 -2.56382695 9.09531989 134 97 55
-0.43537462 -2.43287013 9.04475640 84 54 19
-0.40689193 -2.76602286 9.10809857 106 72 23
-0.41102520 -2.07527937 8.97145571 139 113 80
-0.42926042 -1.22478671 9.11787754 129 102 72
-0.34945746 -2.19182323 9.02102643 134 109 71
-0.35695692 -1.54040565 8.99163063 78 50 13
-0.35268101 -1.13101887 9.28429862 35 18 0
-0.28733170 -2.21234038 9.02354423 85 59 12
-0.28733170 -2.21234038 9.02354423 85 59 12
-0.25292035 -1.17094844 9.29087971 30 16 2
-0.26016847 -0.99058435 9.42728393 121 96 66
-0.19973461 -2.42501193 9.03736704 73 47 14
-0.21632716 -1.62202132 9.05893261 75 47 4
-0.16398412 -2.77570823 9.20923467 86 51 19
-0.09765912 -2.87100372 9.23437415 144 108 70
-0.10423200 -1.65516051 9.09998502 80 51 12
-0.08054917 -0.83155565 9.71817665 53 31 7
-0.07539199 -0.76525663 9.79557262 22 9 0
-0.03316120 -1.81301077 9.14277117 35 22 1
-0.06733384 -0.08680219 9.78952433 57 32 1
0.02817753 -1.90272505 9.13153606 44 24 0
0.00633362 -1.04478005 9.58191677 33 15 3
0.05878437 -1.80028779 9.19753948 130 97 63
0.08679577 -2.53141564 9.24205512 55 30 1
0.17078302 -2.17155826 9.22991868 143 104 72
0.11588677 0.77960154 10.07353816 111 82 50
0.19096724 -1.44244262 8.64317540 120 90 57
0.19812659 -0.92393233 8.61748239 174 148 119
0.19812659 -0.92393233 8.61748239 174 148 119
0.17858747 0.81059793 10.08098910 125 96 65
0.25726658 -1.78417316 8.63048831 76 44 4
0.23723940 -0.82195932 8.64634099 60 37 7
0.25352012 -0.69180586 8.74769379 136 111 84
0.34785589 -2.51680828 9.24563532 19 10 2
0.35941344 -2.36960224 8.99946281 140 107 62
0.30358199 -1.41031727 8.34701994 117 86 40
0.33860912 -1.27987207 8.54546468 80 54 8
0.33860912 -1.27987207 8.54546468 80 54 8
0.42833486 -0.81686484 8.78139758 149 118 84
0.47653241 -0.69963401 8.97526268 85 59 25
0.49332279 -0.87951302 8.93649975 146 114 82
0.59642481 0.12483972 9.98766240 130 103 75
0.58344799 -0.91865801 9.05205736 75 52 15
0.62476782 0.10738974 10.01153678 73 49 13
0.48518164 0.06617262 8.27223495 60 35 4
0.65174845 0.99874928 10.38238250 134 106 76
0.68492906 -0.20726590 9.96632248 60 37 3
0.69438837 -0.88729876 9.27271972 157 130 99
0.73549820 1.23717343 10.63569478 68 41 10
0.72770027 0.77747782 10.25075601 71 48 17
0.74103332 2.00504949 10.83552096 166 129 92
0.77055417 0.40786052 10.13041300 121 89 57
0.96377628 2.28656386 10.78352047 132 98 60
1.04974419 1.95430605 10.92515522 75 48 3
1.21657497 -0.13309568 10.51426083 120 87 42
1.22652340 0.07120240 10.55270089 147 114 64
1.33005977 0.86111268 10.73151900 55 31 1
1.34582456 2.00239279 11.07154167 72 42 3
1.48798604 0.09332912 10.72716416 116 87 47
1.48798604 0.09332912 10.72716416 116 87 47
1.47134064 0.93992754 10.88619657 93 65 31
1.50404231 0.96667189 10.82705820 140 106 78
1.50404231 0.96667189 10.82705820 140 106 78
1.54432051 0.79854877 10.88445168 57 34 1
1.67252179 1.43337719 11.35471367 77 53 19
1.94324029 0.51426606 11.27956055 168 136 96
2.12134766 1.16204641 12.02843778 101 75 48
2.44019793 -1.21381429 12.83320031 167 133 88
2.25814256 0.44394846 11.72101528 149 116 81
3.15104764 -1.15609485 13.06604463 86 54 13
3.17568892 0.57370514 12.71737866 162 134 98
3.20915548 -0.17699797 12.54194847 151 116 78
3.28854423 0.53575583 12.83806733 159 133 98
3.25758365 0.48280391 12.69358347 142 113 78
3.36621140 -0.26985440 12.75207571 71 47 3
3.64197499 0.40654001 13.32807948 155 125 98
3.86686622 -0.82017868 13.24496324 81 53 9
3.96234322 -1.21097504 13.44940336 93 64 18
3.96234322 -1.21097504 13.44940336 93 64 18
3.88432804 1.62030562 13.94659975 109 83 60
3.85002658 0.29984605 13.26645791 151 124 93
4.02991308 0.84559333 13.76015331 113 84 50
3.95902235 -0.12360401 13.20198493 158 125 92
4.00397786 1.66563715 13.77736641 120 90 55
4.55480912 -1.79835388 14.31125134 92 63 24
4.32537890 -0.86427752 13.50024861 152 124 82
4.32537890 -0.86427752 13.50024861 152 124 82
4.25961140 -0.12735033 13.44900331 148 119 85
4.66297558 -1.16165597 14.12973600 102 75 30
4.49375280 0.03383276 13.73500384 157 127 90
4.52512690 0.60584079 13.85405650 135 106 75
21.46313287 -2.37353586 34.59876011 114 109 79
-20.20694434 -5.22187564 26.80542842 144 141 136
-20.22089517 -3.55363207 28.28792178 167 158 149
-19.81477099 -3.48413260 27.72694320 167 158 149
-21.79339065 -3.62934361 30.78570930 59 63 40
-10.68483576 -0.58401274 21.54695515 250 252 255
-13.35895278 -10.91159014 28.92728416 80 84 89
-1.86721997 -2.12924100 8.46639785 153 121 77
-1.72259380 -1.55736519 8.56815995 143 113 79
-1.69298655 -1.55288872 8.57095434 76 48 16
-1.65947473 -1.32471813 8.69020986 80 52 13
-1.62036316 -1.78200433 8.57751118 65 42 6
-1.62232097 -1.29688048 8.72541174 142 113 81
-1.59268189 -1.11877536 8.86545069 84 59 27
-1.50771221 -1.70518987 8.57460725 72 40 17
-1.50242113 -1.35381023 8.67053842 178 149 110
-1.50242113 -1.35381023 8.67053842 178 149 110
-1.52839541 -1.11320501 8.85318104 138 110 80
-1.52839541 -1.11320501 8.85318104 138 110 80
-1.49640285 -1.11628268 8.84791332 79 50 13
-1.52663148 -0.95221875 9.10182826 86 58 18
-1.44265179 -2.25276827 8.67755354 66 38 0
-1.44440976 -1.35786172 8.66970794 72 46 9
-1.44440976 -1.35786172 8.66970794 72 46 9
-1.46981721 -1.21934267 8.82236056 107 83 49
-1.40745067 -1.41003183 8.67998282 192 162 127
-1.34832324 -1.41478224 8.69804549 76 47 19
-1.31911056 -1.92567859 8.65695005 77 47 10
-1.31728764 -1.52518080 8.68102463 84 52 14
-1.25188400 -2.12308532 8.59803441 94 61 16
-1.10184288 -1.97286758 8.70724709 155 121 76
-1.05085557 -1.49835821 8.72988223 170 142 103
-1.05085557 -1.49835821 8.72988223 170 142 103
-1.04818131 -1.52704407 8.73593120 90 59 18
-0.98605566 -1.60706650 8.74885500 69 38 4
-1.00501235 -1.25747376 8.89161897 92 67 28
-0.98032667 -1.53216454 8.75064852 147 118 82
-0.89905702 -1.61963520 8.77853879 77 47 10
-0.89668538 -1.55507013 8.79034963 72 45 0
-0.83963788 -1.55837755 8.79668593 72 46 11
-0.79575190 -1.33778436 8.90803140 146 118 79
-1.12777510 -0.58553477 12.84263750 95 72 54
-0.92293588 -0.74655089 10.57047863 185 177 162
-0.93278124 -0.59812532 10.71714158 173 165 153
-0.93278124 -0.59812532 10.71714158 173 165 153
-1.69576943 -1.08520440 19.44358712 173 165 153
-0.64611772 -1.12305099 9.06497488 138 109 78
-0.45840254 -1.21974161 9.09396107 121 94 61
-0.46631989 -1.10642284 9.26464496 44 19 1
-0.41051315 -1.50056646 8.93166731 76 43 6
-0.52869773 0.13402854 10.17043102 54 29 2
-0.38445696 -1.79632399 8.90932538 60 34 4
-0.38445696 -1.79632399 8.90932538 60 34 4
-0.35536333 -2.44707382 8.96300667 77 47 10
-0.37138627 -1.65971325 9.00816688 56 31 2
-0.34199934 -2.34282149 9.00227717 115 87 50
-0.47831428 0.43495916 10.22869840 54 29 0
-0.37630995 -0.69307720 9.79548882 62 37 6
-0.22301398 -2.77298867 9.15477040 158 121 76
-0.22790740 -2.18151494 8.96460846 84 55 12
-0.23780993 -1.82851925 8.96521544 122 95 63
-0.22785704 -1.85929361 8.96903776 62 33 0
-0.16309408 -1.89117232 8.98808411 149 120 87
-0.27679694 0.43375849 10.09337457 62 36 11
-0.18803498 0.01114757 9.84517889 81 52 18
-0.17165106 0.07487614 9.87471560 64 38 5
-0.17555375 0.20604013 9.84112733 126 100 68
-0.10229012 -1.08779694 9.29300263 66 42 16
-0.05124670 -2.07583676 9.07353796 157 122 84
-0.11683216 -0.63362532 9.77241925 68 44 11
-0.13209823 0.37775759 9.93498872 121 98 67
-0.02248848 -1.03970519 9.52349614 30 9 1
0.07249051 -1.95251293 9.10065710 74 45 10
0.08776557 -2.19382299 9.16323782 61 33 5
0.13012439 -1.10970561 9.51387743 94 70 48
0.12119964 0.86488837 10.18028316 50 22 0
0.22650003 -1.28714247 8.46705193 96 70 33
0.22650003 -1.28714247 8.46705193 96 70 33
0.24321456 -1.24699476 8.46660742 155 130 100
0.29916605 1.01923147 10.26184151 138 104 68
0.29916605 1.01923147 10.26184151 138 104 68
0.51140418 0.12226795 9.89251217 72 47 17
0.55889354 2.38641460 11.10750037 125 105 68
0.68012638 0.53154588 10.20762099 53 27 4
0.72256556 1.88306055 11.07575105 61 36 6
0.79646924 0.06917641 10.05944962 171 142 108
0.79646924 0.06917641 10.05944962 171 142 108
0.83692472 0.75158138 10.41233804 54 28 0
1.18285884 1.22847724 10.80990173 157 122 86
1.21923449 1.28248352 10.82277816 150 116 81
1.40049822 1.50255574 11.19154025 111 86 63
1.48253645 0.72247370 10.73310660 108 78 42
1.88003640 0.83537315 11.21881474 148 118 80
2.33115120 -0.44740155 11.88229762 167 133 98
2.22766715 0.61717188 11.71387738 66 41 5
2.43740290 -0.41201685 12.00161398 140 106 74
2.74958326 -0.84709850 12.44488409 105 68 24
2.74958326 -0.84709850 12.44488409 105 68 24
2.97078459 -0.25858966 12.32895583 104 72 32
3.11970735 -0.53401523 12.59430616 91 53 16
3.48296261 -1.48228425 13.17875890 180 146 108
3.39397495 -0.81172635 12.76948547 156 121 83
3.60748392 1.00679442 14.00982048 144 152 174
3.73438982 0.94107319 13.90965546 63 41 24
3.80336227 0.40139518 13.25062443 91 66 29
4.10357618 -0.55017530 13.27771611 163 128 87
4.14612435 -0.15099068 13.24004857 153 123 87
4.31616953 0.46318756 13.72323162 139 105 68
4.40692083 1.50934983 13.85665199 81 48 4
4.49128279 1.23163793 13.83984175 158 121 79
15.96390171 -9.31618266 29.16228816 177 192 205
16.14777351 -8.36895208 28.99472783 129 130 103
19.92616930 -2.21058435 31.86215147 124 117 91
-2.30042627 -2.34070131 8.50208051 69 46 5
-2.12153525 -1.93970651 8.40054860 123 98 62
-2.11290888 -2.10810043 8.42287379 135 115 89
-2.02282112 -1.75805537 8.44471316 158 132 100
-2.00201477 -1.81979938 8.43361458 71 42 8
-1.99424127 -1.94415204 8.41940494 67 42 10
-1.86684835 -2.12473398 8.45669983 143 110 71
-1.84939484 -2.14494534 8.44802518 102 69 23
-1.88206749 -1.28818222 8.72895308 74 48 20
-1.83666638 -1.54098607 8.54279486 152 123 90
-1.65286260 -1.94939928 8.48105568 78 44 2
-1.60268183 -1.66527412 8.53958570 167 136 102
-1.50581100 -1.70176084 8.56632606 75 47 9
-1.43812436 -1.51168515 8.65543451 118 92 53
-1.39730926 -1.88545027 8.62068063 61 35 1
-1.28900184 -2.30835221 8.72831051 86 52 3
-1.18076285 -2.38889149 8.79037746 150 112 70
-1.12174226 -2.14940377 8.66050518 91 59 10
-1.12174226 -2.14940377 8.66050518 91 59 10
-0.96076210 -1.88152006 8.71530994 75 48 10
-0.89144621 -1.59445986 8.78060564 174 144 105
-0.87512187 -2.51041228 8.95400554 149 110 67
-1.26478909 -0.39068539 13.68490429 171 164 151
-0.86209500 -0.12883532 9.73059156 170 162 155
-0.72158793 -1.65823458 8.79397200 156 126 90
-1.06242017 0.05525699 11.79307517 180 174 170
-0.66854541 -2.62728223 9.10769527 162 124 76
-0.65821819 -2.25332703 8.92257059 145 113 75
-0.59600991 -2.03186952 8.92450015 148 115 72
-0.53246718 -2.54699770 9.08340407 54 30 0
-0.62370742 -0.64186863 9.93878222 62 37 6
-0.45267583 -2.58672337 9.10208922 144 107 62
-0.43771465 -2.26537747 9.01720355 9 10 9
-0.35108131 -1.05770982 9.29330182 71 44 8
-0.27079086 -1.59272308 9.01353891 83 53 15
-0.22610208 -2.19475552 8.99354631 81 53 15
-0.13304339 -2.18307888 9.02486739 84 60 32
-0.06890850 -0.08629322 9.79535391 57 32 1
-0.02371211 0.59855550 10.01540986 53 26 1
0.10968687 -0.10788085 9.78795548 44 20 0
0.19994969 -1.22613749 8.52147170 162 140 111
0.22929982 0.34172243 9.94739696 43 21 0
0.34059190 -1.33353632 8.50734942 81 53 8
0.65227642 0.37602369 10.05347139 91 58 23
0.67230858 1.73506986 11.12541062 102 74 36
0.91744837 0.30187603 10.21428911 172 142 109
0.91744837 0.30187603 10.21428911 172 142 109
1.19150847 1.23834923 10.80890585 162 132 98
1.46798579 1.63925885 11.12476360 150 119 87
2.45517358 -0.46950988 12.02678693 96 67 26
3.12481342 -0.86233201 12.71692430 92 56 11
3.19667591 0.53323517 12.72305769 121 94 57
3.55744687 -0.69941742 12.91129631 85 51 13
3.59692864 0.38895731 13.12824081 155 125 98
3.99734975 1.59092806 13.87185097 134 98 66
4.18150296 -0.58349606 13.26845547 155 123 85
17.76351692 -4.09617761 27.60964543 131 127 99
17.74627198 -3.64217548 27.65994402 128 122 90
-20.74398574 -6.89880749 26.11506407 68 72 42
-20.73653923 -6.90647122 26.12560550 68 72 42
-19.75601487 -5.73643429 25.80394057 1 1 0
-19.70541890 -3.09371343 27.80513367 52 61 29
-18.61183072 -10.88582767 29.29121810 113 134 167
-8.17580319 0.16555786 18.66181352 169 168 173
-8.91717168 -0.63019749 20.54775322 247 252 255
-9.43776759 -10.52215468 30.29487354 123 143 178
-2.34404520 -1.70062827 8.63658588 13 4 0
-2.30149271 -1.72233275 8.55902834 35 26 16
-2.14791761 -2.14734825 8.45783962 13 3 1
-2.14595669 -1.75815416 8.46917904 76 50 15
-2.05185433 -1.96293480 8.44902957 70 44 9
-2.03710477 -1.45851388 8.64147963 139 112 81
-2.07925851 -1.40637417 8.81754939 52 27 0
-2.00783391 -1.48198029 8.60190541 87 58 24
-1.80952808 -2.19161148 8.51961819 146 112 66
-1.86754782 -1.21977634 8.86337297 132 106 74
-1.82513216 -1.35662472 8.71254305 63 40 8
-1.84755984 -1.15853364 8.91102674 75 52 20
-1.76230334 -1.95323558 8.47871294 99 65 17
-1.80879999 -1.18719670 8.91187940 48 24 0
-1.80879999 -1.18719670 8.91187940 48 24 0
-1.71497968 -1.64283981 8.55568699 71 43 3
-1.70525907 -1.73484566 8.55736165 56 30 4
-1.71278953 -1.35256404 8.68530088 107 86 55
-1.59184917 -1.65767025 8.49593070 179 148 111
-1.59184917 -1.65767025 8.49593070 179 148 111
-1.60137901 -1.35295235 8.65817113 76 47 17
-1.50499041 -2.06350972 8.55800506 133 99 61
-1.49762945 -1.53398781 8.65441607 51 30 3
-1.50528119 -1.33011422 8.69810435 82 53 14
-1.40381044 -1.85164274 8.60691708 153 121 81
-1.30257823 -2.05162076 8.62143060 82 53 19
-1.39926013 -0.92075106 9.18664355 147 122 93
-1.28529114 -2.38783676 8.73115503 107 69 24
-1.28222374 -2.35134765 8.74581714 173 139 102
-1.20566751 -1.59317753 8.68767067 120 90 54
-1.23627061 -0.94554060 9.24389329 59 29 4
-1.04387357 -2.44053944 8.84732827 159 123 81
-0.98974349 -2.49086775 8.90608207 170 136 96
-0.93920426 -2.43488548 8.89853940 90 56 8
-0.95000637 -1.41169251 8.86867254 99 73 47
-0.85354234 -2.46120446 8.93501622 88 50 12
-0.85354234 -2.46120446 8.93501622 88 50 12
-0.82563895 -1.21479288 9.04109983 46 24 4
-0.94529865 -0.43815302 10.63363330 96 79 64
-0.74388595 -2.10340985 8.86388181 147 111 71
-0.95935993 -0.00137995 10.82283317 185 174 167
-0.71076292 -2.13876144 8.86602220 52 24 1
-0.84117065 0.54963774 10.93667147 191 180 171
-0.66367038 -1.06286236 9.25870980 45 20 1
-0.81970427 0.57611873 11.01011240 113 99 79
-1.36789649 -0.72139006 18.78015901 106 82 55
-0.58403565 -1.67127677 8.86032286 61 34 5
-0.69817774 -0.64081769 9.96914656 113 89 64
-0.81188047 0.68413634 11.05810161 188 182 176
-0.55401024 -2.71691855 9.14719865 177 141 101
-0.75053989 0.75157362 11.13471654 111 93 75
-0.62550098 0.08890217 10.14641133 77 48 15
-0.48508475 -1.60536929 8.96470463 55 29 4
-0.44411114 -2.35288203 8.96261908 128 100 67
-0.44411114 -2.35288203 8.96261908 128 100 67
-0.69938179 0.82877137 11.59726641 110 89 66
-0.53971674 -0.23411872 10.03768853 56 30 7
-0.48274348 -0.74285330 9.89580217 50 24 1
-0.40710609 -1.43895792 8.96566250 62 34 4
-0.40963092 -1.33704979 9.04649852 47 25 0
-0.33776645 -2.37385729 8.95802682 117 89 51
-0.49117553 0.39991286 10.29533239 60 31 0
-0.35231145 -1.25887209 9.08836043 76 50 15
-0.35231145 -1.25887209 9.08836043 76 50 15
-0.42803396 0.09659884 9.98119108 77 48 14
-0.44760880 0.60069877 10.35426723 63 34 3
-0.36364145 0.55104904 10.10133058 141 113 81
-0.20784481 -1.68252877 9.02081406 159 125 90
-0.43211880 1.57250694 13.00005852 88 71 58
-0.30452145 0.66949064 10.18402139 84 55 16
-0.08690368 -2.37300347 9.06811592 158 125 88
-0.16255348 -0.70435155 9.79940037 97 73 43
-0.08279746 -1.40607102 9.16147009 109 80 43
-0.15793423 0.01396718 9.85933656 122 96 61
-0.17154053 0.33562777 9.90918937 83 54 16
-0.17154053 0.33562777 9.90918937 83 54 16
-0.16963728 0.46464715 9.95553497 133 107 74
-0.03506542 -1.37522022 9.16476047 57 30 1
0.06697320 -3.00008114 9.31083671 75 72 70
0.03125125 -2.17609307 9.11928017 64 36 8
-0.06963358 -0.08755386 9.80029159 59 36 3
0.02176307 -1.66245207 9.10348407 65 34 5
0.02176307 -1.66245207 9.10348407 65 34 5
0.01318674 -1.27180571 9.34311824 11 0 0
-0.02523536 -0.36154445 9.74013234 49 25 1
0.09290226 -1.67971529 9.14155617 123 97 66
0.18249812 -2.87998815 9.35324679 151 118 77
0.20622965 -2.59693956 9.25841734 100 74 49
0.03266643 0.88518617 10.12373117 78 45 8
0.04059237 0.81720844 10.10680812 79 51 14
0.08429098 1.90242725 11.42147875 25 13 7
0.29505998 -2.80073029 9.29186723 69 39 10
0.19335516 -0.85936385 8.64818103 60 36 8
0.19335516 -0.85936385 8.64818103 60 36 8
0.25347020 -1.64602987 8.55476110 106 72 26
0.25347020 -1.64602987 8.55476110 106 72 26
0.33110350 -2.75114209 9.14824954 60 35 5
0.37007520 -2.73657176 9.14042834 125 92 55
0.25610753 -0.85976837 8.60255052 79 51 20
0.26348171 -0.88964522 8.57916175 84 55 23
0.33050125 -1.77265918 8.56817365 168 134 89
0.33202244 -1.69444222 8.56717110 167 135 95
0.29349264 -0.97931445 8.53415961 183 153 118
0.29755064 -0.79335685 8.69755726 48 24 1
0.32964072 -1.26840357 8.48573071 87 55 19
0.30547529 -0.62663472 8.80574653 124 98 69
0.38531684 -1.13071682 8.58975777 147 115 74
0.36834202 0.59533590 10.05542913 58 29 0
0.46541666 -0.42024408 9.86971279 60 34 4
0.46541666 -0.42024408 9.86971279 60 34 4
0.39642888 1.00374009 10.23554903 109 78 35
0.54852723 -2.32041993 8.92572635 107 75 29
0.50849166 1.02890621 10.38325329 142 110 72
0.52850850 0.69055025 10.16311101 154 124 90
0.52850850 0.69055025 10.16311101 154 124 90
0.51958169 1.93537333 11.22562401 100 76 47
0.59540847 1.05306471 10.45892613 55 27 1
0.63512662 1.89840942 11.18479003 69 46 8
0.65688091 1.84951659 11.16883829 102 78 45
0.75158959 -0.05697857 10.11289226 66 40 2
0.78065950 -1.09081192 9.34144975 183 152 120
0.78065950 -1.09081192 9.34144975 183 152 120
0.74745785 0.96630470 10.49616249 141 111 75
0.78081902 1.78794265 11.10312956 68 39 1
0.85420813 -0.73377925 9.65647955 73 43 5
0.81407548 0.97690010 10.58696985 62 38 4
0.80195836 1.11374446 10.57496775 157 127 93
0.80195836 1.11374446 10.57496775 157 127 93
0.75765201 2.29634646 11.01965886 86 52 6
0.83451217 1.54084302 11.20774866 110 79 44
0.76539238 2.31877205 10.99987989 182 146 111
0.76704925 2.34947497 10.99535391 85 51 4
0.93391008 -1.42894034 9.57618164 176 146 111
0.87925728 0.23657166 10.21848104 161 127 90
0.88404962 1.61575409 11.19095761 116 87 58
0.86615938 2.19519347 11.05245322 89 56 12
0.91042802 1.95311820 11.06213995 147 106 60
0.94818142 1.11953312 10.69634139 93 59 20
0.94818142 1.11953312 10.69634139 93 59 20
0.97155705 1.66410633 11.16160461 35 12 0
0.97869836 0.71055561 10.48819806 66 39 3
0.99994806 0.18740421 10.30432111 134 100 63
0.99905833 0.47570952 10.39804197 152 118 80
0.99926926 0.92361086 10.70342528 67 40 1
3.63123305 -8.29311934 26.51655938 138 169 210
1.11531907 0.68356689 10.56434147 61 34 2
1.21487661 0.17190637 10.52148646 177 141 99
1.19315142 0.81591725 10.63023665 103 70 28
1.28693615 0.73838157 10.65315645 184 149 112
1.28693615 0.73838157 10.65315645 184 149 112
1.24333583 2.01182500 11.15073008 85 51 6
1.26426576 2.08316883 11.13554026 166 128 90
1.31414512 1.33619351 10.93541089 165 134 98
4.25179667 -8.65310026 26.29145150 91 87 84
1.39225731 0.33873914 10.69080444 165 127 89
1.30809193 2.14986050 11.15101264 101 66 24
1.39424377 0.85188512 10.91803485 63 36 6
1.38477253 0.65203585 10.70973632 164 134 95
1.59121834 -0.60933200 11.32428439 155 123 82
1.39342445 1.47296543 11.22076033 56 29 1
1.35765571 2.23057955 11.27927414 118 85 51
1.49257107 0.04908839 10.75777662 167 134 95
1.54064527 0.08553683 10.74830173 174 140 99
1.50193165 1.87868695 11.30522104 113 81 43
1.56521044 1.16081244 11.04976634 185 151 114
1.69664411 0.77550644 11.04902965 66 36 0
2.14918665 -1.11482958 12.37367011 95 58 14
1.95440086 -0.10252813 11.41029217 154 125 85
2.10302843 -0.58879819 11.87695593 88 55 15
2.19214950 -0.99026527 12.13815643 114 77 33
2.15596551 -0.60079483 11.89116424 84 55 15
2.02723071 0.72583967 11.48280020 160 132 99
2.09833668 0.65611129 11.57607140 77 48 9
2.30461835 -0.41482868 11.83571046 86 52 14
2.38709536 -0.40720441 11.90320502 158 129 95
2.33573007 0.71387092 12.04523016 149 119 84
2.57845682 -0.62663068 12.20986692 175 145 107
2.63359959 -0.04231364 12.07693614 166 128 91
2.70374405 0.66132969 12.37846847 116 82 47
3.01884940 -0.49434253 12.46872562 88 58 14
3.71084563 -2.19343763 14.25043528 96 70 34
2.99515905 -0.10758676 12.34202631 162 125 83
2.98704809 0.06021874 12.31000978 100 71 30
3.16838527 -0.58581348 12.50423050 146 115 74
3.15106742 -0.47138030 12.45361107 161 128 87
3.30753315 0.48289750 12.85089019 141 109 70
3.61015591 0.94364003 14.03838050 179 184 199
3.42966105 0.07935383 12.76010678 162 129 93
3.83603573 1.48362276 14.77097635 62 41 23
3.83735890 0.68819273 13.66791663 95 65 31
3.94942617 0.74662713 13.85055810 80 52 12
3.88893534 -0.42340977 12.98653837 165 131 89
8.51493537 -7.30282859 25.31157567 99 133 178
4.04231770 -0.56775635 13.04341306 73 52 3
4.18084957 1.22388449 13.93315043 146 108 64
4.23496448 0.94633135 13.90442436 157 117 78
4.20035116 1.33251245 13.88145074 96 62 21
4.44184748 -1.08922631 13.51831698 95 69 28
4.44184748 -1.08922631 13.51831698 95 69 28
4.40788571 -1.01651112 13.41927362 164 132 96
4.53095169 1.01803901 13.84260436 105 71 30
4.92304641 -0.02444990 14.17627764 200 192 189
11.35644736 -8.51413883 28.99507178 138 170 213
3.26589518 0.93580541 9.59519385 128 104 83
4.97569675 1.17581675 14.35171308 209 208 230
12.57266305 -7.66070082 27.26539113 255 255 254
8.40775874 0.34956384 19.85218790 202 212 237
14.15769675 -8.69656533 29.25706398 106 118 133
13.86137606 -10.39973521 27.51292811 165 195 233
13.27031845 -7.58489598 26.63624904 225 247 255
13.27031845 -7.58489598 26.63624904 225 247 255
14.37862383 -5.73299962 27.49572485 105 104 73
-20.63262079 -3.44674405 28.98926983 157 150 136
-2.60692967 -2.13258294 8.72849545 132 135 104
-1.98033292 -1.93295427 8.44509567 63 37 11
-1.93989787 -1.52517807 8.58013680 153 131 99
-1.85799136 -1.42320924 8.72940686 42 20 0
-1.71044056 -1.87646030 8.45854769 81 48 1
-1.39688274 -2.33857970 8.66532191 96 63 18
-1.39688274 -2.33857970 8.66532191 96 63 18
-1.39688274 -2.33857970 8.66532191 96 63 18
-1.37522845 -1.03587419 9.06039916 54 27 2
-1.07804454 -1.17569073 9.06109428 54 32 2
-1.02650496 -1.61146007 8.73436385 75 45 7
-1.02529925 -1.57798785 8.73333677 172 139 95
-0.99073399 -2.13565925 8.73414671 61 34 0
-0.98688217 -1.60720123 8.74955908 69 38 4
-0.92107474 -1.60239673 8.77675439 177 147 109
-0.73611884 -2.24237238 8.83603284 84 51 10
-0.98045699 -0.80748571 11.96189999 122 100 79
-0.62468828 -1.67796840 8.83303049 75 43 5
-0.62181111 -1.39539953 8.92295651 190 161 128
-0.50277779 -1.73249603 8.86777779 65 34 3
-0.34618815 -1.05780323 9.30887882 77 46 14
-0.20506222 -0.69839590 9.84299737 46 25 1
-0.07503909 -0.67087691 9.76558654 68 43 15
-0.03643271 -0.02551385 9.83369997 82 56 27
0.02299823 -0.71587124 9.77454563 45 22 3
0.11950825 -2.36883638 9.12762099 79 50 16
0.08259189 0.19957034 9.84918201 59 33 4
0.22991816 -2.75107479 9.23373514 84 59 27
0.21732207 -0.87691045 8.62931131 83 57 22
0.23185819 0.16767037 9.87816973 107 81 51
0.40233646 -2.60651954 9.13990520 147 115 77
0.38757645 0.03403945 9.93448604 38 17 0
0.38908844 -0.84018558 8.66102487 86 59 21
0.41571853 0.84728153 10.22270853 53 27 0
0.61298669 -1.48804594 8.97158562 172 142 104
0.55078954 1.31751333 10.64574248 155 122 92
0.67449789 0.78878420 10.33547290 51 28 1
0.81924308 2.27852171 10.86745187 90 52 10
0.81924308 2.27852171 10.86745187 90 52 10
2.17100276 -0.42410383 11.80124177 158 124 87
2.56521710 -0.22251154 11.99201691 165 134 96
3.90632971 -1.52253944 13.49373150 127 90 48
3.89478924 1.62628973 14.01697874 113 87 59
5.79316734 0.90993940 16.31152711 202 196 199
16.52006456 -6.65748367 28.59004497 86 89 64
16.44712045 -7.55041933 28.07032918 168 165 155
18.32494972 -3.79039812 28.34032978 143 134 107
-2.52944940 -1.91052561 8.60391141 141 148 114
-1.98912467 -1.89529500 8.43083604 127 97 53
-1.92483904 -1.84807167 8.42796647 97 63 25
-1.64437959 -1.59335999 8.53955272 92 64 22
-1.46528741 -1.37629221 8.66191766 153 128 97
-1.46528741 -1.37629221 8.66191766 153 128 97
-1.35203899 -2.05226745 8.55368125 85 55 21
-0.89717668 -1.55667466 8.79327226 78 55 12
-1.01080119 -0.01534100 10.85777424 172 164 161
-0.74868901 -1.64393452 8.81120502 67 40 7
-0.74792176 -2.11992504 8.88620320 140 107 65
-1.83852864 -4.20463645 23.24323427 11 6 1
-0.65078000 -2.17082177 8.93928700 17 7 2
-0.63143222 -2.46227719 9.03895602 162 126 84
-0.56087843 -2.47702051 9.04406188 148 113 73
-0.48616237 -2.17534049 8.98168489 14 13 8
-0.35091780 -1.09482752 9.30173221 94 70 36
-0.12752022 0.70986272 10.01297657 81 55 22
0.03893458 -1.96594621 9.08276906 109 78 43
0.14762494 -2.37040151 9.17263516 106 81 50
0.15764944 -0.52698784 9.01455250 49 30 8
0.34171174 -1.33354260 8.51032387 81 53 8
0.37665804 -1.88668003 8.63237621 164 132 92
0.88876810 1.89385889 10.96062881 75 45 5
1.45032467 0.62127370 10.75495919 159 131 94
3.67420308 -0.74915827 12.98651995 89 60 21
17.86244106 -3.42796934 26.63253272 36 38 27
17.86244106 -3.42796934 26.63253272 36 38 27
-26.74772105 -11.41615822 31.24716599 76 83 60
-26.98688772 -12.00774207 32.24044662 123 150 166
-19.75558331 -5.32335134 26.15087957 145 141 128
-23.69602481 -13.23207545 35.72364871 140 173 220
-20.33333221 -11.77902891 32.73637852 255 255 254
-20.33333221 -11.77902891 32.73637852 255 255 254
-2.29206728 -1.67594114 8.56786761 142 118 91
-2.22149658 -2.22548104 8.45719122 4 2 2
-2.05964594 -1.72081055 8.46803769 138 111 80
-2.00813445 -1.48060023 8.59744336 87 58 24
-1.87034471 -1.48991351 8.57911001 134 109 78
-1.87034471 -1.48991351 8.57911001 134 109 78
-1.84293360 -1.30703287 8.72434602 85 62 30
-1.78467733 -1.26119299 8.74626349 140 114 87
-1.75379865 -1.42472806 8.69040512 61 40 8
-1.61091936 -1.63284937 8.53295645 82 57 13
-1.72212446 -1.03215359 9.14478602 60 36 1
-1.61384656 -2.18325179 8.56195508 102 74 35
-1.63225061 -1.10667579 8.88644345 76 52 18
-1.61125844 -1.21539993 8.85272886 44 23 0
-1.35055725 -1.29474708 8.83211915 42 19 1
-1.18481310 -1.66627980 8.71388031 53 30 1
-0.99617660 -1.57477875 8.73925583 186 160 127
-0.83609392 -1.87475646 8.76490671 67 37 1
-1.11505323 -0.74314719 12.32594878 154 157 130
-0.85807210 -0.44973908 10.78540031 79 58 31
-0.44526678 -2.33735051 8.97969839 90 63 33
-0.47125225 -1.09410734 9.27312308 65 41 17
-0.45241509 0.57524654 10.40057393 61 31 1
-0.32848413 -1.21653175 9.12839993 169 142 96
-0.32202438 -0.92840586 9.54344048 69 41 4
-0.33395408 1.16719649 10.50730121 105 86 63
-0.34854654 1.76607165 12.48049545 34 12 0
-0.17063722 0.12903444 9.88736358 123 96 62
-0.17063722 0.12903444 9.88736358 123 96 62
-0.12825841 -0.01569418 9.88489140 62 37 3
-0.12930227 0.14601040 9.90568582 63 36 7
-0.12930227 0.14601040 9.90568582 63 36 7
0.01219570 -1.46078768 9.21163896 121 91 60
-0.02701691 0.56593249 9.99825405 125 99 63
0.21545390 -2.63220124 9.24639110 65 38 8
0.19474733 -1.35539036 8.53874504 147 116 83
0.20734964 -0.06477534 9.82668930 127 102 69
0.23830737 1.04097320 10.24179025 144 116 79
0.34230906 -0.70777383 8.73637592 164 135 101
0.33435835 0.43824460 9.96714793 61 35 0
0.54970067 0.42917972 10.05346646 161 131 97
0.54970067 0.42917972 10.05346646 161 131 97
0.71430647 1.49012955 11.28808513 25 13 2
0.69064983 1.02768329 10.48418527 66 34 5
0.78825303 0.50039467 10.28662739 61 41 10
0.78825303 0.50039467 10.28662739 61 41 10
0.74662115 2.01395494 10.90701742 187 150 114
0.90719456 1.22506372 10.72306797 66 41 8
0.86204594 2.30841223 10.86725882 108 70 29
1.20488894 0.71882024 10.60436243 119 88 45
1.32125482 0.30245362 10.64567746 81 50 11
1.27798077 1.91071975 11.03145159 105 72 31
2.35095841 -0.68208149 12.09244845 150 116 77
2.34058611 0.01615235 11.82944485 162 127 86
2.51949592 -0.41367040 12.07115252 134 101 64
2.58003728 -0.38794113 12.13956491 82 51 12
2.74634697 -0.41955634 12.30925912 75 49 10
2.98985003 0.05907847 12.33363712 100 71 30
3.25384695 -0.89736538 12.75502477 84 51 4
3.05939945 0.18612126 12.46852206 160 126 89
3.14764818 -0.31993538 12.41288315 153 121 85
3.88845827 1.47321633 14.02981299 73 45 3
9.42204620 -8.33528150 27.57752407 107 150 189
4.11301070 0.10030097 13.31859610 147 114 80
9.91285899 -8.28570085 27.80099532 255 255 255
4.26000573 1.09531978 14.17003344 107 73 35
7.64612828 1.02620406 21.75599588 206 200 205
-2.26108294 -2.26340301 8.41802528 148 117 85
-2.25252369 -2.33086022 8.44916974 156 124 87
-2.24131215 -2.44691532 8.50453688 51 50 58
-2.21604245 -2.42980849 8.50000620 150 125 91
-2.21660853 -1.62219175 8.64409888 60 35 5
-2.19286501 -1.63013865 8.59951106 56 33 3
-2.17753310 -1.63303083 8.54898317 131 105 75
-2.13393752 -1.74750309 8.44320922 82 58 25
-2.09358324 -2.06941998 8.34440964 149 126 99
-2.09155004 -1.63279795 8.58211600 48 24 0
-2.02431405 -2.09326761 8.32135102 158 128 96
-2.02348836 -1.96282788 8.35862964 147 117 82
-2.00932032 -2.14177598 8.35481664 104 69 25
-2.00394562 -1.69957137 8.42372804 142 116 90
-2.02824292 -1.48404754 8.58011412 124 97 71
-1.96402429 -2.11022553 8.24472269 113 79 33
-1.89970441 -1.90736421 8.39982900 163 130 93
-1.88219583 -1.92458354 8.41955803 157 125 84
-1.96433102 -1.23013101 8.98449163 69 38 8
-1.84914077 -1.78795168 8.41756697 87 57 27
-1.91591366 -1.41391621 8.76618751 51 29 1
-1.82970374 -2.21802180 8.41405404 128 90 51
-1.79395546 -1.96831120 8.44659751 159 125 83
-1.80602144 -2.29780968 8.48317046 121 83 42
-1.78352533 -1.06157041 9.20232682 93 63 32
-1.75359857 -1.07047138 9.12906446 145 120 93
-1.66140459 -1.33695032 8.72312786 75 49 24
-1.61542031 -1.73406713 8.53478824 161 127 90
-1.71653980 -1.04436385 9.17394265 60 30 3
-1.58561596 -2.24239300 8.47282288 155 119 85
-1.55835319 -1.70450677 8.52958841 101 67 29
-1.58746512 -1.29711638 8.74203281 87 58 24
-1.59785762 -1.13574145 8.91513524 78 52 21
-1.63281990 -1.04398224 9.16858485 54 24 0
-1.63281990 -1.04398224 9.16858485 54 24 0
-1.55047101 -1.29337856 8.77160663 87 60 32
-1.53146033 -1.29506224 8.70948358 137 110 80
-1.51693193 -1.26044634 8.73535559 125 95 65
-1.50053034 -1.01131128 9.11690354 83 54 20
-1.44267717 -1.09764982 8.94759766 95 66 34
-1.37071099 -1.41387266 8.67683260 181 150 117
-1.37071099 -1.41387266 8.67683260 181 150 117
-1.42791878 -1.05328394 9.04671303 60 33 6
-1.41244483 -1.08981846 8.97107668 119 92 61
-1.35995072 -1.14431820 8.91206768 74 48 14
-1.36224625 -1.08334575 9.04364219 54 26 2
-1.30038646 -1.59675509 8.68124262 57 32 2
-1.29306141 -2.47858724 8.69601973 170 137 101
-1.32640354 -1.10178144 9.06995157 54 26 3
-1.24952338 -2.23135381 8.63633949 164 125 80
-1.28333120 -1.18500645 8.92381615 84 59 29
-1.27819315 -1.14607520 8.91707433 136 111 81
-1.20872790 -2.27484163 8.71257927 173 133 92
-1.18408842 -2.17343821 8.63607977 172 137 98
-1.17171926 -1.92564541 8.63646245 160 126 86
-1.16024981 -2.19207111 8.65609994 115 77 38
-1.16024981 -2.19207111 8.65609994 115 77 38
-1.16115474 -1.66528353 8.73572406 56 33 3
-1.21408244 -0.94712843 9.38595159 66 40 9
-1.21408244 -0.94712843 9.38595159 66 40 9
-1.18530630 -0.98722322 9.33784162 53 25 2
-1.12259006 -1.27011151 8.91786247 74 44 17
-1.12259006 -1.27011151 8.91786247 74 44 17
-1.08747458 -1.66069186 8.75423919 158 127 95
-1.06491217 -2.39474658 8.74114395 164 129 93
-1.05165599 -2.25362546 8.70480945 146 111 74
-1.13684440 -1.01079507 9.32750371 56 31 3
-1.05193702 -2.37024576 8.81671818 80 43 6
-1.10074008 -1.04393221 9.26675561 124 98 71
-0.99162503 -2.47141502 8.82002550 104 71 29
-0.98388799 -2.32735110 8.79943889 165 131 87
-0.98321846 -1.54475334 8.78219222 139 108 77
-0.96062239 -1.87593306 8.70267388 79 48 15
-0.91660981 -2.18247596 8.73562626 80 48 10
-0.97147939 -1.05424154 9.35537152 58 32 7
-0.89141581 -1.72266198 8.80946050 158 123 86
-0.86933091 -2.38126928 8.84822237 167 130 88
-0.86892800 -1.75601636 8.79250222 74 47 16
-0.83711203 -2.27816369 8.73367348 129 93 50
-0.90137830 -1.06524216 9.36518576 62 33 8
-0.82291080 -2.44485845 8.91273575 90 54 18
-0.81126620 -1.65769569 8.74892082 89 59 24
-0.81126620 -1.65769569 8.74892082 89 59 24
-0.82681754 -1.41458568 8.93969449 123 93 65
-1.00827294 -0.17482738 10.83204603 151 150 121
-0.84635313 -1.06853711 9.35363629 56 28 6
-0.81572486 -1.16805220 9.14262407 67 43 10
-0.75921672 -2.14492837 8.83162326 80 50 22
-0.79226055 -2.74947983 9.15026679 152 118 81
-0.79226055 -2.74947983 9.15026679 152 118 81
-0.90433309 -0.92934298 10.20646705 90 68 47
-0.96390298 -0.05944830 10.85132695 156 160 124
-0.95311378 -0.29675108 10.83577015 154 156 125
-0.95907060 0.09362789 10.87969093 104 86 64
-0.82223973 -0.95176109 9.61780111 64 35 5
-0.74540656 -1.51893687 8.89863169 68 47 20
-0.73082005 -1.84451954 8.84735703 69 44 13
-0.93821034 0.28366973 10.79334099 178 171 157
-0.92428078 -0.25444958 10.74692183 89 72 52
-0.72194025 -1.77483816 8.81708990 152 117 76
-0.91697329 -0.30298870 10.74347275 87 74 50
-0.90866205 0.04671793 10.74657217 106 84 57
-0.86136384 -0.34041357 10.44521733 125 103 82
-0.71482990 -3.10196241 9.35795984 168 135 98
-0.75602924 -0.96862385 9.52167477 132 107 77
-0.67923264 -2.38510527 8.94703662 169 136 93
-0.81064861 -0.66665431 10.29967747 74 47 20
-0.66718554 -1.79464741 8.84274686 157 123 79
-0.65133948 -1.64104562 8.78216944 80 51 26
-0.65182663 -1.63853318 8.83503550 71 45 18
-0.65765024 -3.21705167 9.47521807 77 71 73
-0.76323075 -0.80188878 10.12994529 79 54 31
-0.81721776 0.26418264 10.59312842 128 108 82
-0.61652050 -2.52297141 8.95157077 119 85 49
-0.61787659 -2.04753311 8.88062284 181 149 111
-0.69301603 -0.96602724 9.54035888 138 112 86
-0.75547808 -0.46969717 10.31078722 70 44 25
-0.64767538 -1.14136839 9.11961969 126 99 69
-0.61173999 -3.12989275 9.39308192 160 131 91
-0.60120553 -2.50695756 9.01741640 75 47 10
-0.65028812 -1.13771254 9.26440972 88 58 29
-0.78440117 0.38143107 10.58217902 131 109 83
-0.75626212 -0.10523958 10.42652612 66 42 16
-0.63232125 -1.13123684 9.16346299 81 51 23
-0.70507422 -0.78295788 10.11133466 116 94 70
-0.57327598 -2.51166180 9.02144474 63 34 4
-0.65412069 -0.87985529 9.71856301 90 61 30
-0.78329502 0.73102734 11.17989465 182 172 158
-0.70615069 0.03840407 10.32593998 132 106 83
-0.61636770 -0.96737132 9.54421737 131 105 80
-0.57443021 -1.28116173 9.09730474 84 60 36
-0.54324124 -1.68682431 8.88027886 123 93 63
-0.52948216 -2.52636604 9.04266383 59 29 5
-0.53404183 -2.06843074 9.00426959 148 114 72
-0.61434313 -0.78524073 9.99251389 58 32 8
-0.68297495 0.24570048 10.56723141 124 100 78
-0.49701757 -2.50961131 9.01906240 164 130 95
-0.51695959 -1.62543402 8.99725910 60 36 1
-0.49739357 -1.93220936 9.05280594 135 103 66
-0.62314803 0.18513814 10.27758549 73 43 17
-0.62314803 0.18513814 10.27758549 73 43 17
-0.53039572 -1.12395676 9.27223493 117 89 63
-0.52847191 -0.96643831 9.58345277 60 30 6
-0.44089973 -2.56922810 9.02486188 164 127 82
-0.43541474 -2.38022385 8.90090776 86 54 16
-0.43257838 -2.81880867 9.13547714 163 128 91
-0.54936505 -0.13911020 10.14653471 57 28 9
-0.45890282 -0.97418493 9.46281098 116 90 67
-0.67926402 1.26789118 12.47702722 174 167 161
-0.67926402 1.26789118 12.47702722 174 167 161
-0.41096356 -1.54248753 8.97547211 168 134 102
-0.37250281 -1.99581198 9.00245788 76 44 15
-0.40429856 -1.09700739 9.36649517 62 35 8
-0.40429856 -1.09700739 9.36649517 62 35 8
-0.42435636 -0.85282906 9.75232999 140 111 83
-0.33004549 -2.66790522 9.06706368 81 47 14
-0.49183898 0.86560570 10.67274214 136 111 81
-0.34411010 -1.20480135 9.26646379 85 55 27
-0.27880318 -2.77539618 9.05533467 122 83 44
-0.27406053 -2.63754238 9.04062042 180 140 96
-0.43832548 0.63003479 10.48179284 66 37 5
-0.27710731 -2.30124230 9.00297801 165 131 94
-0.27402691 -2.33116018 8.99350660 58 35 3
-0.42863171 0.66917571 10.44084259 69 39 5
-0.40207324 0.66300797 10.32188942 132 102 75
-0.24316391 -2.27363178 8.98912311 134 99 62
-0.40230431 0.76373397 10.49095816 71 42 8
-0.23824994 -1.83505939 8.98059109 134 106 84
-0.34233252 0.45554932 10.15607973 74 47 17
-0.34233252 0.45554932 10.15607973 74 47 17
-0.27353641 -0.84456100 9.73094715 128 102 77
-0.25705452 -1.00844645 9.59610046 55 29 6
-0.16930411 -2.72596693 9.10051142 85 48 4
-0.31520854 0.90354897 10.31933256 140 114 83
-0.32894344 1.09620300 10.72467375 89 63 33
-0.17004576 -1.87072180 9.00829896 76 46 21
-0.37334904 1.89863638 12.25322147 58 42 17
-0.16012519 -1.37486210 9.20725359 83 56 26
-0.09564041 -2.69756871 9.10949244 161 122 86
-0.12665560 -1.73683704 9.10739070 133 99 62
-0.24569565 0.92785089 10.29442310 87 56 25
-0.11866967 -1.26161098 9.29724671 95 71 50
-0.05186881 -2.81199151 9.16814360 101 68 26
-0.14182481 -0.78053106 9.93000819 33 15 1
-0.17798322 0.16022183 9.94151572 67 40 9
-0.26140912 1.41807876 12.60010292 69 51 29
-0.04832626 -2.37711254 9.06784670 161 124 85
-0.19116711 0.78400806 10.27123322 71 42 11
-0.10283451 -0.87845541 9.76202323 119 93 68
-0.07906071 -0.98059597 9.65237605 69 41 17
-0.13109917 0.21981063 9.97565802 62 37 7
-0.15211677 0.89159331 10.27212066 72 43 11
-0.07512140 -0.79708148 9.91033221 21 7 0
-0.07512140 -0.79708148 9.91033221 21 7 0
-0.05056704 -1.08743563 9.44065011 89 63 40
-0.05134390 -1.06848339 9.60945746 45 20 0
-0.05320908 -0.87581113 9.83930046 43 21 0
-0.10301026 0.33985556 9.95299357 53 24 1
-0.10301499 0.44905074 10.04634399 74 44 15
-0.12384995 0.95989123 10.31295477 76 45 11
0.06943684 -2.96064315 9.29435595 159 127 92
0.06461049 -2.80269185 9.18418209 99 63 29
0.03043857 -1.99221333 9.04544341 96 61 26
-0.01239029 -0.90432603 9.81709089 119 92 63
-0.07827009 0.66816243 10.05710413 80 53 20
0.04036105 -1.42689048 9.25276100 59 33 12
0.00929892 -0.37955675 10.30804416 99 74 47
0.07166660 -1.95347255 9.10278358 74 44 20
0.07191595 -1.66583898 9.16717128 51 23 8
0.07191595 -1.66583898 9.16717128 51 23 8
0.14288975 -3.00720218 9.36463547 55 48 47
-0.04486684 1.10880611 10.41439851 74 41 3
0.07579112 -1.56036161 9.17823107 24 10 1
0.07528716 -1.24597494 9.08454918 71 49 28
0.09859131 -1.53656422 9.27470997 87 64 51
-0.01857724 1.14658202 10.42451636 78 47 5
0.09008759 -1.12460871 9.56512960 93 66 45
0.18151712 -3.01517385 9.40650699 53 46 44
-0.00702153 1.12068812 10.30728395 134 106 77
-0.00282990 1.17245495 10.50699508 76 43 3
0.01221511 0.80026705 10.11831839 78 49 19
0.18515328 -2.55910691 9.25332677 67 35 7
0.02167693 1.18557657 10.65765314 77 45 7
0.03599727 0.88413524 10.13687044 83 53 17
0.12207618 -0.96248206 9.71753749 65 38 10
0.21986870 -2.95917416 9.36295633 56 47 45
0.22069761 -2.65441563 9.18008679 84 58 31
0.04287179 1.55644420 11.39830354 52 30 7
0.21186774 -2.41528036 9.20225824 83 52 27
0.04787032 1.22459115 10.57109279 76 45 13
0.05518989 1.21858175 10.30918620 141 111 82
0.15810424 -1.10456153 9.61726333 25 10 0
0.22684047 -2.27124163 9.26558232 47 20 0
0.22340175 -2.19615790 9.21473982 150 112 79
0.10486765 0.61650930 10.07792780 53 29 2
0.10486765 0.61650930 10.07792780 53 29 2
0.25241630 -2.49285690 9.20805546 144 103 73
0.31986860 -2.88311024 9.24545488 166 137 99
0.32373307 -2.57172343 9.21936083 6 1 0
0.24068660 -0.96518210 8.60716703 79 49 20
0.36250657 -2.87454222 9.22109216 157 130 102
0.25896091 -1.08467080 8.65114185 25 7 0
0.19818210 1.54534756 11.73677462 49 31 13
0.22888353 0.21676058 9.92149885 72 43 12
0.34674376 -2.35703092 8.95017721 159 121 89
0.20128605 1.06224314 10.27376964 84 54 20
0.25947254 -0.67661848 8.89012389 142 112 84
0.38689761 -2.77825899 9.14730375 146 112 75
0.21537928 0.99343427 10.18207536 143 113 77
0.26963476 -0.72278806 8.79920431 146 120 91
0.29046093 -1.05950334 8.61022463 164 132 96
0.29665481 -1.03387539 8.62305484 153 123 86
0.30338691 -0.82437282 8.79748724 43 22 1
0.43375196 -2.80530724 9.18463141 168 137 104
0.31893898 -0.53681408 9.05760517 79 48 19
0.26966172 1.23294485 10.37752356 83 47 13
0.32421122 -0.68606322 8.79871650 142 112 80
0.32421122 -0.68606322 8.79871650 142 112 80
0.29654185 1.09508097 10.30305121 68 37 10
0.49187896 -2.86847657 9.34587547 76 71 66
0.31374598 1.38292871 10.88228585 139 110 79
0.37213778 -1.22450803 8.50472696 143 114 84
0.37182120 -0.91594046 8.67473070 86 55 24
0.45853244 -2.18298094 8.80001409 113 76 39
0.45853244 -2.18298094 8.80001409 113 76 39
0.37865667 -0.51698591 9.14242601 145 119 86
0.38739345 -0.49523218 9.24136087 144 115 85
0.41119925 -1.35645197 8.60261378 94 63 31
0.35577086 1.57384427 11.46873231 96 77 58
0.53110023 -2.75579679 9.22396030 165 135 97
0.34628710 1.05483964 10.22815924 143 113 80
0.41597180 -0.94849780 8.90416563 72 49 18
0.48647974 -2.06187056 8.90662577 160 129 96
0.44124278 -1.40458072 8.67695167 169 138 107
0.43280668 -1.25018204 8.66290684 148 116 82
0.40123792 2.00649400 12.30489463 16 3 0
0.46160761 -1.64054310 8.72659739 156 123 88
0.42127506 -0.70402597 9.02864491 58 31 7
0.42272441 -0.96943943 8.70295859 182 151 120
0.42004577 -0.55795616 9.10869976 86 59 29
0.48516641 -1.58008443 8.77287462 182 152 117
0.46189220 -1.02646601 8.84311732 78 52 32
0.54805313 -2.32805695 8.94207576 111 77 36
0.59757054 -2.84269174 9.37767655 93 80 66
0.46086098 -0.59050259 9.24499217 139 112 82
0.44290400 1.95284629 11.40446286 89 69 44
0.50665700 -0.78895628 9.03676712 73 47 19
0.50469180 -0.83403941 8.92589902 163 137 108
0.53079471 -1.05312429 8.92604409 188 157 125
0.58781297 -1.79310115 8.98768129 143 114 76
0.55768152 -1.28246849 8.97150120 150 121 87
0.53156543 0.12877399 10.06186704 69 42 13
0.52942085 0.27408681 10.06244926 69 40 9
0.57159903 -1.45833142 8.91810093 169 136 102
0.59470276 -1.34573668 9.00038228 146 120 91
0.53966838 1.47872580 10.98085864 83 57 29
0.58897552 -1.02137153 9.09662001 165 136 107
0.65820061 -1.98616131 9.09067662 158 125 95
0.54010313 1.07036647 10.32668610 62 35 8
0.60439289 -1.11280819 9.03694545 175 144 112
0.61857487 -0.16004653 10.08282816 121 96 65
0.58614494 1.58304667 11.31151041 49 30 13
0.61041000 -0.71892935 9.34961538 59 35 0
0.64273657 -1.29793469 9.13331968 151 117 81
0.71190684 -2.09921104 9.35154443 98 59 21
0.67616551 -1.63245812 9.08475903 168 138 106
0.60571761 1.78538255 11.32582108 45 24 1
0.64414465 -0.96496195 9.22770925 161 129 94
0.69308527 -1.48460541 9.36381849 162 125 93
0.63891262 -0.54953609 9.49577755 129 103 76
0.56357771 2.00945395 10.78335402 141 112 80
0.56357771 2.00945395 10.78335402 141 112 80
0.68355641 -1.25283433 9.20545922 102 72 35
0.67098092 -0.01982428 10.10857780 121 91 57
0.67498700 -0.80782050 9.39972212 68 41 13
0.67498700 -0.80782050 9.39972212 68 41 13
0.69254768 -1.12189237 9.30570352 152 120 82
0.69572361 -1.23312230 9.23668054 157 127 92
0.71023155 -1.27848773 9.22219749 174 145 109
0.70760973 -1.11917929 9.32942516 155 121 85
0.74020601 -1.71387766 9.18017988 161 132 101
0.74020601 -1.71387766 9.18017988 161 132 101
0.66376757 0.43065483 10.13569198 84 51 18
0.74454935 -1.28600894 9.38918456 79 50 16
0.74141804 -0.96178021 9.40379917 147 117 82
0.67844855 0.88612780 10.28480702 168 131 100
0.70554213 1.21806157 10.51868994 149 116 82
0.78670580 -0.98513102 9.47274210 67 42 7
0.80699561 0.05225072 10.15651422 174 143 110
0.83889334 0.06304415 10.18344676 111 78 40
0.75321822 2.07294982 10.71074575 79 47 6
0.83752941 0.75347726 10.39467546 63 38 0
0.87852393 0.94896081 10.64073829 67 36 6
0.93278695 -0.98981414 9.68267329 116 87 53
0.95319683 -0.92210122 9.80921729 89 58 29
0.94662714 -0.14129790 10.32401380 90 63 33
1.04156728 -0.85461725 10.53020235 156 131 98
0.91275704 1.46582617 10.97508712 139 112 82
0.80710261 2.36188775 10.42031123 120 89 59
1.03688334 -0.15480120 10.43098387 156 122 85
0.88932077 2.24482355 10.64006731 166 128 87
1.00070924 0.63137699 10.47079520 143 112 83
1.15706026 -0.74522673 10.77441412 159 131 100
1.14536644 -0.54692790 10.75756280 160 128 94
1.02622163 0.70436068 10.49597668 68 39 4
1.02183844 1.00941993 10.61020549 120 96 58
1.02183844 1.00941993 10.61020549 120 96 58
1.03576733 0.92439951 10.63704404 75 47 12
1.05204522 0.97474546 10.68323049 77 48 14
1.05204522 0.97474546 10.68323049 77 48 14
1.02132125 1.68152477 10.92088030 35 17 0
1.21082946 -0.63334502 10.92420245 76 49 22
1.06412061 1.06045694 10.63188544 85 61 24
1.12099302 0.84680360 10.59948098 99 66 22
1.12655641 0.48743810 10.42675717 116 80 43
1.34154497 -0.67787897 11.14512433 79 50 17
1.16548507 0.67481495 10.58755032 66 37 6
1.27078707 -0.28606362 10.76163728 158 125 87
1.16976748 0.67221787 10.53429803 64 38 3
1.20888592 0.34916594 10.57115980 75 45 13
1.14753557 1.73345472 10.87481189 141 111 72
1.22960832 1.14065076 10.79291458 91 60 21
1.26007759 0.64479185 10.64205462 71 42 8
1.23386758 1.35896527 10.76417979 158 130 92
1.24979420 1.74767610 10.92722353 137 106 62
1.56803330 -0.72178542 11.56419385 165 135 101
1.36579691 0.33557379 10.61436112 147 114 74
1.33574170 1.16430339 10.80972023 162 129 87
1.37841411 0.76615672 10.71990433 177 144 111
1.37841411 0.76615672 10.71990433 177 144 111
1.65494199 -0.80124142 11.73976317 87 56 25
1.34986540 1.31591751 10.82161083 101 69 29
1.43771818 0.38404243 10.78317145 119 86 43
1.43771818 0.38404243 10.78317145 119 86 43
1.54588385 -0.14699576 11.05257293 79 51 14
1.49645192 0.10310061 10.78469040 180 145 111
1.47807946 0.25302322 10.73306803 74 46 16
1.41226943 1.73601598 11.06619168 85 56 24
1.42858331 1.47502416 10.91527471 70 41 10
1.37647170 2.06540870 10.90912631 174 141 108
1.72884016 -0.49478926 11.51306146 85 58 19
1.44391178 2.02249938 11.11571927 88 60 22
1.37891919 2.28660615 10.83364616 104 78 51
1.49651809 1.26885076 10.86458995 125 92 50
1.78280254 -0.50891305 11.58165913 84 51 16
1.53883324 1.31750364 11.05030679 93 64 30
1.51443388 1.57975805 11.06279610 157 127 92
1.52158770 1.65012301 11.05778744 107 77 35
1.65086186 0.19091997 11.02892929 162 129 96
1.61288832 0.61371779 10.87053599 122 89 46
1.67633933 0.22241284 11.02398177 141 107 65
1.59688871 1.30316003 11.10109087 90 62 22
1.69070963 0.49427613 11.04817250 147 114 76
1.64963698 2.08918834 11.78280896 109 95 84
1.64388718 1.05039057 11.04898394 69 40 5
1.65769069 1.07049723 11.02482572 121 94 63
1.71921556 1.01324368 11.20023881 72 44 5
1.93596222 -0.45243226 11.70167637 156 124 85
2.05684170 -0.83523366 12.13379300 158 126 85
1.82904996 0.14061848 11.23694719 164 132 94
1.94864586 -0.14556566 11.47544893 157 126 94
1.88934405 0.41110835 11.24173202 85 58 23
2.19288887 -0.84305792 12.14696055 158 125 89
2.13654281 -0.56489641 11.93780441 158 126 87
1.98849115 0.17932488 11.40067424 159 130 96
1.94757194 0.57213908 11.18182434 171 141 104
2.16268397 -0.32004272 11.85332285 82 50 14
2.06368485 1.17228561 11.98326140 141 111 74
2.19277019 -0.24942334 11.81022142 147 113 75
2.39466506 -0.94263355 12.44245622 98 66 20
2.39466506 -0.94263355 12.44245622 98 66 20
2.22036074 -0.13581799 11.77631994 105 71 34
2.36697047 -0.66622168 12.21950592 82 49 14
2.16184740 1.11479325 12.10606611 85 53 13
2.49833020 -1.07619843 12.58080423 162 129 94
2.52739175 -1.05176216 12.63284671 107 73 35
2.29184623 1.11977536 12.33272023 97 66 29
2.41000383 -0.43062281 12.02738800 159 128 90
2.55110755 -0.88126703 12.44898412 167 137 101
2.53055473 -0.69762341 12.32907055 80 51 19
2.29813242 0.72464420 11.92104343 147 117 81
2.45468748 -0.21678508 11.96192597 169 136 101
2.42521075 0.63817040 12.06515553 93 67 32
2.54897056 0.67468392 12.25797508 138 109 77
2.53261655 0.90605346 12.28021131 97 71 31
2.77333427 -0.71459448 12.53225130 157 123 85
2.72787878 0.01875865 12.14356270 167 133 96
2.72787878 0.01875865 12.14356270 167 133 96
2.71249327 1.00475858 12.57854870 84 55 16
2.79637922 0.96740445 12.66011987 90 62 25
2.93835020 -0.41975780 12.46456719 163 130 91
3.02661957 -0.81426392 12.60043540 82 52 15
3.48365129 1.12951460 15.33774997 157 161 188
2.85475114 0.92571850 12.58870600 144 115 85
3.34605454 -1.56884495 13.37532661 117 83 45
2.98925865 -0.12335199 12.49525909 162 127 85
2.87283154 0.27266148 12.25064034 156 122 85
3.50101876 1.27182647 15.12347274 82 70 59
3.01420299 0.58874919 12.52579678 122 94 55
3.01420299 0.58874919 12.52579678 122 94 55
3.12500508 0.65267966 12.80698787 75 49 23
3.16658675 -0.06190543 12.56719436 184 150 112
3.20912159 -0.08284056 12.57626044 181 147 110
3.55599461 -1.37846243 13.26495471 94 61 16
3.54676957 1.09841173 14.31044058 152 164 188
3.74736027 -1.75967039 13.67725849 108 73 31
3.42447682 -0.83168705 12.86576589 152 118 80
3.21806024 0.58331864 12.73541141 147 121 89
3.32497915 -0.23047624 12.70181252 153 120 82
3.22514206 0.52578816 12.67446513 164 136 98
2.62389172 2.09934222 11.13958281 186 174 158
3.25697341 0.50633238 12.67515746 121 89 51
3.39082029 0.77989918 13.25633701 82 51 10
3.89492912 -1.53955029 13.60153541 102 69 26
3.73812269 -1.13465232 13.22879756 100 68 31
3.55258392 0.12391726 12.85443357 189 157 122
4.03446675 -1.59378747 13.66247471 94 61 25
3.78224027 0.79984582 13.86129055 77 49 31
3.80655376 0.79883871 13.89752224 77 49 31
4.23532643 -2.03415583 13.99218821 108 76 38
4.18770747 -1.70039960 13.91763163 108 74 36
3.76802898 0.65067539 13.52990086 133 102 71
4.33250101 -2.05867801 14.09567131 102 74 37
3.74512233 0.39923629 13.10046688 70 48 24
3.86376346 0.35353033 13.28430608 75 47 22
3.94443463 -0.64363727 12.99659738 157 124 91
3.95208705 1.04725600 13.57700560 88 58 22
4.47570502 -1.42349754 13.90643626 156 126 88
4.16033379 0.60431175 13.65898606 161 127 85
4.12681383 0.66001034 13.53249961 111 76 42
4.21791058 0.95780837 13.63623372 149 111 73
4.32527941 0.09589802 13.54937176 158 130 99
4.55809744 -0.81417039 13.67189705 83 55 16
4.55809744 -0.81417039 13.67189705 83 55 16
4.37690286 1.33165128 13.65809007 97 62 25
4.76364953 0.00647109 13.98013305 89 60 23
4.76364953 0.00647109 13.98013305 89 60 23
4.93454245 -0.55982058 14.16556848 187 184 164
4.96721908 -0.27547757 14.21812086 176 173 145
4.80379465 0.61279107 13.96980772 96 69 41
4.54722391 1.55524768 13.61426519 161 128 89
4.63969723 1.37679185 13.73786086 124 91 58
4.82504998 0.89605415 14.04228392 92 63 34
4.98803805 0.61833639 14.28345033 136 120 97
4.91062825 0.87901018 14.13494209 203 194 203
4.91062825 0.87901018 14.13494209 203 194 203
4.89080424 1.13453364 14.09377698 128 106 83
4.84560571 1.27052270 13.97540221 150 122 95
4.67702498 1.43453949 13.59438926 132 110 80
4.84273909 1.52277610 13.95782704 199 197 211
-13.21713805 -10.35962174 29.94741369 255 254 255
-1.77144624 -1.75762761 8.51665340 108 85 51
-1.49197597 -0.96469097 9.06381878 132 103 64
-0.88073904 -0.75648991 9.62703153 170 164 148
-0.79635837 -2.15548263 8.83923303 83 59 23
-0.83622855 0.65807278 11.34951361 182 176 169
-0.55516980 -1.17976134 9.08013508 61 36 3
-0.22764069 -1.85996075 8.97212116 62 33 0
-0.22589062 -1.33976339 9.13645641 110 76 47
-0.08191179 0.56758917 10.00829592 71 45 11
0.26289395 -0.78413593 8.70138950 44 22 0
0.26289395 -0.78413593 8.70138950 44 22 0
0.68128342 0.53140984 10.20253104 53 27 4
0.79912306 1.88239983 11.05137853 78 52 16
1.20990538 0.76635445 10.60672986 90 55 20
1.14737530 2.00941276 11.01939776 167 132 96
1.27736243 1.15106890 10.86012569 87 53 15
1.53609073 0.82702576 10.92007687 78 55 15
2.53866308 0.38014893 11.99292670 148 115 80
3.98379031 1.20955359 13.87059509 140 104 68
4.03553842 1.16209044 13.89829939 68 38 5
4.28522943 1.21884437 13.79220062 148 110 73
-0.16206784 0.56260079 9.98254849 75 49 16
-27.78284370 -12.05490865 31.58198286 58 64 50
-26.20052066 -14.42976512 28.90651162 53 54 56
-26.04388319 -15.38159636 28.78293682 45 49 50
-26.02106356 -15.40505502 28.78806697 45 49 50
-23.25986305 -14.86245166 33.06062217 74 87 108
-16.85835555 -14.83464421 33.49017899 64 79 108
-2.15438989 -1.90188495 8.39466321 0 0 0
-2.14077579 -2.13449884 8.41904799 13 3 1
-1.84386064 -1.27634045 8.72710646 127 100 71
-1.70076415 -1.13297876 8.87601868 125 97 67
-1.64889717 -1.76419962 8.55574202 63 36 3
-1.46638947 -2.23632787 8.64285109 62 37 1
-1.26869827 -1.61070154 8.69224869 58 32 5
-0.66147639 -0.30425062 10.04181472 118 94 64
-0.42427651 -1.98054448 8.95163342 64 39 0
-0.12478036 -0.23961057 9.87529510 43 22 2
-0.12478036 -0.23961057 9.87529510 43 22 2
0.09053807 -1.06819737 9.56547713 37 17 7
0.15970499 -1.08449163 9.55768774 30 12 2
0.26450597 -0.89005797 8.58156630 84 55 23
0.60968432 2.20866374 11.07951057 65 35 1
0.88628621 1.06691748 10.60072989 133 103 67
3.18739809 -1.13316740 12.83509731 161 124 79
8.97379290 -8.57636459 26.77809648 87 86 82
3.88962301 1.52511432 13.99254967 64 36 0
3.88962301 1.52511432 13.99254967 64 36 0
4.34358401 -0.32572375 13.39227485 157 124 88
4.42704268 0.25292395 13.68765819 157 123 85
4.42704268 0.25292395 13.68765819 157 123 85
4.24694474 1.51552629 13.76625923 161 121 82
4.56851232 0.61573078 13.82415465 133 105 74
17.15919058 -3.48087246 26.79049169 140 134 101
-2.57667076 -2.16228038 8.74137459 3 5 9
-2.39862495 -1.72248637 8.73082814 120 102 75
-2.28589840 -1.69048109 8.59655180 133 107 83
-2.27016765 -2.44417125 8.48858661 47 46 60
-2.21024677 -1.68025782 8.46384266 127 100 74
-2.19930945 -1.75711233 8.43429636 4 4 2
-2.17263637 -2.42948356 8.26250448 48 50 62
-2.21480905 -1.52025934 8.65959180 87 60 33
-2.02426632 -1.68311928 8.43576808 76 47 21
-1.93278203 -1.90186176 8.42733030 136 103 68
-1.72783983 -2.31404357 8.52322512 119 81 44
-1.70437488 -1.57117368 8.52690490 86 53 19
-1.66910922 -2.26163060 8.53547337 167 132 90
-1.59251890 -2.33381284 8.52959173 109 72 26
-1.45208197 -2.15636055 8.57875025 160 122 83
-1.46192466 -0.92878132 9.07601789 137 109 80
-1.35062590 -1.09724098 8.96247096 133 106 78
-1.30492642 -0.95610852 9.10913454 132 106 77
-1.19171668 -0.97777586 9.19307776 128 100 71
-1.08497985 -1.84078325 8.65374787 97 63 26
-0.79465307 -1.05209341 9.26670193 59 31 7
-0.70760078 -1.39236293 8.91500714 148 122 94
-0.65706352 -1.79976680 8.87853046 129 92 49
-0.63919926 -2.54693433 9.03441517 147 113 75
-0.49472691 -2.60249766 9.06388324 73 40 6
-0.63131340 0.42000709 10.39222781 128 107 81
-0.54566718 -0.12623419 10.08239437 57 28 9
-0.53479680 0.03801056 10.13860608 67 40 10
-0.48639823 -0.82162237 9.75650736 72 45 16
-0.40397993 -1.92081382 8.92620187 167 133 96
-0.35593261 -2.44584734 8.96045628 86 53 18
-0.41633686 -0.94805281 9.47663513 55 31 7
-0.32150425 -2.37990311 9.02618955 64 38 9
-0.40712403 -0.39549891 9.87247276 103 76 53
-0.40239745 -0.11618382 9.90314806 123 96 68
-0.40239745 -0.11618382 9.90314806 123 96 68
-0.34792614 -0.97094517 9.50830903 59 37 13
-0.33121774 -1.14495136 9.30020981 55 30 9
-0.29252615 -1.88244644 8.92828299 108 74 37
-0.32385081 -0.82002593 9.63168105 134 108 83
-0.19129602 -2.75173677 9.22285741 168 132 91
-0.49595905 1.89242616 12.88607991 114 115 122
-0.37073883 1.00924004 10.68149513 93 66 36
-0.17246885 -2.46070121 9.03513231 75 45 16
-0.16012687 -2.04642560 9.04846318 171 135 99
-0.34708819 1.79257634 12.36168654 42 26 0
-0.25179074 0.53018326 10.15104328 66 35 6
-0.20976825 0.72661630 10.23066742 71 37 10
0.01484390 -2.98698078 9.34261418 152 118 80
-0.11980965 -0.23105827 9.88151958 50 32 8
-0.09199211 -0.64359560 9.77235070 124 99 77
-0.06192635 -0.85972717 9.68994897 122 96 72
-0.12262282 0.90316299 10.20302932 133 104 73
-0.09431978 1.01635729 10.41270948 75 46 8
-0.06933338 0.64674279 10.04309742 134 108 75
0.01681910 -0.77402162 9.79985213 27 7 0
-0.02773125 0.59602140 10.03489051 60 31 4
0.18456678 -3.05550251 9.29525200 52 50 51
0.12915476 -1.51143510 9.26495630 44 21 7
0.22683301 -2.97071921 9.44158425 168 141 114
0.25863753 -2.98469851 9.44870592 62 50 41
0.26151740 -2.81523199 9.31711708 130 99 68
0.08741985 1.23343912 10.53449967 145 114 84
0.19236714 -1.24969665 8.51066004 61 35 9
0.12337194 0.86483886 10.18582146 55 29 4
0.22341201 -0.09189927 9.82204324 53 28 1
0.33922202 -1.91824994 8.66160518 114 78 36
0.25967808 0.15876868 9.87472819 58 34 6
0.25967808 0.15876868 9.87472819 58 34 6
0.48050197 -3.05214593 10.04726308 140 102 60
0.22569737 0.96057675 10.17181115 79 49 10
0.54872995 -2.78929808 9.51415843 154 116 71
0.38890131 1.61965777 11.74332615 24 10 1
0.37881188 0.59386395 10.06819148 55 31 0
0.57900547 -2.26211821 9.11722230 76 47 15
0.43255477 1.03200070 10.32516698 131 98 70
0.49718497 -0.57676551 9.00417257 125 98 69
0.47081053 2.36001583 10.72313864 67 50 41
0.70995717 -2.10216338 9.35746603 98 59 21
0.69328720 -1.55027361 9.19161223 76 47 17
0.69328720 -1.55027361 9.19161223 76 47 17
0.86683867 -2.29118268 9.68510402 166 140 109
0.83463999 -1.08697644 9.59501315 74 44 8
0.89323560 -1.34477568 9.55353895 125 92 57
0.81204488 1.25214299 10.71427790 89 60 28
0.95311184 -0.97249814 9.67804806 147 118 82
0.92776480 1.48898659 11.04791608 55 25 1
1.01315203 -0.14674603 10.34557216 161 127 89
1.05463899 0.24452136 10.37342993 104 69 32
1.07383861 0.40833242 10.46339730 80 52 16
1.10904103 0.92869184 10.73193973 61 34 3
1.12004483 0.84917965 10.57278624 99 66 22
1.07973662 1.99628271 10.95560103 165 130 90
1.16334613 1.36756020 10.77769930 151 122 80
1.20831724 1.73774133 11.04444008 136 105 66
1.21532663 2.14545729 10.99627573 86 53 18
1.42646304 1.23828732 10.88747897 93 63 25
1.42646304 1.23828732 10.88747897 93 63 25
1.48422126 1.47573010 11.19131291 70 41 10
1.55999009 0.51788257 10.86041134 76 48 11
1.47660233 1.87621413 11.14748242 114 80 41
1.65905263 0.61423756 10.86840283 192 159 118
2.14721726 -0.88438793 12.13318371 111 77 39
2.06468683 -0.53298553 11.84911239 152 118 81
2.21559021 -1.02079337 12.26868505 118 83 43
2.11713322 -0.48862870 11.77217609 119 87 49
2.21029800 -0.63172804 12.01247077 83 51 13
2.04604469 0.93144453 11.68694557 82 53 23
2.08686284 0.40185719 11.50083146 164 134 96
2.12985467 1.19536692 12.12663628 104 72 32
2.21942686 1.12509700 12.22149988 143 114 80
2.33294869 0.33484919 11.81240196 151 123 84
2.38142984 0.10399000 11.68597761 148 114 71
2.51667192 0.77974480 12.27162873 79 48 16
3.29064846 -1.40444328 13.05300769 159 129 90
3.50729593 1.12577215 15.42708665 157 161 188
2.94402492 0.08036077 12.28918457 141 111 76
2.90272668 0.60784188 12.44542810 150 120 85
2.99334507 0.91840846 12.76210408 98 70 29
3.40256726 -0.96784948 12.91080280 86 57 18
3.13470063 0.18727853 12.50132496 166 137 101
3.82303929 -1.80664067 13.65423116 108 74 36
3.56572945 -0.30916413 12.81447835 159 125 83
3.84454285 0.82393388 14.20266010 186 186 205
3.82223103 -0.77225248 13.10932860 155 121 83
3.84004396 0.80528913 13.93824290 62 39 29
3.88077492 1.32588997 13.74305245 156 121 91
3.88077492 1.32588997 13.74305245 156 121 91
4.36564782 1.02054823 13.66236693 122 84 48
4.65290735 0.09804742 13.85540353 155 120 82
4.65945701 0.09718742 13.86703515 155 120 82
4.52004336 0.94792274 13.79991212 147 113 75
4.70996464 0.94843368 13.84940023 151 115 79
4.61236422 1.25260223 13.72348207 155 120 84
4.89904737 1.05157640 14.08260347 145 117 89
-2.68390052 -2.39090148 8.98796614 79 84 85
-2.58102570 -2.10928395 8.73304186 1 6 0
-2.24639768 -1.60120769 7.61081196 79 84 85
-2.46494401 -1.76171483 8.80582257 130 114 93
-2.36099476 -2.03589355 8.57701765 1 1 0
-2.36099476 -2.03589355 8.57701765 1 1 0
-2.37048576 -1.72850456 8.67168006 4 4 0
-2.32335669 -1.67577076 8.65042525 26 9 1
-2.29655134 -1.54431151 8.74572928 143 123 96
-2.21814683 -1.60683502 8.57289589 58 35 2
-2.16577427 -1.81659482 8.40962325 12 3 0
-2.15966040 -2.26702894 8.46154725 158 128 89
-2.15826273 -1.62663247 8.58949029 47 24 1
-2.07384867 -1.62908530 8.38776615 78 51 6
-2.06501658 -2.07696932 8.35561404 90 61 21
-2.12484395 -1.39898352 8.79887331 64 37 1
-2.09168321 -2.35479066 8.57100636 154 122 83
-2.04266977 -1.56129687 8.49922698 70 46 9
-2.04266977 -1.56129687 8.49922698 70 46 9
-2.00825260 -1.70475507 8.43411010 143 116 85
-2.01996654 -1.46246731 8.53599229 131 105 75
-2.01953839 -2.23436991 8.45450169 116 79 37
-1.99852249 -1.50943851 8.53514423 59 34 0
-1.97295623 -1.75336288 8.39696135 185 156 125
-2.00566869 -1.44394195 8.62772591 85 60 25
-2.00566869 -1.44394195 8.62772591 85 60 25
-1.90435847 -2.28715641 8.49287296 115 76 38
-1.95284602 -2.62008908 8.79421374 152 119 83
-1.77448215 -2.41330967 8.63200494 162 129 86
-1.77448215 -2.41330967 8.63200494 162 129 86
-1.76085212 -1.14975099 8.81506243 59 29 2
-1.67142444 -1.67304016 8.48624635 166 134 92
-1.70991618 -1.16306647 8.80963249 52 28 0
-1.64130958 -2.35915646 8.63378183 112 78 32
-1.45474026 -1.20312863 8.73713838 50 31 4
-1.38675010 -1.04121197 8.78150090 136 111 80
-1.33120917 -1.57434282 8.65894251 60 37 4
-1.38706854 -0.90793852 9.14671963 130 109 78
-1.30469105 -1.81870748 8.59651915 92 58 20
-1.27381133 -1.37865388 8.65609608 169 144 113
-1.26546800 -1.11206017 8.83757664 140 115 85
-1.27929301 -0.88871349 9.17024153 59 33 2
-1.19236954 -2.45629020 8.83892529 107 70 33
-1.17264595 -2.31134588 8.78027089 156 122 77
-1.02196148 -1.99617433 8.72946291 151 119 75
-1.00805354 -1.68000240 8.74810615 148 118 77
-0.96582356 -1.68609119 8.74522865 161 131 90
-0.95354212 -1.54268716 8.70693688 72 38 3
-0.96113610 -1.23332762 8.83040147 82 58 16
-0.92175401 -1.87554754 8.67836285 77 45 8
-0.90509804 -1.71661689 8.77805663 149 120 80
-0.95931278 -0.84880208 9.36654903 72 46 4
-0.85018335 -0.87705921 9.42414385 56 30 0
-0.81696593 -1.01594144 9.13571385 128 104 69
-0.75566858 -1.64233189 8.79817251 78 47 21
-0.72772705 -1.94803422 8.76710450 80 49 3
-0.86262636 -0.53015728 10.15070007 91 71 48
-0.76472720 -1.03249697 9.13694301 130 106 75
-0.71922659 -1.69103419 8.79301500 88 55 9
-0.76619219 -0.76784770 9.54725295 138 115 84
-0.81948645 -0.26548823 10.24719615 72 46 19
-0.83377767 0.38329732 10.44077605 90 64 37
-0.77502431 -0.59222591 10.09620931 87 63 29
-0.63973768 -1.80041906 8.82016691 159 124 84
-0.73976403 -0.30431564 10.15357402 67 41 14
-0.70312833 -0.76337688 9.90722698 48 21 0
-0.70232505 0.00629106 10.16128114 128 104 75
-0.46547990 -1.88154713 8.88098986 153 119 81
-0.43379967 -2.49050213 8.99885767 105 67 28
-0.43379967 -2.49050213 8.99885767 105 67 28
-0.48619458 -0.76483527 9.52729812 134 110 79
-0.40692972 -2.13914752 8.97845029 10 11 6
-0.40685897 -1.54562934 8.93512423 144 111 80
-0.48541673 -0.15505256 9.83320572 117 90 64
-0.35795094 -2.84187890 9.18613678 121 87 47
-0.35795094 -2.84187890 9.18613678 121 87 47
-0.40749217 -1.08378257 9.20942473 52 28 2
-0.35449401 -1.40336133 8.96320733 67 42 9
-0.31891439 -2.35741446 9.07533074 57 33 1
-0.32159825 -1.47584766 8.98392377 64 42 5
-0.33671648 -1.12381045 9.07061961 75 50 9
-0.32749257 -1.18564933 9.05421906 156 134 94
-0.32115285 -1.23261785 9.05099440 160 132 96
-0.37723616 0.43482454 9.95122344 136 106 79
-0.18385297 -2.85866946 9.25400582 167 133 96
-0.29902496 0.66221967 10.23289597 83 53 20
-0.12294241 -3.02160680 9.39095521 150 120 85
-0.18077308 -1.46456728 9.06326087 97 76 45
-0.12335440 -2.88169679 9.27895720 86 53 9
-0.12588759 -2.08858193 9.09868994 156 125 87
-0.21807278 0.50370446 9.99102482 129 98 69
-0.18311581 0.02638149 9.79907965 73 44 11
-0.14098885 -0.69220222 9.66612805 29 10 0
-0.17844744 0.13266580 9.77064648 67 38 6
-0.05860239 -0.70855604 9.66146495 22 6 0
0.01669257 -1.49899173 9.15348455 21 10 2
0.08895905 -2.51597142 9.26217156 151 118 85
-0.03885633 0.64049449 9.98605007 125 101 65
0.04830918 -0.74323724 9.70416019 21 6 0
0.04830918 -0.74323724 9.70416019 21 6 0
0.09012155 -1.23371952 9.28762748 40 28 7
0.12010173 -0.91311917 9.58111092 61 37 2
0.23593375 -2.84073586 9.38338891 89 61 29
0.17979230 -1.88701758 8.99730823 31 18 0
0.07919387 0.35421771 9.93975793 59 32 3
0.23608944 -2.39227047 9.32633641 56 29 1
0.20545646 -1.60503579 8.63693860 116 87 51
0.11166506 0.51315735 9.85608144 63 38 10
0.29369166 -2.33345817 9.14792937 94 65 33
0.11170941 1.16348572 10.45616082 88 59 21
0.30276728 -2.38075531 9.14363905 76 47 11
0.26705269 -1.47749404 8.65081390 148 115 77
0.20413008 0.22404753 9.82594772 125 99 70
0.39113023 -2.72417198 9.29139254 47 27 0
0.19767647 1.00803420 10.33144859 98 68 34
0.39823338 -2.61431593 9.21371572 144 109 74
0.21663560 1.02650443 10.35689864 138 108 72
0.23667336 0.62036604 9.97150395 61 37 3
0.29245810 -0.76500938 8.70872271 100 78 36
0.36081610 -1.81016591 8.68086444 116 86 47
0.30117737 -0.89929674 8.57531009 164 135 103
0.32576751 -1.25884426 8.58912733 80 54 19
0.25253799 0.84994523 10.27306619 64 34 0
0.30675638 -0.60483342 8.76787725 125 96 63
0.32524754 -0.93131657 8.57957994 98 69 34
0.48736893 -2.71493948 9.24666037 178 136 92
0.33659328 -0.79502298 8.66906815 41 24 2
0.33659328 -0.79502298 8.66906815 41 24 2
0.52607927 -2.77879476 9.35030601 119 80 39
0.36461940 -0.54074056 9.29942508 110 79 44
0.36649607 -0.47187821 9.09470439 83 50 14
0.39628067 -1.01225643 8.71561563 89 58 25
0.39628067 -1.01225643 8.71561563 89 58 25
0.38692069 -0.87231362 8.61066939 136 112 80
0.47387261 -1.73020068 8.90509570 143 111 72
0.45518816 -1.41032048 8.77833054 78 53 8
0.43936949 -0.96252715 8.76143435 61 38 1
0.43936949 -0.96252715 8.76143435 61 38 1
0.48522451 -1.50333415 8.87161181 68 42 7
0.43291626 -0.42649063 9.24356604 135 111 77
0.43291626 -0.42649063 9.24356604 135 111 77
0.47859812 -1.05313172 8.82663217 70 38 2
0.47859812 -1.05313172 8.82663217 70 38 2
0.48326727 -0.64269096 8.99957823 125 101 65
0.52232308 -1.28468338 8.80855344 175 146 114
0.60750152 -1.16058928 9.09969979 148 120 83
0.60750152 -1.16058928 9.09969979 148 120 83
0.62497741 -1.00060153 9.08933480 71 51 14
0.70969834 -1.65873731 9.52586819 72 51 11
0.70969834 -1.65873731 9.52586819 72 51 11
0.65462083 -0.86478816 9.06703646 103 77 40
0.65462083 -0.86478816 9.06703646 103 77 40
0.67035669 -0.37153713 9.70174851 102 77 47
0.64548586 0.38985936 10.00792308 81 44 2
0.80716151 -2.01872138 9.43808377 176 147 115
0.84183486 -2.13208707 9.57100815 161 133 104
0.75840716 -1.18406178 9.36332774 151 122 90
0.79129027 -0.93846026 9.72890587 148 118 80
0.83028926 -1.50655226 9.59120342 82 53 1
0.77594795 -1.08253210 9.33308642 172 146 112
0.77984811 -0.95614297 9.39494700 66 40 2
0.82889378 -1.06335670 9.54065356 63 38 1
0.86996993 0.75286193 10.36477226 75 46 10
0.97619012 -0.93757697 9.77270370 91 68 22
0.99235129 -0.99363849 9.79031120 79 53 17
0.99235129 -0.99363849 9.79031120 79 53 17
0.89756026 0.75941146 10.29436341 70 40 2
1.11700755 0.13286573 10.43681126 149 111 74
1.12164168 0.38052394 10.49579166 84 54 16
1.16318856 0.07770181 10.45471808 77 50 17
1.29975418 0.37943561 10.49992600 178 139 111
-17.68836901 -4.71427519 23.45559376 119 115 103
-20.59653117 -3.88231713 29.36028556 152 155 137
-2.23568899 -2.30995160 8.46920156 145 109 69
-2.01152249 -2.05744098 8.36166735 93 62 23
-2.01152249 -2.05744098 8.36166735 93 62 23
-1.94348537 -2.23818771 8.43012481 94 58 17
-1.89144681 -2.03958366 8.44434368 126 98 60
-1.84514669 -2.03971623 8.53371879 52 36 3
-1.82594111 -1.83898786 8.42078831 173 143 105
-1.74090436 -2.14604184 8.48572280 137 104 62
-1.49215895 -2.40902369 8.62169174 159 120 76
-1.43784635 -2.24192355 8.63570702 66 38 0
-1.42734261 -2.34001777 8.66000632 97 63 18
-1.40893673 -2.28622551 8.61501647 155 122 76
-1.37909104 -2.12370160 8.55648022 97 59 14
-1.37909104 -2.12370160 8.55648022 97 59 14
-1.37688922 -2.46349171 8.69982115 115 81 29
-1.37688922 -2.46349171 8.69982115 115 81 29
-1.33416975 -2.10866444 8.56167666 89 54 13
-1.33416975 -2.10866444 8.56167666 89 54 13
-1.33062204 -2.28851259 8.69477189 84 53 7
-1.02675750 -1.61023786 8.72751259 75 45 7
-0.99574298 -0.03268858 10.81718175 177 171 163
-0.66967054 -1.81107808 8.88384828 138 104 64
-0.62703321 -1.64871078 8.83361396 161 131 98
-0.58397975 -1.42074615 8.93459652 109 79 45
-0.54489458 -2.54506640 9.14546275 55 27 0
-0.28060676 -2.46704095 9.00266326 98 74 38
-0.19020956 0.17591091 9.87807523 79 53 21
-0.19020956 0.17591091 9.87807523 79 53 21
-0.13380127 0.13863321 9.92230053 58 35 1
-0.02896689 -1.92327296 9.06998370 64 37 2
0.07002966 -1.73023515 9.17523559 160 126 94
0.07450269 -0.37123094 9.79813016 45 20 0
0.06448344 0.39571167 11.25290627 46 25 1
0.10041545 -1.53329533 9.28751127 70 48 28
0.31425666 -1.12898462 8.61335229 80 52 13
0.33116772 -0.96831312 8.59328799 103 70 34
0.33116772 -0.96831312 8.59328799 103 70 34
0.33116772 -0.96831312 8.59328799 103 70 34
0.53437886 -2.36011928 8.99102159 165 131 85
0.92855910 2.35574554 10.84719165 161 127 87
1.12807538 0.49530740 10.40335403 180 146 108
1.12807538 0.49530740 10.40335403 180 146 108
1.31164021 1.94465913 11.04631007 131 99 61
1.84343695 0.03096921 11.22224969 146 118 81
2.07964800 -0.71926300 11.96975753 96 53 10
2.43876763 -0.22910665 11.95447531 107 73 36
2.92622260 0.22038535 12.36747370 157 123 85
3.88036753 1.58797405 13.93186749 107 80 51
3.90058881 1.81560981 13.65379796 184 166 156
4.42905489 0.92156687 13.84301127 155 116 78
4.54391965 1.76606082 13.76610995 177 155 134
4.62803516 1.73024307 13.81052836 170 148 137
17.51571464 -3.64095421 23.02226735 55 57 57
17.53332641 -3.38376604 23.01185428 146 166 201
17.51742708 -3.56808471 22.91074377 154 177 211
-18.30886549 -4.80884042 24.13757240 138 135 121
-18.96631211 -4.67784454 25.01708783 161 158 153
-20.24464472 -3.21703865 28.61771983 55 59 39
-21.16257336 -3.89766843 30.68965880 143 145 131
-2.39066714 -2.36810026 8.55322091 125 96 65
-2.10471994 -1.96904224 8.35717247 87 65 35
-2.08409076 -1.93027627 8.37405484 76 52 14
-2.09766413 -1.77775453 8.42167381 76 49 18
-2.14951219 -1.58215668 8.58562594 88 65 34
-2.08817573 -1.87244636 8.42892939 76 50 17
-2.06267775 -2.01458518 8.39640423 156 132 98
-2.05237335 -2.08642882 8.38494915 85 58 17
-2.07430381 -2.35874006 8.57083148 82 48 9
-2.11092548 -1.44341055 8.69829841 130 105 77
-2.04508171 -2.37560194 8.59966635 71 38 1
-1.99505791 -2.16840755 8.39646732 172 137 99
-2.00367377 -2.24107128 8.43755367 149 114 74
-1.98871234 -2.09434840 8.38130908 155 122 80
-1.98871234 -2.09434840 8.38130908 155 122 80
-1.98356212 -2.11637180 8.39865497 100 64 14
-1.98356212 -2.11637180 8.39865497 100 64 14
-1.94530386 -1.92685014 8.42787323 141 110 73
-1.91447657 -1.52657462 8.55229217 150 126 91
-1.88436027 -1.55610533 8.52410509 80 55 16
-1.84450744 -2.25771057 8.49346650 98 64 16
-1.84234926 -1.54048931 8.53716842 152 123 90
-1.74930080 -1.90560974 8.44491313 94 61 17
-1.68693591 -1.69941286 8.52779700 145 114 80
-1.65772388 -1.72896116 8.55871461 137 104 66
-1.62240744 -1.98379360 8.48324486 92 57 16
-1.63682037 -1.65185838 8.52589051 169 137 98
-1.60155557 -2.36085242 8.57228177 95 57 17
-1.61223825 -1.63272193 8.52356135 84 50 13
-1.64682292 -1.42558514 8.65558010 56 34 2
-1.58785738 -1.92594970 8.46119898 147 115 74
-1.58925724 -2.00572343 8.50271415 90 53 4
-1.60221206 -1.60786166 8.51728469 165 136 98
-1.57085662 -1.40313026 8.65325414 83 57 21
-1.58596263 -1.25927150 8.75900623 112 83 53
-1.49561445 -1.96717059 8.48364913 84 53 12
-1.50617108 -1.70015427 8.54702374 75 47 9
-1.46509113 -2.21223703 8.65434364 138 101 49
-1.44381146 -1.69032659 8.56826031 83 55 16
-1.36046001 -1.80180094 8.58852257 92 55 11
-1.34652799 -1.40826760 8.67012247 75 47 13
-1.26504528 -2.15129243 8.58237572 155 120 81
-1.23606302 -2.35912866 8.75503950 154 119 80
-1.21291096 -1.82959007 8.61084993 167 137 91
-1.18302603 -1.29385700 8.85519528 47 25 0
-1.13565003 -2.12474077 8.64092712 135 105 66
-1.13571206 -2.45248800 8.84414622 106 72 24
-1.11243934 -1.92218012 8.66350871 106 72 33
-1.18799758 -0.90922144 9.22642766 103 78 45
-1.07380682 -2.18285277 8.66010627 90 56 10
-1.03836465 -1.89875941 8.66001731 95 62 17
-1.01750285 -1.83285698 8.67279728 146 115 77
-0.99773188 -1.83106201 8.73098265 67 39 2
-1.02456694 -1.37546570 8.87776654 52 31 0
-0.99222039 -2.49324678 8.89885169 158 124 79
-0.96884762 -1.90143590 8.67502623 148 116 74
-0.97857030 -1.69764828 8.77961700 134 101 58
-0.92654384 -1.32598878 8.88779041 88 59 30
-0.89680326 -1.62059838 8.77360510 75 50 5
-0.77638829 -1.65329673 8.79115138 183 153 122
-0.99265508 -0.30717788 10.92411075 174 169 161
-0.99265508 -0.30717788 10.92411075 174 169 161
-0.93948300 -0.41433001 10.65179226 80 59 34
-0.72462201 -2.16220414 8.91860847 42 19 3
-0.71685735 -1.57304253 8.84250900 98 70 40
-0.70055588 -1.92638418 8.79598880 73 45 5
-0.70055588 -1.92638418 8.79598880 73 45 5
-0.70928943 -0.54454700 8.83895402 90 65 38
-0.67953240 -1.66111289 8.81134234 158 128 94
-0.67327678 -1.41147878 8.91476429 73 48 11
-0.63778860 -1.36979448 8.92516946 87 58 25
-0.76658112 -0.08715283 10.29870120 66 43 11
-0.61369058 -2.07983858 8.94717494 166 135 97
-0.59256844 -2.09174797 8.92392551 15 10 1
-0.58614579 -2.59453578 9.07938140 139 104 63
-0.57001686 -2.51104066 9.04522569 158 124 80
-0.90117743 1.21044299 12.63267217 173 168 163
-0.54687360 -1.52129091 8.90119394 143 113 79
-0.53556144 -2.06578996 8.94752682 17 13 5
-0.51205410 -2.36429258 8.99330581 125 98 69
-0.51616211 -2.75297060 9.12719309 150 112 73
-0.49646687 -2.06481440 8.92880432 19 15 7
-0.49649352 -2.52959208 9.05313810 150 116 76
-0.49046994 -2.44186026 9.00070996 81 51 13
-0.48259033 -2.47540889 9.01710377 155 123 82
-0.47961229 -2.23021431 8.98855406 5 6 3
-0.46613635 -1.75669577 8.88028040 61 37 3
-0.46006266 -1.79037985 8.88111013 144 115 75
-0.43823494 -2.91180673 9.24294673 103 66 21
-0.43823494 -2.91180673 9.24294673 103 66 21
-0.42257828 -1.92536128 8.91923691 138 104 59
-0.40479129 -2.03061448 8.96174989 136 107 74
-0.41070284 -1.20650996 9.16298298 94 69 39
-0.38201584 -2.52068319 8.98349689 151 116 77
-0.35636541 -2.77121006 9.14254463 158 124 79
-0.38602903 -0.96929902 9.42894318 122 95 65
-0.30946667 -2.78352258 9.12828964 152 119 74
-0.25658524 -2.22873229 8.95273636 149 116 78
-0.20790683 -1.68293833 9.04397253 147 113 75
-0.20790683 -1.68293833 9.04397253 147 113 75
-0.19247240 -2.56638038 9.01563392 158 124 87
-0.19247240 -2.56638038 9.01563392 158 124 87
-0.19693361 -2.32000003 9.03189924 139 104 66
-0.17403781 -2.53359030 8.99235157 152 117 86
-0.17403781 -2.53359030 8.99235157 152 117 86
-0.23415976 0.45646177 10.00437519 115 91 61
-0.18999069 -0.33458034 9.83170618 124 99 69
-0.17006327 -0.98124204 9.46060011 68 44 18
-0.17751309 0.28496608 9.92539283 69 44 9
-0.12178192 -2.77898044 9.22462610 162 120 67
-0.15744256 0.10362086 9.88733126 117 92 61
-0.14687030 -0.38151278 9.80378928 52 28 0
-0.10942612 -0.61435281 9.77954596 84 59 28
-0.10942612 -0.61435281 9.77954596 84 59 28
-0.10250551 -0.86018031 9.61149425 117 94 61
-0.06235995 -2.62972876 9.09308557 109 71 35
-0.06659667 -1.93881951 9.05718333 122 94 58
-0.06821237 0.12490530 9.88189887 56 32 4
-0.08706199 -0.34381382 9.94791533 69 43 16
-0.07251849 0.65545878 10.00772202 123 98 67
-0.03147469 -1.75477535 9.12418303 128 98 63
-0.01084033 -2.27790621 9.03294918 64 38 3
0.02889754 -2.71776897 9.15112681 109 72 29
0.02889754 -2.71776897 9.15112681 109 72 29
0.04648175 -0.72119957 9.82444692 81 61 38
0.07028797 -2.85337738 9.29740702 87 53 7
0.06393597 -1.75232577 9.13677299 103 70 33
0.06780408 -1.26277676 9.37598468 28 16 5
0.08533136 -0.89953027 9.70665029 102 79 50
0.08464970 0.34271709 9.93873080 50 30 3
0.09342480 0.61954554 10.04579131 46 23 0
0.11661320 -2.06442612 9.13247577 89 57 19
0.10577299 -0.37050446 9.80721806 101 77 46
0.14796512 -2.89093811 9.35340161 102 67 13
0.12983737 1.00130505 10.21183993 140 109 78
0.15618848 -2.70815023 9.18401285 89 55 17
0.14641120 2.49570817 10.44459876 185 172 156
0.20621105 -1.30163023 8.50614554 152 124 89
0.22139271 -2.06885933 9.18030432 135 106 78
0.23649148 -2.09262199 9.18282856 70 40 6
0.23684147 0.73295773 10.03982303 124 95 65
0.26488713 -1.14973784 8.55536101 122 97 65
0.29216625 -2.78644908 9.32607779 101 73 46
0.28290334 -0.91661687 8.55048314 162 136 103
0.29285461 -1.04061915 8.58283897 147 120 81
0.29549445 -0.84146645 8.62846346 143 121 84
0.35431604 -1.16424574 8.55690424 92 64 21
0.35915717 -0.67687567 8.74323083 87 61 24
0.36359117 -1.30492341 8.49582508 167 140 110
0.36703051 -0.95797223 8.57467846 176 150 116
0.40754067 -2.60397541 9.10366668 141 106 68
0.42856357 0.43790761 9.97470059 76 50 12
0.40803202 -0.85708971 8.73616824 77 52 27
0.40700413 -1.44969482 8.57962054 96 67 24
0.45369899 0.31282933 10.04189082 48 24 0
0.49732753 0.00154593 9.97208527 43 27 1
0.52855150 -0.58213409 9.59242886 87 62 31
0.54548410 -0.53302323 10.87759888 87 62 31
0.48985729 -2.18474633 8.85469818 158 126 87
0.48734181 -1.48132226 8.70418216 89 62 17
0.60534375 2.01115878 10.98153322 86 56 21
0.64133489 1.90294828 11.08572967 62 36 5
0.55282904 -1.05717362 8.98604595 172 141 111
0.65948207 2.44579829 11.03709338 38 22 4
0.61495240 -1.54965840 8.96997319 164 136 96
0.72431520 2.41414670 11.05227895 150 118 85
0.61984946 -1.57623812 9.00683706 94 63 28
0.72671229 2.21679334 10.94676412 144 108 71
0.70427231 -0.04655698 10.14286961 49 32 1
0.65614863 -2.15653474 9.11350599 105 73 28
0.74888587 0.36115814 10.18339133 107 77 44
0.79639598 2.08467877 10.94588641 91 59 22
0.76918026 0.99215757 10.44935751 70 45 18
0.75502230 0.39434584 10.14057560 172 143 108
0.72312537 -1.62883534 9.11547372 106 79 42
0.87257882 2.32377807 10.88503016 95 59 24
0.76151057 -1.02298444 9.29867738 145 119 84
0.88596750 1.15501099 10.67453764 127 96 64
0.79761659 -1.09028869 9.38922209 145 117 78
0.80744332 -1.14179925 9.41132253 98 68 30
0.89357636 1.06972474 10.58389746 120 94 57
0.92640120 1.16843723 10.71505593 131 100 71
0.86855373 -0.99285907 9.60916682 151 119 81
0.98988950 1.63556481 11.04668481 99 73 43
0.92390645 0.31846155 10.23605942 177 147 114
1.00679291 0.64084816 10.44042613 131 104 65
1.11107609 2.41938282 11.00819917 150 118 88
1.15690935 2.46988424 11.09107336 89 59 33
1.15250353 2.02455659 11.01952401 152 115 75
1.14693448 0.79637746 10.58312205 125 92 59
1.14693448 0.79637746 10.58312205 125 92 59
1.16694497 0.91750345 10.70779108 72 46 14
1.18150724 1.33522667 10.78249997 134 102 67
1.20868594 0.59461218 10.54986223 125 96 66
1.21413908 0.49417671 10.51741678 108 74 36
1.31198373 1.76494758 11.09064350 140 105 67
1.35524522 2.07615456 11.16169596 145 113 74
1.36401405 1.73485174 11.15530582 58 34 3
1.36337945 2.20405881 11.07697119 152 122 88
1.38317420 -0.38577469 10.96698139 86 55 15
1.49724473 -0.99181741 11.80788371 93 59 13
1.39387295 0.51387715 10.66832022 136 104 69
1.45476838 0.76038965 10.78999723 147 115 78
1.45564910 0.56063652 10.77752104 63 39 4
1.53779578 1.81164519 11.28053936 160 134 103
1.61594049 -1.12483852 12.09382261 121 89 47
1.49916529 0.76820008 10.80594386 157 128 98
1.54187185 0.76389578 10.87932422 140 111 74
1.54752211 0.71297527 10.82629992 145 113 75
1.55838426 0.69707103 10.84754027 175 141 106
1.65249866 1.55965491 11.23601768 151 122 94
1.63238497 0.93912000 10.95746729 120 88 47
1.68244368 0.97534581 11.02550023 156 123 92
1.76047029 1.00762928 11.09344651 92 66 32
1.88567373 -0.83148616 12.02703740 99 69 26
1.94213629 -0.82664134 12.06207539 84 54 14
1.90095206 0.95698403 11.27689479 97 72 38
2.01782702 -0.85522480 12.13315927 104 71 28
1.99765719 -0.35533184 11.72181498 96 63 17
1.95134338 -0.11988879 11.40382596 154 120 82
1.95134338 -0.11988879 11.40382596 154 120 82
1.97767667 0.59381360 11.28828403 160 132 92
2.18508211 -1.14293100 12.54694330 97 63 17
2.19187592 -0.27278550 11.83681909 149 111 70
2.20509594 -0.37359708 11.83570043 131 98 53
2.26897295 -0.46192105 11.91229022 169 134 92
2.29686200 0.01673803 11.79546399 153 119 81
2.33310720 -0.53945907 12.01616512 161 131 87
2.48451315 -0.93508731 12.54763916 94 62 23
2.47587374 0.71329762 12.09619170 152 123 89
2.54635969 -0.67671832 12.29965821 92 60 19
2.57392098 -0.39287411 12.13875587 82 55 14
2.74591836 -1.29008010 12.97245033 106 70 19
2.64278002 -0.60146548 12.27967252 154 125 83
2.64278002 -0.60146548 12.27967252 154 125 83
2.92395293 -1.08331063 12.78251165 100 66 19
2.95535107 -0.52597511 12.52894083 145 111 71
2.96087612 -0.48759797 12.46542000 94 63 16
3.03275575 -0.50901199 12.53834966 99 64 19
3.11900063 -0.53565334 12.59352971 99 65 27
3.23150298 -0.22301582 12.64513448 75 47 1
3.28590217 -0.91785825 12.84692854 91 61 17
3.39411107 -0.96656614 12.89105140 96 62 17
3.61450344 0.67082796 13.28122494 110 82 45
3.51754230 -0.70258878 12.77443565 85 51 13
3.78868522 -0.44724895 13.00715830 79 52 7
3.78868522 -0.44724895 13.00715830 79 52 7
3.99314970 0.49680130 13.59350634 146 120 90
4.13925516 1.06345430 13.79226058 111 74 37
4.19828277 1.67114466 13.81073709 141 108 74
4.19910544 0.61472225 13.71550023 146 114 78
4.19910544 0.61472225 13.71550023 146 114 78
4.17436094 -0.20093039 13.41707995 147 115 77
4.23676443 -1.74832566 13.70755483 118 86 46
4.39575209 -0.31842668 13.55180392 151 120 82
4.66719902 -1.51726814 14.16271019 172 166 144
4.64024426 0.58903450 13.86018098 135 105 73
4.55959069 -0.36510205 13.59860783 144 116 80
10.44950321 -7.25347856 26.42392284 124 130 129
15.43421931 -8.12388425 28.07490549 122 123 92
15.91066387 -6.49513287 27.84073838 107 106 78
15.91066387 -6.49513287 27.84073838 107 106 78
17.41553610 -3.59830373 23.02907951 149 167 197
-2.08107424 -2.14200952 8.38520480 80 52 9
-1.41620059 -2.25439458 8.65510305 75 42 5
-0.80406615 -0.61989394 9.12179359 158 159 130
-0.49158717 -2.61103643 9.09502924 67 39 5
-0.10445084 -1.65321255 9.09215002 74 45 3
-0.00210520 -2.17479028 9.14445684 58 33 3
0.12393689 -1.06617049 9.49620202 42 25 9
0.33400741 -0.76825150 8.71736708 72 45 16
0.32119738 -0.59531781 8.83488407 63 33 2
0.38609201 -0.97227629 8.58370606 90 57 22
0.38609201 -0.97227629 8.58370606 90 57 22
3.89572348 0.52090468 13.52303684 150 122 79
3.94526135 1.61609987 13.86053735 124 92 54
6.37726854 1.67923378 18.42039863 131 105 79
-0.69025806 -1.44460265 8.91186653 117 89 55
-0.94183038 0.42429478 11.12749214 174 168 155
-0.51597137 -2.30868598 9.01062333 7 8 3
-0.97393320 -0.19855987 10.87626674 108 87 63
3.56321558 0.25981105 12.97891882 68 43 2
3.81661612 0.30142078 13.20575414 132 105 78
-2.21141576 -1.41350306 8.65423374 149 153 116
-1.18561175 -2.35178905 8.77367357 70 39 5
-1.00948803 -1.99635439 8.74511480 126 87 43
-0.49774024 -2.28387550 9.01406594 55 51 45
-0.44855697 -2.58818992 9.08914281 136 99 57
-0.29998286 -1.97976535 9.04106549 148 110 63
-0.10552687 -2.06233861 9.08759821 152 117 73
0.11546156 -2.32917541 9.17046687 124 94 61
0.28397917 -2.31798120 9.35638360 18 4 1
1.04937686 -0.07617067 10.26346549 114 81 35
-2.47497282 -1.81464193 8.59276025 153 154 122
-1.98755149 -1.66059287 8.56978990 40 22 2
-1.64598250 -2.23050389 8.54221424 103 68 26
-1.64086710 -1.65214816 8.53109584 169 137 98
-1.58693306 -1.60531195 8.54859486 79 52 16
-1.59562895 -2.55434985 8.79798108 153 115 69
-1.50211446 -1.97114997 8.51832515 84 53 12
-1.50587480 -1.66754180 8.55758752 162 132 94
-1.52256630 -1.38588019 8.67291924 74 45 13
-1.46325154 -2.21155485 8.64919341 138 101 49
-1.42449303 -2.33892390 8.66895471 93 60 15
-1.11376061 -2.22286696 8.69052833 108 72 23
-1.11473790 -1.85106905 8.65919014 159 127 83
-1.11473790 -1.85106905 8.65919014 159 127 83
-1.05860633 -2.21856079 8.68325850 149 113 68
-0.95642049 -1.53771967 8.78149847 143 117 90
-0.90935477 -1.92043317 8.72972052 145 114 72
-0.80264466 -1.34894580 8.94629458 136 107 73
-0.66805741 -1.27000563 9.04496954 41 23 0
-0.36297771 -2.48897500 8.97215937 86 52 14
-0.32728514 -1.73728750 8.95333660 81 56 29
-0.32728514 -1.73728750 8.95333660 81 56 29
-0.22430229 -0.95966879 9.47279774 59 35 6
-0.22430229 -0.95966879 9.47279774 59 35 6
-0.20325465 -1.23008344 9.22371395 100 76 44
-0.06298653 -2.62703678 9.07775789 109 71 35
-0.06654570 -1.99585175 9.02893856 146 112 68
-0.00448477 -2.30653537 9.03690112 115 85 52
0.00187212 -2.09159367 9.10653513 141 106 65
0.03753062 -1.28609361 9.35631668 6 1 1
0.07654516 -1.90469396 9.14600709 83 61 37
0.18224312 -2.25405819 9.24969089 45 26 0
0.18063286 -0.82813284 8.61934935 91 70 42
0.20961385 -1.32865861 8.52597567 62 39 2
0.25463411 -0.91950703 8.53944632 174 149 116
0.26606860 -1.51905212 8.56162049 155 119 67
0.27443632 -0.47647605 8.98094000 137 113 87
0.27443632 -0.47647605 8.98094000 137 113 87
0.30238423 -0.46582596 8.97430877 62 38 10
0.30238423 -0.46582596 8.97430877 62 38 10
0.36837093 -2.32139229 10.15471800 144 112 67
0.37441697 -1.70579155 8.63206363 77 49 0
0.41016388 -2.58765877 9.22150524 142 108 70
0.58988322 0.16511322 9.99365433 139 112 83
0.79241694 2.34624062 10.87953820 127 94 59
0.76875059 0.26976068 10.16023654 154 124 93
1.16229999 1.14585130 10.74879158 71 47 1
1.17605459 0.50659482 10.46713490 170 141 105
1.27702562 0.80853816 10.64329643 165 134 96
1.68761664 0.91359590 10.99002350 160 127 87
1.70270121 0.50795804 10.97147228 146 113 71
2.18973235 -1.14296049 12.56167132 97 63 17
2.36398889 -0.99551468 12.37406160 154 125 84
3.51934485 -2.83777794 15.85307274 163 134 95
3.61431846 -2.86601286 15.87954021 121 92 51
3.55944306 1.88425108 13.87661276 181 167 154
3.55944306 1.88425108 13.87661276 181 167 154
3.46704909 -1.00882557 12.92361827 102 69 17
3.72232644 -0.09965210 12.97475174 68 45 4
3.97783926 0.49215760 13.55557785 146 120 90
4.32936463 1.65718250 13.90543079 141 107 76
4.55686445 0.81175143 12.22316854 188 190 203
0.89586058 2.07118836 10.87567602 152 118 80
-1.13319779 -1.54290524 8.71142703 148 116 82
-1.13319779 -1.54290524 8.71142703 148 116 82
-1.13319779 -1.54290524 8.71142703 148 116 82
4.45881140 -0.36437951 13.89861162 162 128 92
-1.01266547 0.04541142 11.39273214 104 82 66
-0.17945288 -0.50560579 9.83702841 93 69 35
-0.20397843 0.58590184 9.98989076 121 95 64
-2.37161198 -1.94820464 8.09353208 58 60 62
-0.94732901 0.07427182 10.50065383 143 148 118
-11.35991231 0.90179830 16.36031697 201 207 231
-3.74957142 1.69213282 12.73394637 183 175 164
-2.39634868 -1.69540880 8.69948197 173 165 155
-3.19082018 2.11265714 11.35300690 120 119 117
-2.17041783 -2.25599337 8.50247987 143 105 68
-2.16014018 -2.20047461 8.45658032 123 93 57
-2.13335732 -2.00474534 8.39823777 162 137 115
-2.16648012 -1.65705534 8.58066287 132 104 72
-2.06639651 -2.11120101 8.37719413 150 124 87
-2.06917513 -2.32650891 8.49782919 165 125 88
-2.03978072 -2.16538761 8.41891520 96 63 26
-2.03978072 -2.16538761 8.41891520 96 63 26
-2.17706516 -1.30191999 8.95023078 171 168 155
-2.01967925 -1.86376546 8.43296373 144 113 77
-1.96425483 -2.13910203 8.38491335 169 136 93
-2.11741248 -1.27979214 8.92958676 114 96 68
-1.94256446 -2.23838138 8.45707379 101 66 24
-1.98864682 -1.57818852 8.57027849 56 32 5
-1.91715343 -1.89369926 8.44943720 99 66 22
-1.90140945 -2.14044309 8.45018727 93 63 15
-1.92983193 -2.41453171 8.64431174 90 52 6
-1.90651926 -1.82813002 8.44997562 157 127 92
-1.90651926 -1.82813002 8.44997562 157 127 92
-1.86975799 -1.84800410 8.44973339 170 136 101
-1.87688411 -2.39316485 8.63494193 164 127 83
-1.86472750 -1.22353721 8.84744460 137 113 86
-1.89208818 -1.05650812 8.99027077 182 172 159
-1.69871697 -1.61023504 8.56010743 170 143 110
-1.64208066 -2.35550594 8.53080701 111 75 33
-1.76763949 -0.96980269 8.95225550 177 168 160
-1.62352782 -2.30413343 8.60802362 97 63 23
-1.60759840 -2.33132317 8.60710055 146 111 71
-1.59461262 -2.00495535 8.52644323 92 56 9
-1.57510354 -2.30787799 8.57531980 98 65 21
-1.72921184 -0.91820056 9.17978352 184 174 164
-1.56526306 -1.98763895 8.53842836 159 124 85
-1.56526306 -1.98763895 8.53842836 159 124 85
-1.59949734 -1.29226240 8.73242874 111 85 52
-1.65598035 -0.96688699 9.09204282 102 76 49
-1.48929437 -1.80503168 8.63998307 123 90 48
-1.41873756 -2.40010634 8.64908438 110 72 31
-1.44644989 -1.31312778 8.74405016 141 117 90
-1.38224761 -1.69918177 8.62316269 161 131 103
-1.33257529 -2.28850294 8.70493645 82 48 5
-1.33029827 -1.44568229 8.68853086 180 150 115
-1.29823228 -2.50762245 8.76769756 162 126 85
-1.25086606 -1.82567154 8.62262752 181 147 108
-1.22469059 -2.06202887 8.66187490 75 45 8
-1.21683941 -1.82825214 8.63847079 179 142 100
-1.17726114 -2.16194585 8.67667450 158 120 83
-1.22694090 -1.17233160 8.89814483 141 116 84
-1.54608853 2.62290610 10.74429026 188 180 169
-1.11224476 -2.13434603 8.69214374 88 56 23
-1.11469340 -2.22120435 8.70615200 99 65 17
-1.21747526 -0.92844533 9.25600569 79 54 24
-1.08892937 -2.15777817 8.67827937 136 103 67
-1.19979011 -0.85567282 9.33116406 115 92 64
-1.08715986 -2.45387166 8.88524681 160 124 86
-1.06679335 -1.82625444 8.70691586 78 51 14
-1.17954060 -0.81428980 9.41333493 193 184 172
-1.02402889 -1.83081191 8.71422814 135 106 74
-1.00954616 -2.18854818 8.72145206 147 116 81
-0.99761338 -2.11299404 8.74450044 123 94 60
-0.99981906 -2.46838540 8.91610144 148 113 66
-1.00530798 -1.57478695 8.76068576 184 154 117
-0.97403466 -1.90017616 8.70438771 152 121 94
-1.00827451 -1.18952053 8.99268102 52 30 6
-0.94079604 -2.28271321 8.79501281 106 71 26
-1.06189215 -0.61945838 10.02025923 178 175 169
-0.91844949 -1.44981168 8.87824867 44 27 1
-0.91844949 -1.44981168 8.87824867 44 27 1
-0.89676317 -1.71110653 8.78602452 147 112 80
-0.88192602 -2.54893814 8.97363328 99 65 20
-0.85044169 -2.46686491 8.93568681 86 52 6
-0.86726913 -1.26784144 8.95898460 129 101 71
-0.80575879 -2.54824399 8.99525061 168 131 86
-0.79271154 -2.49244371 8.98521761 85 51 5
-0.78468366 -2.51813829 9.02550298 155 117 73
-0.75901400 -2.60740975 9.05324197 92 58 12
-0.77347216 -1.30517274 8.98835478 136 107 75
-0.73247385 -2.37718642 8.84341194 119 83 38
-0.72136214 -2.62648720 9.05139936 91 53 7
-0.73115928 -1.29279446 8.98385674 122 95 65
-0.70679212 -1.63109871 8.79582006 73 47 17
-0.92223613 0.32782609 10.91261135 93 74 49
-0.69846903 -2.51454482 9.03200119 72 38 5
-0.65602372 -1.99625026 8.80331641 97 63 26
-0.64827741 -1.89252520 8.88456054 61 36 6
-0.62718691 -1.64815263 8.84206920 151 123 94
-0.63173755 -1.46566202 8.93022062 134 104 70
-0.64448068 -1.28072127 9.05466485 51 27 3
-0.62296583 -2.32219817 8.97275927 147 118 84
-0.60466039 -2.26874738 8.94878967 11 8 7
-0.69644498 -0.74997731 9.78840994 113 88 63
-0.58996763 -1.29381605 9.06089083 45 23 0
-0.56489998 -2.40626073 9.00096084 95 67 26
-0.56088146 -2.56912403 9.09191867 114 85 56
-0.53876525 -2.44542637 9.02638574 122 89 52
-0.72923721 -0.09613952 11.02149495 96 69 42
-0.52545614 -2.30887280 9.02036016 4 2 2
-0.51707403 -2.71177053 9.05189806 117 83 44
-0.50403379 -2.81508320 9.19096585 107 71 29
-0.48399363 -2.97085770 9.23061017 145 109 72
-0.48342205 -1.08281687 9.26170965 67 45 13
-0.52367436 -0.71748623 9.77991750 68 45 20
-0.45505885 -2.85033598 9.16592150 100 63 20
-0.50246319 -0.74015777 9.87386433 56 33 2
-0.40728977 -2.03006023 8.98156378 141 110 80
-0.40155962 -2.76748670 9.05322308 111 72 24
-0.39792008 -1.40730804 9.03265879 102 76 52
-0.39001927 -1.63227309 8.96813893 143 109 74
-0.37572444 -2.10953808 8.97702775 154 123 94
-0.35764193 -2.43593063 8.96126828 77 51 18
-0.34907139 -1.63224407 9.02567454 134 100 61
-0.34393982 -1.95840474 8.94972678 139 104 61
-0.35332781 -1.26827465 9.09597426 83 53 19
-0.39524277 -0.72695844 9.86769849 82 56 32
-0.34972090 -1.13005824 9.26171190 47 26 0
-0.41490562 0.45130024 10.14036089 126 100 72
-0.32478113 -2.68301969 9.07877790 77 45 1
-0.31318093 -2.72107505 9.06261218 174 136 98
-0.30536744 -2.34251926 9.10066304 55 32 1
-0.30323744 -2.75366552 9.05831166 110 73 30
-0.30323744 -2.75366552 9.05831166 110 73 30
-0.34470611 -0.84439977 9.59094650 129 106 76
-0.25637919 -1.00508483 9.38074623 125 98 68
-0.22652605 -1.59315369 9.02843943 151 118 85
-0.20896727 -2.51585104 8.99676237 163 129 96
-0.19746312 -2.10067822 8.98501951 59 35 3
-0.18277737 -2.72767487 9.10918810 157 114 66
-0.18488036 0.08030304 9.85065121 66 40 7
-0.14770649 -1.51118541 9.11798972 94 71 45
-0.11668587 -2.77515525 9.15014540 159 117 68
-0.11870147 -1.41926763 9.13570911 119 86 59
-0.14123915 -0.48984724 9.82442012 31 13 0
-0.11954285 -1.01137807 9.41303716 65 40 12
-0.11591562 0.53678664 9.94829677 74 45 13
-0.10638016 -0.27666427 9.82920439 116 89 60
-0.08086797 -2.38229811 9.10607704 149 111 72
-0.06945636 -1.93965681 9.03558740 129 98 69
-0.01578384 -2.15992762 9.14546035 65 36 5
-0.01272746 -2.27790555 9.04867503 72 44 9
0.01959499 -1.45790235 9.20715728 122 92 66
0.02989335 0.24951750 9.84224618 126 100 66
0.07918161 -2.52719286 9.19970466 54 30 0
0.09590662 -2.45594369 9.15550890 144 109 69
0.11299522 0.78024504 10.07426313 141 109 78
0.10327247 -2.57259796 9.15882772 74 49 19
0.11601894 -2.68653942 9.24326107 145 110 78
0.13573722 -1.82670417 9.19291397 126 94 63
0.14245756 -2.27806460 9.22260534 102 74 42
0.15014796 0.51121958 9.89163451 116 91 51
0.15607689 -2.70690961 9.15677823 88 56 25
0.16592567 -1.71307409 9.14580213 38 23 0
0.17333088 -2.10262242 9.15092017 130 96 61
0.20174834 2.38107264 11.06209721 93 84 71
0.19842863 -1.81263075 9.09703647 46 26 9
0.20975069 1.08098212 10.25428985 87 59 13
0.22577095 -0.10148312 9.78820580 67 44 13
0.24683042 1.19817181 10.39501538 87 61 24
0.23674714 -2.28886390 9.25901061 34 15 0
0.24030516 -1.33016002 8.48917905 159 129 95
0.27379255 0.51528164 9.95880662 127 101 68
0.25276994 -2.55230423 9.31984715 129 93 57
0.26453333 -2.08864461 9.23337492 85 58 28
0.26493153 -1.96028220 8.69827031 68 39 10
0.28965340 -0.81235036 8.61342551 40 21 0
0.30117966 -1.19487383 8.49649660 158 131 94
0.30799985 -2.08809807 8.70524825 142 107 70
0.31851052 -1.13464692 8.56573126 81 52 14
0.33399411 -0.89566947 8.59084220 86 62 33
0.33115200 -1.24213906 8.49484157 83 57 20
0.36247150 -1.25239851 8.50860108 153 126 91
0.37252723 -1.70413349 8.64225870 87 53 15
0.37808632 -2.73270644 9.12560279 131 98 60
0.38648537 -1.04568996 8.55687675 170 137 104
0.40452790 -0.77394503 8.69710856 159 135 100
0.49762941 2.17854598 10.89791058 103 88 65
0.40607926 -1.74321974 8.63806146 94 59 21
0.41181845 -1.26060334 8.66999544 76 47 13
0.44125466 -1.20744184 8.66270605 156 124 86
0.57963523 2.25568829 10.96552524 166 134 97
0.57963523 2.25568829 10.96552524 166 134 97
0.60172852 1.77983640 11.26833459 55 32 0
0.51163287 -1.54116643 8.69976134 113 82 50
0.52568943 -2.22959734 8.80488159 149 116 81
0.66887597 1.72065675 11.11333122 103 78 43
0.54387667 -2.39555945 8.91510275 114 77 33
0.64174404 1.14145178 10.32413583 152 122 86
0.56994928 -2.41585001 8.98649960 166 133 93
0.67607351 1.02196434 10.38774577 72 48 11
0.61192601 -0.57948178 9.29677689 160 133 104
0.73942477 2.26590124 10.82404325 109 77 32
0.69388692 0.45996468 10.15531205 148 118 87
0.63611901 -0.80087217 9.18847667 165 138 106
0.66107272 -0.58599987 9.33797287 139 110 80
0.70814557 0.07110974 9.99563907 186 156 120
0.67965453 -2.09701131 9.24035834 154 121 85
0.82340900 2.27987505 10.85200815 110 73 32
0.69426158 -1.52240039 9.18523650 105 73 36
0.69802754 -1.18351230 9.04829787 109 77 44
0.72113181 -1.20762220 9.19996992 102 72 38
0.80330639 0.05817897 10.06204324 181 149 116
0.76597818 -0.73091417 9.35044582 168 136 96
0.92504965 2.25476296 10.91007228 156 118 80
0.91214067 1.65200835 10.98068734 57 35 5
0.81752475 -1.09317416 9.45098257 171 140 108
0.91223361 -0.40746567 10.40118248 52 31 1
0.99196112 2.37586990 10.88293814 164 133 96
0.84175479 -1.16404344 9.43082591 168 138 104
1.11054349 1.60374531 11.04345144 111 81 45
1.08571572 1.10401446 10.71531970 143 114 78
1.07645511 0.74086913 10.53581152 151 117 78
0.96690184 -2.08434833 9.78822469 144 119 89
0.93937392 -0.89071778 9.22567885 168 140 104
1.07093078 -0.07691144 10.34618701 129 94 57
1.09019733 -0.21133866 10.52326500 79 54 13
1.09019733 -0.21133866 10.52326500 79 54 13
1.02826551 -1.08579119 9.78503572 121 89 50
1.19072387 2.17418829 10.93775327 146 112 71
1.22112665 2.45392328 11.10128032 113 83 48
1.05271842 -1.11573353 9.89902356 110 78 40
1.05271842 -1.11573353 9.89902356 110 78 40
1.19472312 1.22764353 10.78804164 181 148 109
1.19704801 1.22937816 10.77623888 177 145 105
1.25190149 1.93372889 11.01546657 144 110 75
1.27309278 2.41915231 11.08255425 133 102 70
1.25623142 1.34947380 10.83489146 153 124 82
1.31208086 1.04354036 10.82581602 139 112 79
1.31610672 -0.65693847 11.21110172 104 73 29
1.27494789 -0.12872882 10.53601352 159 127 89
1.37401512 1.66228570 11.08409239 157 124 89
1.32997708 0.67132215 10.63300754 165 134 90
1.32701807 0.35764832 10.64022571 146 113 74
1.42646784 1.75435107 11.03795253 158 123 83
1.37625228 0.76981537 10.65327106 167 138 99
1.47370152 1.65174171 11.15358642 161 128 91
1.47854514 1.88394186 11.10144882 172 140 101
1.50473119 -0.98561886 11.86600729 102 66 15
1.44621911 0.46221779 10.71466224 151 120 85
1.42400375 0.22911518 10.62189825 77 49 12
1.42400375 0.22911518 10.62189825 77 49 12
1.45007448 0.60845549 10.72020987 165 135 91
1.53329809 -0.73009860 11.54589734 94 62 26
1.57252802 1.48692466 11.25473469 80 56 23
1.58687911 0.27187269 11.13620535 77 49 13
1.55769288 -0.14454015 10.99390224 93 60 25
1.66951489 -1.02003822 12.10780397 101 65 16
1.57257994 0.23285543 10.78140246 168 133 91
1.75016212 -1.03379911 12.19994160 110 73 28
1.65845873 0.36615653 10.88639671 160 129 94
1.66463433 0.61991705 10.78951808 168 134 98
1.73322396 -0.48670736 11.52997147 91 59 20
1.76223935 1.97395593 11.24215862 195 178 158
1.78196377 -0.18094627 11.39941356 91 60 20
1.78196377 -0.18094627 11.39941356 91 60 20
1.86599409 0.36204345 11.23582835 165 133 93
1.90152326 0.66841444 11.15966464 103 75 43
1.90152326 0.66841444 11.15966464 103 75 43
1.98764690 -0.23105852 11.79200757 91 59 21
1.98764690 -0.23105852 11.79200757 91 59 21
2.00470691 -0.35266866 11.73578952 110 76 39
2.11297148 0.87232873 11.61512390 101 78 46
2.15223288 -0.63430827 12.06952326 121 86 44
2.29293062 -0.62795583 12.15894614 96 63 22
2.26979852 -0.28088112 11.94699388 160 119 73
2.41921769 0.73516357 12.11687681 162 132 98
2.41921769 0.73516357 12.11687681 162 132 98
2.37576667 0.02436606 11.90629896 156 121 79
2.38634859 -0.09109468 11.91632474 156 123 82
2.41244593 -0.39640570 12.04981053 150 116 81
2.54202829 0.71075710 12.23686081 162 133 98
2.58399429 -0.12034413 12.11328209 146 114 73
2.64705314 0.21892723 12.12803283 79 55 21
2.67876057 -0.16578246 12.13994436 166 135 95
2.77255581 -1.05275162 12.67137520 111 76 36
2.97890725 0.92875290 12.89021556 141 112 76
3.48035657 -3.03615442 16.19095289 136 106 67
3.05710725 1.08337216 13.09836093 81 69 57
3.25176440 0.65128388 12.83564068 106 81 51
3.25549092 0.49535305 12.76752887 161 130 92
3.57271059 1.07794859 14.02442069 160 158 171
3.24509331 0.01501656 12.61909552 152 122 85
3.69635366 -2.18189945 14.75232500 179 172 153
3.55683384 -0.11216993 12.84313671 159 127 90
3.94010423 0.90466076 14.12994583 43 21 10
3.67319887 -0.21472593 12.96102394 165 130 92
3.67319887 -0.21472593 12.96102394 165 130 92
3.86072224 -0.32467596 13.03911545 168 136 99
3.86072224 -0.32467596 13.03911545 168 136 99
3.89850939 -1.20493306 13.26754624 105 71 23
4.21436807 -2.22517230 14.14837075 119 90 46
4.26217639 0.11422929 13.53959446 166 133 96
4.18238650 -0.96791093 13.41682171 93 63 18
4.18238650 -0.96791093 13.41682171 93 63 18
4.37586545 0.27633154 13.63618038 127 98 58
4.30215085 -1.75183576 13.69232473 102 66 22
4.48240885 0.01344460 13.73666487 159 126 94
4.61445687 0.81079812 14.01292907 138 104 69
4.53370331 -1.79093068 14.21990952 113 76 35
4.43338338 -0.31105513 13.46758765 154 124 87
4.53202800 -1.93977450 14.13474262 140 114 79
4.61581047 0.07053155 13.87854577 77 55 18
4.75662975 1.59824246 14.02348908 157 127 95
4.45867658 -1.69403440 13.68676826 142 112 74
4.54811501 -0.52861981 13.51740006 92 63 29
4.86905839 0.59770140 14.19367587 159 129 93
4.97971460 1.54157860 14.25339374 208 202 209
4.98232510 0.69452474 14.35325432 143 110 71
5.04773128 0.20222401 14.39202161 150 128 96
5.18576710 0.17591502 14.73157877 157 135 108
6.23032263 1.49460660 16.96355496 212 216 228
-2.01417730 -1.36387510 8.68971517 87 61 28
4.29425168 0.94105584 13.86687072 145 107 67
17.11003480 -3.65819318 25.80469922 41 41 31
-1.93122758 -1.85624992 8.42077074 94 61 24
-1.63735416 -2.37753244 8.57182856 162 126 84
-1.63735416 -2.37753244 8.57182856 162 126 84
-1.61250387 -2.01067591 8.49858433 151 113 73
-0.93317530 -2.28893184 8.78882762 105 69 17
-0.45648006 -1.26511721 9.06922134 55 31 3
-0.36391213 -2.49140817 8.98704739 86 52 14
-0.34688846 -2.65650896 9.11134558 135 97 51
-0.22587121 -1.59564225 9.03817126 150 118 80
-0.07009772 -2.18831630 9.06308645 70 50 13
0.20228918 0.33361997 9.94198175 52 31 4
0.24347484 -1.41737567 8.57500783 150 119 73
0.38350154 -1.06563407 8.60498406 86 54 17
0.58690089 0.16623579 10.00557027 139 112 83
0.84325878 2.17274505 10.88965443 79 49 13
0.92024341 0.86470701 11.18198799 50 30 0
3.95258030 1.52626378 14.01206310 68 38 7
17.73363051 -3.69341397 27.65003309 131 126 92
17.64052249 -3.42867729 23.49677616 45 45 37
-2.07136735 -1.88078091 8.40355470 72 43 11
-1.40792079 -2.06723673 8.55699899 149 115 81
0.11710170 -0.91742347 8.63677136 42 25 9
0.19040953 -0.95449019 8.62247508 64 40 14
0.05134319 -1.08947608 5.83861169 167 136 97
0.18767652 -0.90818652 6.00396399 70 62 52
-2.49736093 -1.87007043 8.55501945 178 172 156
-2.09952197 -1.77711309 8.43308808 83 58 28
-2.05915599 -1.64643990 8.53536827 48 27 3
-1.99466500 -2.01483478 8.37257497 140 111 75
-1.98576573 -2.20797147 8.42117916 102 64 28
-1.80475728 -1.98329562 8.51126593 146 109 67
-1.69315146 -1.92748261 8.46078603 96 61 19
-1.65571615 -2.50053688 8.75690967 88 53 1
-1.39598943 -2.34316820 8.66153440 112 77 35
-1.31298221 -2.62562915 8.99626220 97 59 17
-1.26545975 -0.79533002 9.38369426 188 179 170
-1.10501613 -2.33812048 8.84811650 153 114 66
-0.91338134 -2.24852039 8.78893854 103 70 27
-0.90743459 -2.04697659 8.80824947 159 122 77
-0.90773535 -2.10702017 8.83605307 55 36 0
-0.88677614 -2.46101433 8.93319730 92 56 8
-0.83535322 -2.49266501 8.96458573 158 123 79
-0.78052243 -1.93495100 8.77444336 77 50 21
-0.62227893 -1.76690825 8.85588413 89 55 16
-0.59682183 -1.66226116 8.86890494 69 41 10
-0.56788890 -2.21424101 9.00695226 8 6 6
-0.52008908 -2.71485754 9.12217074 117 83 44
-0.44815126 -2.08542441 9.01660071 10 3 3
-0.41749096 0.44064674 10.09988574 126 100 72
-0.31459465 -2.81037426 9.16863429 108 71 30
-0.24408925 -2.25765624 9.03364264 94 62 24
-0.29396604 0.39555680 10.02081033 66 37 11
-0.21418423 -1.69307882 9.06389253 130 95 63
-0.17621630 -2.09848944 9.07826640 60 36 7
-0.09984926 -1.88024310 9.03756219 65 38 8
-0.01264902 0.59380008 9.97451503 56 34 2
0.04451107 -2.45742116 9.24235162 144 108 67
0.05628223 -2.36057700 9.13780066 130 98 60
0.20417982 -0.91848502 8.61976914 173 151 122
0.24275822 -0.70637431 8.68358520 139 115 86
0.25929666 -1.47321542 8.63301789 144 107 63
0.30535408 -1.27205750 8.54821849 143 116 85
0.30535408 -1.27205750 8.54821849 143 116 85
0.33852185 -1.17079931 8.56137026 85 57 18
0.35320991 -1.90818910 8.66929335 98 63 25
0.63790498 0.37272642 10.05314146 109 76 33
0.63790498 0.37272642 10.05314146 109 76 33
0.66492306 -1.57464502 9.07077572 170 139 105
0.85933323 2.38700364 10.88757623 134 102 74
0.72154491 -1.65951165 9.19957185 176 142 107
0.76224848 -0.66692777 9.43287527 170 140 108
0.94361410 1.74392580 10.89819311 124 90 54
0.92664877 0.57437697 10.32166300 157 128 94
1.00938950 2.32074042 10.90630124 155 121 83
1.03575472 -0.24225240 10.64276619 174 143 104
1.21190354 1.05102978 10.74054278 134 107 79
1.46397025 1.99267713 11.18458194 91 60 34
1.49370726 0.45699265 10.71959104 164 132 95
1.52281098 0.00739108 10.86725966 171 137 98
1.72971663 -0.48802213 11.52255507 91 59 20
1.75903743 0.15791901 11.10180160 159 123 83
1.82757875 0.70901918 11.11296035 80 51 12
1.82757875 0.70901918 11.11296035 80 51 12
2.54678439 -0.10537529 12.10323016 139 109 70
3.88542526 1.77929456 14.11885376 184 164 145
3.86474902 1.30710865 14.05374659 73 44 14
3.81269197 -1.14659058 13.27655595 108 74 31
4.12527251 -2.35688671 14.69350458 117 83 48
4.19061306 0.63964235 13.76705829 154 120 84
4.16208851 -0.00989008 13.34673109 81 56 15
4.09780312 -0.37475455 13.18219645 162 129 91
4.69955009 -1.82766687 14.45200812 184 177 158
4.73958157 0.34406705 13.96584908 93 64 30
5.13760588 1.37278829 14.02088465 202 201 207
19.46276454 -2.12804060 31.33378524 121 112 85
-8.98163666 -0.84505024 18.32063976 255 255 255
-8.71007068 -1.38807877 18.83528420 177 185 207
-2.16217754 -2.08890693 8.37555824 0 0 0
-2.12468709 -2.13473340 8.35759632 0 1 1
-3.08675589 1.91513043 10.91202406 114 114 115
-2.08022708 -1.67903040 8.47032563 122 99 67
-2.01227682 -2.14576477 8.34703457 159 128 85
-2.01487224 -2.11239209 8.36425125 147 118 78
-1.98853478 -2.06572429 8.34509423 99 72 20
-1.92035556 -2.14201889 8.38489933 121 86 48
-1.95424790 -1.45728793 8.60442536 130 104 78
-2.00257995 -1.24253800 8.75824408 185 178 168
-1.91326693 -1.53627791 8.50490218 143 117 92
-1.86718273 -2.43086566 8.63573923 95 59 6
-1.85095101 -1.97598120 8.47604888 151 113 73
-1.82057150 -1.87692697 8.41330898 103 70 28
-1.86949668 -1.48806394 8.53308413 124 100 72
-1.79047883 -1.49772460 8.55051697 130 103 73
-1.74372834 -2.57602248 8.85494268 137 99 51
-1.81608742 -1.09763312 8.87422274 112 90 66
-1.66065391 -2.29262664 8.51952489 95 62 20
-1.63465532 -2.14648979 8.55554397 66 36 1
-1.59986068 -2.33448014 8.57623405 156 118 81
-1.52129442 -2.40543809 8.63359781 104 69 19
-1.51874024 -1.35616652 8.63777825 152 127 96
-1.43366402 -2.07839068 8.56745584 97 62 12
-2.63160417 1.99112593 14.60244072 101 98 88
-1.44816731 -1.36275463 8.63316262 96 68 27
-1.42245634 -2.58009719 8.90849956 109 71 26
-1.39677505 -1.86583677 8.53073652 141 108 70
-1.39245722 -1.91497830 8.59207923 63 40 12
-1.35076053 -2.05562420 8.55498853 91 59 17
-1.37537286 -2.60323989 8.94513425 103 62 4
-1.33133603 -1.88148667 8.62848973 121 84 43
-1.29038929 -2.35636680 8.74717958 168 135 92
-1.31847075 -1.38731315 8.67117444 129 102 65
-1.28643592 -1.46168609 8.66577406 162 134 95
-1.24252112 -1.78454112 8.58156431 159 129 95
-1.24637810 -2.32773274 8.75743346 79 46 0
-1.23077795 -2.35896026 8.74204796 163 127 79
-1.30406384 -1.12819454 9.06790487 141 116 85
-1.19086082 -2.14919795 8.62960093 101 68 28
-1.19086082 -2.14919795 8.62960093 101 68 28
-1.18729819 -2.34805613 8.81109622 82 48 1
-1.16708634 -2.19124133 8.68755904 107 70 26
-1.16522149 -1.72755193 8.66947529 111 83 51
-1.15206018 -1.39737252 8.81113317 48 24 0
-1.11603774 -1.79368412 8.67531422 85 52 19
-1.19257411 -1.00744245 9.12757372 114 89 58
-1.09862708 -2.36953533 8.83110180 74 42 5
-1.08793250 -2.30836454 8.81987556 155 114 71
-1.17385418 -0.94729654 9.10547799 117 93 62
-1.07457578 -2.48131381 8.89120460 110 75 30
-1.06629971 -2.44182997 8.87445779 147 113 70
-1.03312649 -2.49195940 8.91895399 107 70 24
-1.02015123 -1.83433415 8.69168316 140 110 81
-1.02015123 -1.83433415 8.69168316 140 110 81
-0.99586232 -2.51882029 8.92918896 102 66 11
-0.94389733 -1.60855729 8.74764461 167 140 103
-0.90507415 -2.27206703 8.80271714 155 121 80
-0.90507415 -2.27206703 8.80271714 155 121 80
-0.90507415 -2.27206703 8.80271714 155 121 80
-0.88593874 -1.90787268 8.75539519 76 46 9
-0.97183250 -0.79796655 9.30712577 174 171 166
-0.85890979 -2.00896836 8.77611699 120 82 34
-0.86846150 -2.43933425 8.97107230 162 121 74
-0.85774435 -2.11837409 8.85914363 61 40 6
-0.88548122 -1.23420868 8.93100693 57 32 4
-0.84413108 -2.31113788 8.87475670 100 64 16
-0.79953022 -2.48702356 9.05319587 86 55 1
-0.76309862 -1.88200962 8.83146725 135 102 64
-0.71398280 -1.25352707 9.05785056 46 27 1
-0.65865525 -1.70029291 8.82777933 163 129 91
-0.64363021 -2.45075018 9.11082933 168 134 91
-0.59133274 -1.83589357 8.96067563 146 108 62
-0.64822461 -3.29897617 10.14303987 166 134 100
-0.66094416 -3.37047562 10.46802345 144 112 75
-0.54928095 -2.37016238 8.99361445 130 105 71
-0.55493858 -2.73033023 9.16407916 167 127 78
-0.53648385 -2.40815866 9.00103721 153 125 85
-0.51152744 -2.48251147 9.08674183 118 84 41
-0.50878998 -2.05988603 8.99810544 5 5 1
-0.50190563 -2.68307547 9.15447429 163 130 80
-0.52200726 -1.14567337 9.09378180 136 109 80
-0.49351794 -2.93711862 9.31686917 104 64 19
-0.48041896 -1.37350764 9.03402558 122 95 63
-0.45756669 -2.58172814 9.18038643 145 106 63
-0.43854943 -2.26912144 9.05160125 5 5 5
-0.41631993 -2.44780044 9.03422544 92 60 13
-0.41631993 -2.44780044 9.03422544 92 60 13
-0.39735117 -2.13592912 9.03175694 5 4 6
-0.38050579 -2.32537995 9.10711103 123 95 58
-0.35206438 -2.76383301 9.20801181 173 141 97
-0.32983141 -2.01909971 9.08459767 67 40 2
-0.36015538 -0.93756879 9.43292805 92 60 22
-0.30170174 -1.64189785 9.07283608 140 108 73
-0.27966882 -2.04692694 9.08491199 69 41 2
-0.27748582 -2.71649856 9.18840309 89 53 8
-0.27211516 -2.79961563 9.25190068 113 73 22
-0.26725567 -1.34005335 9.14595440 139 110 74
-0.22255430 -2.81502763 9.27278248 100 61 6
-0.20997733 -2.31427280 9.09621736 141 107 63
-0.22945063 -0.86098325 9.57710584 132 103 74
-0.20246760 -1.28963622 9.14809737 84 52 13
-0.18400145 -2.80022187 9.23338158 160 125 85
-0.16985838 -1.64701894 9.07913904 105 71 33
-0.18141618 -0.33868857 10.26278114 60 38 14
-0.18141618 -0.33868857 10.26278114 60 38 14
-0.12201163 -2.86982990 9.33043646 154 115 82
-0.09810089 0.27713280 9.90895103 118 97 64
-0.06054978 -2.33727904 9.13028389 115 77 29
-0.04581383 -1.22132336 9.37772431 24 13 0
-0.03518227 -1.61974466 9.15280172 82 52 14
-0.03998384 -0.36174320 9.77442581 57 36 4
-0.02694705 -2.80346683 9.34696644 165 121 72
-0.00801257 -2.56142557 9.18794390 89 62 18
0.01136131 -1.04605085 9.48989865 50 27 3
0.02604622 -1.34614653 9.30208322 109 80 49
0.02778011 -1.65141553 9.18070003 73 49 13
0.02778011 -1.65141553 9.18070003 73 49 13
0.02229769 0.76182522 10.03401236 134 103 71
0.06718319 0.96329496 10.17898308 94 66 28
0.06976484 -1.62372915 9.20581426 86 66 33
0.18169947 1.24014289 10.35722689 147 121 86
0.20789485 -1.30832344 8.62169609 70 45 14
0.24490374 -1.86410173 8.79669120 76 47 12
0.26239378 -0.92552291 8.62607396 137 107 73
0.24582729 -2.69651512 9.40265798 82 58 24
0.25710919 -2.55118549 9.47128324 141 100 65
0.30015182 -0.88676466 8.64285154 166 140 109
0.28778194 -2.38551681 9.39256664 105 81 53
0.33437032 -0.80047618 8.64710328 83 59 28
0.33275454 -1.83017107 8.77600857 173 140 101
0.36614091 -1.84481234 8.76095672 112 78 34
0.37723074 -1.18778334 8.66408242 80 51 11
0.37723074 -1.18778334 8.66408242 80 51 11
0.40204194 -1.70036037 8.76075070 129 92 48
0.40432628 -2.53029947 9.23710863 140 107 71
0.41056807 -2.63738936 9.27730863 142 104 62
0.50111075 0.92821112 10.16806278 142 107 75
0.50111075 0.92821112 10.16806278 142 107 75
0.45819466 -0.86114355 8.82873229 177 144 110
0.49196428 -0.38255635 9.45799972 60 42 14
0.52738616 0.28576294 10.04432926 58 32 5
0.48324647 -1.51995405 8.70350550 175 144 106
0.51034682 -1.58011319 8.89591166 174 147 109
0.63965703 1.82437663 10.88621004 55 33 2
0.69217006 1.71927091 10.96157334 90 64 27
0.56505130 -2.78235674 9.54719164 154 121 77
0.59014615 -1.34120993 9.03999105 168 138 105
0.61909590 -0.67331688 9.25072012 99 66 34
0.57740490 -2.39680075 9.19788955 162 126 90
0.59267805 -1.82445193 9.05010207 168 134 100
0.61466050 -1.47628253 9.08415515 178 149 109
0.60283158 -2.41467038 9.21357917 126 90 53
0.63292812 -1.77185955 9.28612457 116 77 39
0.63023015 -1.94274525 9.13850752 172 140 103
0.65553115 -1.44913309 9.03952446 130 97 60
0.71515545 -0.91040902 9.34730680 163 130 96
0.82692750 1.00542317 10.47187810 94 68 31
0.89702541 1.49954238 10.82701805 109 82 50
0.80232467 -0.98480927 9.47256931 95 65 21
0.87967570 -0.07630190 10.16375674 160 122 83
0.98281367 1.41245287 10.76721192 85 57 27
0.98056038 1.31248030 10.70616312 146 116 80
1.06400644 2.40370395 10.90026422 68 45 21
0.97473639 0.15734048 10.36930102 73 47 16
0.97473639 0.15734048 10.36930102 73 47 16
0.99248462 0.34861940 10.33255203 158 129 100
1.06069314 1.40541996 10.78570507 77 45 8
1.06256874 1.23335805 10.69655316 175 142 107
1.08383421 1.34936469 10.74459706 162 129 97
1.15593518 2.00431771 10.95361684 151 117 82
1.07609400 0.78520678 10.42386141 164 132 102
1.21743788 2.29589280 10.94054388 165 131 96
1.06345681 -1.34031008 10.03432638 143 109 64
1.23433044 0.77292762 10.61745276 114 81 46
1.31514519 1.31283232 10.81292857 157 130 93
1.27054123 0.51678863 10.52020141 157 124 88
1.41830507 -1.23256368 12.37698822 150 113 69
1.47112656 -1.22215901 12.29923061 124 87 38
1.51238267 -1.34383018 12.90541693 194 191 182
1.59924597 1.54203410 11.55949236 147 121 88
1.46312985 -0.69135605 11.50581441 117 83 40
1.49278160 -0.99509605 11.81924129 103 63 3
1.54539131 1.14732738 10.94942277 170 138 101
1.50777371 -0.04061462 11.07896076 111 76 34
1.50294043 0.15482699 10.77255549 154 124 88
1.59117652 0.93348515 10.81657165 158 125 91
1.72543782 -1.22813958 12.59912176 122 89 39
1.69508572 0.66458764 10.88859646 164 134 104
2.05016481 1.59089817 12.56852254 165 136 106
1.83188753 -0.78422883 12.06017788 105 69 28
1.90223257 1.02435779 11.38479505 109 85 57
1.86287358 0.41282955 11.00398975 175 142 101
1.99899990 0.77644438 11.33910150 171 140 106
2.04611284 0.51183020 11.34026713 169 136 99
2.05706976 -0.03864185 11.63290157 157 124 90
2.27729598 0.42407876 11.70677222 166 131 93
2.27169800 0.09567732 11.67868327 154 118 78
2.34100474 -0.53486660 12.05025721 168 131 87
2.38070032 -0.96831800 12.53655669 165 128 83
2.36403552 0.19533447 11.78948961 143 112 72
2.51466961 0.55486252 12.08688468 93 67 29
2.51390359 0.65798891 12.06548834 172 137 109
2.46560018 -0.40896568 12.10311717 150 117 77
2.52513861 0.43661912 12.00739268 171 138 102
2.66110848 0.68046475 12.33748683 164 135 105
2.65814849 0.67417223 12.32093340 164 135 105
2.59209637 0.12803825 11.98237079 152 117 79
3.09346350 0.19380702 12.53695014 156 122 88
3.14351403 0.51277694 12.60614897 156 126 92
3.55457754 -2.83309725 16.06592535 171 146 106
3.92885354 -2.29868178 15.21217340 117 91 62
3.70347064 -0.72572860 13.11799405 101 66 24
3.70347064 -0.72572860 13.11799405 101 66 24
4.13457856 1.07008789 13.78294843 127 94 52
4.17317647 -2.24723351 14.83006381 124 95 61
4.27717498 -1.74600307 14.74943173 140 99 56
4.64486924 1.62133365 13.95189278 156 121 89
4.54873685 0.42847972 14.01355334 93 60 15
4.56164917 0.44608495 13.90951554 155 118 77
4.56463203 -0.55407124 14.20830218 93 61 20
4.46678413 -2.05728179 14.53187689 117 83 37
4.46678413 -2.05728179 14.53187689 117 83 37
4.63511478 -1.37973950 14.34778156 131 97 56
4.76924792 0.03158859 14.17276201 165 135 101
4.61177716 -0.56458199 13.74680133 172 142 103
2.61462706 -1.67692207 7.10280953 138 109 76
4.69133733 -1.08037450 14.15820216 142 110 68
4.67354094 -1.12963222 14.13046908 123 89 50
4.81149057 -1.46460092 14.62762646 193 186 179
4.81149057 -1.46460092 14.62762646 193 186 179
5.22787515 1.33019457 14.60134561 198 197 210
4.94333961 -0.21765259 14.29117217 140 110 76
5.11126774 -0.30989108 14.55390072 199 197 202
5.93434439 1.29801963 16.28568435 203 205 221
8.99215088 -0.38976412 21.88657118 255 255 255
-2.29988665 -2.10265487 7.86453658 141 140 107
0.13046317 -0.85428408 9.15015457 115 88 59
-2.33866112 -2.05827359 8.52168311 1 1 1
-2.15852308 -1.66300657 8.55723786 111 87 59
-1.55422819 -2.33483619 8.58179854 141 104 65
0.00861831 -1.98506167 9.08920267 87 53 18
0.68645588 1.99208339 10.87227166 142 107 69
0.05652734 -1.23744377 6.12450563 170 136 98
0.31686817 -0.48141940 9.05903269 130 103 74
-1.72117745 -1.45416909 8.65093233 42 21 0
-1.36762270 -1.87072746 8.64381676 142 109 71
-1.32339139 -1.79609301 8.59831278 162 129 94
-1.31739047 -2.50583624 8.72909308 119 80 31
-0.87867962 -2.48902069 8.93115989 160 123 79
-0.85109216 -2.51535453 8.96299151 165 130 88
-0.44265501 -1.58257028 8.94783023 148 114 77
-0.36505804 -2.88627266 9.30080150 164 127 89
-0.17867068 -2.88307076 9.21502039 154 116 75
-0.15851936 -1.45509831 9.17328592 27 13 0
-0.15851936 -1.45509831 9.17328592 27 13 0
-0.04447553 0.53630617 9.93871507 130 100 70
0.09049833 -1.77853645 9.20622824 142 106 74
0.11694289 -2.84999876 9.35658912 164 127 82
0.16777820 0.11729332 9.07820400 49 29 0
0.17877138 -1.87072232 9.29842114 74 57 32
0.95422827 1.71908477 10.94999261 56 36 3
1.28927221 2.34490113 11.06029777 166 133 99
3.32241169 -2.94366869 16.15014701 131 107 75
4.73447803 0.34134647 13.95135127 93 64 30
8.93594485 -0.38899502 21.46346174 255 255 255
-2.14447799 -2.33157645 8.50295191 95 59 1
-2.08996348 -2.34929219 8.52409337 93 56 3
-2.06034960 -2.36101084 8.54820387 90 54 0
-1.98871478 -2.12622109 8.39490654 102 71 25
-1.94076787 -1.62639260 8.52077316 49 29 2
-1.43254202 -2.07928599 8.56058171 97 62 12
-1.31545599 -2.41363646 8.75083084 161 123 83
-1.28195832 -2.31027462 8.72250722 96 60 7
-1.12631150 -1.87890829 8.66100550 96 64 26
-1.10362723 -1.55386229 8.68737470 177 148 105
-0.76328686 -2.57566447 9.06026616 172 137 97
-0.79396837 -0.81406619 9.11618534 86 64 41
-0.71759879 -1.89529396 8.85328142 120 88 50
-0.49963564 -1.40908913 8.97507579 113 80 45
-0.46967743 -1.49033652 8.95838859 88 59 14
-0.43738906 -2.49639131 9.03533082 162 128 85
-0.42888985 -2.33582728 9.03647226 103 79 32
-0.39126664 -1.36179143 9.10401664 44 22 0
-0.28171634 -1.22064503 9.15527941 127 97 70
-0.23592206 -1.73324862 9.08563308 50 30 2
-0.22294556 -1.67904317 9.09677949 144 112 70
-0.23856609 0.24467809 9.87208056 132 106 70
-0.15298260 -2.10216021 9.08111871 65 38 3
-0.07445576 0.64116430 9.95305884 129 103 70
-0.00140765 -1.86169149 9.16190363 93 68 45
0.01849843 -0.31088994 9.80116865 115 88 63
0.10966737 1.24712954 10.30398128 52 43 19
0.22339574 -1.13952104 8.59107074 58 37 10
0.24780443 -2.69769456 9.38015939 82 58 24
0.38081050 -1.07264888 8.65835853 170 138 100
0.47077148 0.59970608 10.27590201 146 116 87
0.37185214 -1.81884339 8.72748096 165 132 92
0.53467192 -2.81261483 9.42645503 135 98 48
0.73485570 1.96851555 10.78884055 170 135 104
0.62305018 -1.44162466 9.00874696 169 142 106
0.77764738 0.96663872 10.39317358 86 61 21
0.84503343 2.19043883 10.82722785 147 111 75
0.89674403 1.20305075 10.65116153 65 40 5
0.93202016 -1.57086455 9.82268772 169 137 96
0.96255103 -1.56120795 9.83223507 124 92 51
1.25112703 1.99997990 10.94841901 150 118 80
1.05965932 -1.34801956 9.99202788 143 109 64
1.32081934 0.29565958 10.60623159 69 43 7
1.43900809 1.97598246 11.00497746 165 137 99
2.66529140 1.94739988 11.54908229 166 150 135
2.60358316 0.25496636 12.04692482 143 109 75
2.70967192 -0.19891952 12.20303533 127 93 53
2.81242874 -0.43892404 12.42310128 106 71 28
3.07603379 0.07312834 12.51757950 153 121 78
3.21183211 -0.54951940 12.71091804 102 70 24
3.71610401 0.90367531 13.49985077 78 51 28
3.88093321 0.51335111 13.73281026 156 127 94
3.86016965 0.33364115 13.35511783 155 126 96
3.92325455 -0.28212610 13.11515020 161 127 90
3.98288390 -1.22281376 13.39042479 115 80 31
3.98288390 -1.22281376 13.39042479 115 80 31
4.11032239 -0.91650414 13.41051742 104 69 27
4.40538673 0.30638151 13.76204779 143 110 73
4.30372225 -0.77472729 13.39062627 149 117 79
4.63053313 0.38715704 13.96473980 88 55 14
4.69387624 -1.80842925 14.51021336 187 180 163
4.95497824 0.90281591 14.21897759 95 65 37
4.92622318 0.37802338 14.32354155 111 79 41
4.92622318 0.37802338 14.32354155 111 79 41
4.75416316 -0.80590181 14.04206503 131 100 56
4.91027047 -0.47782129 14.26602267 139 114 74
-2.41496329 -2.31695569 8.62959348 0 1 0
-2.40665518 -2.35811130 8.64134134 151 117 82
-2.31944129 -2.28468212 8.54329579 1 1 1
-2.28148303 -2.39950058 8.57001903 127 89 50
-2.27061949 -2.29247288 8.49533122 166 132 98
-2.23026826 -2.21529704 8.43445181 0 0 0
-2.28669376 -1.52698586 8.71093115 112 95 72
-2.24596496 -1.52571347 8.65967449 99 82 59
-2.24310374 -1.49172035 8.65409501 196 183 184
-2.19178629 -1.54352991 8.57376439 104 87 61
-2.14461359 -1.62685147 8.53498249 72 43 15
-2.07980862 -1.76028469 8.35578209 153 126 96
-2.14738782 -1.42400196 8.59936792 188 181 175
-1.96657956 -2.01077957 8.35077316 145 112 76
-1.95379545 -2.40349414 8.60178706 104 60 22
-2.00177685 -1.67235568 8.46661662 59 33 6
-2.11354584 -1.26273217 8.83739675 192 184 174
-1.93230964 -1.98391228 8.41291992 78 46 18
-1.93230964 -1.98391228 8.41291992 78 46 18
-2.00825045 -1.45538773 8.60181997 151 127 98
-1.83002162 -2.43275951 8.66399595 117 76 32
-1.80618668 -2.31813275 8.51417164 133 87 47
-1.80724260 -2.25808624 8.51266516 127 85 45
-2.53530918 -2.67893900 12.57707940 191 182 173
-1.78239174 -2.31184820 8.54331257 170 129 90
-1.78065841 -2.45829035 8.67610831 127 86 44
-1.74477660 -2.23792539 8.54839024 174 132 93
-1.72853283 -2.43107007 8.69476933 183 139 97
-1.70660457 -2.21332732 8.53836659 168 125 91
-1.72449586 -2.02438925 8.52817600 159 119 78
-1.67782074 -2.11046124 8.55238410 80 45 9
-1.63454744 -2.32250250 8.51894059 165 124 93
-1.76785357 -1.16575365 8.79589494 108 82 56
-1.75131413 -1.22050980 8.74980820 77 52 24
-1.58970068 -1.91770973 8.50277902 169 133 102
-1.51893032 -2.32010652 8.58638822 116 77 36
-1.57041233 -1.56155091 8.58065138 131 101 75
-1.49215066 -2.27607769 8.58953689 163 126 84
-1.56119009 -1.29760958 8.66028524 153 126 95
-1.48482256 -1.80264590 8.61002354 138 98 59
-1.55172776 -1.25167421 8.73312266 67 43 17
-1.46479532 -1.73869863 8.56679021 102 67 22
-1.43348536 -1.33711104 8.64466228 154 128 97
-1.33269204 -2.42463768 8.69492479 127 85 46
-1.36475662 -1.37438831 8.65285139 151 127 99
-1.27885547 -2.02002448 8.60118272 120 92 56
-1.26821956 -2.04394478 8.61884890 103 70 37
-1.42333105 -0.95059152 9.03413355 123 108 88
-1.37612910 -1.06903799 8.91525375 82 56 22
-1.24285691 -1.83198866 8.59066902 193 159 117
-1.19528593 -1.93207808 8.71204240 160 119 77
-1.22839352 -1.43493759 8.67091288 145 116 87
-1.17408351 -2.67061024 9.02681101 113 69 24
-1.16610644 -2.19031601 8.69167759 120 77 34
-1.25846734 -1.20051730 8.77229945 140 116 81
-1.19944246 -1.41635865 8.76463446 126 100 74
-1.13176344 -1.74720861 8.70713428 129 100 66
-1.12944322 -1.64187483 8.67009468 158 125 84
-1.08880963 -1.75779034 8.72670342 130 101 71
-1.01179507 -2.07966012 8.72568317 67 36 10
-0.98469486 -2.50281554 8.88351212 175 133 95
-1.31524284 0.02939970 11.03830113 188 178 176
-0.92164556 -2.06192015 8.79743970 168 124 82
-0.95430870 -1.52656390 8.77145098 153 124 91
-0.90699307 -1.69907600 8.81505313 160 124 88
-0.88712522 -1.90902505 8.75093241 92 57 23
-0.86159164 -2.44935230 8.91878712 173 130 88
-0.89879946 -1.52487880 8.81321671 140 113 84
-0.87796981 -1.78553048 8.82718123 70 40 0
-0.90303288 -1.30024198 8.83110477 160 130 100
-0.82731641 -1.58904625 8.76362254 147 117 84
-0.73751142 -1.64531925 8.74952180 92 61 32
-1.55308198 1.94247191 15.38156969 198 187 195
-0.72884246 -3.35802422 10.32385993 89 54 32
-0.72884246 -3.35802422 10.32385993 89 54 32
-0.68208531 -1.91582260 8.88231552 140 106 75
-0.66338187 -1.61936619 8.80980775 157 132 101
-0.86439281 -0.34621202 10.39286834 101 76 52
-0.74437340 -0.90841645 9.37433092 90 64 42
-0.63426393 -3.49829365 10.28922200 184 179 157
-0.60613200 -2.19940968 8.95660192 1 1 1
-0.58275000 -2.58483983 9.10444337 160 122 85
-0.62346701 -3.34594552 10.27881270 160 126 91
-1.01486360 1.87761902 11.86374677 138 143 157
-1.01486360 1.87761902 11.86374677 138 143 157
-0.58142607 -1.85130462 9.03389908 167 125 82
-0.56491126 -1.65987948 8.81871996 121 89 58
-0.71265972 -0.40628146 9.95727412 124 99 72
-0.56521570 -3.37903739 10.42427006 141 112 78
-0.52529784 -2.38157441 9.04414342 129 98 64
-0.50894784 -2.58758593 9.04911360 84 52 13
-0.50894784 -2.58758593 9.04911360 84 52 13
-0.62861985 -0.91255344 9.51655460 140 114 79
-0.56507479 -1.15957298 9.03511181 154 125 92
-0.69613343 0.03993884 10.06705195 146 120 97
-0.52568978 -3.32900567 10.39562951 157 124 92
-0.55834570 -0.91135376 9.45119062 151 124 95
-0.42953342 -2.63757037 9.08925622 91 55 14
-0.54508578 -0.82873477 9.54390791 86 56 34
-0.40663790 -2.76205953 9.15874089 128 89 50
-0.46451945 -3.32012589 10.54512717 194 184 172
-0.44184071 -1.61609031 8.92720650 158 123 83
-0.38467875 -2.66078870 9.09092503 79 48 2
-0.37506559 -2.51072628 9.04158284 167 128 94
-0.39714262 -1.64136393 8.94105719 146 111 73
-0.34632692 -2.80140525 9.15231330 124 82 39
-0.37256485 -1.84885925 8.92239372 148 109 71
-0.39141700 -1.23562558 9.12100139 142 112 81
-0.29257323 -2.78446854 9.16802298 175 135 98
-0.46320479 0.17181649 9.91971689 142 113 85
-0.31657716 -1.87561045 8.89627314 150 112 75
-0.28048021 -2.97542810 9.33405849 128 83 36
-0.30533719 -1.51775947 9.01663105 137 104 69
-0.29948447 -0.77912561 9.68384608 67 40 22
-0.19325351 -3.21949000 10.08972710 151 126 98
-0.30295089 0.02585848 9.70361791 81 46 18
-0.31458752 0.22943038 9.93899252 81 46 14
-0.19473688 -1.70673736 9.11276327 146 105 67
-0.21715690 -1.19512846 9.20038219 53 30 6
-0.22204844 -0.96380306 9.44816690 90 60 32
-0.24489582 -0.67143351 9.87263776 65 38 10
-0.11978843 -3.14185919 9.68637038 196 162 128
-0.11344972 -2.21287421 9.04640534 77 46 15
-0.23505770 0.34544769 9.91263172 133 106 77
-0.11813818 -1.74110160 9.07328890 139 104 66
-0.23967250 0.70374238 10.12565769 94 59 29
-0.11537727 -1.55923933 9.08234593 109 80 50
-0.19186454 0.39630506 9.80026935 143 115 85
-0.19186454 0.39630506 9.80026935 143 115 85
-0.09724539 -1.00978068 9.40953332 88 65 33
-0.05597869 -0.31369129 9.76946917 127 102 70
-0.00617679 -1.11786421 9.33988790 117 91 67
-0.05361755 0.25570994 9.84148751 136 109 79
0.06511473 -2.32854111 9.12336070 77 46 19
0.02245495 -0.92175501 9.56197779 118 92 68
0.11145680 -2.67536761 9.24305239 154 118 82
0.11750838 -2.89687295 9.33461851 115 74 42
0.09635563 -1.70798471 9.11823218 134 103 72
0.08706850 -1.25705341 9.42495251 20 5 0
0.09785681 -1.51612510 9.34364392 77 55 29
0.06176067 0.92099381 10.09253517 102 73 39
0.08712137 0.57816846 9.94089213 54 28 2
0.10739527 0.46152615 9.87569774 108 80 49
0.11147473 1.12018071 10.26425063 140 110 75
0.20024658 -1.93108725 9.27347230 5 1 0
0.22097786 -2.06928603 9.23251987 160 129 97
0.21435614 -1.58763563 8.57583641 143 113 74
0.21704014 1.11288992 10.24148313 109 77 38
0.22515243 0.75625292 10.03212198 158 130 100
0.28212219 -2.16658789 9.26102507 73 38 17
0.28236488 -2.16576675 9.05436083 84 53 32
0.21225418 0.96662933 10.08265558 164 131 94
0.32810123 -2.79366840 9.35739564 21 8 2
0.27550372 1.00980501 10.10618323 117 87 54
0.35544050 -2.91219487 9.46416618 177 146 116
0.35381121 -2.21419505 8.83250015 154 115 76
0.35459591 -1.01578771 8.58995065 203 170 138
0.40510533 -2.39300258 9.17580589 151 108 70
0.37672744 1.24546009 10.37433517 163 136 107
0.39421694 -0.86158207 8.65343124 92 63 27
0.40190009 -1.20643637 8.69825865 107 75 37
0.40227439 -0.77377937 8.73343647 173 145 113
0.41448903 -1.25702927 8.66499216 102 74 34
0.41448903 -1.25702927 8.66499216 102 74 34
0.43007613 -1.80862288 8.83297841 177 140 104
0.42368712 1.23421204 10.29870906 78 57 36
0.48986465 -2.18134654 8.90621349 173 134 101
0.48238081 1.02551648 10.21858176 97 69 32
0.49815868 0.17858664 9.93096305 144 117 88
0.51765323 0.07637221 10.11628290 81 58 27
0.50708467 -1.18311051 8.84101975 187 154 123
0.52037913 -1.59569338 8.69779400 141 102 64
0.56511579 0.90880542 10.19295692 161 125 96
0.57788274 2.23334862 10.75834841 155 127 97
0.61419704 0.09184979 9.97032147 104 74 40
0.60590941 -1.19848695 9.05267393 188 155 121
0.67964923 1.64013440 10.80935842 97 70 40
0.63348305 -0.82984624 9.12022160 179 146 113
0.65757756 -2.16054596 9.15791046 104 67 37
0.65859121 -0.70614066 9.33720399 114 82 46
0.65766313 -1.54906172 9.07430765 175 143 105
0.70749950 2.31263841 10.80474478 172 131 91
0.67011992 -0.64752531 9.37533325 197 167 129
0.67011992 -0.64752531 9.37533325 197 167 129
0.75672473 1.36660056 10.71577035 163 133 100
0.78968480 1.47957301 10.79814718 49 26 0
0.83427151 1.36241719 10.71990915 156 123 91
0.83439921 0.20697775 10.23781296 68 42 20
0.83563502 -2.45522940 9.84803775 158 127 99
0.86845256 1.11135549 10.56485670 150 121 86
0.89826411 2.49002610 10.77275017 194 178 165
0.82697103 -1.03247281 9.50372213 119 88 50
0.82697103 -1.03247281 9.50372213 119 88 50
0.86736738 0.05242129 10.09449040 177 141 107
0.92096001 2.32269205 10.78241670 183 150 116
0.90756771 0.82649707 10.35625353 172 137 105
0.95602828 2.22451657 10.81280358 168 130 95
0.96395308 2.40436157 10.84664021 87 66 46
0.88882468 -1.26524711 9.59459275 173 142 111
0.88882468 -1.26524711 9.59459275 173 142 111
0.92727182 0.31718861 10.20302046 194 161 128
0.94359836 -0.20880045 10.36152435 168 134 106
0.96038377 1.06763923 10.56371311 145 113 83
0.97744842 1.54680163 10.89106338 111 87 51
0.96724270 0.84176883 10.44139155 173 139 109
0.95930875 -0.15558544 10.33648557 98 64 28
0.98681886 1.24018683 10.69942694 159 127 88
1.00654178 1.34533285 10.71986967 167 137 102
0.96128557 -0.74829164 9.82657497 178 149 109
1.03173320 2.42378811 10.82548308 192 171 154
0.98893654 -0.84622296 9.74575382 188 153 123
1.00137515 -1.69911596 9.86746237 134 100 63
1.06895198 0.71008525 10.45356553 158 124 90
1.02716985 -1.34725325 9.93737926 193 157 121
1.12657863 2.36042035 11.00487869 169 130 99
1.07016211 -0.06907635 10.23206718 188 155 117
1.17392595 2.52586235 11.08814317 190 169 154
1.24952837 1.19913583 10.83344667 176 141 103
1.56983173 -1.19187188 14.94106840 197 195 196
1.28303884 -0.34954866 10.76231351 113 74 32
1.28303884 -0.34954866 10.76231351 113 74 32
1.32488622 0.61204310 10.64422326 91 64 32
1.32488622 0.61204310 10.64422326 91 64 32
1.35011281 -0.73422570 11.09574026 122 88 43
1.40512466 1.90454117 11.07312231 165 132 100
1.34687351 -0.08744737 10.63309897 132 97 55
1.39248463 0.64282595 10.68978973 182 146 110
1.42521520 1.02198378 10.87220847 157 129 97
1.41636497 0.13309314 10.61397689 187 150 120
1.46100554 0.77120129 10.94837561 139 103 66
1.49006103 1.32693289 10.98878728 169 134 102
1.53593420 0.59307460 10.78356650 173 137 97
1.52326017 0.39798448 10.70746172 172 138 101
1.55225731 0.11466391 10.82236267 188 151 119
1.63227098 0.69719386 10.90225890 164 135 95
1.72322113 -1.05606957 12.12096168 125 82 39
1.69921153 0.50816154 10.96174906 174 139 101
1.69721738 0.30033763 10.91727651 180 145 107
1.68734442 0.39629052 10.87037074 83 55 31
1.74060261 0.25610934 10.80145636 172 136 100
1.95433682 0.93577894 11.45843909 172 145 115
2.00029403 -0.28051850 11.69175143 99 65 14
2.00904581 0.36325183 11.38429008 92 61 30
2.05883727 -0.67487788 11.73769898 97 62 24
2.12299333 0.57591726 11.56051364 174 142 104
2.10824072 0.58364088 11.42349882 98 74 37
2.15054212 0.89568175 11.61437906 138 118 98
2.15050477 0.01419093 11.74685574 88 55 11
2.44292656 -1.69149945 13.65953635 142 115 87
2.29278661 0.21103260 11.79335574 180 143 103
2.34493707 -0.72183372 11.94824553 112 80 33
2.55818812 1.13845588 12.72096297 157 134 110
2.56967059 1.09154678 12.49754881 82 70 55
2.46027330 -0.36532739 12.08630572 106 69 23
2.53103528 -0.83817573 12.39052587 179 146 105
2.74140720 1.05987097 12.78453405 161 137 109
2.73333379 0.62147182 12.51680399 101 73 41
2.73333379 0.62147182 12.51680399 101 73 41
2.79456480 0.96294306 12.68790551 156 133 109
2.65290022 -0.49843520 12.05701690 112 73 34
2.76821013 0.10158383 12.35071667 159 121 82
2.75695993 -0.74796733 12.49386815 117 79 34
2.91591822 0.18396643 12.54291214 168 134 95
2.94205704 0.66635229 12.46486208 120 99 62
3.14760597 -1.85213311 13.94074326 141 97 60
3.41719037 -2.62081341 15.41757657 190 180 165
3.17171458 0.34733797 12.69061563 173 141 103
3.49156339 -2.64572682 15.23682818 127 101 68
3.14607429 -0.20340411 12.57226619 100 67 24
3.40457191 0.54060776 13.07017012 171 145 112
3.40457191 0.54060776 13.07017012 171 145 112
3.52969276 0.77123114 13.38352086 153 123 92
3.54215839 0.89301094 13.39695184 48 29 15
3.38112331 0.44122525 12.71600947 117 87 57
3.47591405 -2.09176668 13.95037183 147 105 66
3.85568165 -2.21062959 15.56799965 201 190 184
3.42209624 -0.14903614 12.69920679 188 150 113
3.42209624 -0.14903614 12.69920679 188 150 113
3.39917100 -0.42424268 12.58606263 166 129 92
3.62091289 -0.46766597 12.71905953 101 69 31
4.02506041 0.60053639 13.67000706 111 85 50
4.11694537 0.84561238 13.84628867 135 100 67
4.00494935 -2.24649926 14.28427106 84 52 20
4.03847462 0.43444649 13.53294024 147 122 89
4.06786942 0.47920636 13.51296166 93 64 29
4.05294427 0.24153957 13.42076610 164 133 99
4.10991862 -2.28314546 14.50467722 151 113 76
4.29017878 1.55869711 13.88842571 160 118 78
4.39634869 1.89707810 14.12726627 192 172 157
4.20198610 -2.28475022 14.51826511 112 77 39
4.39013783 0.80159011 13.85192410 121 91 56
4.39013783 0.80159011 13.85192410 121 91 56
4.59007321 0.31582408 13.75828164 94 64 21
5.02208267 1.33038237 14.45024363 109 81 47
5.00668744 1.01930383 14.16147637 148 125 97
4.94332003 0.02703671 14.20270443 140 110 74
5.14084339 0.91623288 14.42621860 202 200 216
5.22218721 -0.00649888 14.57760199 196 202 218
0.25916585 -1.92868126 8.71204947 146 112 73
0.72357116 0.78514917 10.30720395 71 48 17
3.72980471 -0.09834580 12.98861001 68 45 4
3.34573688 0.10919593 12.70760550 175 141 104
-2.00925603 -1.94178815 8.39853634 71 48 17
-0.49149494 -2.61153313 9.10528951 68 39 8
-0.17246274 -2.53475874 9.04059028 150 119 86
0.65918646 -2.15578609 9.16821261 105 72 29
3.89971125 -1.20397098 13.28081378 105 71 23
4.08663044 -0.40195473 11.58390561 88 63 27
-1.95266055 -1.90214418 8.39670451 124 90 53
-1.55502650 -2.34207998 8.57012772 155 117 78
-0.66979284 -2.30948749 8.94833407 153 120 79
-0.53590532 -2.31123203 8.99793699 0 0 0
-0.16892375 -0.08777314 9.85394115 70 43 11
-0.13794085 -2.23399464 9.05256283 135 103 71
-0.13794085 -2.23399464 9.05256283 135 103 71
0.22154649 -2.06638404 9.22811755 146 115 86
0.25323391 -1.41276591 8.59463285 157 122 78
2.90377284 0.29286117 12.34697475 156 123 88
3.82418747 -2.56234890 15.15065309 118 86 45
3.95375585 -2.36825876 15.47479066 120 91 59
4.63554694 -1.82616231 14.34430976 187 180 163
-2.07002342 -2.14001425 8.38218727 109 74 41
-1.79591558 -2.12504276 8.45814534 157 120 78
-1.71798529 -2.09158521 8.51990344 65 40 2
-1.56954730 -2.30645874 8.57578551 126 86 50
-1.45985843 -2.38262743 8.64787268 123 81 43
-1.30397904 -2.53666295 8.80028997 134 92 51
-1.13344305 -2.12495211 8.63880357 169 129 93
-1.40848983 2.45217041 10.82911331 200 187 179
-1.40848983 2.45217041 10.82911331 200 187 179
-0.87333711 -2.52479002 8.98861632 190 147 111
-0.82354877 -1.94829250 8.72914468 154 119 82
-0.75311010 -1.72664463 8.80148536 172 133 99
-0.76569488 -1.32817304 8.90806812 149 116 88
-0.50393358 -2.36810876 9.03473690 121 89 60
-0.41996039 -2.00323285 8.97780296 68 40 11
-0.50864808 -0.22954085 9.88877180 125 96 66
-0.17346774 -2.90802583 9.26709963 129 88 44
-0.19955966 -0.46988419 9.80648030 100 73 44
-0.16891781 -0.32691592 9.77062712 125 96 66
-0.15018546 -0.30842785 9.77408097 135 104 78
-0.07857480 -0.08267723 9.81160428 84 57 28
0.05095071 -2.23889247 9.18113070 85 55 31
0.05095071 -2.23889247 9.18113070 85 55 31
-0.03639650 0.61092909 9.85962664 85 55 27
0.26453968 -0.80556459 8.63594210 80 53 23
0.34354758 -1.79527357 8.64607985 169 135 96
0.38664459 -2.63156131 9.16996650 59 29 6
0.38915181 -2.48030489 9.05683777 156 120 87
0.50588703 -1.20657577 8.76867436 187 154 123
0.75699434 0.26384200 10.14036759 176 136 97
0.79961867 1.25354955 10.65394216 110 81 49
0.91954379 2.28970282 10.96036212 161 123 82
1.20445095 0.71788331 10.57582786 150 120 90
1.34353878 2.10713250 11.15066282 160 123 87
1.34973851 1.15318384 10.86721395 165 130 93
1.52065197 1.62581981 11.16937733 172 142 113
1.61160240 -1.08817544 12.02500252 177 143 110
3.33463503 -0.05870447 12.68633805 173 139 104
3.88760243 0.65155859 13.62635390 146 116 82
4.13301433 -0.03098841 13.28261489 89 62 33
4.44392058 0.23760029 13.68449368 150 114 77
4.50480865 -2.11528288 14.30600143 148 117 81
4.68629169 -0.24833910 13.81250409 104 79 44
3.66883782 -1.09890136 9.86625332 201 200 208
10.13983576 0.98498652 20.37540716 195 195 207
-2.42377022 -2.35462182 8.64425205 157 122 83
-2.27519447 -2.29339335 8.49107178 156 130 105
-2.12946509 -2.24603958 8.48831424 160 122 83
-1.95137299 -2.13541956 8.38244293 184 148 108
-1.93530953 -2.07055530 8.42968463 158 124 87
-1.85950352 -2.11972166 8.42691653 153 117 82
-1.75606959 -2.21288431 8.48244340 170 134 100
-1.75186378 -2.70599391 9.18847365 137 105 69
-1.74799955 -2.73708790 9.21159550 192 185 183
-1.59620906 -2.52027094 8.81394676 95 60 12
-1.59535240 -2.49347958 8.81013563 173 131 91
-1.64672276 -1.60804902 8.47450789 117 84 56
-1.49795869 -2.42675336 8.70399305 116 75 36
-1.31327421 -2.31667539 8.71164270 183 144 103
-1.28625275 -2.34755920 8.75460454 176 139 100
-1.29980438 -1.56166331 8.70365298 148 114 77
-1.27156635 -1.64585072 8.66038081 45 25 0
-1.27156635 -1.64585072 8.66038081 45 25 0
-1.15833153 -2.57387178 8.87431282 132 93 54
-1.15833153 -2.57387178 8.87431282 132 93 54
-1.19208645 -1.51734046 8.66034968 177 148 118
-1.09078813 -2.36846609 8.83711084 79 49 11
-1.13206453 -1.47184359 8.71342595 135 106 77
-0.95976694 -2.61557237 8.98151287 127 88 47
-0.95719576 -2.48822899 8.93399623 180 141 100
-0.93300557 -2.44319772 8.89593292 86 53 10
-0.90586568 -2.10832912 8.82895230 63 36 1
-0.88241627 -1.85917824 8.74876513 148 119 85
-0.85016484 -2.00901726 8.77732198 109 73 31
-0.81326192 -3.40717146 10.72698776 141 115 92
-0.68196203 -2.13682574 8.91322226 113 79 36
-0.63650760 -2.61038857 9.13106051 160 121 80
-0.59174398 -2.30487788 9.01923430 6 1 0
-0.78661607 -0.17324648 10.26261337 80 55 30
-0.52869997 -1.88800400 8.93582038 155 116 77
-0.51510946 -1.32149621 9.03090298 58 32 15
-0.47155939 -1.10771302 9.16650368 91 67 32
-0.41703603 -1.72995629 8.93828272 112 85 56
-0.63980126 2.37590989 10.63087289 114 105 98
-0.30034334 -2.10685603 8.97587249 138 106 67
-0.26783418 -2.80487482 9.19921768 108 71 29
-0.29716881 -1.65800798 9.01100247 147 111 75
-0.24053290 -2.23153233 8.99153472 159 129 92
-0.21936146 -2.82424185 9.20252661 104 66 26
-0.10754356 -2.04454428 9.15946222 154 112 75
-0.25734219 1.00910483 10.38115489 158 134 112
-0.13733197 -0.80952116 9.64139277 44 20 0
-0.13780903 -0.70407361 9.70053179 115 88 61
0.00154665 -2.48302690 9.19482344 61 33 2
0.00166416 -2.43426074 9.19203008 152 111 75
0.08702070 -2.44341975 9.23500763 140 101 61
0.01425689 -0.59282789 9.74813317 115 89 62
-0.00364006 0.54775690 9.95153081 144 117 90
0.20872631 -2.70323478 9.27832779 88 62 30
0.21205012 -2.55817308 9.35814834 156 117 81
0.23023325 -2.29790753 9.29824343 56 31 7
0.24157087 -2.23181777 9.28634388 134 96 60
0.23199232 -1.84198338 8.65524273 167 134 100
0.26381828 -2.31622783 9.32965277 27 11 1
0.27689345 -2.27057865 9.36630407 118 83 44
0.30161931 -2.30783359 8.96341911 67 41 13
0.41068834 -2.59703643 9.18286706 146 111 74
0.54685539 0.48314900 10.06382691 171 141 113
0.78363154 0.41782894 10.17689642 192 161 130
0.78949557 -1.05590931 9.40647748 172 143 112
0.84945455 0.91678248 10.44638496 173 141 113
0.94940227 1.46834013 10.92072873 163 134 103
0.95138052 1.92583546 11.06902778 140 105 68
0.89614644 -0.60602960 9.82888338 77 54 24
0.93082002 0.16084373 10.29113417 80 51 17
0.93342873 0.08018850 10.27024168 170 137 106
0.99788643 -1.74770333 11.34428410 155 122 89
0.98177270 2.29749913 11.03543313 75 45 12
0.98177270 2.29749913 11.03543313 75 45 12
0.96960956 0.13255305 10.30616884 80 52 21
0.98433594 0.03796558 10.26256981 175 142 111
1.03379626 0.36367420 10.41903667 180 150 123
1.02209164 -1.37105830 9.86822197 178 144 109
1.15699779 2.07160423 11.03990383 154 116 82
1.20431987 -1.39656617 12.08300363 145 114 78
1.22191689 2.53741645 11.21561370 128 101 78
1.28068034 2.49834988 11.21703890 137 106 84
1.23215719 0.83188674 10.63431386 187 156 125
1.30733531 0.21171013 10.56242240 170 135 103
1.63978205 -1.05530139 11.97736897 120 77 35
1.59059333 0.82702217 10.92781043 76 51 21
1.56864683 0.04211481 10.85520039 131 96 65
1.56864683 0.04211481 10.85520039 131 96 65
1.73191906 -1.24753762 12.52451460 115 79 32
1.71586735 -0.79450006 11.66077284 117 80 44
1.75627108 0.67102426 11.04454485 177 144 110
1.78843237 -0.51253654 11.55211132 102 69 28
1.78843237 -0.51253654 11.55211132 102 69 28
1.81032794 0.36124722 11.11506570 167 135 102
1.85568988 -0.29174011 11.31663047 105 67 23
2.19940315 -1.27371728 12.65977883 123 88 48
2.37663801 -1.22793161 12.67133781 182 144 105
2.46126356 -0.96412296 12.47275339 119 81 44
2.57669814 0.41289707 12.02149507 177 146 117
2.60437614 0.17069531 12.09513733 155 127 99
2.64605063 0.23270130 12.14907634 69 48 15
3.23526443 -2.85757137 16.04916023 186 178 168
2.77903767 -0.20803621 12.18415149 152 118 83
2.98524134 -0.31770767 12.33943217 161 131 95
3.14285531 -0.20896041 12.55687891 87 54 10
3.30803911 -0.61706135 12.71064256 96 63 20
3.76890223 -2.62637939 15.28070305 113 76 28
3.92558413 1.63789685 14.24940839 116 87 61
3.53940679 0.09084739 12.75638902 181 149 119
3.55165860 -0.46649074 12.80009749 159 123 89
4.04246712 1.63055524 13.96685006 152 118 90
4.17915454 1.48192585 13.88074457 77 47 13
4.17915454 1.48192585 13.88074457 77 47 13
4.34719764 -2.48741958 15.61578383 184 180 171
3.96650988 -0.64959079 13.08578462 158 126 88
4.39762172 1.85103511 13.74631220 189 177 165
4.45134814 0.91607178 13.87031935 155 115 78
4.29041790 0.04655943 13.45721294 165 135 100
4.19598720 -1.06438903 13.26954337 102 68 30
4.66662771 1.74337717 14.01391753 102 79 54
4.30582018 -2.11542285 14.04568618 101 70 26
4.30582018 -2.11542285 14.04568618 101 70 26
4.45112274 -2.10313922 14.36698646 134 103 60
4.40841263 -0.63379045 13.29105823 174 141 106
4.86765917 1.23366544 14.09116558 118 84 52
4.95622177 1.49595415 14.13104133 197 196 209
4.74892707 -0.11296449 13.92750308 158 128 101
4.89050423 0.87321898 14.09150108 98 67 34
4.82826378 -1.29393225 14.27527278 199 205 219
5.18236578 1.32064305 13.93663807 195 194 203
6.21996418 0.73383832 17.43023409 195 200 219
1.43050984 1.73509536 11.16628649 65 39 2
-2.26159707 -1.90641405 8.73878392 4 2 0
-0.10295443 -0.28492307 9.80539011 106 79 50
-0.41091166 -2.37950864 9.01686401 86 57 14
-0.31611398 -2.71756232 9.12276466 174 142 97
0.41739098 -2.74576713 9.29878592 139 102 55
0.53506508 0.70069688 10.15004626 164 132 94
4.01393080 1.58954655 13.89455687 145 110 72
4.46302837 0.86945751 13.87682567 89 56 22
-1.93893929 -1.50008357 8.54939025 147 120 91
0.05707457 -1.80589965 9.16262160 143 105 75
0.42702903 0.51862210 10.02289840 166 135 106
0.84923446 2.23046774 10.99337393 88 52 5
2.33213673 -1.02450976 12.31825278 175 141 103
4.22403693 0.82586539 13.85390201 139 106 75
-11.95841237 0.17026974 17.37002485 158 155 162
-2.39005067 -2.43127752 8.86945323 145 107 68
-2.25216351 -2.53487447 8.94114915 140 108 81
-2.06268728 -2.17989199 8.38751878 178 145 114
-1.62296976 -1.49100424 8.58731661 40 20 1
-1.48764521 -2.40169102 8.64867020 166 128 91
-0.61900951 -2.32499107 8.95330574 148 124 98
-0.26486833 1.02442172 10.54724660 115 86 54
0.72633933 0.92655388 10.36478201 174 141 114
0.88841505 2.53111965 11.01873628 80 65 44
3.78247468 -2.23022752 14.38282795 188 181 173
4.37163252 0.94516256 13.91065941 153 111 76
4.64887461 -1.57445203 14.07583253 197 200 215
9.67539806 0.72082531 18.99756772 191 190 204
-9.97763012 -0.99162965 21.35262955 170 177 203
-2.50625924 -2.45023387 8.80929151 196 188 186
-2.48410475 -1.83203796 8.55308218 187 182 177
-2.25676449 -2.33522150 8.50993934 171 136 99
-2.74006489 -0.45190849 9.57652357 186 181 185
-2.17491032 -2.17780243 8.40876045 0 1 2
-2.18788048 -2.55979227 8.93636917 135 99 63
-2.17398500 -1.79655986 8.41867570 181 158 128
-2.13741161 -2.55624466 9.04129169 140 111 84
-3.12733816 1.77715834 10.73825707 129 130 139
-1.95708763 -2.42888116 8.63732566 159 121 84
-1.87043846 -2.01389776 8.47193659 71 39 2
-1.87043846 -2.01389776 8.47193659 71 39 2
-1.82302251 -2.21788485 8.48280837 181 140 99
-1.84550482 -1.80932214 8.43358238 145 112 83
-1.78049467 -2.31566160 8.50887412 173 133 97
-1.80361191 -2.01818032 8.44343699 162 120 80
-1.66719561 -2.18005802 8.50637223 149 114 74
-1.69685828 -1.84777050 8.44088485 183 150 119
-1.62923208 -1.59872110 8.55232691 188 154 127
-1.61563541 -1.57849759 8.54071278 166 135 107
-1.54834744 -2.18814199 8.61164996 66 42 13
-1.52214714 -2.40526054 8.64098895 127 88 49
-1.49100222 -2.39964728 8.65228403 174 135 96
-1.50152681 -1.94755324 8.37700478 65 34 2
-1.50152681 -1.94755324 8.37700478 65 34 2
-1.43887994 -1.49018294 8.64013808 176 142 110
-1.37215570 -1.70385553 8.55758104 182 150 122
-1.25445309 -2.42203129 8.74327371 132 93 54
-1.30515662 -1.36372230 8.68092010 73 50 25
-1.18764639 -2.05395513 8.64017802 133 100 66
-1.23407538 -1.45226148 8.64318623 154 130 102
-1.17456511 -1.84222166 8.49474713 132 100 63
-1.22709204 -1.36657035 8.73864718 73 48 17
-1.09335325 -2.41692294 8.80928777 177 138 94
-0.78903875 -2.50768855 8.97478823 101 57 14
-0.80187801 -1.77252620 8.75795722 167 128 91
-0.83059736 -1.35053334 8.91141713 168 139 108
-0.74621735 -2.12774164 8.89369169 166 124 80
-0.73608371 -1.36844897 8.93204867 146 115 89
-0.66610848 -3.29237608 10.34096708 174 146 123
-1.10010763 2.15103381 12.32913428 140 147 165
-0.58715244 -1.92353744 8.92513121 72 43 14
-0.58715244 -1.92353744 8.92513121 72 43 14
-0.55238382 -2.68756743 9.14169600 172 137 97
-0.53220975 -2.55970879 9.09050614 68 37 2
-0.51215840 -2.21583259 8.99621533 194 180 177
-0.46273100 -2.58289489 9.05814488 104 65 22
-0.49945474 -1.64176516 8.91198777 54 29 1
-0.49816581 -0.82641347 9.43045000 66 40 13
-0.38263041 -1.93252025 8.96577297 168 128 91
-0.32097691 -3.25659895 9.96263290 132 98 69
-0.32552923 -2.05052316 8.98090429 73 41 10
-0.44366684 0.84087166 10.53559568 147 120 95
-0.29103988 -0.37507396 9.85164014 65 39 12
-0.11664789 -3.01747648 9.47017479 108 70 25
-0.31927649 0.96733183 10.40942008 158 128 106
-0.12141853 -2.43778282 9.09393930 67 37 1
-0.15604279 -1.16770270 9.27308547 64 43 23
-0.10219569 -2.35079813 9.03109707 149 109 72
-0.10219569 -2.35079813 9.03109707 149 109 72
-0.11188566 -0.46107438 9.81189137 55 33 10
-0.08653962 -0.50484869 9.72254572 57 35 12
-0.00331762 -1.89050740 9.09044328 120 94 67
0.04255133 -1.96519805 9.08608058 100 68 37
-0.02796492 1.04077779 10.22408293 168 138 108
0.10368502 -1.54703877 9.25266151 78 57 35
0.10368502 -1.54703877 9.25266151 78 57 35
-0.01658141 2.48579550 10.74195681 194 181 172
0.11487708 -1.30166998 9.33194129 38 21 4
0.13577597 -1.84804421 9.15890398 146 111 78
0.15482892 -1.85692198 9.22300781 126 92 66
0.19451638 -3.00947094 9.42125169 135 101 66
0.21358086 -1.23066942 8.52810586 186 158 128
0.25363807 -2.98531785 9.47352278 185 151 118
0.25656091 -2.05326203 9.20814044 29 11 0
0.25656091 -2.05326203 9.20814044 29 11 0
0.26991470 -2.12965792 9.16214655 44 24 2
0.32545839 -2.97859332 10.03126347 170 147 113
0.29584001 -1.81972266 8.60384501 137 99 62
0.28449236 -0.94377148 8.57954856 133 103 71
0.29887816 -0.89302282 8.57929286 168 142 115
0.24739883 2.56857162 10.61578267 187 174 166
0.30685957 -1.18226042 8.55260888 171 140 111
0.30384045 -0.98311290 8.57206935 206 174 141
0.33438730 -0.79705296 8.65845893 92 63 33
0.39130307 -2.94224876 9.76231410 177 153 121
0.37118435 -1.30909457 8.51018424 187 158 128
0.38897563 -1.81525527 8.66592135 192 157 126
0.38897563 -1.81525527 8.66592135 192 157 126
0.41364416 -2.90037474 9.42720929 109 71 28
0.44024861 -2.91587739 9.49802650 180 150 120
0.41179711 2.51544559 10.93911868 196 181 174
0.45043809 2.52512848 11.20641406 164 152 140
0.52451663 -2.26151358 8.85985656 166 135 107
0.55481434 2.15834904 11.10554597 148 115 88
0.60306670 0.82356686 10.25188001 84 57 27
0.67209968 2.41003540 11.05140566 154 122 91
0.65769554 0.90318365 10.28469466 176 142 114
0.65043536 -2.02585505 9.06356370 179 145 110
0.72980766 0.91766872 10.35353780 181 149 120
1.08262105 2.52409961 11.10494908 95 68 51
1.07095773 1.32192768 10.84541741 187 152 123
1.15149375 2.02043575 11.06732676 88 51 17
1.14717230 0.80236336 10.57318368 187 154 123
1.19808712 1.95488637 11.06269438 155 121 89
1.22814509 1.56356091 11.05078780 98 68 34
1.27398449 -0.11698794 10.58752274 177 145 109
1.39535465 1.50626645 11.05993656 94 64 29
1.33079446 -0.13734352 10.66738575 172 139 106
1.45075873 -1.31733747 12.71914503 144 113 83
1.40069574 -0.77214107 11.17550134 137 99 54
1.51643282 2.13309545 11.39560106 148 117 88
1.48381935 1.45072981 11.06481114 86 59 30
1.43553770 0.81155780 10.71497189 106 77 50
1.62901107 1.80111133 11.44553722 134 108 85
1.56207865 0.97202292 10.86049826 104 73 44
1.70042550 -1.34747212 12.81827508 123 89 54
1.76063026 -1.33146864 13.34122190 144 113 84
1.70472241 -1.35034388 12.64885337 180 146 117
1.58363695 0.92511163 10.54982669 132 107 81
1.68909428 0.71392783 10.99738728 184 154 120
1.82066532 -0.67957153 11.73759802 182 148 113
2.16545262 0.63249803 11.60298311 113 86 59
2.37903134 -0.96011297 12.30784121 137 93 47
2.45152326 0.61711453 12.05482472 110 83 55
2.78130047 1.03716322 12.74520589 162 136 113
2.78416570 -1.80984548 14.02087738 137 102 65
3.05423777 3.00599975 13.25974577 170 153 146
2.87262657 0.24126790 12.25313198 172 136 102
3.36097046 -3.08511071 15.98206146 128 91 55
3.34307012 -3.03093681 15.53151955 156 122 87
3.37765717 -2.93901720 15.36697128 175 145 112
3.16877417 -0.49625083 12.31784334 165 129 93
3.40505615 -2.04655109 14.00844644 138 99 60
3.47695608 0.44494403 13.10290435 129 99 67
3.81674224 1.41024121 14.01756244 83 50 15
3.81674224 1.41024121 14.01756244 83 50 15
3.89355025 0.94013336 13.76786334 77 49 20
3.68358717 -2.20324478 14.00009062 139 109 71
3.91446601 -2.33668076 14.07372597 90 59 28
4.10997213 0.11252227 13.30877473 159 129 103
4.34376284 0.23858184 13.59828997 156 123 90
4.47881352 0.55306253 13.71361605 173 138 108
4.51020687 0.69984182 13.73626532 147 114 86
4.29524590 -2.25025701 14.12009179 128 95 54
4.85065041 0.83620595 13.96449689 143 108 78
4.59778102 -1.44157500 14.06295389 140 110 74
4.52957136 -1.23194915 13.59666695 153 121 90
4.88181783 0.55366233 13.95819781 146 112 79
4.72929873 -0.45116767 13.74256549 154 125 95
4.97886293 0.37182307 14.25632863 154 125 95
8.04955967 -0.91673158 19.63708447 255 255 255
14.40872337 -1.67246843 25.05772949 143 138 108
13.44350312 -1.20489167 19.93264184 35 37 23
15.66788127 -2.96381684 20.26634018 108 109 104
0.15075389 -1.03950695 9.39046286 82 59 36
5.24209198 1.02741626 14.73690660 202 201 213
-2.56733201 3.19501240 25.26099824 190 182 172
2.91734005 0.65088921 12.49731394 163 134 101
16.68824275 -3.31898868 22.55316298 46 50 37
16.79040133 -3.57319666 22.39604772 50 54 49
-0.29962435 0.05846711 9.78111424 81 46 18
0.54869700 2.01236589 11.05811595 74 47 19
0.54782119 2.25352935 11.12331416 66 44 20
1.23182419 -1.37970688 12.13312892 144 118 84
-2.10051258 -2.19360010 8.38846792 95 65 29
-1.28421579 -2.35064716 8.74473609 176 139 100
-0.36478682 -1.64106699 9.00712243 154 118 82
-0.30437918 -0.02482848 9.79590460 72 44 15
-0.30742330 0.97904504 10.33726291 77 65 54
0.12851168 -1.01108326 8.64758789 31 15 0
0.24315196 -1.88960543 8.70755472 57 35 6
0.30156159 -0.98695640 8.57126017 207 174 140
0.55654915 -2.34084678 9.01553802 114 79 40
1.24266696 0.73178724 10.62489071 167 137 107
-11.77970463 0.03568677 17.01254517 162 156 160
-2.06191887 -1.61708250 8.52389648 70 45 15
-1.92990391 -1.74508531 8.43194248 165 135 108
-1.71373448 -1.89270200 8.46892565 197 162 124
-1.39048705 -2.43020962 8.67937861 183 144 108
-1.16106699 -2.19519310 8.66671740 127 84 43
-1.09570578 -2.30977406 8.79150257 182 139 97
-0.90204549 -1.69166056 8.80287305 160 126 90
-0.73316075 -2.37252611 8.89480958 118 79 36
-0.66008759 -3.38633554 10.44615339 154 121 87
-0.54424103 -2.18152824 8.98803155 13 12 11
-0.45741927 -3.27989892 9.80383350 122 90 50
-0.40153521 -3.25376328 9.81078551 185 160 130
-0.64502813 2.49057571 10.77370542 115 106 97
-0.45262964 -0.26358059 9.84790249 97 67 41
-0.23749409 -3.24718608 9.99757220 124 95 62
-0.22224094 -2.83570745 9.17309800 117 80 38
-0.22445726 -0.01643378 9.83555567 142 113 83
0.07131210 -0.87305981 8.86261204 132 105 75
0.07677795 -0.85501740 9.65783952 23 7 1
0.09823536 -1.06335027 8.85020673 36 16 1
0.15599925 -2.11270396 9.24652571 130 91 56
0.14904296 -1.11746631 8.77638804 100 73 43
0.21342650 -1.57399336 8.61915534 153 119 87
0.27956297 -2.28380308 9.33536569 115 85 56
0.26688332 -1.08866359 8.59089651 35 10 2
0.50230224 1.11122077 10.35515691 112 82 53
0.55750393 -2.30645692 9.00509476 177 143 108
0.86608531 2.57084080 10.99177845 172 156 145
0.98013920 1.96817748 11.03724992 91 57 12
0.98013920 1.96817748 11.03724992 91 57 12
1.36654533 1.79969078 11.13582906 170 132 96
3.76679334 1.87457380 14.21384995 195 178 168
3.66971867 -2.26578615 14.35022930 194 190 187
3.77282839 -2.60595148 14.69632772 110 72 26
3.78152696 -2.52621759 14.64624643 163 133 95
4.95771227 0.94360913 14.04718877 148 123 97
5.00582794 0.75068127 14.04692711 199 193 196
-2.43488849 -2.47281613 8.80605150 136 108 79
-2.38244983 -1.85191092 8.47409249 4 2 8
-2.30115410 -2.32505233 8.47007295 4 1 2
-2.14445445 -2.50621313 8.61555614 110 75 37
-2.13156528 -2.17801863 8.37876662 155 130 102
-2.22810253 -1.64622581 8.53477777 135 116 91
-2.04415753 -2.07049333 8.35157609 95 71 37
-2.11525386 -1.71689880 8.42819847 148 127 98
-2.14656994 -1.59293461 8.52205905 98 81 56
-2.00950398 -2.22568626 8.37974402 109 67 26
-2.01011353 -2.56081687 8.76596629 161 127 95
-1.88969463 -2.14626940 8.40571973 104 70 35
-1.93283357 -2.59456452 9.04930580 166 129 91
-1.80675716 -2.32796680 8.51510707 110 70 23
-1.80675716 -2.32796680 8.51510707 110 70 23
-1.80675716 -2.32796680 8.51510707 110 70 23
-1.82356048 -2.59229666 8.84959395 136 98 59
-1.79860680 -2.05864988 8.47479192 61 30 0
-1.79584154 -1.77719844 8.49089664 151 124 95
-1.76740117 -1.84973142 8.44490331 129 97 60
-1.71656010 -2.09848586 8.51627341 65 35 1
-1.74982983 -1.79358108 8.48536046 140 114 84
-1.64555797 -2.14140269 8.56983024 71 38 2
-1.87084098 -2.39353964 10.29008173 129 113 93
-1.58687401 -2.17072345 8.59534954 69 37 11
-1.84536706 -2.48341993 10.53482572 184 179 172
-1.73207673 -2.53538597 10.08819489 106 74 42
-1.45889671 -2.40346546 8.62481875 119 84 42
-1.45889671 -2.40346546 8.62481875 119 84 42
-1.63421276 -2.63692697 10.21323056 92 59 28
-1.58409028 -2.69620142 10.21631525 104 69 37
-1.58209035 -2.66350317 10.20807287 168 134 107
-1.39032929 -2.28839193 8.70916888 180 141 104
-1.43203332 -1.63829729 8.60655866 139 111 85
-1.44091958 -1.43603607 8.64452602 150 124 91
-1.48449254 -2.94197969 10.53291525 130 107 76
-1.40161912 -2.87498160 10.28243142 109 70 29
-1.24254670 -2.32266497 8.75790163 85 44 5
-1.28676331 -1.35240867 8.68608027 89 67 30
-1.20569325 -3.04359407 9.72549741 164 130 95
-1.13837767 -2.15200789 8.70833984 155 117 78
-1.24908960 -3.07511980 10.37897897 123 85 40
-1.18776036 -1.37792141 8.73019857 81 56 23
-1.05774413 -1.98594649 8.76416922 167 125 89
-1.04186612 -3.25942241 9.82925230 171 145 113
-1.08729100 -1.40875852 8.78413601 53 26 0
-1.02590563 -2.04819717 8.79310375 69 37 1
-0.95816520 -2.62392731 8.95689234 118 80 41
-1.07269505 -3.25217453 10.81694894 182 179 174
-0.94171735 -3.32825482 9.98228784 165 141 110
-0.86495493 -2.11065310 8.85713268 67 38 0
-0.85210340 -3.34707881 10.48420726 67 37 1
-0.84531495 -3.31257735 10.45426349 114 84 49
-0.84542542 -3.45564866 10.60679458 199 193 182
-0.79201885 -1.49927546 8.86460688 51 25 1
-0.77162533 -3.48072640 10.51215081 126 99 67
-0.69469331 -2.52006496 9.03092447 82 43 1
-0.72548634 -1.66110924 8.79612759 188 158 122
-0.66096346 -3.45596619 10.58339638 198 191 184
-0.61640279 -1.56367296 8.90675256 51 25 2
-0.57793959 -1.84476142 8.98703535 160 121 82
-1.02702733 1.57008235 11.59794928 131 137 153
-0.54346060 -3.32294702 9.94842919 131 102 74
-0.59211963 -3.43516206 10.71897993 180 177 170
-0.50390276 -2.56649454 9.12483922 66 35 6
-0.50390276 -2.56649454 9.12483922 66 35 6
-0.57210170 -1.12916181 9.09205767 160 138 114
-0.44808949 -3.10906297 9.46645185 153 115 74
-0.44604383 -3.29114402 9.70298393 194 164 137
-0.43914451 -1.63694991 8.99952161 68 36 6
-0.56512557 -0.21543992 10.06012569 68 39 9
-0.36421897 -3.21850056 9.70683228 178 147 118
-0.56516120 -0.12013806 10.08651262 72 43 13
-0.42027613 -1.32517473 9.08021533 79 51 21
-0.37963794 -2.00374207 9.00848648 71 37 6
-0.36354365 -2.25806939 9.06645806 151 118 80
-0.36165872 -1.81344300 8.97278875 141 109 76
-0.30161373 -2.31730426 9.11292350 67 36 1
-0.34684178 -1.02248099 9.39032765 166 140 115
-0.30372105 -1.52193700 9.01367372 132 102 71
-0.28993688 -0.37983376 9.84507684 64 38 13
-0.17823952 -1.75415404 9.08692103 52 24 3
-0.16238943 -1.45161338 9.14691202 51 29 7
-0.16238943 -1.45161338 9.14691202 51 29 7
-0.15491211 -1.01306470 9.49436582 77 55 31
-0.20716104 0.26806113 9.92049969 132 108 83
-0.06618729 -2.44284770 9.15174902 66 34 5
-0.14175425 -0.21003481 9.84473136 25 7 0
-0.02793760 -2.47332686 9.15994401 66 36 5
-0.02285977 -1.80729611 9.15129837 45 19 0
0.03263137 -1.82984844 9.19232907 35 7 0
0.06941980 -3.04335593 9.55128769 112 75 34
0.07060213 -3.10755588 9.83709211 184 156 126
-0.03607558 0.57220578 9.93262284 84 58 24
0.04297425 -1.23980447 9.36219960 22 4 2
0.15586004 -3.06593453 9.91654788 175 151 121
0.15686879 -2.23231473 9.13313075 152 111 74
0.14233991 -1.44688240 9.26051125 90 68 48
0.19148189 -1.57468647 9.58837080 26 11 3
0.23308007 -1.49660444 8.75139399 145 112 77
0.24656455 -1.29593155 8.56538531 171 141 103
0.25681314 -2.25479882 9.30875860 124 88 54
0.26496819 -1.93259380 8.79906821 57 31 1
0.27962842 -3.00318182 9.65974764 187 158 127
0.25353060 -0.88343134 8.65328078 171 147 112
0.32264016 -2.77317712 9.39604867 25 11 4
0.32704559 -2.12532658 8.80039926 122 88 52
0.33809515 -2.37136067 9.30815075 1 1 1
0.31124874 1.08298781 10.25996990 131 102 70
0.38814860 -2.96299125 10.01486961 175 151 123
0.37559304 -0.93230605 8.59938848 183 159 127
0.40581417 -2.55373663 9.20262259 144 110 77
0.42456934 -2.88140515 10.24297103 121 96 64
0.44482515 -2.88855565 10.26329195 148 124 90
0.46363869 -2.84851865 10.38717558 136 118 98
0.46498282 0.61564791 10.04823437 157 131 98
0.50389423 -2.91638786 10.12092753 137 115 84
0.47356299 2.42354681 11.23480597 63 47 32
0.49943902 -1.91121320 8.95965630 140 100 56
0.51392082 -1.53434927 8.36583222 142 111 80
0.51595698 2.26880633 11.08583528 127 107 83
0.51595698 2.26880633 11.08583528 127 107 83
0.55542726 -2.30544931 9.06784723 126 93 54
0.57469740 0.55313599 10.10503706 77 50 20
0.62702510 1.82153438 10.97975812 41 21 2
0.63136449 1.98810959 10.88728817 154 124 92
0.63039805 0.53205254 10.12123583 88 59 24
0.68890083 1.94646942 10.88287549 171 137 99
0.69881236 0.19602563 10.06845455 61 30 3
0.69899714 -2.65612954 10.24121069 133 115 96
0.73773792 2.01399461 10.90321252 188 154 123
0.71883431 0.48207040 10.14321701 75 49 8
0.74029153 0.61871509 10.21299257 184 159 120
0.76204522 2.46076456 10.94423197 81 64 44
0.79372262 2.38827372 10.92667486 177 146 114
0.74306294 -2.50124019 9.40648215 183 152 117
0.84167347 1.56653038 10.66149077 82 49 16
0.87405164 0.70949823 10.36252303 95 66 25
0.91446183 2.24009999 10.97582749 72 38 2
0.91526484 2.01568162 10.85922224 177 143 106
0.88368674 -1.63996917 11.64838922 199 200 212
1.05504610 -0.45273397 14.38209395 192 198 214
0.90860698 -2.29620106 10.00515431 193 162 128
0.96245699 0.04641730 10.19029804 108 71 40
0.94337020 -2.11442124 10.19418245 188 158 122
1.04026524 1.77777552 10.94872058 147 113 75
0.94656010 -2.30237919 9.94471855 131 96 58
1.06442255 1.97134261 11.01287165 85 47 4
1.02905606 0.69491024 10.36387299 141 115 81
1.02905606 0.69491024 10.36387299 141 115 81
1.11571715 0.32654743 10.39119024 119 84 44
1.16822848 1.15016217 10.78620092 72 40 6
1.21943467 1.70480156 11.09294667 52 25 1
1.11366490 -1.06329066 9.94615522 172 143 109
1.24002755 0.63330689 10.57707329 96 65 38
1.27985232 0.67191055 10.52959377 159 127 95
1.38413070 0.81273349 10.73844944 183 156 124
1.41073958 -1.35599826 12.36686095 156 125 95
1.39653562 -1.21522247 11.78009256 121 88 50
1.50336952 2.17150559 11.28388519 157 133 111
1.50127363 1.09118049 10.96162216 58 33 2
1.57616866 1.63312890 11.26245465 157 128 92
1.64100048 1.18764366 10.80334559 192 180 170
1.72194575 -1.42256025 13.20107509 120 94 68
1.73190545 -1.42708688 12.96862071 184 161 130
1.77537490 -1.45202888 13.23234920 135 110 86
1.71410897 -0.94367183 11.84503614 178 150 111
1.80541013 -1.44827409 12.95032751 164 138 109
1.85924695 -1.44478785 13.36872671 110 84 57
1.83157024 -1.34959768 12.36920087 124 86 39
1.94568509 -1.58840976 13.42800013 200 206 216
1.85656460 0.08686858 11.24488512 106 70 23
1.90376615 -1.44373453 12.73874028 182 149 117
1.87065781 -1.41612874 12.26987474 178 145 112
1.97331338 -1.51034922 13.48430454 122 96 73
1.88735027 0.47304169 11.17264612 178 148 112
1.94122536 -1.42380933 12.85958567 115 81 45
1.99485681 -1.49783655 13.45113181 141 114 84
1.92055018 -0.41080128 11.52135465 142 110 71
2.04428855 -1.91535006 13.02709820 185 189 199
2.15208144 -1.66511661 13.50096457 139 115 92
2.13101870 -1.56767417 12.88753296 168 139 109
2.18717413 -1.34887657 12.59358411 171 136 100
2.34362903 0.95953334 12.23137864 157 127 93
2.25902256 -1.22080062 12.44180263 126 88 39
2.36492770 -1.74047471 13.68971591 133 108 82
2.33084445 -1.72296164 13.07687125 169 136 98
2.33562251 -1.54724005 12.77027338 162 128 93
2.33562251 -1.54724005 12.77027338 162 128 93
2.42362346 0.49559757 11.87594024 100 70 41
2.48457969 0.71818873 12.09563569 154 126 99
2.39620494 -1.32443604 12.53067387 193 155 111
2.49356412 0.40679947 11.92409400 191 162 131
2.47285302 -1.35231979 12.50022555 138 98 47
2.51184741 -0.91976914 12.16290876 169 138 99
2.54923841 -0.69728930 12.09811782 185 150 110
2.70940885 -1.87133770 13.60012538 116 81 43
2.75703726 -0.37743588 12.12609795 175 141 104
2.81971559 -1.97732407 13.49875207 162 127 89
2.79123929 -0.30339673 12.11465534 180 148 111
2.87539743 -1.85731721 13.30465188 165 128 99
3.13041931 -3.09978324 15.68232061 199 190 181
3.11789360 -3.06081730 15.42695412 197 189 179
3.17453088 -3.12594451 15.71530138 147 120 95
3.20400597 -3.01724496 15.38569243 116 87 63
3.23062065 -3.23356194 15.65355147 193 183 172
3.13599536 0.11701524 12.47559746 180 151 111
3.21875112 0.31537464 12.62023530 127 99 70
3.28320541 -2.82551290 15.00091071 197 188 179
3.16632649 -0.15683412 12.35882551 136 106 68
3.34207646 -2.74798320 15.04363738 197 185 173
3.35186592 0.47379576 12.83933425 160 141 111
3.37846457 -2.70198796 14.93304500 198 192 185
3.29250227 0.09404232 12.56130759 196 164 124
3.38894506 -2.76581181 14.93184143 108 85 61
3.51504843 -2.60986906 14.70846832 110 86 65
3.81136447 1.25486363 13.80972382 148 119 97
3.87526428 1.53732353 13.79750838 60 43 17
3.54747137 -2.61443241 14.54891872 100 72 52
3.59175528 -2.50898706 14.54452819 201 197 194
3.93005604 1.53443349 13.77550616 154 127 97
3.61243624 -2.54344930 14.60267478 109 80 56
3.89504422 0.93119631 13.69004267 120 90 62
3.68046770 -2.60299583 14.80101219 178 144 106
3.68356722 -2.51716783 14.42017238 101 73 41
4.01054349 1.14242404 13.80124129 149 111 75
4.10477257 1.67301777 13.87872078 155 128 101
3.69965405 -2.45484232 14.30285584 207 203 209
3.71614902 -2.48263562 14.37455805 96 72 45
3.98295512 0.80946633 13.68438259 70 47 19
4.03355773 1.13738642 13.60873198 144 106 69
4.05509352 1.04195132 13.69936455 55 30 1
4.03887972 0.91107674 13.66193573 134 99 67
3.66639569 -2.24894710 13.70987899 170 140 111
3.75744866 -2.47533029 14.24974681 122 94 68
3.77343273 -2.58508358 14.31412739 180 146 111
3.79623014 -2.41044418 14.29394680 117 94 68
3.80356582 -2.35796844 14.28355497 202 202 209
4.08691536 0.77088315 13.64584206 53 27 3
4.20420390 1.56996310 13.65685173 87 66 41
3.78515027 -2.58894724 14.12230400 172 136 101
3.78515027 -2.58894724 14.12230400 172 136 101
4.03454992 0.24451621 13.28916147 87 57 26
4.01114271 0.12643818 13.21993379 170 141 110
3.99534501 -0.10446359 13.03972198 108 79 47
4.37920896 1.69220555 13.74992267 191 174 158
3.92608246 -2.28691318 14.04440323 223 213 213
4.14972963 0.24647674 13.42249272 71 44 2
4.36418044 1.37805074 13.65264902 77 42 1
4.36418044 1.37805074 13.65264902 77 42 1
4.08092315 -0.10792323 13.14412616 113 83 49
3.97624013 -2.28925231 14.05074626 72 45 29
4.13806637 -2.51231451 14.75120069 146 124 94
4.43126282 1.33593268 13.60267719 74 40 4
4.43126282 1.33593268 13.60267719 74 40 4
4.10171406 -2.37974114 14.40333126 163 130 92
4.03938905 -2.53678348 14.12856529 126 91 53
4.11477463 -2.59836308 14.29147216 154 131 102
4.06398189 -2.53300652 14.02203842 120 82 43
4.45892602 0.73923330 13.67104571 82 48 10
4.06226942 -2.47935137 13.89176806 169 134 97
4.01459929 -2.14400938 13.31021509 169 130 91
4.45655177 0.30917808 13.61630394 168 133 94
4.55589301 0.71509586 13.66433198 86 51 13
4.55589301 0.71509586 13.66433198 86 51 13
4.26846304 -2.34397180 14.01949842 188 158 125
4.36245313 -2.36721605 14.39329911 146 128 104
4.27679231 -1.22388094 13.22374879 110 72 26
4.28795985 -2.31693621 13.96556215 185 152 120
4.32313142 -1.56758893 13.48392741 102 65 21
4.32313142 -1.56758893 13.48392741 102 65 21
4.32710814 -2.20370273 13.84178128 184 153 121
4.41430002 -2.17300018 13.96120986 139 113 88
4.96234649 1.14887971 14.02293199 206 205 214
1.58246008 -6.01050046 3.83672968 211 211 220
4.68116988 -1.02273721 13.60344940 159 140 119
5.26978522 0.45288804 14.48163310 202 208 230
5.28829251 0.28229730 14.07061119 205 211 233
6.12171059 0.66845701 17.28880097 202 205 222
-1.55597411 -2.34061809 8.58216681 155 117 78
4.04229693 1.86916231 13.85162568 194 177 161
-11.68363869 0.05750798 17.04513657 158 156 161
-0.72636681 -3.28454066 10.21449203 163 136 112
4.09707955 -0.04912734 12.64759582 147 112 81
-1.62809429 -1.80834293 8.50260110 58 35 1
-1.62809429 -1.80834293 8.50260110 58 35 1
-1.33825043 -2.38856358 8.71873834 157 123 86
-0.96513147 -2.25285892 8.76532913 171 136 96
-0.12507405 0.15600050 9.85359881 114 88 60
0.64765531 -2.03050551 9.05468339 173 143 109
-2.31360637 -2.28940581 8.52563617 3 2 1
-2.32269980 -2.54472044 8.92413670 198 188 183
-2.30775322 -1.75219004 8.47269425 191 186 176
-2.25246973 -2.53813291 8.93069671 139 110 81
-1.91551985 -2.25154189 8.49505260 175 134 95
-1.50590217 -2.25140305 8.62910138 165 126 84
-1.63680920 -2.73433768 10.34263234 137 118 94
-1.30222246 -2.53883602 8.79407962 123 82 37
-0.70082328 -3.32936493 10.38123215 12 6 4
-0.49337490 -2.69730187 9.07040460 162 125 82
-0.29101932 -3.24741552 9.89310503 184 159 129
-0.22498737 -0.19490882 9.76553016 129 99 63
-0.22498737 -0.19490882 9.76553016 129 99 63
-0.12374008 0.15283518 9.85002865 123 97 70
-0.06090230 -0.37361794 9.74541652 71 41 12
0.07718393 -2.22029021 9.17681672 77 48 12
0.33885641 -1.79667764 8.64403195 173 138 102
0.51732508 2.49715683 11.08671560 187 170 162
2.22075626 -1.42307105 12.86822724 130 91 52
2.21959260 -0.26202538 11.69712439 177 141 104
3.95974285 1.62245158 13.78417406 73 51 31
-2.58492324 -2.19317669 8.69339872 183 181 177
-2.38246433 -2.47816271 8.87450974 122 92 60
-2.27958540 -2.29018479 8.49416351 164 136 111
-2.27958540 -2.29018479 8.49416351 164 136 111
-2.09325990 -2.52006996 8.90179679 161 122 86
-1.88994599 -2.59967456 9.08452724 144 106 67
-1.70512049 -2.21825454 8.51017242 169 131 93
-1.74528673 -1.72568802 8.53107244 37 14 2
-1.63878954 -1.84836848 8.52030297 169 136 102
-1.62950036 -1.47929495 8.60365432 77 54 28
-1.46369681 -2.08398660 8.57886642 178 140 101
-1.33315516 -1.94157947 8.63646586 72 45 4
-1.33315516 -1.94157947 8.63646586 72 45 4
-1.28141121 -2.36710503 8.72262882 183 149 111
-1.09861824 -2.35315389 8.85173908 88 51 6
-1.14043235 -1.68686774 8.71684594 63 32 6
-1.14043235 -1.68686774 8.71684594 63 32 6
-0.98752712 -2.67356650 8.98059814 131 93 47
-1.05018551 -3.16102099 10.68354016 155 124 85
-0.71632326 -2.16648289 8.92210082 46 23 0
-0.73070535 -3.47071433 10.54113381 124 99 66
-0.67885924 -1.61251152 8.82860533 169 142 113
-0.61245233 -2.27520642 8.96492114 5 3 2
-0.60933980 -3.34488822 9.98542217 142 109 79
-0.47456133 -3.29833548 10.25450439 184 158 123
-0.29926668 -2.38611947 9.05759066 133 101 70
-0.24197602 -1.75592101 9.02561581 48 21 0
-0.21150367 -2.33509065 9.10332467 152 116 77
-0.15466758 -2.86631925 9.21233042 114 79 40
-0.15466758 -2.86631925 9.21233042 114 79 40
-0.27056721 -0.25984568 9.46563705 76 50 18
-0.09945436 -1.71672076 9.09292798 97 61 25
0.00776297 -3.11482977 9.82170818 173 148 114
0.01859742 -2.29469023 9.11353723 82 53 22
-0.10888136 0.80809649 10.02393242 152 130 106
0.01116689 -1.44961960 9.24234502 131 101 77
0.09686677 -1.38267937 9.30249645 76 59 34
0.30335821 -2.11684938 8.78688126 145 112 80
0.37269796 -0.94220439 8.58664697 183 159 127
0.57224439 0.52721512 10.07303074 77 50 20
0.60220891 2.15507208 10.98384880 58 34 6
0.60220891 2.15507208 10.98384880 58 34 6
0.61700890 2.50950158 11.00566654 197 182 171
1.19356930 -1.36471220 12.16327885 155 121 84
1.54303260 -1.02164344 11.78513919 133 92 44
1.81555119 -1.38927974 13.07532259 164 138 109
1.76624800 -0.65075542 11.43493748 166 133 99
2.31959626 -1.56919938 13.33357856 177 144 110
2.27713016 -1.39744497 12.89265510 160 125 86
2.40599768 -1.28565140 12.60839178 193 155 111
2.51915785 -0.95102947 12.42526266 182 144 106
2.57821373 -0.67915309 12.27486250 178 141 97
2.57191283 -0.92089520 12.27027068 177 143 107
2.69270496 -0.76293795 12.39545757 106 67 23
2.75196221 -0.20928871 12.10366671 83 49 6
2.90447411 -1.66639416 13.01846611 126 91 50
2.93865272 -1.13729530 12.62145673 176 136 99
3.52704401 -2.58193248 15.11480900 124 95 66
3.81370180 1.25135250 13.80491573 148 119 97
3.67161537 -2.96646712 15.55087819 194 188 176
3.74179206 -2.28677818 14.24277830 197 197 207
4.16993885 1.12423907 13.69725365 145 110 72
3.96021433 -2.11231327 14.56706456 202 202 215
3.92761114 -0.24368736 12.99299218 170 140 106
3.92254545 -2.17117791 13.78276723 171 133 97
4.53918160 1.32469785 13.69737106 151 118 84
4.25747221 -2.37640069 14.49573396 150 118 83
4.56036716 1.06763272 13.69260592 96 57 12
4.17359486 -2.09216010 13.80219639 126 88 43
4.26092311 -1.21818383 13.32190499 167 136 105
4.29965023 -1.46571782 13.54951774 126 83 41
4.33654837 -2.09369873 14.02631769 174 141 106
4.69369686 -1.41410452 14.13104627 205 209 217
5.09186161 0.25326954 14.26348712 199 202 216
13.44054596 -0.63754071 22.38297732 159 160 154
-2.38505170 -2.29754436 8.64198674 123 88 51
-2.39831904 -1.75727804 8.54301919 183 176 170
-2.38182311 -1.63402858 8.64026839 191 185 181
-2.16529034 -2.57919643 8.91048468 146 108 70
-2.16443427 -2.56075800 8.98854975 129 100 71
-2.21290765 -1.55519581 8.56618161 194 187 175
-3.11607690 1.59560439 10.51597444 127 130 137
-2.09414734 -1.85124464 8.46087236 73 45 5
-2.00070390 -1.95781766 8.46992785 134 105 77
-1.91430735 -2.08958023 8.43835959 177 143 108
-1.97387936 -2.52827631 9.38502370 195 193 192
-1.84518406 -1.75597377 8.47817910 169 139 108
-1.79401210 -1.38220450 8.66512378 76 52 24
-1.75317186 -1.56417923 8.57210180 190 160 132
-1.64479610 -1.86815389 8.50999448 178 144 109
-1.76815935 -2.50339413 10.34006633 128 110 92
-1.46518829 -1.89831890 8.55531111 66 36 8
-1.48651659 -2.75983193 9.52618641 128 96 64
-1.43613635 -1.87169902 8.62887153 64 34 3
-1.47318953 -2.77607270 9.77180594 176 153 129
-1.55315062 -2.87119007 10.41522009 138 120 100
-1.43702559 -1.53741604 8.68319010 42 16 0
-1.56084395 -2.65156303 10.31172834 148 117 89
-1.31356807 -2.48158798 8.76458511 113 71 27
-1.38924262 -1.65098139 8.62634053 172 144 119
-1.41623208 -2.87849103 10.06015687 106 68 34
-1.24507791 -2.15723142 8.63175433 112 70 30
-1.41824441 -2.98540453 10.65234884 136 117 94
-1.19323092 -1.97328541 8.71714869 61 32 3
-1.21965445 -3.04444439 9.92549086 145 115 84
-1.19025951 -3.07908744 9.76907129 175 144 110
-1.14410193 -1.98269245 8.75412748 76 46 7
-1.08348596 -1.79827081 8.66616005 137 108 73
-0.84853918 -2.17479932 8.94555263 133 98 60
-0.91618532 -3.39114274 10.65521980 184 174 163
-0.84825904 -1.56239254 8.80579169 177 150 122
-0.81459934 -3.31923490 10.02712526 116 83 51
-0.85650275 -1.30401341 8.97620881 192 165 133
-0.72572154 -2.34661685 8.88085510 195 157 119
-0.65809001 -2.48515786 9.09273310 114 75 32
-0.66457334 -3.32481652 10.00331730 120 89 52
-0.66457334 -3.32481652 10.00331730 120 89 52
-0.69101558 -3.43949272 10.60085899 113 89 65
-0.59257720 -1.93717168 8.90702074 72 40 4
-0.59257720 -1.93717168 8.90702074 72 40 4
-0.61719387 -3.40692989 10.56679694 114 82 45
-1.04079440 1.51059979 11.53258340 130 135 152
-0.59693698 -1.56585779 8.92223436 53 22 1
-0.52233521 -2.39982955 9.00567016 125 94 66
-0.53019632 -3.29998425 10.12693259 134 107 78
-0.45327237 -2.41112447 8.98522193 156 126 97
-0.79310007 0.18205867 11.36598932 99 72 43
-0.46793397 -1.29794675 9.05763813 71 49 22
-0.44358519 -3.25078323 10.42375785 140 113 83
-0.44942974 -1.15957526 9.12627001 141 119 95
-0.39402013 -3.23251512 10.59581571 116 86 53
-0.37095538 -3.24016759 10.67838573 136 115 92
-0.32790633 -3.25454439 10.19583284 173 148 119
-0.31703727 -3.12501145 9.89686616 184 154 118
-0.34525603 -3.00044074 11.10361443 198 191 185
-0.28100958 -1.44162251 9.04875036 58 32 9
-0.21064093 -2.39737622 9.07102671 64 32 1
-0.49247043 1.84157216 11.31992507 76 66 47
-0.12308144 -3.10597741 9.75666240 166 137 103
-0.15389096 -3.17322887 10.48831000 154 133 105
-0.14419116 -1.78660248 9.07451731 51 19 2
-0.10187810 -1.83017291 9.03858300 50 25 3
-0.09646745 -1.70152815 9.06032516 114 79 46
-0.09646745 -1.70152815 9.06032516 114 79 46
-0.07414674 -1.81744148 9.08946727 47 24 2
-0.05712255 -1.55012853 9.10648778 45 21 7
-0.03628803 -3.14894346 10.20096761 131 103 72
-0.07496639 -0.87707909 9.53774488 50 28 4
-0.13006245 0.48498415 9.90589842 83 58 26
0.03446027 -1.62252108 9.11839002 45 23 8
0.01774467 -0.91121224 9.55857291 25 5 1
-0.03063630 0.59008597 9.91968702 89 63 32
0.10125110 -1.85867253 9.23355068 39 13 3
0.14640083 -2.99062377 10.47183138 152 127 97
0.20451494 -1.34345183 8.53836871 76 46 19
0.21473825 -2.00393538 8.99266568 17 7 0
0.24580742 -1.35803161 8.49209185 178 149 119
0.26543992 -1.10443444 8.57278718 40 15 2
0.29414879 -0.90752808 8.56292138 171 147 119
0.38293971 -2.93732364 9.51163638 130 97 60
0.38371713 -2.95542470 9.74640017 182 156 126
0.41931694 -1.06456600 8.58477026 146 117 85
0.38893635 0.75459205 10.03101141 93 67 40
0.38893635 0.75459205 10.03101141 93 67 40
0.42774533 -1.47189647 8.54479561 185 156 122
0.55209592 -2.35607848 8.99278197 112 76 44
0.59466860 -2.41853177 9.10848454 123 88 50
0.65843234 1.73465824 10.88892502 48 26 5
0.64256145 0.94506064 10.26186207 100 75 44
0.64539382 -2.71981018 9.62867929 125 95 59
0.74252217 -2.49935488 10.44636151 203 202 207
0.78191291 2.41934137 10.84077548 183 166 151
0.74012707 -2.55254026 9.60488165 119 87 49
0.74012707 -2.55254026 9.60488165 119 87 49
0.81837572 2.42185411 11.00760750 146 111 78
0.81821267 0.43293451 10.08306622 184 153 124
0.83622988 0.70261302 10.21529742 177 143 108
0.90314110 0.78891522 10.35038848 192 160 130
0.92186609 0.44540114 10.29167754 118 85 52
1.07165762 1.24502881 10.70782199 151 122 89
1.24499882 2.13836412 11.00149201 150 117 87
1.17479175 0.16551657 10.36696308 174 145 114
1.25769861 -1.18971497 11.90846557 176 145 116
1.22759695 0.50291088 10.42685858 85 59 27
1.22280173 0.13158050 10.40571553 177 145 110
1.25164536 -1.00651559 11.28268811 133 95 52
1.25164536 -1.00651559 11.28268811 133 95 52
1.26956422 0.64513095 10.54774280 172 140 103
1.38773818 -1.11579383 12.16907656 109 69 31
1.40126422 -1.23780256 12.08576408 119 80 42
1.40126422 -1.23780256 12.08576408 119 80 42
1.35757186 -0.83089288 11.00793144 128 87 48
1.40052554 -1.15691024 11.87505869 123 89 54
1.45645783 1.48725847 10.97550741 173 146 114
1.52966339 0.92539029 10.74027083 181 152 118
1.57159041 0.16596090 10.73945113 184 152 115
1.59483609 0.48395061 10.64319252 149 119 82
1.67479410 0.62593791 10.87502324 166 137 102
1.76449283 -0.83156121 11.56835468 154 121 84
2.43175062 0.32375242 11.77295950 177 148 118
2.63957565 0.16521835 12.04004943 93 64 31
0.10766438 -1.05753047 8.59941013 32 19 6
0.35129171 -0.66143773 9.02348676 86 62 38
0.74316978 2.30663416 10.96354289 165 130 99
-1.75966724 -1.79830356 8.54508409 133 99 65
-0.52276853 -1.95784858 8.93286973 97 60 23
0.33602844 -2.97213988 9.71512047 182 156 123
0.72180743 2.36517050 10.90539600 168 134 104
3.61358155 -2.36832056 13.70001354 201 198 195
4.16598538 -2.33849143 14.08186352 170 135 96
4.55212122 -1.48704257 13.90641017 140 108 70
-1.88683814 -2.07280026 8.42130384 125 94 59
-1.82462373 -2.21117330 8.49319458 186 148 109
-1.90330711 -2.80152196 9.44433510 185 181 180
-1.64236669 -2.14570780 8.56281191 71 38 2
-1.29694290 -1.50218335 8.65848107 114 85 53
-0.92762873 -2.63002934 8.97461406 165 128 86
-0.92415064 -3.27805524 10.55798140 61 33 2
-0.79346683 -1.66670627 8.82513289 153 121 86
-0.79346683 -1.66670627 8.82513289 153 121 86
-0.35849390 -3.24465641 9.64836242 178 147 118
-0.36439031 -1.64388304 9.00076106 162 129 97
0.26193634 -1.95763193 8.76016072 57 31 1
1.18414225 -1.40441284 12.12160720 140 106 68
1.95953402 -1.19950735 12.23087178 178 141 103
2.89124322 -1.69249978 12.96024652 126 91 50
3.17149360 -2.10060616 13.74253382 163 133 99
3.46392233 -2.58218484 15.11430768 198 190 184
3.55327451 -2.49765595 14.90411228 207 198 191
3.72527596 -2.08231304 13.45200692 157 119 81
4.24344118 0.77059023 13.69519064 55 33 1
-11.76379056 0.42486445 17.44157026 167 161 165
-10.10364693 -0.84921923 21.61282773 173 179 198
-2.56843332 -2.00703641 8.65630718 191 192 183
-2.48952131 -2.41686479 8.83238158 131 109 85
-2.27933837 -2.36065290 8.53679075 168 138 107
-2.15566704 -2.47560104 8.65913277 113 73 35
-1.93876317 -1.79027266 8.48454374 137 107 77
-1.74483905 -2.07768724 8.52043513 69 39 5
-1.77920289 -2.56359791 9.61627485 144 118 93
-1.54969774 -2.70283200 9.70138046 161 133 111
-1.52157513 -1.53700642 8.62633455 37 17 2
-1.44342250 -1.48506111 8.64665720 175 146 116
-1.29048238 -2.02435633 8.55938811 67 38 8
-1.22737191 -1.98162543 8.66812179 66 32 2
-1.15848632 -2.20070165 8.65903102 112 74 29
-1.19852289 -1.67574935 8.68608182 45 21 2
-1.05028414 -2.47872157 8.81895190 167 130 88
-0.99378038 -2.72269950 9.09921067 197 154 115
-0.99378038 -2.72269950 9.09921067 197 154 115
-0.85410078 -3.07395402 9.31836363 125 91 55
-0.85410078 -3.07395402 9.31836363 125 91 55
-0.95479688 -3.36892789 10.63785632 196 189 181
-0.60141744 -3.30650755 10.14553154 182 156 123
-0.31153727 -2.30551515 9.04552029 143 105 68
-0.27572898 -2.49484472 8.97054184 81 53 16
-0.27090265 -1.74987418 9.00913777 49 25 2
-0.20965803 -3.14423706 9.73774711 119 80 47
-0.17102176 -2.42780412 9.05782918 75 46 9
-0.22468502 -1.06743566 9.17599824 68 43 12
-0.05171617 -2.34466005 8.88273261 89 59 33
-0.05171617 -2.34466005 8.88273261 89 59 33
-0.14716287 0.76291898 10.05109433 145 120 91
0.04847311 -2.47467696 9.19436185 167 126 86
0.09526521 -0.82214930 9.67411888 39 17 10
0.16187719 -1.62530624 9.21907121 20 10 3
0.36738496 -2.36215423 8.96660369 96 61 27
0.49905034 -2.18650952 8.87881106 152 123 87
0.66495409 0.54645290 10.07091719 191 162 132
0.66404193 -2.73045926 9.65619795 181 151 122
0.71291919 2.52040760 10.95075291 194 178 163
1.31905577 1.41904406 10.90902737 96 71 35
1.73608985 -1.38778885 13.04227959 177 150 121
1.70252188 -0.96878518 11.80459049 163 132 101
1.70930982 -0.02343318 11.00207332 148 114 81
1.72448498 -0.95580872 11.66836186 189 156 120
1.77720032 -0.58351744 11.43839127 98 64 21
1.83770888 -1.31578874 12.42843064 121 84 43
2.10227292 -0.96744045 15.02571142 193 199 213
2.07925101 -1.47252675 13.84318295 204 204 208
2.08136193 0.62818793 12.45064409 146 112 75
2.40170043 -1.46515551 12.90664108 104 70 32
2.95435636 -1.79749073 14.36244699 133 109 83
2.97222280 0.05491884 12.28817130 105 74 44
2.93545396 -0.61907742 12.35556302 174 137 102
3.35970989 -2.69872777 15.70838142 186 177 172
3.26041532 -2.02848132 14.24252349 135 112 86
3.46867912 1.36862642 13.08096796 190 177 168
3.45041336 -2.07442589 14.26147778 148 120 90
3.32508195 -0.75870023 12.62269970 165 131 99
3.45581828 -2.68945206 14.36342202 197 192 188
4.00628272 1.78713158 13.71531781 194 180 170
3.62937802 -0.33635727 12.78899716 174 141 106
3.77802651 -2.47535385 14.95857809 172 141 105
3.98392311 0.96460870 13.71437971 120 92 63
4.11590546 1.37799280 13.71206606 76 42 7
4.01726199 0.61278593 13.53422605 138 111 84
3.89282735 -2.27965789 14.44880076 84 64 41
3.94747769 -2.18449867 14.43125858 203 203 212
4.13250265 0.81948493 13.32490176 78 43 7
4.33435098 1.59643878 13.70142753 89 71 50
4.25356939 0.85804653 13.71770828 153 112 79
4.32496329 1.41625567 13.70666870 77 43 5
4.04198464 -2.17565118 14.31655586 69 45 24
4.43887711 0.28395841 13.64170503 84 53 3
4.40598196 -2.26270110 14.37735908 151 118 84
4.31092136 -1.64836321 13.48693045 159 127 95
4.35366756 -1.25860652 13.40488385 169 140 108
4.46439063 -0.64512765 13.39147624 181 151 115
4.48059065 -1.96857873 14.02743766 135 115 96
4.93849022 1.00542812 13.95354476 196 200 214
4.89105385 0.58139290 13.88931145 152 119 88
4.70637084 -1.21576288 13.95584343 153 131 112
4.89755075 -0.26548479 14.04874749 143 119 89
5.16975088 1.28944877 13.88674959 197 195 200
4.79894664 -0.89227087 13.75400661 201 203 216
9.33250894 0.28550696 22.85261932 217 247 255
13.90474696 2.01533381 16.08118185 170 158 157
-2.54647930 -2.29980743 8.72314416 195 189 182
-2.40271408 -2.50169899 8.77014585 134 101 71
-2.31913956 -2.32618257 8.49354085 0 0 2
-2.25251819 -2.45272285 8.49534397 135 96 57
-2.21443840 -1.85908675 8.42541199 0 0 0
-2.08071888 -2.59591935 9.00317616 123 96 70
-2.01960070 -2.15659426 8.36048332 197 163 130
-1.96143918 -2.39918504 8.66949545 158 121 79
-1.97050276 -2.62007723 9.04734461 118 90 52
-1.92009810 -2.22178359 8.43671927 163 125 85
-1.97108291 -1.82420294 8.39322097 112 87 57
-1.83482120 -2.26232079 8.47620816 114 76 36
-1.92227905 -1.64329454 8.51343879 75 51 24
-1.90350628 -2.51550026 9.48003998 141 125 104
-1.73233206 -2.38123764 8.49692499 168 133 95
-1.82446235 -1.74002636 8.44873735 70 47 27
-1.82446235 -1.74002636 8.44873735 70 47 27
-1.75959083 -2.19781394 8.50625381 159 121 82
-1.86877656 -2.52536418 9.51945513 147 130 108
-1.65432333 -1.88498741 8.43814583 164 135 98
-1.63636362 -1.67527640 8.48739620 191 162 130
-1.54423387 -2.18992563 8.60392716 71 37 1
-1.59717083 -1.76281453 8.55210713 146 111 70
-1.49251092 -2.35550535 8.62690687 172 138 101
-1.46070714 -2.06870979 8.54249381 110 75 39
-1.49739273 -1.67820171 8.51446070 167 141 109
-1.42532705 -2.08968052 8.54623290 114 78 36
-1.57336340 -2.60103988 10.26585303 76 47 18
-1.55758994 -2.64322952 10.32486780 164 130 97
-1.55708167 -2.56291113 10.33273790 81 50 22
-1.20099299 -2.47729447 8.79043624 128 87 43
-1.20099299 -2.47729447 8.79043624 128 87 43
-1.20099299 -2.47729447 8.79043624 128 87 43
-1.20999891 -1.60604418 8.67157828 146 115 84
-1.04990843 -1.76985047 8.68976203 57 26 1
-1.15040084 -3.10012464 10.78901773 131 95 55
-1.00582605 -1.54562902 8.76238699 176 150 115
-0.91469373 -2.12309528 8.79667636 85 54 14
-0.86428670 -3.33371122 9.77131977 144 104 58
-0.86428670 -3.33371122 9.77131977 144 104 58
-0.88331268 -1.88172469 8.68959945 71 35 5
-0.91985549 -3.18367348 10.62552277 108 79 47
-0.70758100 -3.43200595 10.56359641 163 133 96
-0.70758100 -3.43200595 10.56359641 163 133 96
-0.70619644 -3.34479331 10.52947192 78 53 22
-0.63627792 -2.22888905 8.91537674 1 2 1
-0.64550787 -1.31584839 8.92844259 91 67 43
-0.61910404 -1.43526699 8.91720721 144 117 88
-0.61910404 -1.43526699 8.91720721 144 117 88
-0.57301032 -3.47065708 10.66441455 185 184 179
-0.51709418 -2.35341050 8.98611130 1 1 1
-0.49560112 -3.34768776 10.29865195 108 77 32
-0.45294889 -3.29963625 10.64139123 138 109 76
-0.41245984 -3.30293689 10.20664479 188 163 134
-0.45139859 -1.14206364 9.14585169 151 124 103
-0.40964290 -3.25964532 10.68513160 121 96 72
-0.39442527 -1.70619590 8.95512727 63 36 3
-0.26272111 -2.54834299 8.99271094 131 98 63
-0.27142377 -2.04692125 9.05731956 72 40 3
-0.20781138 -2.53658597 8.99697865 202 170 129
-0.22400760 -3.23225639 10.13667828 172 146 118
-0.26462065 -3.10502720 10.78330057 145 126 98
-0.21981727 -1.68042308 9.06735946 174 138 106
-0.12448705 -3.20535444 10.04509378 184 159 127
-0.26527107 0.24634985 9.92525551 155 132 101
-0.15804437 -1.25632186 9.16470693 56 34 10
-0.07585718 -2.58564163 9.03675101 111 82 51
-0.23676524 0.09334965 9.94099213 135 108 79
-0.07281370 -2.39666601 9.16105331 160 125 87
-0.03894338 -2.22838956 9.06074013 80 53 25
0.00255768 -2.69003706 9.04516539 181 146 110
-0.01924863 -1.86524404 9.08323614 46 22 2
0.05836418 -2.72484014 9.12009683 103 68 30
0.06777588 -2.59473761 9.13840045 68 38 4
0.01129466 -0.35440523 9.74357153 128 104 73
0.05498163 -0.63490083 9.75435722 98 78 49
0.18554005 -2.00381158 9.16114551 10 1 1
0.18393415 -1.48000687 8.52748776 144 112 83
0.24987108 -2.06114642 8.90858983 102 74 45
0.28120822 -2.58534898 9.35105055 123 91 61
0.31847151 -2.99913218 10.00467348 175 151 119
0.32200361 -0.85309120 8.60300286 100 76 48
0.40064509 -2.95197925 10.08511853 176 152 121
0.53052231 -3.14319720 9.76865339 148 122 90
0.53914751 2.45005218 11.08008808 84 65 45
0.65352927 2.24638828 11.05387727 59 31 2
0.65352927 2.24638828 11.05387727 59 31 2
0.67280290 0.37719870 10.03970914 194 165 128
0.69594622 2.51469945 10.99772082 93 76 58
0.72361021 -2.33206981 9.27057711 178 148 110
0.73366893 -2.53579808 9.36529775 183 155 118
0.81790557 2.49646359 10.96363218 78 59 44
0.85623360 -0.66300420 13.36220023 186 193 203
0.83310494 -1.94721695 9.45992154 176 144 105
0.94658026 1.12468073 10.62475166 126 99 74
1.03342885 1.78917525 10.95351467 153 119 85
1.03367418 -1.20974500 12.52057256 136 106 76
1.15507425 1.72590194 10.97575290 148 112 81
1.14975734 0.71196022 10.47877193 176 147 116
1.21949852 -1.17810567 12.86757150 128 109 87
1.25074492 0.49414415 10.50217463 183 153 121
1.32362436 -1.21858554 12.94626425 150 130 109
1.35353938 1.08400786 10.86136562 81 46 10
1.35353938 1.08400786 10.86136562 81 46 10
1.40551041 -0.73479527 11.24951687 128 86 43
1.43870617 -1.19067914 11.82435939 173 140 106
1.60685061 2.15360437 11.50362941 216 197 181
1.59867141 -1.32096880 13.20321848 127 105 81
1.55060761 0.69100978 10.79154206 196 166 137
1.54470922 0.46545936 10.73082060 122 88 51
1.61298282 1.16859243 11.03222976 174 146 115
1.60276455 -1.47228234 12.42438628 173 142 102
1.57257226 0.20476023 10.78308279 189 157 118
1.62177626 -1.09058674 11.77393657 177 143 109
1.62177626 -1.09058674 11.77393657 177 143 109
1.65283337 -0.02972857 10.89800164 158 123 89
1.67354525 -0.01135560 11.06782360 128 94 56
1.77131876 -1.41873280 13.06232229 103 72 42
1.70017525 -0.90003640 11.52646313 98 61 19
1.75051921 -0.79258296 11.75255683 131 93 61
1.91833970 -1.42275387 13.54657295 132 105 76
1.83068074 -0.72905756 11.57306405 173 141 103
1.92783693 -1.29243930 12.32373009 126 89 50
2.12648800 -1.54966311 13.03044563 110 76 40
2.19846728 -1.51688981 12.70682160 130 93 46
2.21155830 -0.28372637 11.66831776 172 138 99
2.25043604 0.05725209 11.64691303 154 120 83
2.31185722 -1.63913256 13.20678273 156 126 91
2.48972705 -1.50224795 12.61317086 153 118 80
2.50515287 -0.78464809 12.10246034 121 84 40
2.90978564 -1.21333500 12.49836426 170 131 88
3.40738897 0.85134824 13.17475829 80 62 49
3.56055280 1.03085249 13.47679292 63 51 40
3.61125348 0.96671084 13.34887278 52 32 15
3.37526097 -0.13718422 12.48135776 176 146 111
3.26002377 -2.02579823 13.12035023 168 129 86
3.46359725 -0.23050459 12.60809156 173 144 110
3.66273422 -2.27607131 13.69484184 164 136 104
3.73663631 -0.68164087 12.69607773 110 76 38
4.11572020 0.69723512 13.56950548 64 38 5
3.70471134 -2.36441267 13.57649042 168 139 109
4.15060457 -0.03944944 13.20691581 185 159 124
4.23192399 -2.31448471 13.70077253 100 70 34
4.51280570 -0.31978375 13.39115668 171 140 110
4.57682003 -0.62576782 13.46923377 122 92 60
4.53719069 -0.78814287 13.38809021 169 144 115
5.39237444 1.80194345 16.66457792 80 46 6
0.21274517 -2.25063738 7.50419587 89 84 81
3.50503651 -2.49067415 15.44095114 194 185 175
-0.94499163 -2.25730519 8.78150183 182 147 109
-0.91612710 -1.67102745 8.76214219 166 134 96
-0.12642030 -2.88270431 9.22298659 178 142 106
3.50700515 -2.90111837 15.72998457 127 90 47
3.98077525 -2.20008291 14.25671232 212 193 181
11.61435885 10.34569342 34.77542020 199 201 222
-2.25527992 -2.32254127 8.52902592 168 132 98
-1.84507532 -1.76203150 8.47877537 146 119 89
-0.63785797 -3.32771660 10.32818761 10 1 0
-0.60770617 -3.32083473 10.04154463 142 109 79
-0.52467982 -3.34462870 10.42244837 178 148 113
0.13796435 -2.48920283 9.22215561 157 119 82
0.20426613 -1.75614125 8.62533836 135 105 71
2.23973941 -0.51860203 11.80570079 185 156 116
3.55204191 -0.31789797 14.21095606 153 119 84
3.59950224 -2.09611519 14.41722624 213 209 213
-1.58121545 -2.17833617 8.58468227 76 40 4
-1.55096409 -2.70051548 9.21485374 171 132 98
-1.59910274 -2.63845782 10.31928658 102 71 41
-1.26590436 -1.65854294 8.65463888 42 15 1
-1.26590436 -1.65854294 8.65463888 42 15 1
-1.11347789 -2.22011679 8.69301780 118 79 36
-1.26861867 -3.07480687 10.82907720 196 188 182
-1.59265330 2.01693461 11.40945742 96 88 76
-0.97510974 -3.21752266 10.67049446 115 89 61
-0.69987461 -2.45788240 8.97785214 172 128 88
-0.47783110 -2.47567724 9.00606290 168 133 99
-0.43896066 -3.26559333 10.39306182 140 113 83
0.66467616 -2.72840783 9.66009371 181 151 122
1.05887989 1.16066868 10.65692191 174 142 103
2.37694521 -1.50092963 12.92176118 146 115 84
3.21366431 -2.99226712 15.85736989 130 101 70
3.27113830 -2.78728684 15.78668993 190 184 178
3.42648036 -2.88869521 15.91786340 131 95 54
3.43287254 -0.55502688 12.53555099 164 131 96
3.73306051 -2.12824629 14.67574838 194 194 204
3.74779176 -2.02044157 13.58097265 152 112 77
4.11220091 -1.92602934 15.16830768 99 71 41
4.03654363 -2.36546715 14.18695619 151 116 79
4.29584001 -0.83385622 13.23670064 96 63 25
4.39889018 -0.61492371 13.31852171 180 150 117
4.44389175 -2.10285770 13.96243356 147 124 110
4.56263390 -2.06493156 14.19600925 197 206 226
-11.22930097 -0.53778321 20.77170160 174 180 206
-10.29274179 -0.67631609 22.03960673 168 176 196
-2.48219776 -2.40125024 8.75913121 122 97 68
-2.02471590 -1.87005327 8.42568793 192 162 133
-1.71008820 -2.09028779 8.52862633 72 39 3
-1.85073821 -2.43299656 10.44154290 183 184 182
-1.48723757 -2.43960421 8.67603456 103 64 23
-1.46577088 -2.05290807 8.56133722 110 75 39
-1.43171380 -2.23633581 8.65557655 82 46 1
-1.36941730 -2.36174263 8.70709881 173 139 100
-1.29937019 -2.53536553 8.79821480 118 77 23
-1.40650036 -2.81372653 10.53307951 112 74 35
-1.25147331 -1.75521711 8.61327747 128 99 66
-1.23828262 -1.81414060 8.60435253 147 115 81
-0.90001362 -1.69058188 8.79604480 145 110 78
-0.79708528 -2.16068761 8.84663754 71 37 3
-0.79708528 -2.16068761 8.84663754 71 37 3
-1.34807705 2.16525797 10.55343865 195 182 173
-0.77693761 -3.42051469 10.63535328 113 82 47
-0.71359337 -2.18005651 8.90478811 64 34 8
-0.69879039 -3.22762180 10.14786202 126 87 51
-0.36687524 -1.71767926 8.97264598 64 36 6
-0.32631716 -3.25905414 10.04850528 191 166 136
-0.15426523 -2.87513691 9.19915271 115 82 39
-0.16527973 -3.08078211 10.80163338 206 200 195
-0.01636261 -0.31138908 9.72729016 25 7 2
0.04551088 -1.51305635 9.20136333 113 87 63
0.19841488 -2.59502748 9.35084287 93 60 28
0.25328770 -1.94787341 8.68291695 148 118 86
0.28339323 -2.53845729 9.29843514 102 72 38
0.36489789 -2.42629144 9.02994267 156 123 88
0.43258194 -2.87912186 9.57170968 193 161 123
0.63976132 -1.95444383 11.35644630 154 127 96
0.64572187 -2.75798449 9.67652826 132 102 70
0.83902953 2.10990397 10.80812396 146 110 74
0.92924144 1.98511669 10.78967236 164 132 94
0.94023268 1.44148068 10.73875736 55 31 11
1.17694058 1.11168637 10.68255532 168 139 104
1.49779883 1.46681232 11.02109636 151 124 95
1.46697112 0.41540243 10.60976806 121 88 55
1.77239617 -1.39252788 13.10805415 103 72 42
2.41079935 1.90149331 12.30464340 196 184 172
2.31593849 -1.17248672 12.30771220 173 140 97
3.05006138 -1.85440694 13.84330994 117 76 35
3.60935956 -0.18004540 14.40332917 143 106 63
3.94433646 1.55421955 13.79938140 166 139 108
3.74079590 -2.36363489 14.07830150 187 189 201
3.81949849 -2.26930138 13.95811994 147 116 75
4.03275258 -2.55584179 15.06167601 157 128 95
4.23192167 -2.50422725 14.59835149 150 126 101
4.14732536 -2.43870690 14.02959774 158 126 87
4.10722337 -2.20361541 13.57285537 126 88 35
4.47909009 -1.88954124 13.82165197 139 112 92
5.13538681 1.17340462 13.75802062 189 189 191
8.20997315 -0.80091715 20.22124646 255 255 255
-2.57442847 -2.18528592 8.83163681 19 12 10
-2.44664631 -2.28540342 8.69821616 149 113 75
-2.33527477 -2.22499286 8.58996230 2 0 1
-2.05086414 -2.11131247 8.44867751 116 80 44
-2.02805494 -2.15792741 8.46155684 117 80 31
-2.01990918 -2.51070405 9.43156141 182 179 172
-1.92112714 -1.84854923 8.42585984 144 110 80
-1.88745293 -1.97607334 8.43198177 158 125 88
-1.78343796 -2.11550344 8.46910201 144 105 65
-1.81261895 -2.43704486 9.97516151 185 185 184
-1.81261895 -2.43704486 9.97516151 185 185 184
-1.61052445 -2.70127432 9.41756464 165 139 109
-1.59250407 -1.88830257 8.50888346 170 137 98
-1.77855429 -2.41170273 10.34620741 76 51 23
-1.62960833 -2.53960403 10.24452198 83 54 22
-1.61111999 -2.52907083 10.28995632 87 55 24
-1.56439470 -2.56147160 10.24138999 137 105 74
-1.32260766 -2.45911170 8.87755022 113 70 26
-1.49204124 -2.85851530 10.73048968 133 114 87
-1.33041036 -1.89370373 8.64303677 154 115 77
-1.33116308 -1.89751266 8.69370648 68 37 0
-1.26740154 -1.98407083 8.64216008 70 37 3
-1.37631135 -2.84536642 10.66897067 106 69 24
-1.20887916 -3.04548386 10.02965684 174 150 119
-1.17280058 -3.07513370 9.92012988 114 84 48
-1.28413682 -2.99252569 10.88762904 130 109 84
-1.14083104 -2.01248769 8.70977824 72 40 2
-1.14083104 -2.01248769 8.70977824 72 40 2
-1.15038220 -1.85942654 8.67119859 133 99 63
-1.07253538 -2.09044578 8.67790668 68 36 0
-1.07253538 -2.09044578 8.67790668 68 36 0
-1.11083810 -1.73115747 8.68940914 56 30 0
-1.11083810 -1.73115747 8.68940914 56 30 0
-1.02223612 -2.07062874 8.75818343 81 48 7
-1.04006387 -3.14308117 10.17799983 180 155 129
-1.02292909 -1.50127010 8.71312552 64 43 17
-1.00333911 -3.11784388 10.63016079 128 96 64
-0.98158337 -3.12259592 10.69293913 47 23 1
-0.82337264 -3.01354559 9.34721688 109 71 25
-0.93809529 -3.09705267 10.65228141 132 104 68
-0.85921224 -3.28500063 10.16308404 168 142 112
-0.91873435 -1.49957816 8.79122146 54 28 0
-0.85137836 -2.00930021 8.77218819 122 79 34
-0.85137836 -2.00930021 8.77218819 122 79 34
-0.78222114 -3.16227379 10.55219488 100 67 37
-0.70376722 -3.26626201 9.79764371 160 126 89
-0.70376722 -3.26626201 9.79764371 160 126 89
-0.62945272 -3.29782412 9.89395543 128 98 64
-0.60384368 -3.28037926 9.97506079 140 108 71
-0.66794395 -1.59266162 8.81373844 65 41 13
-0.83478439 -0.28457567 10.81418161 118 82 43
-0.58182071 -1.54673402 8.89267195 178 143 113
-0.53791520 -2.05092376 8.95205287 182 151 118
-0.48803351 -3.22161791 9.98448316 175 146 107
-0.40405652 -3.18812179 10.67470424 132 98 56
-0.38083327 -2.14840524 9.04765858 11 4 2
-0.47774275 -0.86947950 9.33937302 74 49 20
-0.18059366 -2.39337760 9.11658198 74 43 8
-0.22405401 -1.12702078 9.18419729 46 25 0
-0.06577495 -2.44079812 9.15169624 75 45 7
-0.28797842 1.05422472 10.55570163 154 131 99
-0.03443041 -3.09039852 10.23401846 176 154 122
0.00122633 -1.31437829 9.21657576 51 30 9
0.00908967 -1.47305096 9.20776952 137 111 79
0.04183687 -2.00829646 9.11537553 97 63 26
0.07847997 -1.65830077 9.14719331 46 28 9
0.09787896 -1.94950559 9.11487821 67 39 17
0.14100638 -2.59374492 9.25047687 95 62 29
0.03827343 -0.16446177 9.64418005 27 12 1
0.17158042 -2.66597253 9.27439224 181 148 113
0.17398086 -2.61314731 9.27781047 80 49 15
0.15056788 -1.92410238 9.21333610 49 27 8
0.20525152 -1.44831070 8.50119259 88 55 20
0.27051577 -2.89879887 9.47260205 168 133 93
0.27070670 -2.66447524 9.39500444 132 107 80
0.26065261 -2.06014629 8.80130966 90 60 31
0.23227389 -1.16732095 8.50875408 56 33 17
0.31001210 -2.95292304 9.68195367 183 155 118
0.34269598 -2.71107984 9.71048826 176 149 119
0.33773894 -2.31469212 9.00069047 157 123 90
0.37622065 -2.91792835 9.53253373 127 97 63
0.38421413 -2.44950070 9.12308272 149 115 75
0.39708092 -2.63776207 9.20249839 135 102 60
0.37861423 -1.42923596 8.48452325 185 153 121
0.42225086 -2.81637541 9.22738876 179 143 102
0.40634032 -1.72920546 8.70236013 108 69 33
0.49499992 -2.15433966 8.91512562 171 139 109
0.50400392 -0.05263851 9.97159141 179 148 119
0.56014735 1.38457939 10.49787828 64 38 10
0.58599805 -2.78653121 9.61491054 191 162 128
0.66732789 0.81341486 10.18699043 156 127 96
0.71505074 1.46971773 10.66884688 42 21 2
0.71305838 -2.66991082 9.76898581 184 156 119
0.85202879 1.80599620 10.67438937 180 147 112
0.91103353 1.15034581 10.55171313 172 147 115
1.03493074 -1.23125967 12.36776456 167 140 110
1.05726301 -1.23919482 12.43159652 119 89 55
1.01631097 0.25954022 10.20643734 152 119 83
1.28950223 -0.20259895 14.74109222 188 194 208
1.12934264 1.86430122 10.71646306 189 155 118
1.12437643 -0.40617330 10.30537070 165 123 81
1.19885852 1.89329998 10.72828507 104 73 38
1.19445398 1.54469503 10.76459432 148 113 83
1.15707234 0.35250444 10.30519330 186 160 127
1.24383818 1.02863229 10.65639718 178 149 117
1.40632845 1.16554577 10.66931723 163 134 100
1.42387467 1.06467625 10.81024310 162 132 99
1.48955299 0.24834491 10.56543967 182 155 118
1.73457304 1.82674286 11.26581446 206 190 177
1.74111050 -0.80056142 11.42236673 132 94 51
1.86663279 -1.43296359 13.17756486 168 139 107
1.99207889 -1.36870227 13.50547403 111 81 47
2.30797899 -1.02576453 12.29491352 180 149 106
2.42312843 0.08784907 11.72493367 142 109 71
2.51709803 -0.73439225 12.17014807 129 88 41
3.64222368 1.99736458 13.79966973 196 182 171
3.22507478 -0.34114208 12.46405803 95 61 23
3.60567792 -0.16211877 14.42764028 134 96 49
3.88026090 1.02586262 13.75672136 39 16 0
3.51575134 -0.51282717 12.59924256 130 96 58
3.97295080 1.39390676 13.57016110 157 122 93
3.89592386 0.32408684 13.40246854 177 144 106
3.69277361 -1.24149424 13.12478520 150 115 75
3.76182090 -2.34562565 14.10089666 190 193 208
4.11927593 0.65157901 13.62547904 141 112 75
3.98893332 -1.98635588 14.74329139 190 194 206
4.17090379 0.56253913 13.57190535 155 122 88
3.90886594 -0.87496705 13.10211457 148 107 57
3.90886594 -0.87496705 13.10211457 148 107 57
3.98397431 -2.19647205 14.12627145 132 111 83
4.07534368 -2.27679415 14.16751817 119 87 49
3.97651807 -2.10290370 13.59188518 184 148 100
4.64086416 -1.54631168 14.09983626 199 200 202
4.99292248 0.10138066 14.03457705 195 202 219
0.41518837 -2.77558363 9.23181072 135 94 50
-0.43485432 0.84073144 10.31318799 80 67 51
0.06736714 0.32837629 10.29767117 146 124 95
3.29961393 -2.79451001 15.48731313 189 182 176
4.55480812 -1.83456703 13.97794644 205 210 222
-0.73917683 -2.36535981 8.90542126 118 78 38
-4.56910529 30.52646299 49.68391105 67 40 16
1.61731224 -1.11038859 11.96241087 174 141 103
3.20204978 -3.00166873 15.82454075 130 101 70
3.88669355 1.49968863 13.86514659 124 99 73
4.03904082 1.78008967 13.73236788 189 175 165
3.89357472 -2.43030073 14.36887332 174 138 106
4.21815117 1.07477806 13.68906501 78 43 7
4.27689653 1.11376045 13.66361952 144 104 68
4.15597365 -2.32307366 14.16261397 163 128 88
4.30115880 -0.61683753 13.18527466 179 149 116
4.50685934 -1.96655740 13.94547593 203 204 219
-1.80928777 -2.25295060 8.52641562 118 81 40
-1.81146409 -1.61589008 8.48777543 114 89 64
-0.60542651 -3.27013309 10.20532983 179 152 122
-0.61564555 -3.30832569 10.42588872 162 130 93
-0.38659904 -2.64879898 9.11429737 87 48 10
-0.52072335 0.87373730 10.47919983 86 73 57
0.38246572 -1.10158513 8.53439545 180 151 119
1.37655808 -0.83112421 11.21000017 167 137 101
1.96177657 -1.46175545 13.28448422 163 134 104
2.74868333 -1.46324726 12.79213620 124 87 43
3.96582460 1.40752008 13.72555530 148 115 83
3.60905754 -0.89534602 12.74830469 118 77 25
3.86030613 -2.34299938 14.32810598 88 61 41
3.76176306 -1.33031954 12.94429583 134 94 42
3.98541557 -1.77218302 13.32975441 114 75 26
3.98541557 -1.77218302 13.32975441 114 75 26
4.10869866 -0.65475770 13.00833198 136 102 64
4.14329795 -2.48814948 14.24629963 157 123 83
4.20343062 -2.43348213 14.14858442 172 139 103
4.45227010 -0.74116650 13.21618412 125 94 62
4.47989827 -2.15237671 14.10660024 213 214 220
4.45916542 -2.15142101 14.01212875 214 213 217
4.70354786 -0.99453627 13.70887498 149 127 103
-12.00049337 0.26755281 17.44125231 157 156 154
-12.15376549 0.70743079 17.91930920 164 163 164
-9.47320900 -0.70950440 19.55642647 255 255 255
-2.14289479 -2.10145584 8.41334280 0 1 1
-1.88828516 -2.35221431 10.47964049 194 187 176
-1.69247271 -2.45119295 10.29683443 87 59 29
-1.03847853 -3.21864323 10.98712295 183 184 179
-0.82855109 -2.98802434 9.38282649 109 71 25
-0.63105280 -2.44232019 9.08021350 180 141 98
-0.59963034 -2.31289643 8.99122936 5 0 3
-0.51447200 -2.20638023 9.00899750 165 165 157
-0.38450062 -2.35800797 9.02108125 139 118 82
-0.34750965 -3.22653627 10.25477174 173 151 117
-0.05956009 -1.12636995 8.91157745 49 28 8
0.52261131 -2.76124718 9.62878811 197 167 131
1.08752393 2.14092524 10.87597647 101 67 30
1.17210370 1.25244520 10.75818329 173 146 106
1.26103076 -0.96882972 11.30602451 125 84 41
1.26103076 -0.96882972 11.30602451 125 84 41
1.95416111 -0.37678133 11.53958365 106 68 25
2.42138574 1.63996798 12.10373897 201 185 172
3.35928812 -2.70723548 15.35479827 186 179 173
3.35364016 -2.81929540 15.38254880 129 110 85
3.78162237 -2.17536990 14.48759439 189 194 208
4.32610518 1.06235237 13.66400733 93 56 15
3.96467264 -1.03923300 13.01507377 115 71 24
4.08778438 -2.50406354 14.40285523 178 146 108
4.55453861 0.68457929 13.72900531 154 120 82
4.59396832 0.80307712 13.78845086 96 61 21
4.25372758 -2.35516518 14.16305815 167 137 102
4.37295422 -2.34924607 14.46739790 140 119 95
4.48164496 -2.00292235 13.93425298 214 209 211
-2.52711957 -2.07345833 8.75504515 0 0 0
-2.36282927 -1.82518498 8.46762808 187 181 171
-3.24179254 1.12310157 9.94952317 121 121 116
-2.17727355 -2.23280903 8.44275583 11 2 0
-2.17727355 -2.23280903 8.44275583 11 2 0
-2.16358025 -1.81845125 8.40506852 165 147 119
-1.88122607 -2.15966832 8.36520156 180 146 109
-1.84348074 -2.29118719 8.56330128 130 90 47
-1.65352364 -2.30226427 8.53356596 113 77 26
-1.77939039 -2.37079744 10.32198313 108 79 44
-1.64279211 -2.68254389 10.46577643 140 120 95
-1.61994902 -2.70489180 10.50795207 122 101 75
-1.58360039 -2.55441047 10.33593382 82 50 22
-1.38010320 -2.91890398 9.74679775 171 146 113
-1.29807970 -2.06431615 8.59643251 161 129 92
-1.29741067 -3.01209672 9.76125672 190 159 127
-1.41755362 -2.93123662 10.74674512 146 125 100
-1.11571750 -2.39177773 8.84638744 165 126 83
-0.95870717 -3.18376419 10.19149830 166 137 100
-0.87578627 -2.49548361 8.93203103 185 144 98
-0.84325735 -3.24322488 10.60737655 121 90 57
-0.75008914 -3.03038986 9.43369453 126 85 41
-0.72448418 -2.35927421 8.86855890 191 156 117
-0.59995280 -3.26151562 9.94962339 182 152 117
-0.62403169 -3.26763178 10.59708942 140 106 68
-0.57397218 -2.33155073 9.00714009 8 1 0
-0.54134836 -3.29646966 9.91063690 172 142 106
-0.49545184 -2.22766791 8.96922257 165 162 151
-0.44944255 -3.23934300 10.20278127 181 151 122
-0.41735501 -3.19006632 10.80385016 136 106 73
-0.38532105 -3.21090673 10.32156806 112 84 42
-0.37946376 -3.22989645 10.34622184 174 146 110
-0.39632810 -1.69217537 8.97416724 68 39 3
-0.39283600 -1.27289473 9.06390014 164 141 110
-0.27071122 -3.09132794 9.39631432 114 76 32
-0.27071122 -3.09132794 9.39631432 114 76 32
-0.29047544 -3.20253868 10.02432395 104 68 32
-0.32447803 -1.85692028 8.93394991 164 130 92
-0.27487324 -2.52870533 9.02319782 195 166 128
-0.21208515 -3.20597437 10.01133670 186 156 127
-0.19970019 -2.53265822 9.04533988 128 94 56
-0.21747791 -3.05743362 10.90803968 195 192 187
-0.21258971 -1.73911682 9.00652185 162 129 92
-0.37329879 0.32432861 9.92228408 144 123 96
-0.20201504 -3.01987606 10.91748947 130 112 92
-0.20201504 -3.01987606 10.91748947 130 112 92
-0.15234765 -3.17950250 10.12653074 110 78 36
-0.11678964 -3.15971566 10.16485605 101 67 33
-0.16075409 0.55131594 9.88710643 149 132 104
0.08104380 -2.97258599 9.36961585 188 149 106
0.08104380 -2.97258599 9.36961585 188 149 106
0.08890321 -2.99087081 10.76726984 192 191 189
0.09152796 -1.93604434 9.12828192 73 48 18
0.12253406 -1.85024761 8.37423290 15 6 3
-0.04057513 2.52597569 10.71881764 195 183 169
0.21392755 -3.01505268 10.03014250 190 162 125
0.04438367 2.45956580 11.10801390 92 84 66
0.22735368 -2.79986394 9.31752885 155 121 83
0.23110021 -1.95841148 8.94992143 110 83 49
0.32207918 -1.74283857 8.61849706 177 148 108
0.34746599 -2.75206089 9.29921360 136 110 72
0.33892882 -1.20180821 8.51555400 96 67 27
0.39964479 -2.90010527 9.88189042 105 72 31
0.59777556 -2.46785694 9.08329158 189 156 113
0.59777556 -2.46785694 9.08329158 189 156 113
0.74958105 -2.55406624 9.54820072 201 169 130
1.03105373 -1.22743158 12.50173290 136 106 70
1.02918852 1.84093506 10.97727030 169 135 100
1.01119654 -1.23802194 11.45831340 181 149 113
1.06923854 1.28236381 10.72994312 172 143 101
1.13657212 -1.46338239 12.05783270 138 102 63
1.21501155 -1.07397714 13.02018350 139 119 95
1.22168698 -1.25279355 12.24627242 87 57 29
1.25507968 -1.13725170 11.70212029 198 164 126
1.25507968 -1.13725170 11.70212029 198 164 126
1.33327517 0.03676600 10.70070859 120 82 35
1.60993598 -1.38271493 12.56256640 170 137 101
1.76683485 -1.35861930 12.78504341 168 137 103
1.87430303 -1.39356169 13.23636367 165 135 101
2.06380664 -1.51305054 13.48550127 112 83 43
1.99603833 -1.33375076 12.65880636 123 82 36
2.18798445 -1.34111057 13.35524350 139 108 70
2.12852832 -0.09386946 11.58127935 116 81 41
2.61340215 -0.80561053 16.36874250 145 153 169
2.23916272 0.04345810 11.62223366 161 131 90
2.30867178 -1.63895212 13.34638404 115 81 42
2.38167555 -1.01363535 12.37623964 177 143 101
2.37733857 -0.77783495 11.99177926 127 90 41
2.37733857 -0.77783495 11.99177926 127 90 41
2.41278833 -0.47263046 11.88637420 115 80 35
2.60135417 -0.80666115 12.24921733 118 82 35
2.94193737 -1.82602308 14.29037201 128 101 75
3.35276500 -2.04409025 14.27845948 135 106 72
3.85146163 1.65214951 13.90233427 187 170 156
3.36018014 -2.09161106 13.93199699 134 101 58
3.66402727 -2.84875410 15.74771105 143 116 80
3.97740637 1.32943543 13.77113389 153 118 77
3.62416217 -2.22355690 13.76465737 172 140 100
3.72779377 -2.15535623 14.13307133 136 105 65
4.23539586 0.97448906 13.52850976 136 99 45
4.24592846 0.72531155 13.64800433 70 42 2
3.94547753 -2.19466089 14.16505510 139 116 83
4.95782935 -1.34527400 17.98066994 199 202 217
4.58823788 1.23677844 13.63540992 165 132 96
4.62435020 0.95673639 13.67274396 157 123 86
4.13710652 -2.14030274 13.67994767 127 87 38
4.30567268 -2.34546398 14.13990482 137 104 64
4.43753329 -1.03451696 13.29350398 135 106 64
4.88467216 0.21961524 13.91706345 146 117 83
4.46167927 -1.67956049 13.61664052 135 106 73
4.90075580 -0.32732583 14.18018323 133 105 75
4.90075580 -0.32732583 14.18018323 133 105 75
6.03239478 1.22455478 15.57660073 201 203 215
2.04632425 -1.16756983 13.73683223 90 60 23
-2.37901340 -0.49918641 12.39189954 184 176 163
-0.50640825 15.18692855 29.94697810 162 131 108
-2.40744847 -1.90371200 8.46516134 3 3 3
-1.38061355 -2.30831903 8.67967043 177 142 104
-0.70324618 -3.28165980 10.15690218 188 162 132
0.30010578 -2.96554811 9.71166127 171 142 112
3.76382621 -2.13780152 13.50746434 119 83 35
3.94813939 -2.46459344 14.51158743 99 57 7
3.94813939 -2.46459344 14.51158743 99 57 7
-1.31709405 -2.30925900 8.72073479 153 114 71
-0.48880938 -3.19824445 9.59707157 168 134 91
-0.48880938 -3.19824445 9.59707157 168 134 91
0.10811728 -2.68046018 9.19853105 171 137 99
0.39801848 -2.89727914 9.59116994 116 83 50
1.66686511 -0.11432286 10.96544451 116 75 29
1.76420878 -0.68986824 11.41924586 148 116 77
2.04461188 -0.07656151 11.56344327 159 130 93
3.19127226 -3.04115483 15.75569049 118 95 69
4.51607386 -1.95588375 13.97012478 198 198 204
-9.57186322 -0.59445454 19.70093929 255 255 255
-2.22610253 -2.29137168 8.45944333 22 9 2
-2.22610253 -2.29137168 8.45944333 22 9 2
-2.15615023 -2.20932969 8.38792639 4 1 1
-1.89025649 -2.19924229 10.40889034 128 110 87
-1.82308796 -2.30119727 10.35105048 165 139 110
-1.72927293 -2.45040179 10.29885879 150 125 94
-1.66074173 -2.67017314 10.42751368 134 111 88
-1.63287361 -2.54943438 10.31241986 158 129 97
-1.59013760 -2.75442496 10.39038161 168 146 117
-1.52764645 -2.84305055 10.59623932 140 114 91
-1.51135528 -2.87585382 10.69568070 193 189 183
-1.36251115 -2.90321344 10.05538526 187 157 124
-1.35194987 -2.90428593 10.58684252 103 62 16
-1.34246155 -2.92684228 10.67800143 113 75 32
-1.19899899 -3.06699643 10.87741729 142 121 92
-0.91701249 -3.17602190 10.63789921 125 93 56
-0.78337534 -3.34537170 10.57425686 151 119 72
-0.76033477 -3.26716751 10.58928732 97 69 35
-0.64380611 -2.19352867 8.95682842 5 0 1
-0.59344511 -2.58128071 9.09068095 172 137 98
-0.54200080 -3.28984194 9.91977389 172 142 106
-0.51254388 -2.21989463 8.99615910 190 188 175
-0.46686710 -3.25315484 10.33295175 185 154 122
-0.34078017 -3.24977205 9.87064819 183 154 113
-0.36680061 -3.17669281 10.61953407 121 88 50
-0.34254726 -3.20249677 10.34533713 120 90 52
-0.32523522 -3.22178004 10.25120636 175 148 118
-0.02029833 -2.40299336 9.10105103 169 131 90
-0.12761914 0.80240560 10.03080255 137 118 93
0.27214788 -2.91682161 9.45059614 170 135 97
0.43972968 -2.93299960 9.58554378 131 101 65
1.10614199 -1.19845143 11.82790848 167 134 99
1.25786550 -0.94714167 11.34237808 123 85 37
1.25786550 -0.94714167 11.34237808 123 85 37
1.25786550 -0.94714167 11.34237808 123 85 37
1.31094060 -1.20159254 11.96256038 138 102 59
1.35166766 -0.78220871 11.17772217 180 145 111
1.58197468 -0.21792950 11.04118295 160 127 89
1.61247138 -1.10659167 11.96615752 179 146 106
1.73355517 -0.15284166 11.05777466 112 75 28
1.88357922 -0.60029122 11.68504677 119 85 42
2.30554113 -1.41986323 12.91736786 103 72 29
2.48797088 -0.18982800 11.91251985 163 133 100
2.63629852 -1.46066827 12.79572250 150 115 74
3.10020108 -0.32025533 12.35237165 118 85 41
3.38010003 -2.78888327 15.23191629 116 90 67
3.45415453 -2.66094801 15.25857183 114 93 62
3.83546230 1.63412371 13.88977876 186 170 157
3.75075710 -2.90107269 16.04094965 189 184 180
3.81617865 -0.62669736 12.84100678 118 85 41
4.30687930 1.37394798 13.72527333 148 115 76
4.01127471 -2.25781281 14.19973788 94 63 26
4.01127471 -2.25781281 14.19973788 94 63 26
4.02006738 -2.20813422 14.17835944 204 190 200
4.45502655 -2.21726373 14.36331048 148 130 100
5.00236871 0.70723911 13.97644392 201 201 215
5.61775223 1.67860018 15.26354320 199 202 217
5.74164511 0.05129859 16.23180632 197 199 212
9.27634107 -3.45727420 16.39685115 167 158 157
-2.53721721 -2.33582349 9.03249499 192 185 176
-2.41194651 -2.45885429 8.96731413 128 110 87
-2.43200085 -2.40936946 9.06295911 197 189 178
-2.37513560 -2.41834216 9.11430437 193 188 182
-2.27174517 -2.31025238 8.47537832 158 139 106
-1.95939340 -2.00411053 8.38332699 91 57 21
-1.93801903 -1.99934648 8.40974900 82 47 7
-1.88758812 -2.62624819 8.85793655 134 95 56
-1.66710706 -2.64446210 8.85420647 162 124 85
-1.72475209 -1.82513396 8.42989240 104 75 46
-1.63663955 -2.72171007 10.53619318 191 185 173
-1.42979118 -1.56888325 8.57572049 172 149 113
-1.35430529 -1.97983692 8.57223113 81 47 7
-1.30015600 -2.03361130 8.57229461 102 66 30
-1.18834199 -3.07859706 9.88739672 191 163 127
-1.13376268 -2.56150887 8.84219856 161 123 81
-1.02907263 -3.15025108 10.96448199 200 193 184
-0.97019989 -3.06730296 10.69151517 37 17 0
-0.84025256 -3.29360299 10.16549195 172 147 121
-0.84514725 -1.99431495 8.71451127 184 154 112
-0.73472078 -1.67802270 8.77642224 188 160 119
-0.69264861 -3.25969322 10.39778445 11 6 0
-0.63121312 -3.28361485 10.39151428 10 2 0
-0.55913349 -2.46307593 8.99514263 173 138 98
-0.56443209 -2.36362144 8.93305212 29 28 23
-0.44756735 -3.25497887 9.77612692 194 165 127
-0.46243694 -3.24480076 10.73322807 118 83 41
-0.42159608 -3.18823685 10.55730114 111 82 47
-0.39891263 -2.32485153 9.00083075 4 2 8
-0.39831470 -3.16522537 10.71148238 128 93 55
-0.37878575 -2.27555741 8.95832931 1 1 1
-0.37878575 -2.27555741 8.95832931 1 1 1
-0.31213689 -3.16423536 10.53224258 169 143 108
-0.26747168 -2.55349427 8.99943000 192 160 122
-0.27724261 -1.31594013 9.07703971 132 106 74
-0.17240745 -1.89768391 9.00074006 145 120 84
-0.06916199 -3.16541090 10.11519389 181 155 121
-0.05213726 -1.46723260 9.22368987 125 95 66
0.06835119 -3.07796981 9.88606767 188 160 122
0.22776018 -2.98173376 10.11779480 124 92 51
0.23650629 -2.79783837 10.77711005 142 126 103
0.23926759 -2.02512059 9.13628954 7 4 2
0.27460668 -2.70481478 9.36116957 142 118 95
0.28563749 -1.70934313 8.57023203 132 103 69
0.32728504 -1.92433625 8.97074838 140 105 63
0.33914527 -2.29589981 8.93413654 91 56 16
0.39101957 -2.90136277 10.19093631 175 149 116
0.34882654 -1.64337454 8.62482731 138 97 48
0.39686050 -2.64217847 9.09769994 133 101 63
0.42138452 -2.81183786 9.23757599 179 147 101
0.45098768 -2.89654450 9.83027329 175 149 115
0.58688559 -2.90960188 9.44839530 200 172 133
0.63567773 -2.71786056 9.62553872 132 95 50
1.24496469 2.07694722 11.03379801 150 115 77
1.20498205 -1.11231873 10.90398128 125 86 43
1.19075875 -1.44300735 10.14088849 129 93 50
1.32106184 -0.57654247 10.98902048 125 86 45
1.59905865 -1.33706233 12.90991298 187 160 126
1.84253173 -1.35301286 13.28402836 116 86 51
1.81733654 -1.32331123 12.91889361 121 85 42
1.83635279 -0.29447038 11.37315669 169 136 97
1.97479890 -1.29782191 13.04799858 99 63 23
2.26960595 -0.83541384 15.25232804 196 199 206
2.21465321 -1.50863100 13.80593465 146 113 82
2.32397626 -1.61267364 13.38414584 115 81 39
2.35079605 -1.49684482 13.39204148 150 116 79
2.77976724 -0.30382769 12.14529016 178 149 107
2.91896026 -0.35203186 12.24412737 169 139 99
2.97357256 -0.27850913 12.27271455 119 86 43
3.27342112 -2.18052752 14.77326685 197 199 211
3.42924105 -2.87090404 15.91479617 140 101 51
3.65105257 0.61353547 13.29818576 180 150 112
3.37178690 -0.39742276 12.53611074 124 89 50
3.37178690 -0.39742276 12.53611074 124 89 50
3.53105790 -0.48547890 12.63678745 116 83 37
4.05311131 0.73722032 13.61565478 51 26 1
3.76380687 -2.53462004 14.64173581 181 148 107
4.45892992 1.61467813 13.81099642 176 140 98
3.86445764 -2.23420475 14.01725442 155 120 80
3.93978854 -2.24518809 14.17273407 194 204 216
4.14185171 -2.46221118 14.87716566 154 123 89
4.02984796 -2.24859466 14.05855584 71 47 16
4.16776843 -2.27849237 14.31833263 165 131 87
4.27480992 -1.46575309 13.48650285 118 74 22
4.34147370 -0.99969328 13.23638528 171 141 101
4.88024116 0.80776596 13.90322918 156 128 91
4.45912697 -1.95801255 13.99495832 133 106 77
5.00704953 0.68585135 13.91334463 200 200 209
4.84838394 -0.30781996 13.95378791 147 117 83
4.98026567 0.03818249 14.13813707 140 115 86
5.25220359 1.39531639 14.00840315 202 198 197
6.29920547 1.94549529 16.82104891 198 202 214
0.90942267 -3.29944306 10.44293158 138 166 210
-0.11653580 0.01990251 9.79215412 50 27 1
0.22282620 -2.83641523 9.28715823 155 121 86
-0.16150755 -3.13684965 10.49945103 121 95 67
4.20915312 -2.41181169 14.19534051 172 139 103
8.26864579 -0.71934470 20.42224132 255 255 255
-0.70254916 -3.38946690 10.63892467 163 132 98
-0.09360976 -2.34589760 9.06089813 162 128 90
3.18838225 -3.04297942 15.74846520 118 95 69
3.77241052 -2.17647823 14.48376512 189 194 208
-1.62593743 -2.43106154 8.59785415 118 81 36
-1.60820912 -2.76856151 10.65293486 194 190 193
-0.34686135 -2.25746897 8.99541477 155 127 93
2.83593882 -1.95459917 13.54307142 158 123 85
3.70872383 -2.69058877 14.81709629 116 79 27
4.13716815 1.42956324 13.76358517 79 48 6
4.18782133 -2.33717825 14.21305880 126 92 44
4.40380604 -2.18761372 14.12285301 139 106 63
8.29134927 -0.67014207 20.50647978 255 255 255
-1.31910726 -3.02024796 10.76726441 139 123 95
-0.59227957 -3.30238117 9.94465668 131 103 66
-0.50785877 -3.29391399 9.97889664 163 134 100
-0.46291360 -3.22248121 9.61246754 125 84 38
0.57114795 -2.83778731 9.51959659 184 154 116
0.57114795 -2.83778731 9.51959659 184 154 116
1.88839832 -1.04867750 12.17260396 131 90 46
2.16005534 -1.37838741 12.69922858 155 120 83
2.76901445 -0.32870924 12.11880170 178 149 107
3.45860052 -3.09529313 15.93121965 154 130 102
3.83024052 -2.72651793 15.39942981 155 134 109
-2.58710723 -1.97726198 8.64372109 170 164 157
-2.45573537 -2.42660741 8.65902647 165 138 106
-2.46876306 -2.32051762 8.65128863 13 5 2
-2.26895486 -2.32718404 8.46381838 153 125 93
-2.23772358 -2.20876775 8.46527738 0 0 0
-2.17827727 -2.26000294 8.42109961 4 2 2
-2.14922628 -1.96078940 8.31263937 172 153 127
-1.93320775 -2.30519350 8.43626975 187 150 106
-1.77361785 -2.38889663 8.52205131 121 83 39
-1.76499088 -2.56904275 9.48084149 102 69 30
-1.74806904 -2.59046366 9.52392719 168 138 101
-1.62949874 -2.40683631 8.56205568 190 155 108
-1.69374486 -2.59191832 9.59084562 170 139 103
-1.65626051 -2.59533611 9.58330313 102 70 23
-1.73766195 -2.40619111 10.34071936 148 123 93
-1.66991543 -2.57701714 10.26390842 149 119 84
-1.54516207 -2.73022674 9.49462377 126 88 51
-1.58953881 -2.76313998 10.52104598 127 106 81
-1.58815264 -2.58945680 10.34152055 170 138 102
-1.43024829 -2.33187775 8.62120233 173 138 96
-1.52161737 -2.63652736 10.24277108 127 97 59
-1.36730029 -2.93727877 9.42306298 123 90 53
-1.52831007 -2.55194591 10.39716883 122 94 57
-1.40417957 -2.83485545 9.82347660 164 139 105
-1.36701964 -2.81086307 9.60035246 117 82 42
-1.34504061 -2.15138742 8.50935275 152 120 81
-1.29770991 -3.02042794 9.75425198 179 155 123
-1.30602918 -2.98660498 9.79897160 190 166 135
-1.40675287 -2.95268547 10.79120976 200 192 184
-1.35404492 -3.00890351 10.72321820 136 118 88
-1.24583051 -2.94151966 9.66536870 113 79 34
-1.35421627 -2.99060360 10.82443455 200 194 186
-1.14045167 -3.06608132 9.68134230 117 77 31
-1.17749038 -3.11480107 10.77444640 170 142 111
-1.14631757 -2.93409655 10.42457477 81 54 24
-1.10442339 -1.93976664 8.58159988 178 148 109
-1.04938518 -3.21731715 10.09535078 158 135 104
-0.99586428 -2.70643971 9.12379367 194 155 113
-1.09851524 -2.87759779 10.69122690 146 117 86
-1.03238451 -1.87801214 8.65843867 154 124 85
-1.06215374 -3.03290161 10.95106190 129 94 56
-0.83335206 -3.30425060 10.05370174 164 133 94
-0.82676787 -3.27491191 10.01659755 168 129 85
-0.84062187 -3.23435894 10.62066635 116 84 45
-0.82284973 -3.29453693 10.60078852 70 42 5
-0.81600839 -3.34664761 10.59100567 139 109 66
-0.76012341 -3.41539677 10.63126047 115 80 39
-0.75955969 -3.17527276 10.43257068 164 140 106
-0.75869704 -3.16047207 10.56672662 105 75 38
-0.71176500 -3.38418020 10.55638024 151 119 79
-0.59515542 -3.28611941 9.91698381 185 152 117
-0.59677046 -3.33773698 9.98385377 201 172 138
-0.61810316 -2.35063747 8.93540954 144 125 97
-0.60219789 -2.56892305 9.02523566 133 95 46
-0.61028235 -3.27891449 10.45719852 153 124 82
-0.59372733 -2.20621703 8.96024955 0 0 0
-0.55974413 -3.24686785 10.91373874 200 196 191
-0.50892927 -2.39478454 9.00186198 148 125 93
-0.48654317 -2.60245714 9.08370631 84 48 11
-0.45487486 -3.32322791 10.46003186 174 147 114
-0.39286437 -3.24903515 9.82625745 205 172 137
-0.41474779 -2.41928433 8.97521087 179 154 122
-0.38256450 -3.26070912 10.21819536 182 153 117
-0.33786199 -3.20832177 10.33932861 114 82 42
-0.31266903 -2.73963326 9.10223027 195 162 118
-0.28312881 -3.25290783 10.16115878 136 110 77
-0.28262927 -3.19861649 10.33347416 181 157 123
-0.26029699 -2.87222880 9.17961895 129 94 52
-0.26508318 -3.16767370 10.46222107 175 147 110
-0.26516251 -3.07267442 10.82157080 153 126 89
-0.23164187 -3.17366331 10.42810349 109 79 45
-0.23577903 -2.27781042 8.94594190 178 146 106
-0.18506287 -3.15687149 10.42242151 176 154 119
-0.19641221 -3.01518032 10.91895234 122 104 83
-0.12907249 -2.89466697 9.21454393 190 157 116
-0.11018972 -3.17697689 10.14706225 118 82 40
-0.12530186 -0.09494475 9.77644875 103 84 54
-0.12648013 0.33063254 9.85539876 73 56 26
0.02536949 -3.09582218 10.24144201 183 158 127
0.07078566 -3.05063524 10.29282897 180 157 120
0.01193382 -0.07952548 9.72904438 47 33 4
0.12002468 -2.68750611 9.22788030 178 147 107
0.25029657 -3.01960808 9.70901659 124 87 46
0.25213870 -3.00515356 10.05779597 190 160 122
0.26893667 -2.76511361 10.82613803 207 204 207
0.31815313 -1.73085154 8.62012711 172 145 108
0.36066759 -2.44754524 9.00982168 163 131 93
0.38335108 -2.55717115 9.08959134 148 120 86
0.39180181 -2.87490320 9.47924691 127 89 45
0.39996323 -2.89074764 9.59701673 115 83 44
0.41620255 -2.47365908 8.97391987 178 136 88
0.44358243 -2.87871825 9.86777239 190 163 126
0.42654486 -2.10299417 8.72763777 168 138 101
0.50774218 -2.86398338 9.52544532 183 153 115
0.53949198 -2.84337073 9.51239282 204 174 138
0.59483130 -2.77012510 9.87206458 132 104 67
0.63293993 -2.74172622 9.60451833 130 95 52
0.97873533 -1.25641620 11.31031174 170 140 102
1.06351115 -1.12364250 12.56781498 91 65 31
1.03881063 -1.16225838 11.41193618 112 74 31
1.12975466 1.97926542 10.99218207 103 68 28
1.13627028 -1.17985960 12.58959342 154 125 95
1.10754180 -1.23284715 11.79548175 173 138 101
1.20646356 -1.26024067 12.54797090 103 71 32
1.20646356 -1.26024067 12.54797090 103 71 32
1.17283838 0.05891084 10.42283028 135 96 53
1.24643071 -1.28712331 12.30549111 103 73 34
1.20329321 -0.00039889 10.44829523 124 90 46
1.31599052 -1.23332081 11.93253988 129 92 48
1.31599052 -1.23332081 11.93253988 129 92 48
1.28065538 -0.63751891 10.75084672 140 103 59
1.36474638 0.29341238 10.59404594 142 109 68
1.38279232 -1.20176673 11.78009264 184 149 107
1.39853883 0.11528871 10.59027350 185 155 114
1.42087501 -0.29302008 10.69698389 164 129 88
1.54125730 -1.30566727 12.94440295 175 146 114
1.47833954 -1.21352702 11.96265901 180 147 106
1.54896416 -1.29367695 13.01557804 130 101 69
1.63555044 0.89840525 10.90468719 159 132 95
1.63805218 -0.06076581 10.93691241 119 84 39
1.91879633 -1.39115605 12.82067785 168 138 104
1.90374765 -1.25577508 12.35249540 176 139 95
2.07195746 -1.53623780 13.46977675 106 76 40
2.02055694 -0.07610776 11.47566356 173 141 102
2.10570456 -0.08154703 11.61907178 163 130 92
2.11721881 -1.31496762 12.71296715 114 80 37
2.13058733 -1.32976828 12.74797430 115 80 38
2.17074481 0.24358369 11.58868153 168 136 97
2.86127508 -0.31260526 17.07409196 147 157 170
2.86127508 -0.31260526 17.07409196 147 157 170
2.25388142 -0.58099019 11.79431429 145 111 66
2.29439814 -0.12848353 11.70729564 132 95 53
2.33374999 -1.73309465 13.57411424 164 134 100
2.30739948 -1.42662196 12.59771215 106 72 26
2.43131563 -0.43868577 11.92715996 134 97 48
2.56435640 -0.22125670 11.91318952 123 88 46
2.61731477 -0.31448751 11.94756646 180 148 109
2.81099243 -1.94141639 13.50909369 108 72 23
2.81099243 -1.94141639 13.50909369 108 72 23
2.92954800 -0.24104729 12.25495468 134 103 58
2.92954800 -0.24104729 12.25495468 134 103 58
2.84597496 -1.72210571 12.94554522 174 136 91
3.03210881 -1.91670843 14.23031075 128 98 67
3.15648952 -3.00007162 15.70001139 196 192 188
3.70263545 1.72051390 13.54405543 203 190 173
3.17515187 -0.83839782 12.46210042 177 145 100
3.64270702 0.54176616 12.98523291 122 95 65
3.49747899 -2.64061585 14.98606093 122 102 75
3.49399453 -0.74723260 12.72276042 133 92 39
3.90650218 0.54414916 13.44514829 178 146 108
3.93094304 0.72326829 13.44224533 86 56 18
3.93911770 0.72524888 13.51676445 177 147 109
3.65835967 -2.39244159 14.20739549 198 204 220
3.64781958 -2.22642897 14.02037325 166 132 94
4.27776614 1.45028431 13.74755477 99 65 20
4.27776614 1.45028431 13.74755477 99 65 20
3.75309166 -2.10494515 14.33524513 140 112 84
4.44188266 1.88061795 13.77099874 197 182 161
4.43501670 1.84267166 13.72089635 198 183 162
4.48195133 1.44879777 13.98900375 147 106 60
4.38147040 1.28523284 13.66281148 151 119 81
3.84748606 -2.31440575 14.29128970 205 208 221
4.45250439 1.36460600 13.66428911 103 74 36
4.00699319 -2.21790163 14.16409762 211 202 209
4.40908903 0.22238823 13.57047588 133 95 49
4.74064690 0.50241839 13.88002322 153 118 75
4.90756793 -1.41968118 16.74034182 205 212 228
4.19625164 -1.94775131 13.47251243 123 86 29
4.29238523 -2.34751507 14.15973770 134 101 57
4.79372704 0.07542129 13.85579521 160 132 93
4.44750848 -2.20382815 14.29189930 146 119 86
4.44885329 -2.18026179 14.25093608 147 126 95
4.42274836 -2.09195802 13.93382682 150 122 94
4.45199535 -1.68119995 13.63345941 140 110 78
4.38860519 -2.29564313 13.85978013 200 203 204
4.49766734 -1.95076697 13.97176218 206 198 196
-2.49213381 -1.95367417 8.46300170 190 186 187
0.34942422 -2.92616730 9.44633962 171 142 111
3.66850785 -2.42441819 14.91462559 104 78 53
3.57753254 -2.16890889 13.65876633 147 111 71
3.82622514 -2.15557587 14.48329812 190 193 208
-10.05752071 -0.18138647 20.56875734 255 255 255
1.32113994 -0.52692447 10.77149244 170 139 109
2.19478185 -1.50802501 13.22355706 102 69 29
-10.04732642 -0.18053028 20.57447788 255 255 255
-1.22484825 -3.10617763 10.84767175 198 191 183
-0.57704570 -3.33342210 10.50876225 139 106 65
2.78031760 -1.75486792 13.21165779 121 85 36
3.42470492 -2.09890081 14.85419231 198 202 214
4.31154265 -2.25096631 14.09884864 183 151 113
8.50439922 -0.41023838 20.96865817 255 255 255
-1.21941032 -3.10787440 10.79353595 142 121 94
-0.76076992 -3.14228656 10.58646023 105 75 38
-0.53130828 -3.28973030 9.96911212 125 93 52
-0.51383891 -2.37504636 8.95982620 1 1 1
0.49461735 -1.55637555 11.84295669 150 125 100
1.92923058 -1.44801159 13.32074288 120 85 48
1.84855144 -0.57677156 11.55216966 122 85 41
2.13877670 -1.56550234 13.55060925 121 91 55
2.25939802 -1.62135815 13.26773725 108 78 34
2.32674013 0.23264518 11.68142308 158 128 90
3.41563839 -1.88291686 14.25379421 160 130 93
3.95112279 1.11561313 13.46063232 130 93 48
3.85750785 -2.67148424 15.50744131 155 134 107
4.10398169 -2.27862046 14.30217496 109 68 18
4.21067826 -2.21419895 13.84314703 111 74 32
4.75835388 -1.39566308 14.21066534 200 203 211
13.18573764 1.53218837 15.45337897 183 177 171
-12.44004614 0.68047406 17.99703716 158 154 151
-2.44692577 -2.44774561 8.60256473 108 93 66
-2.41761046 -2.03614250 8.38638497 124 120 108
-2.29700802 -2.50605235 8.46473077 142 119 82
-2.28692250 -2.43113204 8.44721899 0 1 2
-2.09072752 -2.16598137 8.27314133 118 99 64
-1.56381026 -2.76101951 9.43317786 117 82 41
-1.56251781 -2.75182200 9.57243821 128 100 63
-1.44503535 -2.73774579 8.97704447 164 127 85
-1.39429095 -2.92410966 10.02729996 33 16 0
-1.23443533 -2.99177523 9.71939393 129 92 48
-1.21123226 -2.99175782 9.69831125 165 127 87
-1.31662492 -2.99992527 10.85767816 197 192 182
-1.23530776 -2.96663579 10.17176255 173 150 119
-1.31477152 -2.80663697 10.84447316 141 99 52
-1.24997592 -2.76101548 10.56964061 154 119 85
-1.20218765 -2.80093632 10.62292843 157 124 83
-1.14886938 -2.82981778 10.63086556 85 55 21
-1.10681142 -3.12784552 10.89854857 143 122 97
-1.05531489 -2.96623561 10.69689073 127 96 58
-1.00612613 -3.18706519 10.81143170 95 72 37
-0.95912820 -2.98814454 10.61810549 123 91 55
-0.95912820 -2.98814454 10.61810549 123 91 55
-0.94190898 -3.22521701 10.72912668 143 119 85
-0.87808582 -3.29464423 10.84520220 119 103 78
-0.77976879 -3.33103501 10.58988513 152 120 82
-0.69670777 -3.32300397 10.85236850 156 134 104
-0.62616898 -3.31237352 10.00348790 198 170 130
-0.60744876 -2.37491308 8.78817049 141 116 79
-0.59480361 -3.28444139 10.04224147 198 171 131
-0.59946234 -3.28398686 10.18696759 189 159 122
-0.59573315 -2.45053818 8.93370624 141 121 77
-0.53988567 -3.30465908 10.08455250 194 166 127
-0.50694878 -2.10468958 8.87035450 146 117 77
-0.41840947 -3.25621128 10.30545859 187 160 120
-0.41826196 -3.18459650 10.56027735 111 76 37
-0.37675030 -3.29385038 9.87893544 126 88 39
-0.31853252 -3.26818418 10.04338055 194 165 132
-0.34494901 -3.03093901 10.97714769 147 132 105
-0.29344159 -3.20710331 10.30923463 174 151 121
-0.26282564 -3.22651371 9.87567296 140 109 70
-0.30749051 -2.99438865 11.02761716 198 191 180
-0.26145198 -3.19424133 10.64145683 100 73 36
-0.12820659 -3.20170315 10.05300525 196 165 130
0.07090825 -2.73365463 9.05180540 107 74 31
0.20351215 -1.73192878 8.48171672 112 93 60
0.24340319 -1.73550736 8.48795303 120 98 64
0.24907965 -2.98497269 9.36557869 136 98 59
0.26025651 -1.60337430 8.47161496 32 14 0
0.29390692 -2.85206803 10.52218763 171 149 118
0.30876602 -2.83748756 9.27040534 6 2 1
0.33113298 -2.97218256 9.45764477 119 86 50
0.38495567 -1.70715305 8.43677703 79 58 27
0.40095528 -2.89134801 10.25204658 130 95 54
0.40095528 -2.89134801 10.25204658 130 95 54
0.39741107 -2.92725701 10.06653610 181 155 118
0.44763095 -2.71110451 10.66914370 145 121 90
0.43886107 -2.19093700 8.70412687 151 125 92
0.56124853 -2.70132034 10.53875501 180 160 129
0.60643875 -2.16411333 8.90593413 163 137 102
0.75614646 -1.27157801 11.95105189 175 144 105
0.85307291 -1.03203671 12.44755673 117 87 51
0.99536111 -1.24403364 11.33184776 177 145 108
1.15439943 1.65026833 10.80907088 119 90 49
1.17259921 -1.02082070 11.11643066 132 91 45
1.22269487 -1.23209996 12.28020015 87 62 23
1.22269487 -1.23209996 12.28020015 87 62 23
1.28552530 -1.24073026 12.42126581 116 82 37
1.27523061 -1.29159054 12.30640693 160 128 89
1.25680709 -0.61638657 10.68800855 130 95 53
1.33842673 -0.61741820 10.77097798 175 140 103
1.35713348 -1.17098049 11.74395436 140 105 63
1.48856437 -1.30969369 12.87394503 167 141 106
1.51076284 -1.24070481 13.00016033 115 89 54
1.51076284 -1.24070481 13.00016033 115 89 54
1.59299204 -1.35648876 12.89165344 183 155 117
1.60657697 -1.37047661 13.02697416 135 107 70
1.61089070 -1.07094147 12.09333883 137 103 58
1.63791769 -0.38789674 11.03684163 171 139 100
1.72785756 -1.36646200 12.76610821 120 83 37
1.69363675 -1.01853379 11.65464127 188 159 117
1.71251485 -0.81362676 11.63116456 109 73 21
1.88135676 -0.53808790 11.37497201 174 141 97
1.94297316 -1.38839488 12.92139767 92 59 14
2.01113052 -1.43884472 13.44751563 96 67 28
2.04782184 0.36976483 11.31474862 158 133 98
2.02486699 -1.30776039 12.68254972 129 88 42
2.41726894 -0.38184504 15.76765218 199 200 204
2.13067781 -1.52209283 13.50445400 154 128 92
2.16882285 -0.24779420 11.60898647 162 129 84
2.19151350 -1.19701863 12.21976091 120 83 38
2.29242319 -1.64476003 13.66971331 123 93 57
2.34176765 -1.13858861 12.24291012 181 148 101
2.51415423 -1.56050456 12.67656179 99 63 20
2.78264637 -1.82066178 13.97526850 159 127 91
2.78264637 -1.82066178 13.97526850 159 127 91
2.86470333 -1.64454760 13.02624565 179 138 95
3.02063609 -0.26165053 12.32025999 139 105 58
2.95723460 -1.73068430 13.06977060 181 143 98
3.03917947 -1.91032864 13.50519853 109 75 23
3.03917947 -1.91032864 13.50519853 109 75 23
3.23171865 -0.30695879 12.47136619 146 112 66
3.29394436 -3.03629548 16.10641048 191 188 181
3.34608169 -2.65246619 15.71210080 200 200 207
3.28266900 -0.69049392 12.55967228 132 92 38
3.48069468 -2.73389929 16.11448136 151 110 58
3.46440960 -2.49105622 15.36298318 202 208 220
3.39508355 -0.80326714 12.67042151 185 151 107
3.69522623 -2.74257567 15.86464897 148 116 78
3.65344931 -1.02778482 12.82918154 185 148 102
3.65344931 -1.02778482 12.82918154 185 148 102
3.68923129 -2.41770963 14.50572188 200 205 218
3.96389615 -2.46487345 15.66069257 158 132 96
3.88807438 -2.30146064 14.41949505 114 84 44
3.96604776 -1.02383518 13.03850844 124 87 36
3.95082779 -2.24427686 14.29443281 107 84 51
4.01589462 -2.06092931 14.40169632 197 200 210
4.01589462 -2.06092931 14.40169632 197 200 210
3.95259004 -2.24956492 13.87779076 129 95 50
4.00318695 -2.21426307 13.99183227 163 129 86
4.29057175 -2.35899450 14.82955965 157 133 102
4.19476565 -1.63526599 13.30908467 120 80 29
4.20683092 -2.21554683 13.84170550 117 84 33
4.29281643 -2.26769896 14.13657121 178 145 102
4.29281643 -2.26769896 14.13657121 178 145 102
4.77271354 0.09982399 13.73088875 152 125 88
4.52339646 -1.72868301 14.02174715 139 108 72
