ply
format ascii 1.0
element vertex 20705
property float x
property float y
property float z
property uchar red
property uchar green
property uchar blue
end_header
-17.70927139 -9.48231471 28.41551410 131 124 102
-19.06938183 -10.40940310 35.85215484 45 44 39
-13.80667414 -11.32470563 27.59452220 126 129 136
-13.81149535 -11.33651643 27.58319947 126 129 136
-13.68294368 -10.97527867 27.51807400 125 131 147
-13.13880857 -10.97414203 27.01717964 120 124 133
-13.61054122 -11.47168901 28.38176606 73 81 80
-13.09232532 -11.17757349 27.74715991 116 120 123
-4.59435867 -3.47371895 15.11168868 90 62 40
-4.36070438 -3.48367972 15.09866038 95 66 39
-3.85478556 -3.90911682 15.51016009 135 101 66
-3.84190960 -3.89391178 15.46092604 135 101 66
-4.12545542 -0.66150645 16.88743351 206 208 220
-3.86096689 -3.57765516 15.86958206 201 200 200
-4.09581717 -1.22783091 16.94314720 209 210 223
-4.00968771 -1.39170888 16.59855820 151 139 133
-3.79150191 -4.06683972 15.76694465 170 138 103
-3.66275211 -3.75697482 15.75942674 94 65 38
-3.97602447 -0.74916597 17.18969267 143 129 128
-3.80601598 -1.36953799 16.49943450 119 102 93
-3.68104816 -1.66772687 16.00395346 173 158 153
-3.56431059 -4.12402586 15.76258783 180 146 111
-3.61361319 -2.31860957 15.98660133 112 95 87
-3.77566651 -0.24999683 16.73401245 115 95 85
-3.48585787 -1.90521542 15.42161566 171 157 154
-3.66410030 -1.19899007 16.26274754 109 89 80
-3.60489449 -1.53135599 15.99597408 109 93 86
-3.50390937 -1.89987446 15.58418233 174 160 156
-3.44862207 -3.94739283 15.52571710 175 139 104
-3.47703525 -1.51647537 15.72583181 168 150 147
-3.44600760 -1.90480506 15.58424044 126 106 99
-3.44760179 -1.76282490 15.74497732 102 85 77
-3.45563378 -1.22865404 15.93513919 156 141 136
-3.45196041 -1.22797212 15.90061628 156 141 136
-3.41269899 -2.12183451 15.74501145 108 91 84
-3.40307742 -4.17515458 15.84539685 159 126 94
-3.44136507 -1.42449059 15.99697843 100 81 77
-3.38954931 -3.42712327 15.79111609 206 205 207
-3.42539931 -0.78625478 16.26321579 84 62 49
-3.36902676 -3.86178239 16.02038764 101 81 62
-3.50900024 0.09973972 16.67273163 102 85 75
-3.38657731 -1.02112145 16.11972186 101 82 76
-3.24680748 -3.26681281 15.49881732 72 51 25
-3.28501524 -3.53439912 15.67307750 152 123 96
-3.42450062 -0.61054946 16.39553247 96 77 71
-3.25677713 -1.62461331 15.68900696 86 68 59
-3.30744796 -4.22230569 15.92841282 176 143 106
-3.16643524 -1.64354815 15.27571497 167 151 148
-3.13721325 -2.08890806 15.18830486 159 140 131
-3.25228997 -1.17450669 15.76098211 102 85 78
-3.11656986 -2.44207873 15.22461019 172 151 134
-3.20650777 -3.86834098 15.60439952 111 84 65
-3.27298202 -0.94408032 16.00467692 147 130 122
-3.21265796 -1.29597080 15.75318928 87 67 60
-3.14718759 -1.40001484 15.51824118 109 92 84
-3.24912894 -4.24010208 16.10058243 157 123 88
-3.04670395 -1.88088365 15.10045372 163 145 139
-3.15448258 -1.07509582 15.74679319 147 133 128
-3.03038502 -2.15426690 15.10640249 95 76 60
-3.09471108 -3.61640836 15.59530633 76 53 25
-3.09221326 -3.61290117 15.58312600 76 53 25
-3.17116450 -0.90102741 16.01336224 135 117 107
-3.23312875 -0.58448938 16.40168401 74 56 45
-3.17229807 -0.93786742 16.12729161 102 84 72
-3.17363087 -0.94140419 16.10541518 102 84 72
-3.06684099 -1.13046895 15.66498318 146 127 121
-3.01486084 -1.47979865 15.48258602 88 70 61
-3.10579714 -0.95079670 15.99970265 147 129 119
-2.94075534 -1.49198113 15.21094721 163 146 142
-3.11629790 -1.01376005 16.05737102 109 90 83
-3.12547316 -0.82721140 16.22552859 72 50 36
-2.97257015 -1.24427331 15.51806521 157 138 133
-2.81572278 -2.54449814 14.81441834 170 144 120
-3.01931869 -0.85210108 15.99717089 137 117 108
-2.96150386 -4.01702055 15.77411046 47 32 0
-2.95732282 -4.00557479 15.71718386 47 32 0
-2.83928957 -1.43568045 15.15725105 165 151 151
-2.87871734 -1.37954251 15.39039795 96 77 64
-2.75156854 -2.62556731 14.77287712 118 87 59
-2.92789639 -0.98339240 15.71064627 150 133 124
-2.98353965 -4.30919104 16.01193790 28 31 29
-3.10111518 0.19065664 16.72229647 110 98 85
-2.81201226 -3.27625420 15.22389436 161 128 95
-3.18526983 0.32037270 17.28744848 63 58 46
-2.96787269 -4.24582621 16.12203920 167 137 107
-2.72900793 -2.69015141 14.86176345 158 127 99
-2.81084097 -1.16640412 15.38041859 157 142 136
-2.87060353 -0.92947103 15.71237260 96 77 63
-3.00646584 -0.30906682 16.51549832 52 32 6
-2.72474114 -1.91394694 14.96653621 71 53 42
-2.82770022 -0.95906791 15.66341664 149 136 128
-2.64929557 -2.62052273 14.72562734 156 122 94
-2.63410642 -2.46284704 14.67436830 176 145 119
-2.98259069 0.47087002 16.70993246 132 141 166
-2.69185552 -1.32907437 15.12369414 158 147 145
-3.01277838 -0.09944197 17.00914726 99 76 58
-2.72983552 -1.11118977 15.41501012 164 148 142
-2.86529953 -0.79451039 16.17699232 70 49 31
-2.73032990 -1.04699932 15.45134512 105 87 82
-2.73677505 -0.90677695 15.57411689 164 152 149
-2.61651654 -1.50317619 14.99962103 89 65 59
-2.68938133 -3.79244974 15.41581865 153 121 86
-2.64536783 -1.23995112 15.25249276 103 85 83
-2.53956629 -1.56136748 14.81693862 141 126 117
-2.52601970 -2.00362394 14.66779877 149 124 102
-2.54141453 -1.83313108 14.73834913 148 129 114
-2.54421502 -1.50531370 14.83469429 157 140 132
-2.56072436 -1.45983392 15.05718024 86 67 61
-2.84064250 0.22719611 16.80937668 49 37 25
-2.84937357 0.21299125 16.84423214 49 37 25
-2.70522348 -0.84231883 16.16259814 150 135 132
-2.57447596 -3.63614091 15.31949421 98 68 30
-2.66522220 -0.69455952 16.22590767 126 112 99
-2.37828177 -2.22559891 14.47961600 160 133 108
-2.41381723 -1.73911673 14.73679902 145 123 110
-2.38789017 -2.89905730 14.79892639 163 129 91
-2.46378610 -0.93526510 15.31958361 160 145 142
-2.42901082 -1.08287114 15.16596579 111 96 89
-2.35738126 -3.35472515 14.90881744 166 132 94
-2.57227044 0.52614325 16.47255478 127 132 152
-2.31714810 -2.92267166 14.82196765 70 46 23
-2.28251279 -2.80679939 14.71459104 164 129 94
-2.58550358 -0.52096664 17.01060768 61 44 32
-2.25957658 -3.26093779 14.96020573 169 134 99
-2.16793996 -1.68037366 14.44445571 119 97 80
-2.20415441 -1.54683524 14.62229907 77 55 36
-2.24904874 -3.34229157 15.02013312 84 54 20
-2.14518319 -2.08615803 14.41145688 98 71 46
-2.15364185 -2.24767960 14.49901962 160 128 91
-2.18608271 -1.01498184 14.85599529 163 146 139
-2.18312107 -3.20793829 14.94938837 173 139 101
-2.07914559 -2.04465998 14.36592675 96 70 42
-2.07749695 -1.44167642 14.54394946 109 89 78
-2.08298909 -0.95869507 14.79520924 155 141 137
-2.01578442 -1.79110182 14.41289585 74 51 36
-1.97399016 -2.34922488 14.39327437 98 72 47
-2.08369703 -0.66014088 15.27675560 112 95 88
-1.98293544 -2.64539825 14.57087126 74 49 20
-1.95624934 -2.99223442 14.75914216 184 151 113
-1.90019284 -2.67541456 14.46322077 146 114 86
-1.93729789 -3.05067857 14.80474628 97 64 29
-2.17600038 -0.27574385 16.83717964 89 76 67
-1.97358613 -0.49766244 15.16529479 120 103 96
-1.97575494 -0.49667425 15.18480520 120 103 96
-1.95891652 -0.58547244 15.09017974 113 96 89
-1.85904251 -1.35679326 14.40211590 77 59 49
-1.84470675 -1.19586505 14.33629555 97 80 72
-1.84595361 -1.19522748 14.34477281 97 80 72
-1.81276304 -1.39552112 14.30490890 148 130 117
-1.92432495 -0.50281124 15.19421375 155 140 139
-1.79025797 -1.48734009 14.21644494 145 124 107
-1.85344844 -2.91174817 14.73494629 179 145 108
-1.77322904 -1.58755581 14.24136208 141 120 101
-1.75319676 -1.07890965 14.31870614 152 136 128
-1.89408822 1.32566479 15.43942870 128 128 140
-1.74214534 -2.60178241 14.33700452 103 77 48
-1.89013261 -0.32017913 15.67314224 160 149 148
-1.67625521 -1.80077199 14.14598092 104 77 52
-1.77384509 -3.29103876 15.01198906 124 90 53
-1.70573569 -0.75388014 14.50387225 162 147 141
-1.70826705 -2.47733808 14.53589993 70 44 7
-1.68773880 -2.86429134 14.68388818 119 83 47
-1.64769885 -2.60338956 14.37116055 170 138 101
-1.71467919 -0.35954181 15.02512418 162 150 151
-1.61408148 -2.22958714 14.13131825 172 143 109
-1.66876848 -0.67056152 14.66274659 113 96 89
-1.61318266 -1.01007261 14.24118719 160 144 136
-1.67530459 -3.19919791 14.94861194 120 86 49
-1.67103690 -0.36570671 14.99125717 115 100 95
-1.61950237 -2.98383205 14.59758204 177 147 113
-1.57197371 -0.90228480 14.35062061 91 72 65
-1.49954584 -1.36078200 14.00442644 161 142 127
-1.53012434 -2.30264761 14.29695333 178 149 111
-1.51049339 -1.19240728 14.15455670 90 73 63
-1.56948497 -3.10659741 14.90181867 123 91 53
-1.46527711 -1.86969907 14.07430903 171 143 109
-1.45826520 -1.49974651 14.00231605 72 49 33
-1.46228388 -1.50597353 14.07130884 72 49 33
-1.44314257 -1.73798238 14.00749577 167 140 111
-1.42312109 -0.87756323 14.11552889 154 135 128
-1.42995969 -0.71097426 14.25436251 142 125 115
-1.40664616 -1.13570572 14.11071112 83 63 56
-1.38532615 -1.79818137 13.96459231 170 144 111
-1.35466663 -1.56010213 13.86617524 110 88 67
-1.35026843 -2.18896597 14.23254885 169 137 104
-1.33524254 -0.53738117 14.21007040 152 134 122
-1.38280825 -3.00087248 14.79463875 129 91 54
-1.33096499 -2.62547720 14.49880497 96 62 10
-1.29157311 -0.51532007 14.20857471 154 135 128
-1.25709734 -1.93484487 13.92628159 108 84 60
-1.28733461 -2.23847931 14.19947004 83 56 30
-1.24357152 -1.83757285 13.97194476 80 59 30
-1.29334855 -0.28420050 14.45840567 160 143 136
-1.22950739 -2.03352894 13.93850298 167 140 110
-1.24002288 -0.78217533 13.92309042 151 131 120
-1.22247429 -1.55162502 13.76964298 186 161 133
-1.21037716 -1.50370590 13.79756191 109 88 67
-1.25177472 -2.51427548 14.37143936 181 150 118
-1.18679561 -1.20605252 13.77480565 130 107 81
-1.24218346 -2.56803726 14.44619005 91 57 19
-1.17947189 -1.27013421 13.80788773 160 140 117
-1.17877148 -1.70672065 13.84370370 164 139 109
-1.28184927 0.09450364 15.25441193 86 76 64
-1.13944223 -1.16573039 13.75638214 186 163 142
-1.14457767 -2.01346868 13.88741699 177 151 116
-1.11493737 -1.12406982 13.64782147 125 103 88
-1.13128721 -1.17454808 13.83035928 183 160 140
-1.13128721 -1.17454808 13.83035928 183 160 140
-1.13228606 -2.05758232 14.01459627 140 105 74
-1.11769260 -0.83526599 13.81198629 163 145 132
-1.10987700 -1.47284676 13.73052202 166 144 117
-1.21327522 0.09889355 15.19649850 163 151 153
-1.10286563 -1.61931306 13.78719670 156 129 100
-1.12657556 -2.25856556 14.09772549 161 134 105
-1.10743236 -1.74911387 13.86504292 83 62 30
-1.13025820 -2.49589865 14.40861604 177 143 106
-1.06676871 -1.83951086 13.71682420 96 68 39
-1.07541619 -0.84808770 13.79298011 90 73 58
-1.07977350 -2.31345137 14.08732343 164 137 107
-1.07977350 -2.31345137 14.08732343 164 137 107
-1.08529614 -2.30773695 14.16989762 164 137 107
-1.16280291 0.15633663 15.14697186 160 149 147
-1.02527588 -1.86795243 13.78793513 161 133 104
-1.03240952 -1.63045599 13.71745757 153 127 103
-1.01819773 -1.70039557 13.75107135 87 61 34
-1.07373855 -0.04316626 14.47867968 105 86 80
-1.07373855 -0.04316626 14.47867968 105 86 80
-0.99926880 -1.52012938 13.62746248 178 157 126
-2.46342384 -9.54036590 34.17743591 33 34 29
-0.99559462 -2.12017361 13.97125538 80 48 17
-0.95802859 -1.48087470 13.57201329 124 100 74
-1.00186676 -2.44210989 14.27538566 91 57 15
-1.00197865 -2.44287647 14.29108212 87 55 16
-1.00065698 1.83253655 14.49227475 125 120 125
-0.95006112 -0.77928141 13.71852003 88 72 64
-0.95746506 -0.35836271 13.99166549 157 138 131
-0.90901276 -1.46047099 13.57815777 177 150 123
-0.90040910 -0.64587038 13.78261887 154 138 130
-0.89202387 -0.55029971 13.78696272 96 78 66
-0.88591795 -0.70880511 13.68760828 168 152 139
-0.85148614 -1.12430625 13.61989080 68 52 36
-0.93146154 0.28551990 14.94507843 158 147 145
-0.85256579 -0.86712071 13.71657623 73 54 40
-0.84346130 -1.56998705 13.54978121 164 139 105
-0.80997171 -1.03712250 13.48675438 158 134 116
-0.81785014 -2.21859449 13.95098452 168 140 105
-0.83261386 -2.46901736 14.23927890 178 149 118
-0.80699464 -0.56467679 13.82204185 91 73 63
-0.76137366 -1.53366034 13.57386997 159 126 94
-0.70480654 -1.07653525 13.44963440 170 148 125
-0.70304188 -1.17141833 13.47441213 67 43 20
-0.76875979 0.39598932 14.80463802 152 141 138
-0.69916347 -1.05456177 13.43873223 149 128 107
-0.70476723 -1.88192732 13.53834938 179 146 111
-0.72376611 -2.35307012 14.08207215 167 133 96
-0.67625985 -0.77478222 13.42723671 136 120 113
-0.69803621 -2.15521026 13.82329326 171 138 103
-0.66679647 -1.50109263 13.51901973 165 132 99
-0.66452419 -0.47760520 13.67553612 78 62 52
-0.63705163 -0.78501604 13.50691855 78 59 46
-0.63807254 -0.78295306 13.50370960 78 59 46
-0.57271487 -0.45533041 13.39582024 148 128 117
-0.56161974 -0.68329419 13.31013568 102 80 66
-0.55191211 -1.38089997 13.29101587 166 138 108
-0.55749831 -1.69477002 13.36284684 92 64 36
-0.54387464 -1.51240278 13.47448853 67 43 19
-0.46001854 -0.99901684 13.20161456 86 66 41
-0.44346728 -1.93552597 13.50643713 91 58 25
-0.42152204 -0.00912237 13.58115762 81 63 53
-0.39939524 -1.33504417 13.16171164 164 133 103
-0.39147574 -0.30066005 13.36381479 79 60 49
-0.36423047 -1.14651705 12.97622266 110 85 54
-0.37697438 0.03344898 13.45959707 72 51 40
-0.35496938 -0.63581129 12.94362984 134 113 94
-0.38346443 1.75599337 14.32184123 147 134 133
-0.37150315 0.71500208 14.02561021 154 140 136
-0.36945282 -2.46157085 14.28469109 165 127 90
-0.35064592 0.87259750 14.10419067 159 141 136
-0.32865067 0.99661684 14.02295640 92 65 51
-0.31747940 1.64016290 14.29918347 87 65 57
-0.29082600 -0.99180415 12.88857569 108 84 62
-0.28576625 -0.57929302 12.91127727 132 111 92
-0.28943362 1.31057726 14.16747585 104 84 77
-0.27203907 0.59602970 13.98835098 152 138 129
-0.26836840 1.80688449 14.11070516 94 82 79
-0.23268012 -0.48346935 12.97667069 64 43 23
-0.22757056 -1.18689489 12.94387228 168 136 111
-0.24624711 0.64705974 13.96589784 61 50 41
-0.21150905 0.71270080 13.93419796 111 93 89
-0.20522003 -0.10718634 13.18204172 93 73 62
-0.19689774 -0.10236885 13.19370393 93 73 62
-0.19702321 -1.71909126 13.32546756 74 49 11
-0.17900815 0.17125911 13.35213795 98 76 52
-0.17409197 -1.61947115 13.12837809 176 141 105
-0.17720047 0.62738904 13.80462951 139 126 119
-0.16475263 -1.33054724 12.79443640 105 79 55
-0.16044716 -1.21045997 12.92782722 75 48 21
-0.16140656 -0.54002525 12.79802348 110 89 70
-0.16361796 -2.05118356 13.63344944 100 68 34
-0.14078035 -1.36403428 12.79705711 159 130 102
-0.14183809 0.89346121 13.77717382 77 54 38
-0.13397402 0.90187641 13.69805693 77 54 38
-0.12383889 -0.40185191 12.96325309 56 37 20
-0.12572523 0.67221814 13.85087172 131 116 109
-0.11521782 1.13270362 13.83538823 126 108 96
-0.10137122 0.75501992 13.83977682 47 34 28
-0.09674746 0.98000849 13.64875585 88 67 53
-0.08054952 1.03905463 13.72918635 128 109 95
-0.07519945 0.70252863 13.75098090 129 114 107
-0.06727189 -1.52156620 12.95743198 173 138 102
-0.06099896 -0.99064089 12.64886073 168 138 112
-0.06750702 0.94060473 13.67479174 79 50 33
-0.06160337 0.23623680 13.25830573 74 53 34
-0.03969435 -0.38991959 12.81259374 132 111 92
-0.02722408 0.79865491 13.71750037 45 29 13
-0.02344608 2.07864485 14.24729600 71 63 64
-0.01902726 3.43514922 12.97763437 123 123 121
-0.01902726 3.43514922 12.97763437 123 123 121
-0.00895275 0.59162864 13.45063226 144 126 116
-0.00778742 -0.81782762 12.59474346 88 68 43
-0.00613734 -0.31279876 12.85108495 66 45 19
0.00084404 -1.68387456 12.89755188 108 81 52
0.00084404 -1.68387456 12.89755188 108 81 52
0.00899572 0.78093558 13.73530018 122 103 96
0.00874640 -0.34546950 12.73800502 136 118 98
0.01704057 1.11171030 13.83403706 54 37 22
0.01828382 0.30373301 13.20181802 94 73 56
0.04220844 1.75630261 13.99707941 64 43 27
0.04220844 1.75630261 13.99707941 64 43 27
0.05492556 1.98491990 13.94918816 106 90 78
0.05535386 -0.59503077 12.57764125 51 34 16
0.06934128 2.06944658 14.17747067 47 39 31
0.06513556 2.05790118 14.06857001 47 39 31
0.11555707 2.04039326 14.11295818 103 86 72
0.10094801 0.63194485 13.52062207 128 110 98
0.11160792 -0.61208038 12.53819616 117 96 75
0.11200421 -0.54315485 12.51086353 56 38 18
0.12601301 -1.90233351 13.33333207 86 56 20
0.13626097 0.28041336 13.10929345 134 115 100
0.13273779 -0.25756799 12.64835560 135 114 95
0.15099864 0.96518128 13.67465141 56 35 14
0.15642273 -1.21989901 12.45561300 143 112 81
0.17286698 0.38287700 13.15487685 87 64 48
0.16965914 0.37693934 13.16988533 87 64 48
0.19652376 0.67595562 13.53525119 133 115 101
0.17572611 -0.82836317 12.49974520 68 51 29
0.20250474 1.62508767 13.87593586 71 50 29
0.19041892 -1.79055080 13.07456393 179 145 112
0.19378512 -1.79253595 13.11561110 177 143 108
0.20306748 0.55540216 13.17141508 149 130 116
0.20681183 0.37087367 13.06001268 59 38 20
0.20675238 -0.16203318 12.71459538 59 40 25
0.22921692 -1.72381012 12.89905578 176 143 112
0.25929649 0.70360657 13.73059711 140 122 110
0.25873119 0.14109525 12.81201167 62 41 25
0.29329363 -0.46832080 12.45393782 127 106 82
0.29181071 -0.84263797 12.37929124 120 100 75
0.29777268 0.11193720 12.65454680 111 98 81
0.34747756 1.16264310 13.71595396 113 92 72
0.33071587 0.08055443 12.72796241 131 117 98
0.34091712 0.71295071 13.51095384 134 116 102
0.32968109 -1.35040053 12.39634156 81 59 36
0.35785772 0.76848853 13.48857918 52 34 22
0.33696640 -0.13611262 12.64660413 137 120 100
0.32289090 -1.12040103 12.40918667 70 50 26
0.37725569 1.22717400 13.81599966 46 27 5
0.34594094 0.05345694 12.69049559 79 57 35
0.36430820 -0.06984607 12.67866345 57 34 11
0.38751225 0.91937966 13.49370698 72 51 30
0.38751225 0.91937966 13.49370698 72 51 30
0.38912472 0.74471606 13.41868718 140 121 113
0.39886598 0.88782118 13.55635454 137 119 102
0.38247247 0.54331412 13.16688837 79 56 38
0.36598992 -0.41094535 12.29902905 120 99 78
0.41718634 1.20267806 13.85119317 111 90 71
0.38978579 0.16838398 12.72485747 119 103 87
0.31688615 -2.69305316 10.14432555 138 118 101
0.44640973 1.24486825 13.84409663 56 36 12
0.46138100 2.08481411 14.16647385 93 74 57
0.40228473 -1.10277559 12.25437792 55 34 10
0.42891874 -0.05139141 12.68373743 59 36 17
0.36434265 -2.25234833 10.47192366 55 35 9
0.43553536 -0.67311875 12.29817634 50 31 15
0.39959314 -2.26834975 10.73746652 91 73 50
0.51609923 1.61999425 13.89285747 111 91 67
0.48697775 0.57691575 13.05525383 68 46 26
0.46874144 -0.30630614 12.46553087 63 43 20
0.41041058 -1.81638798 10.81599770 85 63 40
0.40557203 -1.81484337 10.79818473 85 63 40
0.47488456 -1.05507901 12.29416271 49 33 7
0.39257694 -2.53892268 9.96778053 99 69 29
0.48955241 -0.68333362 12.19632540 119 99 75
0.40161232 -2.30703194 9.95826410 145 124 105
0.44005584 -1.75991718 10.75375770 81 60 36
0.56535848 1.20330879 13.86595051 64 45 23
0.50487655 -1.19810184 12.18285391 117 96 75
0.52239860 -0.42399769 12.25197788 77 53 30
0.58633270 0.82581931 13.52586377 131 119 104
0.43493107 -2.51687184 9.98007859 151 121 79
0.43102197 -2.61880811 9.92371115 79 54 25
0.62462007 1.44837558 14.06921906 47 27 3
0.57367922 0.21138052 12.59218067 100 83 66
0.45059216 -2.44135438 9.88956127 98 65 30
0.63486984 1.03484256 13.63477881 125 106 93
0.65759679 1.86928331 14.03586961 58 38 14
0.57559649 -0.99713134 12.14419186 115 95 74
0.50394383 -1.62088304 10.68400908 133 115 91
0.58219963 -0.95307988 12.16257697 44 28 5
0.58921748 0.00261372 12.42647950 124 104 87
0.58037500 -1.03933324 12.04998395 117 96 77
0.67967418 1.51549024 14.17158031 47 29 5
0.67188690 1.50823026 14.06564076 47 29 5
0.47019002 -2.28791626 9.84081528 99 77 56
0.47021507 -2.22430882 9.85031641 93 71 48
0.48132020 -2.48720009 9.92556993 142 106 71
0.63014402 0.31821069 12.84778155 65 43 21
0.68484109 0.90646113 13.58844577 67 45 22
0.62055453 0.15346944 12.61909887 76 55 36
0.62736581 -0.96351524 12.14418724 121 99 81
0.67279370 0.55380280 13.05863175 72 50 27
0.63155419 -0.91815518 12.16418373 49 32 7
0.67147720 0.06334776 12.66121058 58 36 15
0.51924940 -2.56018916 9.90503490 42 27 7
0.68498098 0.46225345 12.98048664 97 78 65
0.68946853 0.32919038 12.87477873 62 40 15
0.52848670 -2.14128138 9.84903056 147 124 106
0.54069464 -2.46203560 9.88605881 186 150 116
0.56494084 -1.99468327 10.25623088 141 122 97
0.67589569 -0.90970968 12.08188444 115 96 74
0.69299623 -0.23175794 12.28453335 125 104 84
0.55493602 -2.76510757 9.86337367 85 61 31
0.56400043 -2.56615476 9.84115651 109 88 66
0.55912469 -2.28916916 9.78312669 195 169 138
0.55912469 -2.28916916 9.78312669 195 169 138
0.78811167 0.95290797 13.55282206 76 60 46
0.56440203 -2.68071089 9.82303093 181 159 137
0.58623531 -2.71499219 9.83636253 64 41 17
0.59000323 -2.40310723 9.84753462 185 150 113
0.58071754 -2.80215635 9.82735912 86 60 31
0.77129126 0.33503555 12.61759253 140 122 109
0.61305614 -2.08311742 10.01182141 52 33 10
0.77497483 -0.10930854 12.33042965 85 63 47
0.77348944 -0.11114471 12.33768760 85 63 47
0.82989219 0.55522163 12.93728558 141 122 108
0.62976778 -2.73857552 9.88482558 68 44 20
0.63136212 -2.24801054 9.75215637 162 130 102
0.63877125 -2.45401444 9.91707726 165 129 96
0.65405315 -1.86934395 10.02619882 89 65 43
0.65229710 -1.99375412 9.96449250 116 95 71
0.97728350 1.33618107 14.77621285 105 110 138
0.70606109 -1.39459208 10.64273609 143 122 103
0.81534720 -0.11996923 12.16413103 57 39 19
0.72102539 -1.13986243 10.72539515 134 115 98
0.67787285 -2.41937455 9.93806019 171 137 102
0.68188267 -1.96525495 9.94104839 103 82 59
0.68510524 -3.05551105 9.96184599 186 168 141
0.86327547 0.10658490 12.42089822 134 116 102
0.86494652 0.25584630 12.53003794 80 54 37
0.70700763 -2.52569327 9.98317865 52 35 17
0.71343921 -2.88896401 9.88636423 163 133 104
0.72100545 -2.43224730 9.96298260 70 42 14
0.70703839 -2.10873822 9.68980579 90 64 37
0.89648140 -0.05628465 12.28254746 67 46 27
0.89696927 -0.05626260 12.29717603 67 46 27
0.73020287 -1.77733726 10.00359081 131 110 93
0.89056339 -0.65441974 11.86170642 72 52 34
0.73286160 -2.02443777 9.65385801 92 64 41
1.01747694 0.75114904 12.94132667 89 72 56
0.93998001 -0.68987851 11.95521249 54 33 12
0.79233389 -1.98345001 9.66427476 84 56 25
0.85348291 -1.41984585 10.34725815 48 28 3
0.88741202 -1.13186837 10.60820270 72 52 28
1.00366935 -0.66145222 11.95385248 62 39 21
0.83829145 -2.92635344 9.99597008 28 14 4
0.86455185 -2.55273954 10.12985739 56 30 5
1.02657376 -0.03797562 12.09676184 61 39 18
1.06936129 0.22126918 12.44655059 52 33 4
0.89383636 -1.37567795 10.29937477 53 33 8
0.86518161 -1.76902046 9.83558095 67 44 24
0.86596231 -1.77005773 9.85401525 67 44 24
0.88612447 -2.27580976 9.98207691 22 7 1
0.89086906 -2.51936060 10.13967967 92 67 47
0.93824831 -1.00359931 10.59268976 83 61 42
0.85752850 -1.98534548 9.61617478 205 178 151
0.85602468 -1.98920604 9.60995804 205 178 151
0.90896554 -2.91064394 10.12892498 18 8 1
1.11684433 0.24435449 12.31543307 58 37 17
0.89331366 -1.71011015 9.82926010 69 44 22
1.06081105 -0.70111161 11.68107762 91 69 48
1.06947359 -0.84365087 11.59114825 73 52 34
0.89559919 -2.16524620 9.79549447 164 134 95
1.12333772 -0.00921945 12.17728795 55 34 15
0.88927310 -2.01191943 9.61812903 82 53 23
0.93684268 -2.90645377 10.09940745 146 121 93
1.21055543 0.72411049 12.94635209 77 56 35
0.93636952 -2.82436677 10.06257436 61 38 15
0.96689058 -1.30100559 10.23660340 54 33 7
1.19075512 0.49320126 12.50445419 65 43 19
1.15444247 -0.11028902 11.97968580 77 55 32
0.92608397 -2.03966186 9.67804869 145 113 85
1.20060773 0.26915090 12.34900051 56 33 11
1.05225923 -0.84244161 10.79135397 141 120 101
0.96988648 -2.88046865 9.96876386 161 133 106
1.00754139 -1.03634653 10.27781783 138 120 96
0.95032721 -1.93994641 9.62234570 71 47 15
0.94700411 -1.93815599 9.60130966 71 47 15
1.01219040 -1.08033887 10.22746224 80 57 36
1.21508464 0.22427696 12.23862249 126 106 82
1.06335617 -0.83018160 10.65530063 155 134 113
1.21836362 -0.27028808 11.96233891 72 54 29
0.97642689 -1.95077301 9.60424125 198 171 143
1.33440143 0.74169615 12.89508123 102 82 57
0.99883047 -2.12665934 9.68223040 52 29 0
1.23268244 -0.04743859 11.88212999 95 73 52
1.23268244 -0.04743859 11.88212999 95 73 52
0.99408710 -2.04703717 9.62785923 191 156 122
1.00318793 -1.93059769 9.58556270 81 51 17
1.03474414 -2.66375589 9.88072526 113 86 61
1.08292738 -1.18913868 10.15497152 53 35 9
1.06576304 -1.48203288 9.99247321 48 29 5
1.02520519 -1.91987110 9.57315646 164 137 111
1.05980563 -2.50001570 9.94465083 57 37 11
1.03982953 -2.06585311 9.64154693 180 149 116
1.14177981 -0.77012586 10.45691016 155 133 114
1.29777067 -0.24772650 11.90378248 53 35 13
1.08064598 -1.38366722 9.93177376 55 35 6
1.62879287 1.28096641 14.81495259 86 71 68
1.62879287 1.28096641 14.81495259 86 71 68
1.05786413 -1.83558524 9.59047179 80 58 35
1.12702475 -3.20947403 10.20967943 99 76 44
1.06149853 -1.89501246 9.59223321 75 46 22
1.05963960 -1.89510633 9.58501366 75 46 22
1.08905952 -2.68461622 9.84271251 116 91 60
1.42871324 0.73849633 12.80868589 65 44 23
1.10375871 -1.68779399 9.70048298 53 29 14
1.69570017 1.36600200 14.92192428 32 28 27
1.12270833 -2.86898566 9.87547714 50 33 8
1.15204776 -3.18012861 10.05360916 97 76 47
1.13209415 -1.28665888 9.87301156 55 34 13
1.12904788 -1.28317485 9.85936829 55 34 13
1.38262703 0.09584011 12.03270375 78 57 36
1.39023567 0.09778127 12.01591819 78 57 36
1.10463434 -1.83271203 9.57450417 154 132 108
1.12320167 -2.02694939 9.70063249 161 130 96
1.71300748 1.30657379 14.69518062 89 77 69
1.74062880 1.32888667 14.91798484 89 77 69
1.11470842 -1.91364935 9.56907824 157 128 95
1.11910397 -1.88093522 9.56998455 95 67 43
1.13304007 -1.82243732 9.57662382 73 50 20
1.16080720 -2.73135212 9.81285443 146 121 95
1.19370425 -3.15829981 10.05220343 198 172 144
1.20519694 -1.01684761 10.05584949 56 37 12
1.24797686 -0.70556865 10.38873717 60 40 16
1.18585726 -1.18299490 9.85121785 109 92 67
1.21524138 -0.95048994 10.07720745 75 51 26
1.17347913 -2.52577947 9.77690134 69 44 21
1.18789850 -1.14803185 9.86622442 63 41 17
1.19489257 -1.14114974 9.88765232 63 41 17
1.21552960 -3.19204032 10.03873478 101 71 44
1.19087228 -2.74402538 9.81524680 62 41 11
1.16068590 -1.90680005 9.56257762 106 72 37
1.20430713 -1.09792193 9.90829803 130 113 90
1.19321756 -2.84960600 9.76635449 128 106 83
1.20835938 -2.89618840 9.77214174 74 52 30
1.18492542 -1.74198858 9.55866615 81 57 27
1.22754529 -1.31033570 9.83227517 47 25 4
1.21462321 -2.73200289 9.75217474 79 56 25
1.85932590 1.30521453 14.92475661 83 66 48
1.19326425 -1.86550137 9.57543604 93 60 30
1.21220279 -2.62865979 9.75524949 93 68 37
1.21577110 -2.63351385 9.75494336 93 68 37
1.54677917 0.50418434 12.31762040 134 118 97
1.31562231 -0.76448566 10.42930442 155 133 112
1.23880167 -1.10191698 9.82930684 69 45 17
1.20146567 -1.92386904 9.55324049 178 146 112
1.21725775 -1.53431786 9.62354894 54 32 7
1.28983527 -0.85614604 10.11108125 83 59 36
1.24700818 -1.12320204 9.79475318 145 122 102
1.22300340 -1.81722485 9.55330364 83 52 24
1.22300340 -1.81722485 9.55330364 83 52 24
1.22209032 -1.86613061 9.56571455 110 74 37
1.28103121 -3.18248945 9.98829977 95 66 41
1.24904771 -2.59213835 9.72271613 111 85 62
1.25085060 -2.86406150 9.70729766 81 59 35
1.24418988 -1.90617252 9.58165263 160 132 97
1.29795946 -1.02274481 9.92898495 140 118 96
1.36141952 -0.76683067 10.41051751 159 139 114
1.32282486 -0.98246108 10.01591318 45 18 1
1.27335450 -1.91195437 9.65062480 165 137 106
1.28585347 -2.92417134 9.70928344 158 130 97
1.57148950 -0.21278480 11.83408467 58 36 13
1.26816316 -1.81410300 9.54537066 110 79 51
1.29034559 -2.88160555 9.69776603 77 53 27
1.37737812 -0.82380734 10.24558728 134 111 93
1.41302466 -0.79340753 10.43016401 147 125 100
1.70058312 0.64050064 12.55037305 74 53 30
1.31134713 -1.90775152 9.61359585 53 29 5
1.37082635 -0.91782243 10.02014982 76 54 29
1.34937998 -2.09878393 9.81043841 59 34 3
1.34945413 -2.09874976 9.81139025 59 34 3
1.32432443 -1.27199837 9.69346496 124 103 80
1.69296026 0.46463903 12.26684793 84 62 40
1.72024204 0.54687262 12.42423336 89 64 42
1.72314241 0.54519485 12.47570331 89 64 42
1.39563907 -0.82883524 10.10730306 139 117 97
1.33361635 -2.78103785 9.64360756 144 119 92
1.39002718 -0.97017260 10.02583780 57 34 17
1.32669783 -1.71514046 9.56197095 77 50 22
1.32692425 -1.77059218 9.56508250 100 70 35
1.36505343 -1.11302658 9.80056541 55 31 5
1.34532248 -2.84037086 9.68407257 70 46 20
1.65734700 0.04331400 11.86225634 124 101 80
1.35034476 -2.48573210 9.68673365 78 51 23
1.35034476 -2.48573210 9.68673365 78 51 23
2.09774549 1.60209962 15.09451915 107 105 111
1.61627477 -0.57290309 11.56008007 105 82 60
1.40349362 -1.04791812 9.87614245 136 114 91
1.36356253 -2.92382333 9.65321358 91 60 31
1.37809101 -1.40665023 9.64396290 79 53 28
1.40830515 -3.14717650 9.88785100 75 43 13
1.37395041 -1.37516685 9.58480944 80 57 30
1.40816558 -1.18441520 9.75700563 46 25 6
1.38754668 -2.83311704 9.65575046 61 35 10
1.72011823 0.03954085 11.86766506 127 103 81
1.39424840 -2.86896158 9.65308305 67 41 16
1.39653570 -1.73532077 9.58219585 170 144 119
1.40820729 -1.27484595 9.64295571 77 51 28
1.81757778 0.56107699 12.42023256 80 53 31
1.40600323 -2.77286332 9.65821200 75 52 31
1.40787888 -1.38365538 9.60478808 147 123 99
1.42838291 -1.17153582 9.73249016 47 29 8
1.40174354 -1.43804950 9.53020941 158 131 104
1.43483652 -1.35911294 9.62197754 66 42 16
1.45087877 -2.35366744 9.60920429 93 64 34
1.75310493 -0.57467092 11.55425717 111 89 65
1.46228844 -2.61516561 9.63734779 106 85 58
1.45841059 -2.47578442 9.63023218 117 87 59
2.25049984 1.22266589 14.79927092 53 35 1
1.46546439 -1.67335571 9.62774404 45 24 3
1.46298775 -2.40673561 9.61849685 80 51 17
1.81694654 0.03584034 11.90149424 135 110 93
2.25817916 1.13360250 14.73942176 140 114 87
1.48525993 -1.29195953 9.67187096 98 74 50
1.49722053 -1.61219620 9.66698154 51 29 8
1.88228814 0.33887566 12.16543729 119 99 83
1.93523407 0.53460362 12.45113457 144 122 103
1.91582685 0.47289847 12.30590820 99 72 45
1.92435290 0.47541371 12.36118664 99 72 45
1.88900195 0.23603388 12.07524637 133 108 90
1.49849594 -2.32977148 9.52364231 182 155 125
1.49849594 -2.32977148 9.52364231 182 155 125
1.50980510 -2.33929166 9.58589867 187 160 131
1.50980510 -2.33929166 9.58589867 187 160 131
1.51226326 -2.37212420 9.59162424 84 55 21
1.51585577 -2.30711666 9.58663210 71 42 11
1.86336957 -0.25994849 11.75166507 124 103 82
2.39256014 1.46681546 14.98196963 170 156 148
1.88765929 -0.21895251 11.79071437 55 34 7
1.55942422 -2.19500215 9.70252393 81 58 37
2.39810299 1.05517169 14.86694013 86 59 26
1.87895391 -0.51577541 11.66808066 45 23 1
1.91598350 -0.09233567 11.82809015 121 100 73
2.43582755 1.16624416 14.96276397 160 134 99
1.55883014 -2.36977902 9.57195266 67 40 8
1.87737011 -0.59119309 11.54697322 107 83 60
1.87668509 -0.59061050 11.54579953 107 83 60
1.87885741 -0.78775126 11.49141912 50 26 2
1.94672302 -0.11746177 11.83025747 80 53 24
1.60824565 -2.95521137 9.72631619 71 41 14
2.06653721 -0.24111232 12.42313087 102 76 52
1.59482582 -2.30296560 9.55485678 72 46 13
2.01375265 0.12859376 12.05648942 137 113 89
1.62370090 -2.21206862 9.65145846 95 79 60
1.63591020 -3.11931710 9.72423291 128 93 65
1.93702618 -0.77497705 11.49768748 119 95 70
1.98501169 -0.15175686 11.75246632 117 91 66
1.68635902 -1.54153283 9.90210993 55 35 11
1.68635902 -1.54153283 9.90210993 55 35 11
1.75826172 -1.23500537 10.30284320 34 20 0
1.67354965 -3.23057709 9.79040675 186 152 115
1.63589868 -2.30267778 9.56813362 66 41 11
1.63983735 -2.24861694 9.58218321 138 118 92
2.08962260 0.10548456 12.11272822 68 41 11
1.65143186 -2.27005588 9.55350554 62 41 14
1.72731202 -3.30162707 9.93483508 106 70 34
1.68789276 -2.04131109 9.67785241 98 97 95
1.98925029 -0.86735723 11.42003614 75 48 24
1.81207295 -1.08780935 10.38239174 71 48 26
1.69392489 -2.05951424 9.67123617 100 99 96
1.69330347 -2.05895001 9.66888857 100 99 96
2.07907472 -0.14867568 11.83701242 75 46 16
1.82087731 -1.21496305 10.34179451 43 21 1
1.71645272 -3.20358189 9.77247649 186 152 116
1.70524515 -1.93590819 9.70559936 0 0 0
1.83086823 -1.15020975 10.27859183 64 40 14
1.74622061 -1.83003241 9.66297170 76 53 26
1.82581758 -1.19635846 10.04345279 108 87 68
1.75926749 -2.26000542 9.59612028 87 63 35
2.26805767 0.28337364 12.35320135 143 121 98
1.85061960 -1.17433841 10.08090080 120 99 81
1.81722356 -3.25224269 9.91140621 133 101 60
1.76402823 -2.18979927 9.59366784 97 81 68
1.82359307 -1.40637197 9.89039352 100 80 55
1.78391027 -2.66862982 9.59315212 167 133 94
1.78241120 -2.14321481 9.59075441 1 2 3
1.78604912 -1.79596788 9.58678681 125 99 73
1.79725691 -2.00003593 9.62413513 1 1 1
1.87052421 -1.35833769 9.92739858 51 29 5
2.22754704 -0.50966889 11.63547983 135 111 87
1.81686234 -2.42369003 9.46837964 170 142 113
1.82820463 -2.23285732 9.50504683 130 107 74
1.86136210 -2.03093710 9.59367410 104 86 67
1.86778101 -2.92738078 9.61106585 127 89 49
2.18051973 -0.94106852 11.19462066 138 117 93
2.18051973 -0.94106852 11.19462066 138 117 93
1.91436255 -3.11818464 9.82959572 79 46 8
1.91644010 -1.37343318 9.82400704 122 100 76
1.85700251 -2.20696040 9.50894808 78 53 22
1.97432500 -1.18976052 10.00242335 71 49 26
2.29366257 -0.59751097 11.62401243 127 100 76
1.98638570 -1.12028270 10.03939031 131 110 88
2.36491012 -0.99662711 11.84817854 127 106 82
2.37579256 -0.46602885 11.84545097 70 41 13
1.92389868 -2.13758356 9.46555968 178 148 115
1.93279401 -2.03915142 9.44312425 84 58 33
1.94805555 -1.92923516 9.51105261 106 86 61
1.94796340 -2.79789235 9.55519457 89 56 24
1.95671591 -2.05602117 9.41445732 138 108 80
2.06605441 -1.25341179 9.92897284 47 23 1
1.97934969 -2.24771852 9.50514980 42 25 0
1.97934969 -2.24771852 9.50514980 42 25 0
1.98417386 -2.62968723 9.54638357 66 40 6
1.97006907 -2.27803888 9.44792739 126 104 83
1.98196577 -1.91015620 9.48913611 109 89 65
1.99089963 -1.67655543 9.49238446 58 34 10
1.98924570 -1.67692897 9.48983358 58 34 10
1.97375082 -2.00082697 9.41776968 61 35 9
1.99242522 -2.42577657 9.49748460 178 141 101
1.99637736 -1.64314351 9.50081684 123 99 74
2.29091451 -3.90021952 10.89425120 172 143 108
1.99719226 -2.28349420 9.44675436 83 55 33
1.99719226 -2.28349420 9.44675436 83 55 33
2.01774253 -2.45919110 9.51937680 81 54 22
2.06667995 -1.44931810 9.68754381 91 70 46
2.00150295 -1.95996626 9.38793883 68 45 14
2.03876253 -1.77249005 9.49620506 88 68 43
2.01484544 -2.05681444 9.38728783 180 152 120
2.04563793 -2.48663036 9.53035417 72 46 19
2.09403770 -1.47703090 9.70460293 46 24 1
2.57785273 -0.45080832 11.89568142 128 106 82
2.10192596 -2.90514635 9.69781024 79 44 7
2.06031293 -2.61261372 9.49043078 98 68 37
2.06374465 -1.77516380 9.49526292 54 34 6
2.13706279 -1.22166487 9.80354696 136 114 93
2.08861256 -2.76391806 9.57540177 152 117 79
2.07060567 -1.63672761 9.46893683 54 33 4
2.56750881 -0.69006105 11.72414384 140 116 92
2.13886795 -2.94163141 9.71471195 94 55 20
2.13886795 -2.94163141 9.71471195 94 55 20
2.10325506 -2.52875433 9.46606359 131 106 76
2.08664331 -2.10135522 9.39652376 166 133 104
2.91943608 0.20472177 13.02302616 208 199 190
2.15704436 -1.25911469 9.68392959 76 53 28
2.15695277 -2.82406369 9.68409602 80 44 13
2.21972345 -1.17932285 9.75509076 123 101 78
2.15124804 -2.32391756 9.45926424 69 43 8
2.25291790 -1.14074158 9.87866406 49 28 1
2.26322078 -0.96090148 9.94006913 134 113 92
2.12943316 -1.84690602 9.33259356 151 126 101
2.12981297 -1.84698530 9.33329275 151 126 101
2.20040295 -2.72053520 9.57574003 179 143 107
2.21673467 -2.78014847 9.66701985 77 39 5
2.16509354 -2.23523911 9.41251030 150 118 79
2.28304918 -3.14901777 9.91507578 121 84 45
2.17549230 -2.52967412 9.45463739 80 49 22
2.15744929 -1.82436583 9.32222924 99 74 43
2.15561637 -1.82605398 9.30121269 99 74 43
2.24499157 -2.95761872 9.70029892 130 92 53
2.23113851 -1.36074124 9.62869951 58 36 10
2.19218350 -2.48297517 9.44891370 95 68 36
2.18209077 -2.04032837 9.35630087 165 128 98
2.22819702 -2.68352962 9.52648650 184 151 113
3.02788351 -0.19382862 12.92339205 215 199 192
2.31288934 -1.05243759 9.86451626 112 88 66
2.21117895 -1.60636314 9.42692520 46 28 6
2.20751355 -1.72743858 9.36863386 118 94 68
2.33522751 -1.02456387 9.87447997 73 49 17
2.19996210 -1.89917469 9.29749902 78 44 14
2.22896005 -1.45451957 9.40815449 119 95 70
2.77446786 -0.79403647 11.69401393 223 210 198
2.23744762 -1.61433327 9.41920828 84 66 44
2.30434193 -1.30242671 9.57900363 44 26 3
2.25526196 -2.12530150 9.35991299 65 38 11
2.24916246 -1.97605109 9.30538684 141 107 70
2.27958603 -2.49352224 9.40250945 139 103 68
2.31812790 -2.67233885 9.60506474 85 46 5
2.28694848 -2.18704111 9.40940107 164 136 103
2.27338562 -2.09552195 9.32476219 75 48 18
2.35744019 -2.85520664 9.64721191 133 99 54
2.37775263 -2.92096858 9.69408929 179 148 116
2.35925444 -2.63309796 9.58319734 79 43 7
2.31088214 -1.36067392 9.35968448 93 67 40
2.28584942 -1.76400735 9.22409214 81 55 28
2.32090263 -2.11750943 9.32063865 113 87 54
2.40262963 -1.14693584 9.57345898 59 35 11
2.32648419 -1.95088083 9.25155035 98 69 37
2.55350946 -0.81364648 10.17680153 84 56 27
2.53784469 -0.81191151 10.11926578 84 56 27
2.34773721 -1.91299729 9.26830913 144 110 75
2.37788565 -1.37579710 9.37301615 61 39 16
2.37788565 -1.37579710 9.37301615 61 39 16
3.06232238 -0.60065538 12.05210955 209 202 192
3.06232238 -0.60065538 12.05210955 209 202 192
2.36372765 -2.40348513 9.31387640 131 98 63
2.35809494 -1.97678613 9.26027868 84 59 28
2.35513745 -1.97585356 9.25596240 84 59 28
2.40518546 -1.50117408 9.33261571 39 21 0
2.40548872 -1.34980341 9.31863180 54 35 6
2.37481328 -1.68815558 9.19214428 64 37 9
2.72318357 -0.68722117 10.52271750 221 213 201
2.39902702 -2.25276184 9.24757114 81 54 22
2.39291793 -1.97600453 9.22075007 74 48 15
2.39305790 -1.97637612 9.21872038 74 48 15
2.41825027 -2.06959835 9.26433076 175 144 108
2.44816682 -1.49349329 9.32662188 54 34 11
2.44506968 -1.32548346 9.31586762 65 45 21
2.42370069 -2.25838576 9.24860262 162 129 104
2.53448720 -0.96587642 9.63497155 142 121 100
2.41408518 -1.62427975 9.16659873 192 166 138
2.43248889 -1.94388369 9.18401270 78 49 17
2.46090558 -1.89946396 9.19922523 75 48 19
2.48979531 -1.42573896 9.30566104 44 24 2
2.55842250 -1.14642137 9.52026691 48 24 1
2.46922361 -1.65825987 9.13701271 69 48 25
2.46922361 -1.65825987 9.13701271 69 48 25
2.47655257 -1.55247043 9.14884154 112 85 55
2.54664825 -2.51557872 9.42361884 148 111 75
2.47574525 -1.60907130 9.12341895 77 53 18
2.50191329 -1.56295379 9.21641424 102 75 46
2.59699432 -0.96991971 9.51775493 131 107 83
2.57235398 -1.14403301 9.37076192 130 108 85
2.62027764 -0.99789364 9.52379470 75 53 27
2.68797320 -0.87053445 9.75363396 112 87 57
2.78954977 -0.67405473 10.13134654 141 122 101
2.52428704 -1.99521320 9.15390640 69 46 15
2.70320435 -0.90417733 9.78252417 52 27 1
2.52101102 -1.57065979 9.11800476 62 37 8
2.60297331 -2.44026544 9.38620926 78 44 7
2.52688698 -1.95710681 9.10060849 142 113 79
2.52234300 -1.49651731 9.08303589 160 140 114
2.53600371 -1.69893445 9.12281265 49 29 2
2.56321696 -2.15835999 9.10525530 104 69 41
2.58354894 -2.24747938 9.16643205 128 92 50
2.57398602 -1.46689535 9.07133481 59 35 4
2.56665960 -1.43835048 9.04374191 180 159 131
2.69970019 -0.90818483 9.48598390 97 72 48
2.57876206 -1.41141677 9.05319247 114 90 67
2.65266046 -2.44692966 9.33127159 161 126 92
2.61415471 -1.33558587 9.09391392 123 101 79
2.90321413 -0.66537513 10.12235199 129 111 92
2.64813944 -1.30156760 9.21229840 51 31 4
2.59907096 -1.57208706 9.04926489 61 39 15
2.60111640 -1.80823207 9.01058045 119 92 56
2.62207337 -1.49387572 9.03290269 68 42 15
2.73398396 -1.03296736 9.44770803 51 27 4
2.74921118 -0.96937682 9.48446939 64 41 17
2.65100204 -1.31583640 9.11476323 133 108 86
2.65146872 -1.87050421 9.04124463 163 129 100
2.64865615 -1.86951355 9.03013574 163 129 100
2.64406590 -1.78502693 9.00277165 94 66 33
2.64406590 -1.78502693 9.00277165 94 66 33
2.64679434 -1.82016581 8.98136324 185 156 126
2.71258782 -1.25930108 9.16713350 49 28 2
2.66263242 -2.10975071 9.03838951 109 71 29
2.66053961 -1.39472086 9.01488698 68 42 14
2.66790226 -1.34577106 9.01462831 133 111 88
2.68390748 -1.32354692 9.05301975 78 54 28
2.75226515 -2.33463672 9.28503760 93 59 24
2.74440777 -1.02625628 9.24319945 148 126 104
2.68414316 -1.85434659 9.03709169 63 39 3
2.67797686 -1.99528283 9.00390469 145 116 84
2.70634930 -1.27543025 9.08852057 138 116 92
2.81726222 -1.00080540 9.41964483 51 27 1
2.71073892 -2.02984976 9.03126552 94 63 24
2.70137039 -2.02592701 9.00484323 94 63 24
2.70169208 -1.80280482 8.98012070 178 150 126
2.71093901 -1.80495929 8.92487602 65 40 8
3.00352716 -0.71407159 9.88271576 164 142 118
3.10683396 -0.66971293 10.17655359 131 115 92
2.72273400 -1.63102560 8.90118461 106 80 50
2.81718082 -2.26208993 9.15751404 75 39 1
3.14460974 -0.66778855 10.16430782 220 209 197
2.75273856 -1.70207588 8.87359565 159 134 104
2.82998835 -1.18779198 9.11574291 55 30 3
2.79854395 -1.21690566 9.00427050 121 99 75
2.78005543 -1.44767553 8.92919705 48 27 1
2.86386769 -1.08793797 9.18333076 63 39 10
2.86499386 -1.09040223 9.17606650 63 39 10
3.15351099 -0.70371385 10.10311000 137 116 95
3.16219403 -0.70017103 10.11968099 137 116 95
2.86192944 -1.11966034 9.14632804 101 80 58
2.77313832 -1.62848046 8.85438919 94 65 33
2.85462049 -2.22073178 9.13406798 79 45 5
2.95652869 -0.92348182 9.44636005 124 98 73
2.81742250 -1.23558975 8.97755686 134 113 85
2.76860861 -1.64713370 8.82360215 176 151 121
2.87687030 -1.14779267 9.14401807 45 23 1
2.78793838 -1.89270226 8.84656230 91 63 20
2.78790252 -1.54300091 8.81040291 187 164 132
2.78674680 -1.53913511 8.80536754 187 164 132
2.80878036 -1.96404355 8.89315792 113 76 33
2.80658527 -1.96093760 8.87943990 113 76 33
2.81156152 -1.96536510 8.88892001 113 76 33
2.86578116 -1.17040020 9.07327371 123 98 67
3.17965591 -0.68736846 10.06924217 216 209 198
2.93244003 -0.95580938 9.23811092 151 127 105
2.89173042 -2.18605889 9.09610709 81 47 10
2.82844563 -1.66814429 8.79987966 182 162 139
3.14039180 -0.73796878 9.75840064 116 95 71
2.85363628 -1.79535449 8.83482621 75 46 16
2.84659003 -1.79099262 8.81543116 75 46 16
2.84659003 -1.79099262 8.81543116 75 46 16
2.87477795 -1.70965712 8.87686740 77 56 28
2.90370818 -1.18162551 8.96782949 82 61 33
2.86941534 -1.42551120 8.81549382 112 90 68
2.84690043 -1.46475707 8.74450673 76 52 24
2.85503103 -1.46679290 8.76564212 76 52 24
3.11394668 -2.57647218 9.53969404 160 133 103
2.95185257 -1.13785546 8.99888894 139 119 92
3.00938006 -1.02539607 9.16995369 65 37 3
2.86482058 -1.47262712 8.71283418 146 122 95
2.97541082 -2.13648250 9.02493795 152 118 81
2.97554566 -2.06886895 8.99269669 85 49 13
2.91304221 -1.36306602 8.76554812 128 108 84
2.90130079 -1.44669228 8.70698858 161 139 115
2.90351949 -1.45000658 8.73169935 161 139 115
2.91545011 -1.62662581 8.74549980 60 40 16
2.92195028 -1.83002789 8.76113066 123 88 58
3.06742704 -0.97751757 9.15852719 78 50 19
3.07442017 -0.98597237 9.20390548 78 50 19
3.00059215 -2.04466353 8.97922529 81 47 9
2.91759158 -1.71000053 8.72747397 81 55 28
2.92843074 -1.38532098 8.75719166 87 61 30
2.94279022 -1.39094797 8.76533522 87 61 30
2.93290809 -1.61285395 8.73829223 60 36 12
2.92361303 -1.55150284 8.70833579 160 135 111
3.03943714 -1.10282578 9.02781093 136 112 86
2.94055835 -1.44886004 8.70564976 65 38 2
3.09621583 -0.96401025 9.16993664 132 108 81
3.09453163 -0.96413471 9.16171165 132 108 81
2.93521583 -1.67434776 8.68478398 70 46 18
2.93140379 -1.40382574 8.67545779 122 100 72
3.03167561 -2.02962600 8.96344725 77 45 8
2.94358903 -1.73031265 8.68745780 79 49 21
3.12042154 -1.02649941 9.11864862 64 40 14
3.00936055 -1.31826372 8.79186920 135 111 84
3.24407221 -2.43002015 9.44180281 179 148 111
3.06224847 -1.97610088 8.90352343 83 49 14
3.12043914 -1.06338888 9.07360932 51 27 3
3.01430573 -1.35595323 8.75590598 141 120 96
3.01232574 -1.35208967 8.72762622 141 120 96
3.07055352 -1.15196400 8.92790773 73 52 24
3.02176499 -1.88172282 8.77238872 177 145 106
2.98480138 -1.42575053 8.67037255 189 166 143
3.24311933 -2.47266956 9.40649905 219 207 196
3.25719232 -2.44636098 9.41999539 159 132 105
3.00936621 -1.75751503 8.64495854 123 87 52
3.18449294 -1.05604662 9.13876139 57 32 12
3.19634834 -0.93596282 9.16880650 98 72 42
3.02554853 -1.55364656 8.66703673 109 87 63
3.30024560 -2.44978322 9.44315455 223 216 205
3.06126305 -1.48081591 8.67634235 53 35 13
3.06083862 -1.48118285 8.67357435 53 35 13
3.05560929 -1.78468930 8.67017968 131 96 56
3.05629000 -1.78572487 8.67360630 131 96 56
3.13710759 -1.21136746 8.86754783 42 22 2
3.04961066 -1.66795364 8.60908880 99 66 32
3.06470118 -1.43941134 8.66584345 99 82 56
3.25977208 -1.04799325 9.13442497 44 19 1
3.09064213 -1.38093412 8.66152739 136 116 95
3.09141504 -1.45189687 8.67167561 45 25 2
3.17441231 -1.16653453 8.87598388 113 91 68
3.29557751 -0.97634253 9.18033397 80 53 22
3.11958384 -1.37152896 8.66319300 60 43 17
3.20405056 -1.28862785 8.86871834 107 86 63
3.18116787 -1.86814006 8.77408692 91 56 16
3.24859666 -1.08181655 9.01257823 145 121 97
3.34074696 -0.99783697 9.21156674 97 70 41
3.14812829 -1.36129297 8.64586828 145 132 112
3.11277964 -1.61215873 8.57420088 173 148 115
3.16549072 -1.45093701 8.67529336 33 20 3
3.16932604 -1.45174819 8.68794532 33 20 3
3.24249566 -1.17436116 8.87783143 38 16 0
3.13806520 -1.55754940 8.61087399 82 57 31
3.16077780 -1.41557717 8.65565834 103 87 72
3.16265678 -1.41569656 8.65750314 103 87 72
3.17025809 -1.37486446 8.66909556 113 95 77
3.17304802 -1.27737632 8.66616357 113 101 86
3.19008452 -1.79588759 8.68876898 175 141 104
3.21999437 -1.90573521 8.75888750 118 82 43
3.19054038 -1.37340292 8.68402995 116 98 83
3.18410836 -1.37601705 8.65008240 116 98 83
3.47382930 -0.97814383 9.42589011 158 135 117
3.19667688 -1.53353754 8.60194275 129 102 75
3.31320045 -1.10559751 8.93860467 110 89 65
3.31422600 -1.16550007 8.91803810 117 99 84
3.19187948 -1.52938969 8.57146354 201 176 163
3.25125250 -1.44760517 8.71558374 0 0 0
3.23137257 -1.43931343 8.64596635 0 0 0
3.23116415 -1.61754668 8.62421854 89 69 37
3.24452340 -1.48581689 8.64177289 0 0 1
3.24227196 -1.49219824 8.63927852 0 0 2
3.43966516 -2.19600579 9.16917808 230 220 213
3.28685965 -1.77277073 8.70116188 90 51 10
3.26896566 -1.64459508 8.64286044 168 143 110
3.29537457 -1.68045200 8.67383471 119 88 53
3.28899179 -1.57759094 8.63031227 1 1 1
3.30719755 -1.58339321 8.67626109 2 2 1
3.31762088 -1.74498717 8.69272968 77 38 3
3.34270448 -1.71415448 8.72126330 178 145 109
3.58003283 -1.01783726 9.32987551 223 213 206
3.30608128 -1.63985798 8.62804343 151 133 106
3.32777497 -1.66457702 8.64728047 132 111 79
3.62671851 -1.04610574 9.34095411 219 212 205
3.63689374 -1.09073667 9.35124082 100 74 55
3.57876298 -2.08450459 9.18374375 222 213 210
3.37835759 -1.73201855 8.68002116 130 104 73
3.43604259 -1.42640859 8.74659626 1 1 1
3.44096218 -1.75826103 8.71383160 138 111 89
3.71994176 -1.76943817 8.96558695 208 204 205
-6.87067297 -2.51118593 19.39928249 208 214 228
-4.59763636 -3.37432642 14.70444000 91 62 34
-4.54688325 -3.44036908 14.95903124 90 62 40
-4.32652174 -3.40892570 15.02754602 133 108 87
-4.66056997 0.40595295 17.12993801 205 204 212
-4.01109049 -3.70270822 15.13215497 180 147 106
-4.01850303 -1.50625840 16.78477399 146 133 133
-3.99289613 -1.05159902 16.93164219 145 130 126
-4.00401892 -1.04994542 16.98022787 145 130 126
-3.66573623 -1.36548323 16.08415833 168 153 151
-3.51942885 -3.90400032 15.43073750 174 138 102
-3.54721354 -3.76854452 15.62219031 135 105 83
-3.57348386 -2.67105423 15.95106676 132 116 106
-3.64649876 -2.68274403 16.20370808 132 116 106
-3.53021639 -4.19452341 15.73454156 40 36 27
-3.53525605 -1.07675458 16.22357788 116 97 90
-3.41888430 -1.27313411 15.83506525 110 96 87
-3.38507593 -1.47748533 15.66713799 161 146 141
-3.43644164 -3.15895206 15.73695254 155 133 106
-3.32423393 -2.20372507 15.49961404 173 154 139
-3.53319212 -0.20884751 16.55190259 104 83 77
-3.49810846 -2.96239033 16.06102684 123 107 94
-3.32267109 -1.67687980 15.61613234 99 82 73
-3.29945038 -1.41479805 15.61310168 158 143 136
-3.41266318 -1.14321978 16.09289324 108 90 80
-3.09803296 -2.27184601 14.84933118 89 65 53
-3.43672997 -0.67460833 16.37231416 138 120 114
-3.31149542 -3.43167153 15.70552334 132 109 87
-3.40239207 -4.30239695 16.03768087 29 30 25
-3.07855781 -1.83819997 15.13063220 92 73 66
-3.11382572 -1.53297598 15.49916282 87 69 57
-3.18066121 -1.08499197 15.83482811 147 133 128
-3.06367620 -1.56083123 15.29472559 155 141 133
-3.02675467 -2.15435236 15.08530069 95 76 60
-3.12293333 -1.14990171 15.68392974 98 79 72
-3.17348917 -3.70192845 15.63488038 210 205 205
-3.16293742 -0.56621815 16.39880316 66 48 34
-3.02536865 -0.82761905 15.93498642 139 119 109
-3.20829190 0.29243326 16.89618898 60 47 35
-3.11893654 -0.30819994 16.49563556 64 43 23
-2.81530197 -2.04915193 14.99255511 150 132 120
-2.82510955 -2.54858774 14.97568920 154 130 106
-2.77083408 -1.69710343 14.91061823 157 142 135
-2.97140312 -3.89600206 15.63087148 177 144 110
-2.97799893 -3.90270014 15.60350830 177 144 110
-2.89478384 -1.13434726 15.64672530 90 71 57
-2.78926976 -1.61706742 15.12981492 85 66 53
-2.87574715 -1.02438214 15.66697146 87 68 57
-2.71309489 -1.63329774 14.96955326 158 143 136
-2.74924833 -1.29369300 15.30023931 97 79 69
-2.71687659 -1.56307635 15.09612702 82 61 49
-2.25752431 -1.97125816 13.32395427 119 97 76
-2.93538339 0.03418757 16.63508936 55 31 10
-2.60455167 -2.58823100 14.82756216 159 126 95
-2.55653059 -1.55687069 14.82279836 141 126 117
-2.75291234 -0.85606496 15.96176054 154 140 137
-2.68851936 -3.66121181 15.26801504 173 138 102
-2.48996850 -2.27484650 14.58506033 117 92 72
-2.80994940 -4.24532930 15.85750508 31 32 27
-2.75301499 -4.12618728 15.69494565 175 146 118
-2.49480882 -1.20360152 14.97464410 159 144 140
-2.77005657 -0.68595912 16.48343668 40 21 6
-2.38535340 -2.00847220 14.55822369 75 56 34
-2.56959868 -3.56021546 15.23090394 173 139 101
-2.44742427 -0.92245894 15.21612065 160 145 142
-2.36502573 -1.09581910 14.83529257 162 144 139
-2.41138429 -3.00170236 14.86358207 75 49 17
-2.25539494 -1.64182748 14.32501642 150 127 115
-2.29602755 -1.34673095 14.63534297 156 139 132
-2.30423204 -1.61166298 14.67191738 74 57 42
-2.54107109 -4.23867067 15.88676636 28 30 28
-2.15362727 -1.24787202 14.57359479 162 143 134
-2.17282751 -1.00141438 14.74971633 163 146 139
-2.18568940 -2.74486978 14.66502506 162 128 90
-2.12453100 -1.75501520 14.44014594 147 122 105
-2.23678714 2.54392790 15.58901060 205 195 193
-2.10716746 -1.22159500 14.63548232 157 138 131
-2.15721592 -3.24054684 14.91354766 81 52 18
-2.55578697 -0.43993672 17.38350740 124 121 135
-2.02742927 -1.13807365 14.66850823 91 73 67
-2.02374081 -0.91339957 14.72221144 163 144 136
-1.98332935 -1.49055992 14.39470659 148 126 114
-2.50400058 -0.55238255 17.60114607 141 134 140
-1.92616764 -2.11862959 14.30470316 158 125 91
-1.93142770 -0.86998869 14.63267657 151 134 127
-1.87786392 -1.71410548 14.30876311 75 57 38
0.35707551 0.00317083 2.61228695 135 113 92
-1.86187270 -2.55509230 14.46411099 73 45 17
-1.90238111 -2.85924533 14.67582465 166 130 95
-1.82355915 -1.03854555 14.61010763 99 79 72
-1.80247759 -0.81818564 14.56051829 157 138 131
-1.70562849 -1.88060875 14.10304465 123 93 57
-1.68234993 -1.07746925 14.24111042 114 98 87
-1.76382017 -0.35920182 15.06318413 120 109 105
-1.76806807 -2.87091881 14.67846742 179 145 108
-1.58345704 -1.19395085 13.90702439 97 79 65
-1.61567768 -1.21737312 14.14515527 97 79 65
-1.84045907 -3.34392998 15.05805972 123 83 43
-1.61066860 -2.19165502 14.19600869 180 151 117
-1.78964803 -0.24362353 15.64403137 159 147 147
-1.43165763 -1.03850706 14.11364888 129 112 103
-1.49489610 -2.49629613 14.33371837 110 78 54
-1.39247521 -1.09905883 14.02547153 105 87 77
-1.39506359 -1.61930592 13.99088453 181 160 130
-1.45213728 -2.31455309 14.32098949 85 56 17
-1.56487593 -0.15689772 15.48596346 172 162 159
-1.24363657 -1.40850941 13.82810520 83 62 43
-1.23708794 -1.40261771 13.81472329 83 62 43
-1.27954744 -2.58622113 14.47501130 92 59 23
-1.27989687 -2.73149369 14.50693625 134 100 62
-1.15667894 -1.89072461 13.88879663 100 76 50
-1.17585525 -2.12560062 14.01826567 180 148 115
-1.15384219 -0.16837057 14.48339516 109 91 87
-1.10400726 -1.67568887 13.78554692 162 136 109
-1.16179214 -2.57600086 14.43944645 151 117 83
-1.02900780 -1.86360975 13.71473068 161 133 104
-0.99310927 -1.82852451 13.76294057 98 72 44
-1.05790650 -2.46425030 14.35626441 92 57 17
-0.93217727 -2.00214308 13.85053866 169 137 109
-0.89159808 -0.58642626 13.79480680 77 59 49
-0.86873716 -1.16742236 13.55565920 131 112 95
-0.86845759 -0.31298417 13.82210825 155 135 126
-0.89028230 -2.42143058 14.27218732 170 134 99
-0.73805039 -0.86194052 13.61202612 88 69 57
-0.78144202 -2.00024968 13.80264440 84 55 26
-0.68421940 -0.53203974 13.44559425 145 131 124
-0.69860557 -1.35760406 13.45772076 81 60 39
-0.69057826 -0.83653626 13.66906694 93 75 64
-0.73044936 -2.31324924 14.12376629 105 72 41
-0.66164515 -2.34972147 14.09859951 183 151 117
-0.56240849 -1.71047856 13.48504654 92 64 36
-0.56240849 -1.71047856 13.48504654 92 64 36
-0.50609296 -1.66455807 13.43282719 108 80 52
-0.44737200 -0.43169973 13.18849025 131 111 97
-0.45911740 -0.99747442 13.26250565 86 66 41
-0.50276357 -1.79968861 13.56017289 169 138 107
-0.40306658 -0.25041775 13.19787369 92 74 64
-0.40306658 -0.25041775 13.19787369 92 74 64
-0.40417517 -0.61133462 13.13655063 66 48 28
-0.46099701 -1.87903957 13.55321653 96 66 33
-0.36335232 -0.77812183 12.95185408 147 127 104
-0.37349107 0.95350987 14.24276973 89 66 54
-0.30154474 -0.53908575 13.05409165 63 40 22
-0.35350258 -1.79580788 13.52901091 80 46 18
-0.27711299 -1.09114391 12.89398208 167 137 106
-0.27382851 -1.08968921 12.84514247 167 137 106
-0.27711299 -1.09114391 12.89398208 167 137 106
-0.25531214 -0.18821799 13.21934426 74 51 37
-0.27407985 -1.58122453 13.12881138 164 133 102
-0.21878614 1.90942414 14.19150472 76 67 59
-0.24763730 -2.00322997 13.48931783 173 140 106
-0.17432871 1.91064945 14.24267123 126 111 104
-0.18155082 0.69179492 14.00028825 54 41 37
-0.16653366 1.95449501 14.19014948 68 55 47
-0.13298228 0.30521257 13.28217137 74 53 36
-0.12224289 0.43077696 13.38662378 151 131 119
-0.09030819 -0.41961558 12.75835650 136 117 102
-0.08135480 -0.90856711 12.62007101 103 75 49
-0.09427523 -0.91809874 12.70227975 103 75 49
-0.18045791 -2.12842490 13.59664622 153 117 85
-0.06339958 0.94295994 13.65574903 79 50 33
-0.12293917 -2.03104604 13.64369475 76 45 14
-0.01992565 -0.64782538 12.72770139 56 38 18
-0.01213110 -0.05943374 12.95923044 143 123 111
-0.00544464 0.26894744 13.15531620 64 43 24
-0.03005666 1.02288308 13.85981704 86 63 46
-0.00617164 -2.31718869 12.69521624 210 209 214
0.02873893 -0.67027121 12.57636301 118 98 78
0.00683375 -1.46340900 12.81535237 170 137 104
0.02034403 0.44108539 13.23545904 78 57 38
-0.03512331 -1.97209381 13.61742065 174 145 109
0.06619139 -0.26204463 12.83187736 53 33 13
0.07682898 -0.31967420 12.81539407 135 117 97
0.10971254 1.10587704 13.69286600 125 103 83
0.11090544 1.15057518 13.80326826 58 40 20
0.13781526 0.70434834 13.58555979 76 58 46
0.14045399 1.11864185 13.76404842 113 92 75
0.14914498 0.96593393 13.70377661 56 35 14
0.11066234 -1.86582534 13.30524312 173 143 110
0.18687869 -0.49179549 12.57416020 50 32 8
0.19603422 -0.21407494 12.58056597 133 112 91
0.19041130 0.06080541 12.74647768 128 110 97
0.19670570 1.16639243 13.87789096 47 29 7
0.20922915 0.73137227 13.63264295 64 47 33
0.24271179 -0.19659840 12.62806601 130 109 85
0.24465697 1.95720593 14.00805635 104 87 69
0.26849375 0.75234522 13.73991068 59 42 26
0.28361768 0.70428734 13.52200894 137 118 104
0.31760009 0.34606221 12.87011259 130 114 98
0.31030315 0.36818852 13.08263104 139 122 106
0.32397966 1.95206274 13.91755049 97 79 59
0.30969218 0.74207413 13.63172464 54 36 22
0.34194700 0.20544765 12.84132718 76 58 38
0.39161226 -2.25184015 10.24090310 84 66 45
0.36323749 0.38040642 13.02579344 141 122 107
0.41350203 -1.97061911 10.59733541 139 118 101
0.38633999 2.29859266 14.23566930 123 128 147
0.38485151 -0.71376557 12.37265708 49 31 9
0.45759027 -2.39174442 9.86438638 161 136 106
0.41978305 -0.72871950 12.20220485 125 105 81
0.49766295 -2.08453621 10.12928806 93 73 49
0.48069778 1.22640654 13.87815394 62 42 18
0.54371396 0.53734937 13.11957569 84 59 38
0.54371396 0.53734937 13.11957569 84 59 38
0.53462840 -0.99613349 12.13721201 44 28 3
0.60488912 0.88073265 13.55860876 54 33 13
0.62717377 0.27766674 12.61265325 143 125 111
0.62978079 -2.24849822 9.75467733 162 130 102
0.64096562 1.33014636 13.92469165 59 41 18
0.64784690 0.49724717 12.90516227 144 124 114
0.65827695 1.90280403 14.14238517 46 27 3
0.68917915 1.85284917 14.08075539 51 30 9
0.68957369 1.85743775 14.13016633 51 30 9
0.67581251 -0.51276177 12.18483234 58 38 14
0.70322331 0.39824023 12.87768396 82 61 42
0.73718967 0.05225395 12.47625216 130 109 92
0.74786473 0.27080312 12.55566382 146 129 111
0.75803683 1.09928824 14.20864087 67 49 36
0.74747357 -1.54382264 10.43255469 63 43 18
0.78690459 0.11433830 12.49695171 58 36 18
0.77003815 -1.29095636 10.43565013 125 108 87
0.74041029 -2.81914577 9.95450848 90 65 35
0.81523063 0.08589910 12.41698699 133 115 98
0.78275269 -2.31440476 9.89433408 176 143 113
0.81712601 -0.80366889 11.93990790 119 101 77
0.85872677 -0.27409072 12.12814433 113 93 69
0.81859241 -1.91972681 9.79481930 131 106 84
0.83462936 -1.67017773 9.80916645 119 99 75
0.84498020 -2.38195258 10.01437507 107 81 53
0.89475363 -1.22823367 10.32207880 68 47 20
0.89582877 -1.22448424 10.37215919 68 47 20
0.88221428 -1.85888742 9.66670792 132 109 85
0.87566642 -2.51893878 10.21269850 46 24 3
0.99491038 0.67274807 13.07630086 82 62 40
0.90443913 -1.82180984 9.78541253 52 28 2
0.93034547 -1.12280909 10.29534405 141 120 101
0.99398642 0.14805201 12.26004135 136 117 102
1.02554419 0.38702702 12.61347880 131 114 98
1.01652648 0.38375695 12.41285916 131 114 98
0.95647914 -1.93335207 9.61471332 71 45 21
1.04546952 -0.07850336 12.07965277 131 109 89
0.96107240 -2.87975252 10.00593651 111 83 58
1.00548694 -1.19600350 10.21961712 79 57 34
1.00606659 -1.19746922 10.21283428 79 57 34
0.98119741 -1.97835997 9.58619122 95 64 33
1.08839001 0.19295807 12.32666256 131 108 90
0.97238300 -2.87716307 9.95396926 161 133 106
0.99822484 -1.78633219 9.61415751 109 85 59
1.00276758 -1.74986984 9.76431778 43 23 1
1.04995743 -1.22671931 10.23457546 64 42 12
1.23074462 2.42945602 13.42970793 135 145 167
1.13677454 -0.30110626 11.96433488 55 35 10
1.16492777 -0.33597308 12.17016246 119 98 79
1.08876091 -1.94898261 9.57998002 94 60 31
1.08876091 -1.94898261 9.57998002 94 60 31
1.16458444 -0.78378952 10.43638187 83 57 30
1.24879098 0.23971125 12.14281480 124 102 78
1.12608911 -1.52469909 9.68160757 60 39 15
1.15815298 -1.14442411 9.92703195 124 103 81
1.27990950 -0.00669557 11.93214905 128 103 83
1.14563346 -2.96769948 9.83666946 190 165 134
1.15485756 -2.78858521 9.85903127 59 35 8
1.18271103 -1.49710558 9.64887246 66 44 18
1.20995455 -1.20859225 9.86733318 57 32 12
1.47116775 1.14790052 14.85467641 48 31 21
1.38162761 0.54372083 12.60099622 95 73 50
1.24531310 -1.06106430 9.89355021 141 121 97
1.20624345 -2.66684139 9.76209948 169 143 117
1.20624345 -2.66684139 9.76209948 169 143 117
1.19940038 -3.01005126 9.80980391 186 161 132
1.24165208 -1.33006404 9.72845811 122 100 77
1.28249806 -0.80955499 10.36100267 89 63 38
1.28249806 -0.80955499 10.36100267 89 63 38
1.40799535 0.31239571 12.40248934 55 34 16
1.23339504 -2.81584208 9.77065067 77 55 32
1.41667497 0.25654855 12.05762147 110 89 70
1.25693003 -1.79335029 9.56693530 140 112 89
1.26849481 -3.06658930 9.81769338 135 104 67
1.47078305 0.32691283 12.31993990 53 31 14
1.27628240 -2.47136607 9.71992149 63 36 12
1.35981559 -0.74434914 10.53741291 51 31 12
1.35104014 -0.81680909 10.22140248 155 136 116
1.34363627 -0.81005778 10.17538046 155 136 116
1.35764280 -0.79799425 10.33693233 104 81 57
1.46491854 0.02386684 11.98151049 128 107 83
1.30639551 -1.55568198 9.60522179 58 37 15
1.30283099 -1.80243821 9.55411210 169 138 109
1.51879640 0.49969977 12.52289213 122 101 82
1.51879640 0.49969977 12.52289213 122 101 82
1.32690852 -1.76988562 9.55830096 100 70 35
1.35733716 -1.25008882 9.65582580 131 108 85
1.32571369 -1.87581807 9.29670026 86 62 36
1.36332160 -1.31065073 9.64970397 79 52 29
1.34256686 -2.51270371 9.66905843 165 138 110
1.34542877 -2.51557569 9.71479406 165 138 110
1.36042096 -1.80639498 9.62754582 176 149 117
1.35691862 -1.80213135 9.60409658 176 149 117
1.65124552 0.90542026 13.34118659 100 79 56
1.37905955 -1.48678832 9.57312851 162 131 100
1.42043130 -0.86831783 10.11098291 114 93 70
1.37154530 -1.56215440 9.62244711 66 43 18
1.37039338 -2.41347262 9.65336811 80 51 18
1.37015661 -2.41034218 9.65239473 80 51 18
1.37672502 -2.54142943 9.69219598 143 117 91
1.57490435 -0.24730234 11.78020800 124 102 78
1.44575738 -1.62205909 9.64233635 103 78 54
1.46011340 -1.23179993 9.69722206 132 108 87
1.48615765 -1.05227018 9.88891444 143 121 99
1.44141419 -2.30083907 9.62631545 153 123 99
1.43681428 -3.03210703 9.69125850 174 143 108
1.46268693 -3.16684723 9.83429137 179 145 108
1.46621568 -2.40444815 9.60488840 80 51 17
1.45069454 -2.72901642 9.61811694 66 42 16
1.70191986 0.08729198 12.06399977 60 34 11
1.49893850 -2.06376622 9.74271499 41 23 1
1.76271533 0.68295852 12.60617549 137 116 97
1.50862005 -3.00313353 9.80593167 175 139 103
1.53770851 -1.48082314 9.71369181 28 16 2
1.56274811 -1.25394649 9.92828698 39 19 4
1.56274811 -1.25394649 9.92828698 39 19 4
1.52981032 -2.63223925 9.57441045 70 49 24
2.01022432 1.25951539 14.58765628 66 45 22
1.85699277 0.67674762 12.66241464 145 124 106
1.75681519 -0.55409974 11.52960878 122 102 79
1.57123539 -2.26379894 9.58263324 74 47 23
1.79326262 -0.76815114 11.56654441 45 25 1
1.81847504 -0.56588994 11.53074603 128 106 84
2.17952357 1.29402591 14.81876434 123 98 74
1.81273231 -0.93215524 11.14756026 137 116 89
1.63966402 -2.57183218 9.50953607 70 48 17
1.92949750 0.13823043 12.05713145 80 56 28
1.87369734 -0.65617563 11.48989600 70 45 17
1.74154677 -1.25836828 10.20288217 118 93 73
1.99044041 0.41852105 12.35207757 141 119 95
1.93530821 -0.21896408 11.79928848 123 97 74
1.95313559 -0.11884431 11.87916304 80 53 24
2.17738872 0.89309185 13.85296281 98 76 49
1.70788250 -2.22140316 9.58494283 102 83 69
1.70481817 -2.50706841 9.53922251 76 54 31
2.31738268 1.28859359 15.04172092 118 94 68
2.31234296 1.28739235 14.99012717 118 94 68
1.71235479 -2.74194993 9.58313462 171 138 101
1.99863890 -0.07367706 11.89201358 127 104 81
1.74420579 -2.81133426 9.61077746 64 34 9
2.35804887 1.23840036 14.89989546 140 117 87
1.76083586 -2.27117781 9.52252388 134 113 86
1.86458338 -1.17801710 10.28827657 43 21 0
2.00951930 -0.89414290 11.47842381 72 44 18
1.79671539 -2.17178676 9.57210725 109 87 59
1.78943835 -2.40281893 9.48505872 57 37 11
1.80542424 -2.97392494 9.61532499 113 75 38
1.80542424 -2.97392494 9.61532499 113 75 38
1.86100411 -2.17722382 9.47870186 155 128 100
1.87691555 -1.98539130 9.57224128 102 82 58
1.93830620 -1.33733421 9.84918926 121 96 74
2.34951169 0.59055837 13.06064527 121 103 82
2.47528142 0.81217816 14.15129134 202 188 176
1.88025980 -2.14373820 9.50637335 92 67 37
1.97903137 -1.31939445 10.01261826 55 31 7
1.90144008 -2.90285856 9.58258574 171 136 98
1.92905888 -3.07025567 9.75459693 85 48 15
1.91553623 -2.51842435 9.52710418 149 117 82
1.97120788 -1.31467160 9.81932692 123 99 75
1.95369460 -2.58924415 9.54093362 68 43 10
2.32532991 -0.11926567 11.97108845 149 130 106
2.33698006 -0.32792472 11.87488907 143 119 95
2.33445381 -0.44361308 11.84151012 130 105 79
2.32029342 3.44474049 11.24025077 133 137 146
2.03235376 -2.97632104 9.74075736 83 49 14
2.02301934 -1.67413240 9.48700243 49 27 2
2.04547260 -2.85455676 9.55708825 182 147 112
2.17876437 -1.02630328 10.02870299 138 118 98
2.08304577 -2.28810430 9.43432585 153 119 82
2.76112386 0.56591351 14.09967340 213 203 194
2.10771859 -3.09212612 9.76306952 138 94 56
2.09324929 -2.04722763 9.37318310 95 60 18
2.09504345 -2.04988851 9.38590942 95 60 18
2.10826062 -2.33197929 9.47560779 172 139 101
2.88852342 1.05148355 14.59403742 184 172 160
2.15424917 -1.38418922 9.55864848 59 39 14
2.17008353 -2.57909868 9.43561569 176 144 111
2.17918958 -1.75660555 9.38828581 117 96 69
2.27704555 -0.99562031 9.93966146 75 51 23
2.59320567 -0.59029948 11.88053358 156 130 105
2.57900505 -0.74177717 11.72446569 147 123 99
2.29813524 -1.11707910 9.87204369 55 30 5
2.21296251 -1.83162404 9.25457054 77 47 21
2.35213374 -0.91982033 9.96283016 145 123 102
2.28054572 -1.46625139 9.42387054 51 29 5
2.32071250 -1.14330473 9.59995078 140 118 94
2.32226576 -1.14688340 9.62390303 140 118 94
2.27098750 -1.87849979 9.22724778 86 51 20
2.90092721 -0.00666794 12.90407004 140 122 102
2.79158344 -0.59653757 12.22679330 128 104 80
2.29506406 -2.04079340 9.31331005 89 60 26
2.29252118 -2.08981862 9.27927980 167 140 113
2.47485249 -0.84982023 10.18055331 89 63 32
2.45313218 -0.87832441 10.03299866 139 117 99
2.91297496 -0.23012226 12.68671499 133 113 88
2.39223780 -1.25783007 9.59851452 49 24 2
2.32200726 -1.88455627 9.22088436 154 122 83
2.42304485 -1.00073828 9.66422273 53 29 6
2.35906792 -2.12990030 9.29291157 72 44 18
2.39657286 -2.59506118 9.56111225 82 47 10
2.48036581 -0.84475638 9.86907714 136 118 96
2.42715947 -1.23236188 9.55760779 50 28 8
2.92550310 2.33594491 12.15837765 217 207 206
2.39602679 -2.09530716 9.25088621 84 62 31
2.42869205 -1.37534115 9.33576904 50 30 6
2.43051627 -2.54128354 9.46392236 76 40 8
2.44458686 -1.29624124 9.37930410 132 111 87
2.42698475 -2.39539633 9.26179332 137 103 66
2.46165947 -1.50595096 9.28291631 112 90 67
2.56782918 -0.95231325 9.75723499 55 24 6
2.45350876 -1.58653180 9.12877005 200 175 154
2.48936205 -1.76564576 9.15051135 50 29 1
2.49093963 -1.88774296 9.13092522 93 65 32
2.51178304 -1.73891723 9.14996279 51 30 2
2.51068237 -2.30337750 9.21265400 139 104 67
2.61990420 -0.92749041 9.61630274 155 133 112
2.63644648 -1.09428097 9.48170444 58 30 6
2.56122679 -2.15971931 9.11673407 104 69 41
2.58805585 -1.97983310 9.10458978 64 39 7
2.64004702 -2.40845141 9.33816376 81 48 9
2.61274141 -2.12973217 9.06897345 102 69 34
2.62340946 -1.83297836 8.98242212 106 73 41
2.88173695 -0.65013662 10.13170927 220 211 197
2.71509410 -1.05391072 9.32861284 143 117 90
2.79793889 -0.85585416 9.70637467 92 62 32
2.91194225 -0.66433920 10.14150563 129 111 92
2.71355869 -2.34998971 9.25089547 81 43 6
2.72886901 -1.17039303 9.21661258 105 85 61
2.75321134 -1.06287612 9.26307605 83 56 33
2.73086008 -2.50424735 9.25867676 150 110 69
2.67932846 -1.84012914 8.96091890 71 47 15
2.67131283 -1.75767048 8.91461971 112 84 53
2.90154379 -0.75428197 9.86551482 106 85 60
2.78042534 -2.30174633 9.21141311 82 47 9
3.02153037 -0.64528413 10.13099946 214 200 190
3.02153037 -0.64528413 10.13099946 214 200 190
2.99970066 -0.74537075 9.82339413 100 75 54
2.77468557 -1.62799843 8.88940593 180 150 120
2.78064767 -1.75901679 8.84711704 76 51 20
2.77521685 -1.65370880 8.85490480 176 151 121
2.89566546 -0.96818435 9.25259842 150 126 102
2.80999890 -1.96307701 8.88650916 113 76 33
3.14561184 -0.66921816 10.17436012 220 209 197
2.93472967 -1.07964553 9.12973604 113 87 59
2.87271608 -1.36772118 8.91541050 49 28 1
2.87098657 -1.37328403 8.88194647 49 28 1
2.91000214 -2.15939097 9.07012131 87 55 17
2.88319059 -2.04744169 8.89911211 172 135 98
2.87717844 -1.80502545 8.76229795 97 66 36
3.45055954 -3.28288350 11.27075678 147 122 89
2.88861367 -1.43778820 8.77505053 76 53 19
3.00823829 -0.93555167 9.25815946 152 128 100
2.68450012 -1.14437737 7.91849839 53 33 5
2.89216557 -1.59581605 8.70544571 115 86 60
2.90124249 -1.47522156 8.72663678 74 51 22
3.22929560 -0.81063766 9.86084407 92 61 33
3.57635424 -3.19981311 11.35195990 219 210 200
3.00104887 -1.27150018 8.85042276 53 33 5
3.00977383 -1.27033152 8.86312700 53 33 5
3.24970905 -0.75719663 9.80800007 111 95 72
2.99624562 -1.51494725 8.69998124 104 84 54
3.00090438 -1.36739661 8.70034004 77 55 32
3.06858270 -1.24252041 8.87580132 47 25 1
3.07608106 -2.11116836 8.96369461 130 92 54
3.12804559 -1.07221102 9.03794888 146 125 96
3.07474398 -1.94922009 8.85708354 83 51 14
3.07015527 -1.28071158 8.80228666 125 105 83
3.04033080 -1.66629826 8.60376378 99 66 32
3.13753407 -1.89612953 8.82682723 80 45 5
3.19929486 -1.18942587 8.87370181 35 17 0
3.19868854 -1.18572514 8.86791771 35 17 0
3.21053879 -1.16182465 8.89572824 123 99 73
3.12311681 -1.64137258 8.59070630 98 71 42
3.24662375 -1.03876915 9.01148180 49 27 5
3.34257986 -2.38383203 9.38567597 223 216 208
3.17276126 -1.18284500 8.65829797 102 84 53
3.22887724 -1.08626197 8.84714504 142 120 97
3.16725919 -1.70700926 8.62221036 130 96 55
3.18124135 -1.61789615 8.62154990 73 44 14
3.26423012 -1.12839457 8.91487861 71 49 26
3.17837900 -1.56660834 8.59970730 97 71 50
3.34875198 -0.98583224 9.20078335 79 53 23
3.20090165 -1.40061318 8.66455408 3 1 1
3.20918846 -1.23878987 8.68401333 1 1 1
3.38821440 -2.21422015 9.17795859 171 150 126
3.38434554 -1.08127941 8.98657294 153 135 115
3.28656365 -1.73597158 8.67717812 168 132 97
3.28313156 -1.66102172 8.62775218 119 91 58
3.31566972 -1.78508356 8.68750141 160 126 92
3.42441056 -1.10273714 9.02725296 143 122 101
3.44752581 -2.13451449 9.08732829 166 138 103
3.62599803 -0.98026684 9.63438173 224 215 207
3.34022667 -1.63498968 8.62369809 5 4 2
3.60847622 -1.01408563 9.48032211 213 209 204
3.50273210 -1.74894387 8.76704468 16 13 14
3.50718411 -1.78308300 8.73832356 187 161 135
3.77294156 -1.54744077 9.01621293 26 22 18
-17.97982079 -8.46463870 28.86396721 126 119 101
-9.62073479 -2.80168683 21.54441987 222 237 255
-4.18419404 -3.60224223 15.29632383 94 66 40
-3.51694100 -1.55784992 15.69908002 170 155 150
-3.44260656 -1.90348645 15.55608056 123 107 102
-3.45051481 -0.99883881 16.11648084 140 123 118
-3.22655934 -2.04034473 15.30955427 157 138 131
-3.26580295 -2.81218267 15.38563873 85 65 54
-3.31764745 -1.05002142 16.05690517 141 124 117
-3.30082890 -1.09399275 16.00470842 97 79 69
-3.03885767 -1.26782604 15.45001087 149 132 125
-3.05655634 -1.22159497 15.63380147 82 63 56
-3.06872460 -1.13103873 15.66976246 142 128 120
-2.68467841 -1.64739491 14.19411748 153 137 130
-2.85059467 -2.39142674 14.94436902 76 58 44
-2.84732817 -2.39182969 14.94347540 76 58 44
-3.00647505 -0.97191223 15.91496543 92 73 60
-3.08502542 -0.61782002 16.33436812 111 92 75
-3.09206830 -4.27911577 15.90799954 28 28 27
-2.88907096 -1.09689532 15.62499156 99 77 64
-2.60742733 -1.32881711 15.00767084 114 96 92
-2.86397741 -0.72852537 16.29732685 102 82 68
-2.93040566 0.20762864 16.69332027 104 88 75
-2.73857054 -3.85478244 15.47428931 169 139 105
-2.49703890 -2.28043332 14.61684955 101 79 58
-2.45626031 -2.46602850 14.66455262 161 128 93
-2.39120926 -2.19980009 14.51783172 110 85 63
-2.54430028 -3.56379381 15.51844481 173 138 99
-2.25017866 -2.54841601 14.56333928 91 64 36
-2.16866833 -1.67746094 14.42889400 128 104 89
-2.16629060 -2.05008563 14.37071360 163 137 112
-2.11394170 -2.02488745 14.37400268 159 134 113
-2.13909158 -1.20479091 14.74684633 90 71 61
-1.98614455 -1.42999052 14.46464732 77 57 48
-2.07477741 -3.19287016 14.92410929 115 81 48
-1.87273696 -1.41829587 14.26268757 146 128 113
-1.82963431 -1.08591613 14.35812671 152 131 123
-1.81301649 -1.16956182 14.36177463 143 125 111
-1.77213412 -1.49885341 14.19993153 135 116 101
-1.79097391 -2.03865238 14.28070876 167 133 104
-1.67706583 -1.98409371 14.17977458 172 137 99
-1.62990128 -1.81009087 14.09795428 169 140 109
-1.56740953 -0.95135180 14.24430078 154 137 127
-1.60819564 -2.43163176 14.37199987 74 51 21
-1.75146095 -0.18261582 15.54703255 81 71 61
-1.41602631 -1.91756088 14.09939457 73 47 20
-1.34195926 -1.95578836 14.00845989 152 128 99
-1.34713700 -2.07488640 14.01519708 193 166 133
-1.34034936 -2.01211397 14.05689760 108 83 53
-1.33774129 -2.45885651 14.25429943 169 140 106
-1.33699813 -2.45819978 14.24608594 169 140 106
-1.34398288 -2.47512356 14.32957665 169 140 106
-1.26527258 -1.75517365 13.93153573 180 151 122
-1.38590981 -3.00684044 14.83499326 125 90 56
-1.17022328 -1.02625386 13.91786874 65 47 35
-1.15025740 -1.31003568 13.80154809 77 60 44
-1.13557944 -1.52800841 13.71529749 105 82 51
-1.20309387 -2.31994095 14.18078537 113 81 48
-1.12432854 -1.59904846 13.77555831 179 154 123
-1.10541052 -0.39850088 14.27080200 75 58 50
-0.89741502 -0.80630833 13.67078934 139 122 115
-0.89813939 -0.80590991 13.66583551 139 122 115
-0.89684149 -0.90155608 13.75038236 72 54 42
-0.84860312 -1.86696192 13.61725616 159 132 102
-0.80808669 -1.04763973 13.58017567 165 143 122
-0.83231176 -2.46362145 14.21865047 172 144 109
-0.77168624 -2.29139706 14.08646300 179 149 113
-0.59105457 -0.41462792 13.41171591 87 69 59
-0.63626302 -1.85825601 13.59360819 170 134 99
-0.68825244 -2.28316309 14.05851695 98 71 41
-0.50963675 -1.21147506 13.17662852 113 92 68
-0.39386347 -0.75101062 12.99095534 141 116 97
-0.36484305 -0.77917403 12.96523427 153 127 107
-0.32000975 0.07486322 13.40749464 74 52 41
-0.25770577 0.04525562 12.88775361 143 124 109
-0.24730688 0.04023503 12.65103828 143 124 109
-0.28417170 -1.22546304 12.97064341 171 137 108
-0.32366562 0.71511519 14.03153522 156 137 130
-0.33844854 -2.04401073 13.55094592 166 134 93
-0.32082048 -1.88779270 13.47852906 148 117 86
-0.28990929 -2.13342024 13.69652209 99 65 31
-0.28225703 -2.13572182 13.65903902 99 65 31
-0.06295790 0.94780221 13.75090881 74 53 34
-1.55079366 -8.88536426 32.36394489 93 93 91
-0.00650474 0.95479897 13.64323321 127 105 91
-0.01326424 0.73919204 13.74090609 127 108 99
0.00634419 -0.91075601 12.61830063 147 121 93
0.01967409 0.02063108 12.99290806 73 56 40
0.10081572 0.31706971 13.16352597 59 35 21
0.15709668 1.51585812 13.83347319 64 43 26
0.19728303 -0.94307451 12.50134858 112 91 72
0.20754619 0.87874772 13.62703778 132 114 105
0.23370224 -0.01911486 12.70222743 68 50 28
0.23382878 0.52055416 13.12554734 76 55 36
0.29395993 -0.10423567 12.65427542 57 39 17
0.29333390 1.04755097 13.71907927 103 81 58
0.33372810 2.10869648 14.09600973 25 18 11
0.33673255 1.08022561 13.77880763 61 40 19
0.37325315 0.41450507 13.16555604 56 37 20
0.39991433 -0.36429675 12.55075281 55 33 13
0.39786072 1.70528346 14.32473685 80 61 43
0.40654684 1.19781571 13.83008080 113 95 74
0.47153416 -2.21353434 9.93523605 141 120 100
0.47153416 -2.21353434 9.93523605 141 120 100
0.43889681 -0.45799416 12.29175555 133 109 85
0.47681085 -2.22328014 9.82038306 86 64 41
0.47024796 1.65246739 13.89951756 54 33 16
0.49100169 0.77691658 13.31803258 142 123 108
0.50261748 0.08076792 12.68917727 117 96 75
0.53598076 1.57805505 13.88931711 53 32 11
0.54427269 -0.04620279 12.50118789 130 111 94
0.59212028 -2.77652922 9.83885827 184 158 133
0.63422624 -1.78465269 9.93613289 60 39 20
0.68463617 -1.52408655 10.51305634 118 100 79
0.70710156 -1.60422027 10.47193772 82 61 37
0.71235837 -1.82507036 9.93375294 76 55 28
0.72742507 -3.00168765 9.91057496 180 150 118
0.79687572 -0.30341539 12.10080802 61 41 22
0.84683924 0.53176337 12.89288798 102 85 69
0.78162921 -2.35863506 9.90548979 69 40 15
0.78648124 -2.03618536 9.64332733 80 53 26
0.86868988 -0.21007066 12.06709141 141 119 96
0.89328102 -0.14322211 12.13609378 125 104 80
0.85626288 -1.86740352 9.84887249 48 26 3
0.96784552 0.61015250 12.71769110 139 122 107
0.89282172 -2.01683594 9.63266252 93 69 40
0.96593765 0.33232790 12.47777428 91 68 49
0.96183833 -0.68272354 11.10654315 95 73 52
1.01134908 0.33986764 12.47437343 144 121 104
0.99437903 -1.29976924 10.02024529 122 100 76
1.12490051 0.27740583 12.39432467 89 72 54
1.01137896 -3.02193441 9.98648720 106 79 51
1.08153011 -1.38510219 9.93479726 63 45 25
1.05570892 -2.69540393 9.87324692 87 63 35
1.09756532 -1.74211728 9.59387130 125 104 75
1.12891632 -1.28774410 9.87022745 47 29 9
1.11637861 -2.58980481 9.82412680 82 51 14
1.13026252 -1.82199424 9.55771198 81 55 32
1.12797973 -1.82182083 9.55486809 81 55 32
1.14038544 -2.66725423 9.78352671 176 151 122
1.31432430 0.25002927 12.20010013 131 111 87
1.18623554 -1.95048878 9.60906719 180 151 116
1.36743208 0.01099867 11.97642301 122 101 79
1.26130434 -1.02673502 10.04788779 48 30 9
1.25050498 -2.86539825 9.70790373 73 51 27
1.42603689 -0.22452819 11.81505178 48 30 9
1.30452121 -2.92640070 9.69570593 101 70 38
1.38027212 -0.96781527 10.01286929 48 25 6
1.36954187 -3.18666687 9.89418348 178 147 113
1.41098424 -2.32295613 9.64357974 93 66 39
1.60942105 0.03789452 11.93493927 119 98 77
1.44146717 -2.30255913 9.62628145 160 134 110
1.67798551 0.30148434 12.14775345 147 126 107
1.53368932 -1.20204389 9.82252788 127 99 80
1.54052062 -1.91232864 9.72337230 80 55 29
2.04649760 1.36951640 15.00563859 88 70 54
1.59966751 -1.85203091 9.70209105 81 57 33
2.12743308 1.36087261 14.95092047 103 81 65
1.87165653 0.05743340 11.97985405 59 38 13
1.61343370 -2.72177944 9.56810325 114 79 45
1.61552161 -2.72847224 9.55733999 114 79 45
1.94572413 0.30734237 12.08381589 143 121 99
1.94682620 0.01244212 11.90682453 88 64 40
2.26354873 1.13845666 14.76574965 135 109 92
1.71331980 -2.16696620 9.63549005 1 1 1
1.95144491 -0.88497664 11.40233865 76 50 22
2.09362963 -0.28250715 11.81356781 60 36 12
1.84591554 -2.07268701 9.57107600 110 93 73
1.85484816 -2.27633816 9.50927510 60 43 17
1.89138070 -2.20566301 9.47254737 156 130 107
1.91560013 -2.14637832 9.57712742 111 83 55
1.96926131 -1.97407449 9.46224943 123 103 79
2.00115039 -2.12169181 9.40807493 139 106 73
2.00886852 -2.12389737 9.40832647 139 106 73
2.02560230 -1.67518815 9.49777423 44 24 1
2.05270915 -2.18710226 9.43028128 59 38 16
2.07524821 -2.46848375 9.49670998 57 32 3
2.89370631 1.92919234 13.73851584 127 119 108
2.26939294 -1.34580368 9.61564942 48 26 5
2.29429836 -2.25652714 9.34893091 63 40 9
2.33776155 -2.77669640 9.60966835 182 147 110
2.36642629 -1.27818081 9.46185807 130 108 83
2.37459643 -1.68758128 9.19186528 67 42 12
2.41172873 -1.34949941 9.33725906 56 36 12
2.39823350 -2.37414475 9.26246186 176 142 108
2.44568618 -1.73034199 9.15889070 163 137 112
2.44507261 -1.85908979 9.19227831 66 45 17
2.49817719 -2.10144877 9.20210679 54 33 9
2.49598732 -2.10093458 9.19189566 54 33 9
2.51385303 -2.04705171 9.12252834 62 42 18
2.55963463 -1.39125294 9.29587095 49 24 3
2.52705145 -1.46270117 9.08022058 77 56 27
2.54789362 -1.61863999 9.08606314 55 38 7
2.65099111 -1.31488243 9.07844491 112 91 68
2.75224811 -1.17232775 9.18792414 52 31 1
2.81787952 -0.96572807 9.45084508 108 83 60
2.73237342 -1.58510567 8.85999064 105 78 51
2.82636494 -1.04312155 9.19933387 69 43 17
2.90738453 -0.86205965 9.43853869 84 58 31
2.85736474 -2.13578728 9.05002029 188 152 114
2.88150921 -2.14675064 9.10473956 188 152 114
2.83548158 -1.95900845 8.87038554 177 143 105
2.84688826 -1.57456807 8.73931021 121 91 65
2.95320809 -1.10044525 9.11381833 43 23 6
2.92959507 -2.14231454 9.07222921 82 49 12
2.97935008 -1.06564987 9.14440657 117 91 66
2.92111379 -1.33011591 8.88736661 47 28 10
3.01559967 -1.08493729 9.12717099 41 19 2
2.97750208 -1.18333721 8.94997502 74 52 29
2.92067135 -1.34339316 8.72315747 140 116 87
2.93012542 -1.77917638 8.72210254 92 59 30
2.93354559 -1.77543112 8.73962074 92 59 30
2.94244408 -1.44910454 8.69448825 74 48 18
2.93943227 -1.49296708 8.70046385 68 46 23
2.93943227 -1.49296708 8.70046385 68 46 23
3.01206406 -1.17248568 8.90076322 64 42 13
2.97302750 -1.54552616 8.70382030 44 27 2
3.00961890 -1.33730518 8.76617556 77 52 17
3.00820329 -1.53837775 8.69641528 51 31 4
3.15232274 -0.93334444 9.18256670 91 68 44
3.20330333 -2.48293366 9.42229173 215 202 185
3.09411995 -1.92781671 8.86318747 86 50 13
3.08329452 -1.62441923 8.58342101 95 66 38
3.10234530 -1.42016625 8.63767827 127 109 87
3.19805974 -1.32960536 8.69987535 2 1 0
3.29666156 -1.11766124 8.93393654 145 121 97
-18.62621535 -10.24678666 25.06040170 110 111 94
-19.17520198 -10.95384784 31.39585351 48 49 41
-3.67284099 -2.85976712 15.96404559 207 206 211
-3.23737003 -2.00149331 15.16952776 100 81 75
-3.12657908 -1.88380580 15.24372663 99 79 73
-3.30815949 -0.65522776 16.30612838 134 116 106
-2.90880075 -1.70815416 15.14547738 88 70 60
-3.08408313 -0.85571016 16.01849935 137 117 107
-2.79552753 -1.97181288 14.94817425 72 53 39
-2.78840751 -2.74929437 14.86184063 150 119 91
-3.09468804 0.19532194 16.67581919 110 98 85
-2.66818676 -1.58145109 14.93195057 153 137 131
-2.92698204 0.04322766 16.59873034 55 31 10
-2.88303763 -4.02445650 15.62208000 163 132 103
-2.21371294 -1.61252409 14.45931602 152 130 117
-2.48217805 -3.47742371 15.17415707 175 142 107
-2.67447280 -0.59780606 17.13857190 66 47 32
-1.87779946 -1.64325945 14.28162232 142 121 102
-1.90116711 -2.34386618 14.35475100 163 133 99
-1.71172228 -1.61857105 14.02727903 71 50 29
-1.59138536 -1.24401251 14.20125395 79 65 49
-1.61157547 -1.94848655 14.18918021 164 131 94
-1.64435160 -2.59838684 14.35207839 170 138 101
-1.37216271 -0.65288399 14.20047503 161 143 133
-1.29259497 -0.74210094 14.08505243 82 65 51
-1.50734779 -0.03327591 15.47020761 85 75 65
-1.13313136 -1.16317575 13.69617897 186 163 142
-1.13875925 -2.16562192 14.14326445 86 55 35
-1.02554962 -0.66452880 13.98632209 77 58 49
-0.56505152 -0.69017067 13.41133538 102 80 66
-0.50522257 -1.69779660 13.32133329 164 133 105
-0.45458081 -1.59071165 13.33417311 104 78 51
-0.45074125 -1.58599601 13.27364470 104 78 51
-0.21900879 0.41989508 13.57927351 62 38 26
-0.11545787 1.98543715 14.15345996 56 45 37
0.33796605 0.91653646 13.68402254 114 97 81
0.40217169 -1.37167854 12.19899725 75 54 25
0.51113361 -1.07699736 12.16526715 116 96 75
0.68876422 -2.47331145 9.95181739 48 24 7
0.60317767 -0.23342661 12.48134477 52 29 5
0.75969338 -2.43119887 9.97789085 104 75 43
0.76708097 0.37469481 12.74850799 69 53 28
0.71290906 1.14346874 14.10229335 68 49 32
0.98121103 -1.97853185 9.58636828 95 64 33
1.04758671 -1.72952158 9.74028941 51 29 4
1.09037376 -0.30508259 11.93900962 55 37 12
1.18959946 -1.34829583 9.88481917 54 33 8
1.24780524 -0.31000949 11.82744213 126 104 82
1.29228697 -1.06204796 9.87678394 86 65 38
1.29106235 0.03628630 12.01012347 52 34 9
1.38048233 -2.57662109 9.69558532 57 33 5
1.42824183 -2.43077766 9.62393984 99 70 40
1.42611205 -3.15639538 9.83602714 180 147 109
1.60101978 0.29538573 12.06154490 127 106 87
1.52819812 -2.72898116 9.56362389 80 51 20
1.55892925 -2.42839559 9.59590231 104 71 43
1.76815959 0.80756484 13.06635819 132 115 99
1.73019170 -2.19043517 9.58448031 2 1 1
1.82469601 -0.51818747 11.66691935 48 26 2
1.89409340 0.39146383 12.26761804 73 50 18
1.74906492 -2.50657503 9.49697541 102 71 41
1.90914324 0.35329317 12.19414427 142 124 100
1.96683758 -0.06383939 11.89882760 82 57 27
1.89349441 -2.57869154 9.55390795 173 141 105
1.99233825 -2.09779306 9.40393202 173 140 109
2.33346623 3.50560587 11.34835102 133 137 146
2.03956284 -1.77226765 9.49978556 88 68 43
2.47037745 1.28972183 15.00928186 117 98 80
2.15397283 -1.51395217 9.46931768 126 101 79
2.15042021 -1.82244399 9.33963083 79 54 23
2.39194241 -0.39411205 11.87093684 85 56 26
2.29722524 -1.14524310 9.70497520 109 87 65
2.27836471 -2.23826917 9.35604537 79 52 22
2.27922757 -2.49247383 9.39732267 139 103 68
2.43156029 -1.37854489 9.34398842 50 30 6
2.38860205 -2.33884069 9.26154084 119 86 52
2.51159465 -0.87573944 9.86172755 85 58 29
2.42223367 -2.25659394 9.23710903 162 129 104
2.57403269 -1.35583659 9.08823030 127 105 86
2.61305669 -2.09719908 9.05669122 153 120 89
2.89121804 -0.91115694 9.45003271 73 47 15
2.87324588 -1.51615099 8.72540323 164 140 109
3.09868839 -1.06956897 9.16148748 55 29 3
3.07402532 -1.56664344 8.59382849 72 46 21
3.11785476 -1.53772941 8.62502965 71 46 21
3.20557685 -1.87001073 8.72260507 168 130 92
3.63069330 -1.03154932 9.52353059 213 209 204
-3.17057285 -3.08951897 15.60463057 153 124 95
-3.01574339 -1.05081265 15.71606027 153 135 131
-2.98830279 -0.10397931 16.79851405 94 73 52
-2.39051057 -3.43597053 15.06193882 102 71 36
-1.86893902 -2.09267860 14.32711559 165 131 96
-1.80872628 -0.82425906 14.62502592 151 131 124
-1.61487979 -2.17764672 14.21804395 178 148 115
-1.36128787 -0.64310863 14.14809652 154 137 130
-1.31456524 -1.19781132 13.88829234 111 91 77
-1.11330253 -1.92518850 13.81769711 163 138 108
-1.12005048 -1.97399271 13.84911722 120 89 58
-1.04910544 -2.06414195 13.97561488 170 139 107
-0.37344409 -0.15855361 13.26601805 80 61 47
-0.43359877 -1.77610432 13.43053576 172 141 108
0.09152702 -0.28943436 12.74499320 129 108 91
0.11914035 0.45040407 13.23195864 148 127 114
0.26497210 2.03118266 13.95214277 90 77 67
0.44173154 -0.08378273 12.46281240 124 103 86
0.52932042 0.02107419 12.58716390 75 54 35
0.47682575 0.83966265 13.59670403 65 44 25
0.80591803 -0.23665994 12.14454877 136 113 93
0.94199074 -1.94091501 9.60336707 71 46 15
0.88738195 0.54316455 12.82285261 144 129 113
1.00787440 -1.75240192 9.75308483 41 22 4
0.99754551 -0.79187059 11.74493476 121 97 75
1.24699888 -2.62223469 9.73759486 171 145 121
1.26379411 -2.63845525 9.73778097 63 41 15
1.36020333 -1.41785169 9.58580690 85 62 33
1.43131909 -2.42512473 9.62940601 93 63 29
1.51539627 1.17747080 14.76046525 36 26 16
1.63427242 -2.30222437 9.56494973 65 40 17
1.84727692 -1.04334305 10.38389865 143 124 97
1.79916155 -2.19588397 9.53604566 82 61 43
1.94964934 -2.33277752 9.45431266 83 53 28
2.14841662 -1.43701202 9.66284449 49 28 7
2.31044675 -2.48791521 9.41332633 174 141 108
2.33657686 -2.32651205 9.30530202 99 68 37
2.39476984 -1.28949705 9.43471086 91 69 44
2.42264459 -1.47414854 9.34180066 94 77 61
2.43838703 -1.62165125 9.15509417 68 42 13
2.57401595 -1.80198529 9.01906234 182 156 126
3.01717348 -0.84816624 9.51601378 89 67 43
2.92374847 -1.33111583 8.89518625 47 28 10
3.06654661 -0.98130223 9.18643303 73 49 14
3.01799432 -1.17277326 8.91565889 64 42 13
3.05873550 -1.34297940 8.71786293 87 66 35
3.19405430 -1.46660980 8.67476644 75 65 43
3.22843517 -1.58534560 8.60999824 131 105 84
-5.15788947 -3.78089860 15.45922626 175 149 119
-5.05832283 -3.78654675 15.46048623 176 148 120
-4.14458905 -3.94564133 15.63631226 161 135 106
-4.03295195 -3.63488277 15.45304546 94 68 45
-4.08684415 -4.04358267 15.62711125 31 30 29
-4.08510378 -1.94248538 16.66578841 202 202 204
-4.03195826 -1.16576912 16.75131274 204 205 216
-3.90582379 -1.32709352 16.57885153 142 127 123
-3.79193832 -2.46115551 16.16968842 199 201 210
-3.64956527 -1.35623175 16.02649776 161 146 143
-3.40304416 -1.82243774 15.45058832 166 153 147
-3.61806419 -3.11235768 16.12941033 204 201 202
-3.62214199 -4.26947411 16.02792387 37 39 31
-3.22678368 -1.67971170 15.44556705 160 145 142
-3.06240694 -1.95099061 14.99690327 146 131 124
-3.15648335 -1.32830559 15.59901287 152 138 137
-3.37484573 -4.26591846 15.94020173 34 36 28
-2.93219984 -2.89072203 15.09230637 153 123 94
-2.76234680 -1.99775892 14.96980237 150 130 119
-2.99979794 -0.82051871 16.11884356 128 108 97
-3.07352414 -4.28565514 16.12077180 174 144 117
-2.93123145 0.03998898 16.59989410 47 30 10
-2.90880171 0.22463435 16.64149166 102 85 78
-2.46611659 -1.77686217 14.64682605 141 121 110
-2.59584078 -1.01842631 15.30321728 160 145 142
-2.69615092 -3.74195507 15.38447944 87 58 30
-2.43195187 -1.36988901 14.94749430 85 67 57
-2.34326393 -2.39702402 14.58163293 149 115 87
-2.76173260 0.14498051 16.78448493 89 71 57
-2.05750330 -0.93537503 14.66439824 159 142 135
-1.90170892 -1.62220980 14.27153949 138 114 101
-1.90469061 -2.33903072 14.32708391 158 128 95
-1.75132889 -1.00537366 14.49523234 88 67 60
-2.18026400 -0.53652128 16.65661113 141 124 120
-1.64998635 -0.94973543 14.40861431 83 64 53
-1.95755324 -3.46577659 15.18047450 129 95 54
-1.83664030 -2.92645972 14.78016873 178 146 108
-1.46371235 -0.08602490 15.34269355 159 149 148
-1.20653930 -0.49272009 14.06352389 150 135 129
-1.16381077 -0.74734088 13.95006074 142 123 116
-1.15058502 -0.98356159 13.86701144 91 74 65
-3.78278417 -6.66498031 25.37491521 30 30 29
-1.34685062 -0.00776626 15.21356138 156 146 146
-0.98351431 -1.03855723 13.65311784 109 91 78
-0.98892857 -1.51330716 13.57794656 173 146 125
-0.97023448 -1.52947848 13.66625861 170 142 118
-0.94329262 -0.31234412 13.99715337 88 69 63
-1.03866904 -2.26550469 14.07212115 169 140 111
-0.80784610 -0.67373746 13.52224968 157 139 128
-0.88670332 -1.62771896 13.67984183 74 49 26
-0.95367815 0.33774833 14.85192720 84 76 73
-0.68550325 -0.87001319 13.44513030 149 131 119
-0.66874066 -1.54592034 13.46405911 70 47 23
-0.54167547 -0.39292407 13.47331975 84 66 57
-0.00467487 3.07512063 11.46607167 121 120 118
-0.00467487 3.07512063 11.46607167 121 120 118
-0.48159884 -0.67748250 13.29363075 78 59 43
-0.93736842 -3.10521176 15.42523181 154 128 94
-0.49164614 -1.74774653 13.38280837 163 134 100
-0.45156962 -1.87430683 13.48628128 89 63 36
-0.30008911 0.03944451 13.21897546 153 135 123
-0.25203401 -0.84497237 12.95401931 57 39 17
-0.21645231 0.07566502 13.21212381 132 113 106
-0.33621687 -2.03768398 13.46517428 155 123 88
-0.21631922 1.04263790 13.92142273 76 57 50
-0.14476239 0.40559397 13.29015067 150 129 118
-0.36862274 -2.60271991 14.57003904 208 206 207
-0.02082502 0.22066835 13.10579151 130 111 97
-0.01169728 0.19229891 13.05856187 115 96 84
-0.01977609 1.11756952 13.78850551 71 51 42
0.04982331 -0.31616688 12.74818361 130 110 96
0.04367668 0.25268589 13.08864567 136 115 101
0.25007107 -2.25027616 10.60684120 101 88 68
0.08700281 -1.21934919 12.40685280 139 107 81
0.13313031 -0.26203348 12.71286022 134 115 100
0.16541252 0.34567868 13.07449140 65 38 19
0.17307093 0.61117974 13.39459093 90 69 51
0.31545844 -0.78518514 12.67228990 43 28 8
0.35371209 -0.79584098 12.26841438 119 99 80
0.40567069 -0.08509869 12.58977175 131 110 94
0.53549516 -1.58877420 10.66134520 138 119 102
0.29896429 -0.89240745 13.51803808 119 99 80
0.38400951 0.96408322 13.52157503 143 124 110
0.59304359 -1.51000800 10.54121438 134 115 98
0.39700509 0.75763797 13.71134179 133 114 100
0.50665634 -0.67830097 12.14380736 119 100 80
0.55443516 0.01860131 12.53265807 62 42 17
0.52702219 1.19589693 13.77104766 113 92 74
0.73907862 -1.96737108 9.88233698 57 36 17
0.64203539 -0.21285029 12.40832895 49 28 8
0.66053825 2.07085248 14.07985940 55 39 23
0.76646170 -3.11183919 10.02292081 190 167 135
0.70424850 1.89839229 14.06402764 90 71 56
0.86524018 -1.19168131 10.35878918 138 121 102
0.76362973 -0.19363803 12.27508876 131 111 89
0.72517483 1.02803202 13.71321674 110 93 77
0.84498701 -2.52444898 10.12371138 102 77 55
0.89503611 -1.16631715 10.29909481 120 102 82
0.85429956 -2.66423919 10.18265778 87 65 48
0.81754442 0.81331967 13.09705435 85 66 49
0.77642676 1.05589523 13.80359449 61 44 28
0.81935227 0.81758909 13.26659466 85 66 49
0.96317376 -1.79139245 9.79229738 49 27 6
0.87363999 0.14805042 12.41854226 56 35 18
0.97884418 -1.94785434 9.57577433 189 164 140
0.87757429 0.36219397 12.56557068 145 128 115
0.97342209 -2.14931749 9.66724289 42 17 0
0.88520192 -0.39852864 12.08316448 46 28 16
1.00252813 -1.36432233 9.97480917 71 49 28
0.92085692 -0.17391494 12.22542670 119 98 79
0.92374011 -0.16361100 12.12309190 119 98 79
0.95941914 -0.40190705 11.90700190 127 106 87
1.06265455 -1.22795099 9.98906549 117 96 77
1.03726967 0.40966911 12.39966794 130 112 95
1.06016769 -2.51782934 9.89311338 56 36 19
1.13364676 -1.48188971 9.65665362 141 120 99
1.11943022 -1.99786470 9.62036816 178 147 118
1.13691513 -1.87244163 9.51906844 85 59 29
1.13691513 -1.87244163 9.51906844 85 59 29
1.15420196 -1.39723686 9.91958609 50 30 7
1.19516329 -1.14272398 9.87346260 67 45 22
1.14120442 -2.67101849 9.78451903 172 147 123
1.14827843 -2.96483505 9.80782566 187 161 133
1.23096993 -2.82059666 9.74182386 75 55 28
1.30366203 -1.80334599 9.54970240 168 137 106
1.31922636 -1.90874814 9.62888939 43 22 0
1.37738745 -0.95809840 9.97902204 47 24 2
1.38219718 0.04493115 12.08205824 57 35 15
1.34032370 -2.53569797 9.70189774 102 75 53
1.32802640 -3.00096505 9.72477642 118 85 49
1.40133174 -1.45369218 9.56746646 132 103 80
1.34604903 -2.85619404 9.65557457 69 49 25
1.43324281 -0.97955156 9.87088040 148 126 104
1.42816050 -1.40153549 9.57859866 101 74 48
1.36137959 -2.86261537 9.64606739 136 114 91
1.43044002 -1.52540807 9.62000183 97 68 38
1.45170719 -1.64474673 9.63909398 167 140 113
1.45702278 1.25550664 14.98365862 55 42 37
1.39256062 -3.05371662 9.70407776 175 145 115
1.41481075 -2.84878302 9.62714164 142 113 89
1.47639438 -1.67005337 9.60081513 37 18 1
1.44789079 -2.54320961 9.65374627 58 36 12
1.55183587 -0.79310786 11.54608518 45 25 4
1.52600530 -2.27230150 9.59420697 70 45 16
1.61125747 1.19885303 14.79553907 84 67 61
1.53017569 -2.08312774 9.75623614 74 58 41
1.52938691 -2.47943321 9.59577580 67 45 22
1.63960149 -0.27384516 11.59402591 136 113 92
1.63960149 -0.27384516 11.59402591 136 113 92
1.66149147 -0.96486238 11.07286432 147 122 99
1.70291501 -0.24975924 11.77639477 117 96 72
1.73252682 0.49220833 12.31443413 144 119 103
1.66855560 -1.25647314 10.35468583 82 62 45
1.69305300 -0.94776040 11.31577166 61 37 16
1.71712807 -0.94817544 11.15310764 147 122 100
1.65173038 -2.83616792 9.64033885 167 132 99
1.75090705 -1.43301405 10.03018097 43 25 13
1.84059895 -0.74751139 11.46543575 94 69 50
1.75877086 -3.31422003 9.92379753 171 136 99
1.85927032 -1.28644805 10.05466358 57 33 7
1.92845511 -0.83021972 11.48886174 110 84 61
1.92717639 -0.83208764 11.48783361 110 84 61
1.84285059 -2.70967237 9.58802206 72 44 19
1.94544913 -1.15654757 10.10930962 113 91 73
1.89498322 -2.21393779 9.50506679 156 131 104
1.89498322 -2.21393779 9.50506679 156 131 104
1.98007198 -1.00351288 10.46026106 136 110 84
2.21855376 1.07288149 14.78093182 55 30 7
2.34060028 1.17476527 14.96699426 60 34 10
2.34423464 1.07336436 14.81144562 142 113 86
2.07108481 -1.26005890 9.95486079 43 22 5
2.35173776 0.96717750 14.75102550 88 61 31
2.37558433 1.00733536 14.78637513 149 120 91
2.09276530 -1.47373396 9.69515127 48 26 4
2.40144382 0.95446425 14.77387486 159 125 99
2.08620468 -1.59040991 9.48905956 107 85 63
2.42688308 1.21132676 14.87003400 108 82 56
2.08011738 -2.28703416 9.42735342 152 118 82
2.55137325 1.20486655 15.12875685 117 95 75
2.62502052 1.18635196 15.23096905 197 181 168
2.22139532 -1.38473687 9.54027993 115 94 71
2.26723877 -0.96213346 9.95269021 140 120 100
2.22610771 -1.99968924 9.32435570 177 137 112
2.26775690 -1.39308933 9.49878134 106 85 63
2.34100404 -1.31301981 9.43557024 89 66 45
2.61272654 -0.30840741 12.13236601 152 130 108
2.41179305 -1.25317755 9.45123965 126 104 80
2.38320874 -1.61692718 9.18631444 76 52 26
2.47790646 -0.95427519 9.78699931 91 68 43
2.46673543 -1.21552044 9.59202062 44 26 6
2.45876287 -1.21812604 9.45002506 127 105 83
2.49824199 -0.99914498 9.70484666 143 125 105
2.44596354 -2.28192096 9.27589474 95 60 27
2.44204279 -2.26971314 9.23200900 95 60 27
2.54520875 -1.17146845 9.45431728 126 105 83
2.84282890 -0.83435315 12.09269335 122 100 79
2.60359266 -3.51683670 10.48229081 174 146 121
2.68923495 -0.77833164 9.88459763 157 135 114
3.00816565 -0.32581887 12.84248101 204 189 176
2.62939146 -2.81134556 9.73796528 128 91 47
2.62939146 -2.81134556 9.73796528 128 91 47
2.60660051 -1.90767685 9.08489199 174 146 117
3.05308946 -0.58526459 12.88429943 209 200 191
2.69778746 -2.58351805 9.32211407 181 149 119
2.74945015 -1.25934217 9.09676500 124 102 81
2.73858642 -2.09766622 8.98817473 128 92 55
2.75396274 -1.53041437 8.90565850 122 98 72
2.94408661 -0.72131896 9.87262480 155 130 110
2.78909216 -1.71003083 8.87734647 157 131 105
2.82165365 -1.27693072 9.01191238 76 53 26
2.82583866 -1.56915893 8.84829773 83 56 27
3.05180445 -3.46519293 11.18006664 109 68 30
2.84104725 -1.53348653 8.83156481 77 50 25
2.96571619 -0.94981345 9.27515101 142 118 94
2.89583251 -1.54120260 8.75613326 96 70 43
3.03148188 -0.90974549 9.45484240 108 80 56
2.94607355 -1.33340221 8.95241524 49 27 6
3.25664403 -3.21017698 11.16596053 64 40 10
2.97310704 -1.73776342 8.69500630 160 131 101
3.00444507 -1.37106403 8.72480811 83 61 37
3.34901733 -3.24209300 11.22300936 97 67 31
3.05959817 -2.22371256 9.03658106 130 96 59
3.05959817 -2.22371256 9.03658106 130 96 59
3.05663980 -1.34661767 8.75319406 69 49 24
3.20779112 -0.88576939 9.44269931 128 103 79
3.09075713 -1.37914811 8.66482334 125 107 85
3.10092806 -1.58517895 8.59759368 137 108 74
3.10019725 -1.58159929 8.58738730 137 108 74
3.18548930 -1.10616321 8.91939073 73 51 28
3.15353465 -1.36871895 8.70064987 142 123 106
3.23173880 -1.52109585 8.62266544 149 131 114
3.38092638 -1.11400503 8.97970649 82 61 41
3.45684457 -1.10364895 9.18073226 70 46 20
3.33986266 -1.71372876 8.66453844 67 34 5
3.50761396 -1.06838552 9.19854863 143 119 91
-17.27131501 -9.51885802 23.25187919 110 111 94
-17.49180335 -7.14319108 29.73697156 45 37 14
-13.73002360 -11.58240978 28.28174277 46 52 47
-3.32368442 -1.04251808 16.03030772 147 129 127
-3.28444662 0.07792941 16.59175259 78 56 42
-3.28943737 0.08188978 16.61134671 78 56 42
-3.29989738 -4.29793011 15.98162914 33 31 28
-2.74930275 -2.57493346 14.91206386 142 111 84
-2.58699904 -1.79117480 14.83271706 70 51 37
-1.91513658 -1.44092305 14.34268429 144 125 112
-1.43580060 -1.20528704 13.99035683 144 125 111
-1.64344153 -2.77429566 14.60847157 170 136 99
-1.55233358 -2.74686297 14.58393816 98 65 24
-0.84919340 -0.86106960 13.66879472 73 54 40
-0.37092338 -1.39079846 13.22508503 71 48 16
0.01778885 0.28056420 13.23851093 60 40 22
-0.04970289 2.03021081 14.19020711 55 45 38
0.28356580 1.92734358 13.94704890 56 38 16
0.78502858 -3.08396632 9.98820757 158 132 101
0.88912196 -1.92243245 9.65217608 99 76 52
0.71953428 0.09055310 12.59781530 54 34 9
0.70618635 0.64511280 14.38889024 80 58 35
1.43618338 -1.57781931 9.61640243 80 52 22
1.48729312 -1.32780569 9.63582810 167 143 119
1.61541162 -2.23647131 9.59145712 76 53 30
1.68287788 -1.74667289 9.76264308 42 22 1
1.72732694 -2.19378649 9.60483912 2 1 1
2.07892681 -2.93286790 9.70724477 77 42 6
2.17217424 -2.12916058 9.39774956 73 48 27
2.31579296 -1.75566061 9.21682122 186 159 135
2.31522430 -1.75489232 9.21428022 186 159 135
2.36052390 -0.78907766 9.25914623 130 110 88
2.36198648 -2.40472293 9.31147456 131 98 63
2.42913705 -1.37536132 9.32892694 50 30 6
2.52659154 -0.84084519 9.89595716 130 110 88
3.05246225 -1.39830426 8.67805181 65 44 23
3.16256357 -1.67125399 8.59756622 159 127 97
3.25821942 -1.14766213 8.88102117 131 110 84
-1.61086786 -2.07426640 14.19616087 157 126 96
-1.43987977 -1.30770097 13.98872314 113 91 78
-1.10366770 -0.78962944 13.89917271 128 110 96
-1.10827101 -0.77306761 13.86928134 128 110 96
-1.33499186 -2.57394459 14.51234145 176 147 108
-0.95339372 -1.60855197 13.64735827 159 134 104
-0.30596892 2.70422095 13.18648455 122 116 110
-0.11548654 -0.78111230 12.33901675 122 100 79
-0.15552457 -0.48003265 12.73817164 141 120 99
-0.29877008 0.96411285 14.07837157 161 141 130
0.29972440 0.40222908 13.09485992 58 38 19
0.33061123 0.55688310 13.17108401 132 113 97
0.78476950 -2.03645492 9.64025770 80 53 26
0.75121395 -2.34856100 9.88958020 179 144 112
0.39803644 0.88692651 13.53993419 138 119 105
0.94770095 -2.90028498 10.06117079 134 105 80
1.07349724 -0.97099751 10.45509870 74 52 33
1.79393289 -2.25420987 9.52444255 70 49 26
1.81237986 -2.42023024 9.58928458 57 36 18
1.78137034 0.58310253 12.48079538 131 109 88
1.92732388 1.32839488 14.98341226 28 14 2
2.30360953 -2.56384194 9.51195232 189 154 117
2.40786244 -1.50220548 9.33376846 33 16 0
2.81821673 -1.62381060 8.79576742 82 59 31
-5.10285606 -3.41561996 14.97837848 97 68 40
-4.36643243 -3.45700803 15.28565675 129 102 83
-4.01863880 -4.05740811 15.86449734 166 136 104
-4.10657448 -0.87552437 17.12709105 204 204 215
-3.62701080 -0.82135594 16.30314062 117 100 92
-3.67728299 -4.21259260 15.85321349 34 31 30
-3.51023770 -0.71383489 16.36177234 138 121 115
-3.31831083 -1.03774798 16.05755246 144 128 123
-3.34525574 -0.63387312 16.35441186 130 111 99
-3.06011981 -1.80827749 15.36540986 84 65 58
-2.99222954 -1.84169666 15.16529185 152 135 128
-3.18323348 -0.62744315 16.34160104 116 95 76
-2.47383818 -1.72169517 14.82436580 64 50 39
-2.21160934 -1.28930260 14.68059684 157 138 132
-2.09810561 -0.90170275 14.90187782 97 82 77
-2.51578080 -4.21892349 16.13941967 165 139 105
-2.51933280 -4.22237879 16.15480471 165 139 105
-1.80587049 -1.29800367 14.34137787 82 63 56
-1.30949622 -1.19317288 13.87967965 105 87 80
-1.32354666 -2.17524259 14.14094496 171 142 111
-0.90215095 -1.41376719 13.54959391 93 70 52
-0.62561768 0.23984699 13.94556255 145 131 131
-0.49532493 -1.84757372 13.52164232 68 39 9
-0.25640962 -0.23064273 13.05544640 143 125 112
-0.17943930 0.18005134 13.26623887 60 42 30
-0.00527071 -0.19989312 12.76875419 72 54 40
0.53716932 -2.39131246 9.80909406 104 72 34
0.54254312 -1.58142610 10.61255207 138 119 102
0.55681655 -1.61267396 10.60159955 82 65 42
0.53356259 -0.31042722 12.24452965 119 97 76
0.78736690 -2.47944830 9.99070569 110 82 59
0.44694760 1.11845673 13.74395711 74 54 29
0.44694760 1.11845673 13.74395711 74 54 29
0.92336160 -1.82849124 9.62625326 127 103 79
0.60156437 0.03684027 12.65549637 58 40 20
0.97922291 -1.59032732 9.80674313 104 83 64
0.71119564 -0.84123058 12.11113819 48 31 11
0.72799258 -0.48399966 12.13295949 50 31 14
0.77924363 0.29490707 12.60365305 102 83 66
0.67957582 1.07004042 13.70928646 41 22 7
0.90403724 0.97728862 13.59617289 62 46 29
1.35806040 -0.83879548 10.10984933 97 74 56
1.19635431 0.01163109 12.07984911 51 31 8
1.25219910 0.18511767 12.17453958 67 43 19
1.49973403 -2.68922613 9.57998398 77 54 23
1.58624338 -2.61670165 9.57371335 64 40 18
1.58686179 -2.61946281 9.56761378 64 40 18
1.59145892 -2.93317783 9.72288103 172 136 103
1.57817606 0.08407643 11.98029666 57 32 10
1.71457431 -2.15142988 9.58768910 0 0 0
1.65602375 0.68728110 12.64188508 76 53 36
1.74699698 -1.69483231 9.61411445 106 85 61
1.83519915 -0.74708391 11.45718564 94 69 50
1.98765220 -2.06031687 9.39653321 97 67 31
2.01921541 -1.52259257 9.73807757 48 27 7
2.02507075 -1.67656847 9.49090416 41 19 0
2.08859401 0.18375328 12.19559882 78 50 28
2.35506852 -2.34491672 9.27067629 168 134 106
2.52173183 0.05623445 12.36015854 92 70 48
2.44708473 -1.72781163 9.15674919 162 136 106
2.53583818 -2.46785269 9.46346878 187 152 117
2.80030047 -1.25696994 8.96777059 77 55 31
2.91034173 -1.63887169 8.79551710 59 37 17
2.97215029 -1.21419412 8.96097191 124 103 79
3.04098161 -0.99735179 9.16075830 122 99 76
3.31008241 -1.04177275 9.08204953 50 22 8
3.37318584 -1.09596683 9.03779739 146 120 97
-2.89909135 -2.12550754 15.10202604 151 132 121
-3.17912123 -0.49631433 16.34471194 78 56 43
-2.74433064 -3.22741851 14.57790484 164 131 99
-2.82735921 -2.48526534 15.01861879 152 127 110
-2.61904604 -1.27251391 15.03014590 159 144 141
-1.89957566 2.19049032 14.16191065 203 195 193
-2.17714297 -2.10540880 14.45152624 100 72 48
-2.28588004 -3.34592915 14.56628562 92 63 28
-2.36224180 -0.61750843 15.73792952 150 138 138
-1.99623832 -2.58797944 14.53755015 167 131 98
-1.76441993 -3.22706816 13.65250356 150 116 81
-1.85224970 -0.40021412 15.08596580 129 114 109
-1.61676651 -0.69695019 14.42898123 157 139 137
-1.34947018 -0.26635482 14.71738244 106 90 90
-1.11642318 -1.97718421 13.84379779 121 88 58
-1.25630961 0.04890496 15.18820810 170 159 163
-1.06683424 -0.12284001 14.43674065 108 90 86
-1.10897676 -2.25257491 14.07260800 161 134 106
-0.84859245 -0.87000954 13.60304662 78 58 48
-0.77303121 0.40758032 14.86644315 151 139 138
-0.46930560 -0.38709900 13.30133252 152 134 122
-0.45771387 -1.26977373 13.13890524 140 110 82
-0.37073830 -1.33293539 13.06062575 166 136 109
-0.44327447 0.58575868 14.12811692 101 92 92
-0.35747025 -2.63479981 12.84657485 198 196 198
-0.42422692 -1.83179610 13.56899184 70 40 14
-0.17859870 -0.17833892 13.01268645 142 123 111
-0.18879389 0.34142959 13.26791662 131 112 102
-0.18879389 0.34142959 13.26791662 131 112 102
-0.13884535 -0.46817570 12.83964595 141 119 105
-0.13734794 -0.74460313 12.79368588 60 39 14
-0.11618768 -0.39943501 12.85393630 54 30 14
-0.24639096 0.58964290 13.80169815 146 132 128
-0.28567332 -1.79254010 13.43371360 85 55 27
-0.17582101 1.86165373 13.98857527 134 120 118
-0.19239924 0.63310437 13.96649270 142 128 121
-0.00911293 0.18440923 13.10442361 127 106 92
0.37932919 -2.79062358 10.07494595 46 46 37
-0.08600756 -1.70016779 13.04913014 164 135 107
0.44709012 -2.57223966 9.95865858 40 27 10
0.14869440 0.03301440 12.74598322 144 121 108
0.58392051 -2.34471864 9.81648872 138 103 70
0.10654481 2.03181051 14.05475260 105 88 78
0.26698890 0.09969876 12.53895592 144 125 112
0.57669641 -2.65808533 9.82897505 111 90 66
0.25804612 -0.44406682 12.45704999 50 29 3
0.62026336 -2.31118651 9.78129099 116 81 42
0.25171944 -1.48243588 12.33555179 148 117 86
0.25171944 -1.48243588 12.33555179 148 117 86
0.22550847 0.37252470 13.05252784 58 36 13
0.65129437 -2.05579117 10.06913527 56 29 8
0.71992924 -2.04908561 9.63346312 156 130 105
0.23221277 -2.61695313 12.55493502 75 57 34
0.33435860 -1.11334871 12.39362366 77 55 34
0.72768080 -1.98391066 9.77234451 147 122 101
0.40579931 -0.70103386 12.23581731 52 31 12
0.71082013 -2.80550557 9.91484928 64 35 7
0.75558597 -1.99605680 9.93105345 139 114 94
0.54416180 -1.35601172 11.78916138 93 74 56
0.74645780 -1.29240644 10.53132572 80 60 35
0.42804244 0.79611656 13.43959857 54 37 27
0.42118412 1.20129713 13.74232001 106 86 63
0.82725023 -1.47105432 10.09716927 121 100 82
0.81224924 -1.25495215 10.41181891 139 119 100
0.87646273 -1.61824952 9.94147795 69 48 29
0.87674010 -1.40660317 10.04743471 144 123 104
0.80179100 -2.70530372 10.26771671 33 17 3
0.80179100 -2.70530372 10.26771671 33 17 3
0.81914933 -2.65593342 10.30221434 77 53 33
0.88045875 -2.37830102 9.96066464 39 18 3
0.92090267 -1.37744068 10.04118322 123 104 87
0.56781850 0.80244944 13.41718879 131 113 103
0.69513114 -0.23075080 12.24688865 130 108 87
0.95790221 -1.13701085 10.18509058 84 63 44
0.75036944 -0.84958554 12.00884626 123 105 85
0.65026583 1.04596561 13.59933330 125 106 90
1.03404174 -1.52064056 9.84188907 122 101 81
0.64331122 1.33418068 13.94903935 61 41 21
0.72934384 0.78655381 13.25126877 88 66 52
0.85872983 -0.51831170 11.78809997 121 98 77
1.07943659 -1.46860618 9.75296933 140 118 96
1.09253859 -1.94395230 9.54772819 100 60 35
1.09407490 -2.03594835 9.63236896 156 124 96
1.12026332 -1.45073704 9.67975841 130 107 85
1.12349658 -1.50269058 9.63910767 75 53 34
0.88221355 0.09231809 12.27365020 121 103 91
0.90779835 -0.42247801 11.92529029 123 101 80
0.90380778 -0.74898045 11.80610391 125 107 89
1.11451867 -1.81763986 9.71628044 72 47 26
0.71967320 1.14446364 14.09453552 77 57 34
0.85678791 0.39625722 12.70251412 86 65 45
0.91413657 0.16182049 12.44307377 56 31 14
0.92840755 0.37718143 12.45123049 131 114 102
1.05026321 -0.86860947 10.99485842 134 113 98
1.17103235 -0.77816920 10.39931969 86 60 37
1.24731704 -1.10437730 9.86788046 74 52 31
1.29548883 -1.84276497 9.53598271 152 121 96
1.10842680 0.65534533 12.75166039 133 115 101
1.34408456 -1.19740993 9.80355882 62 40 19
1.30588855 -2.15796321 9.88224966 55 30 1
1.29357478 -0.71842941 10.90754720 82 57 37
1.22533424 0.41872157 12.30591070 126 104 88
1.18918727 0.87495713 13.07099903 137 120 110
1.42452199 -0.86424806 10.07508238 110 84 67
1.28489147 0.68563992 12.46405414 129 108 91
1.43480461 -1.75339118 9.67663358 59 31 12
1.43816317 -0.98289571 10.00704019 40 19 0
1.49176461 -1.47900272 9.68316479 134 104 79
1.49758008 -1.68745055 9.81367929 42 18 0
1.50956668 -0.95043275 10.09637090 76 49 29
1.51860921 -1.51949694 9.74641664 12 1 1
1.38596035 0.26795797 12.19609484 131 110 92
1.53080940 -1.37387250 9.70992302 56 35 20
1.48859350 -3.01433145 9.73348611 172 138 102
1.41226997 0.69819133 12.63503716 141 121 103
1.50234663 -3.07495900 9.76632976 80 46 8
1.60025147 -2.16095255 9.66331836 3 1 1
1.56807743 0.34238522 11.99689708 57 30 12
1.63024373 -1.16521427 10.61983085 44 21 2
1.59601110 0.34014546 12.12396429 56 31 12
1.60030499 -0.97545259 11.34743257 45 20 0
1.60067453 0.53344002 12.45292057 56 34 13
1.62051422 0.30919482 12.09218777 137 115 96
1.64087674 -0.95815248 11.23380658 60 33 12
1.66068393 0.09442117 11.91399143 59 36 12
1.66042361 0.50089017 12.29674816 142 124 101
1.69982345 -3.00739519 9.58838143 167 136 105
1.67771159 0.34106863 12.19911312 57 32 11
1.69029719 0.03524944 11.97577950 116 94 70
1.74497097 -2.06107877 9.65953311 1 1 1
1.65792271 0.86004857 13.16199377 79 57 43
1.74697601 -2.69911603 9.56973921 139 100 67
1.62889076 1.33310497 14.87928686 39 32 34
1.74989717 0.33371837 12.13851544 57 31 11
1.75813987 -0.93086589 11.23892412 74 48 26
1.78580514 -2.67258287 9.58063383 171 133 97
1.83779772 -1.37555221 9.93649112 47 22 1
1.84068251 -0.96673295 10.89682275 110 82 61
1.86957413 -2.09301607 9.50319973 135 110 80
1.83276615 0.03727510 11.92241482 136 112 89
1.87015819 -1.17490201 10.27052937 47 21 2
1.85355288 -2.59930860 9.53188295 169 133 104
1.87504721 -2.57951936 9.56795800 166 129 100
1.90224578 -1.04862113 10.34078355 82 54 33
1.89742478 -2.62401140 9.54640181 71 44 13
1.93026422 -0.33709202 11.69421762 65 41 17
1.98185530 -1.30317377 9.75713385 118 97 78
1.95329605 -0.11367153 11.81459065 80 52 28
1.97249906 -1.96641949 9.53965416 72 50 29
1.93758797 -3.06702222 9.75649838 87 54 21
2.01597593 -2.05080037 9.36031248 180 148 121
1.97969149 -3.02459207 9.75021635 78 45 13
2.04275215 -1.09263291 10.08245052 131 108 90
2.00027555 0.94019533 14.16118698 63 39 13
2.12456279 -1.06204372 10.08256171 125 101 83
2.13225102 -1.54265497 9.42483144 112 91 70
2.13211833 -1.53866969 9.40905730 112 91 70
2.13784335 1.04094074 14.33529023 112 87 63
2.16979717 -1.75463444 9.37734641 117 94 70
2.17155294 -2.27390665 9.46164051 176 145 114
2.21890169 -1.00979464 10.04739774 114 90 74
2.16855406 -2.82821207 9.67511582 77 40 3
2.27003703 -1.38464421 9.46699921 128 107 85
2.33463382 1.03827868 14.73084116 141 113 88
2.30568271 -1.30905013 9.62641151 53 29 5
2.35106239 0.96886022 14.65374548 94 67 38
2.26583841 -2.72397361 9.60362942 78 42 9
2.37812152 0.08084725 12.35418065 68 41 21
2.30795892 -2.42006626 9.31524348 120 88 58
2.40295300 0.95312669 14.68584174 162 133 104
2.38895662 0.01058831 12.26660393 79 51 27
2.35832358 -1.55906595 9.36630733 56 34 13
2.38294880 -0.23997812 11.87048500 76 46 22
2.42162480 1.21242194 14.58566510 105 79 56
2.38501956 -1.04553202 9.76216371 50 24 2
2.38831206 -1.23870904 9.51963081 56 33 16
2.37626305 -1.90556901 9.23754515 70 41 8
2.49690458 0.94396611 15.00291283 181 148 117
2.43397076 -1.22946897 9.56150275 53 30 12
2.45411456 -1.02345103 9.71771084 149 124 104
2.51163636 0.23884506 12.51557974 87 61 38
2.44592083 -1.40798703 9.33559000 55 33 11
2.44592083 -1.40798703 9.33559000 55 33 11
2.47448436 -0.84644631 10.14863323 96 70 43
2.56820443 0.48016173 13.33953038 132 113 97
2.45073168 -2.86431052 9.65269461 189 158 127
2.49376500 -1.43988275 9.30530711 64 42 20
2.55589240 -0.59830842 11.65679150 95 68 46
2.50235866 -1.97593242 9.16179735 176 142 114
2.54269032 -1.46395994 9.11985146 86 56 36
2.54169442 -1.45537412 9.08709348 86 56 36
2.76953340 1.42495362 14.76108879 202 192 183
2.53982728 -2.48152084 9.43148779 93 56 25
2.59528714 -1.11871656 9.50684012 53 27 5
2.69648979 0.24231628 12.69820512 104 78 50
2.60705755 -0.97421262 9.57641337 122 99 76
2.56138746 -2.16668536 9.13312193 108 75 47
2.59334045 -1.65554569 9.08903097 52 31 2
2.75732148 0.18910252 12.85354182 153 128 105
2.65788255 -1.11604879 9.28138981 136 112 89
2.63501509 -2.38224290 9.36176084 188 153 117
2.64332513 -1.78338355 9.00502085 96 66 39
2.80678162 0.05284515 12.75081282 160 136 110
2.78831090 -0.42099916 12.31522062 107 81 55
2.70843783 -0.90103740 9.75519347 56 28 4
2.82735551 0.09130432 12.69430964 111 83 56
2.90423882 -0.90838409 12.31057860 129 112 90
2.98433765 -0.06639154 13.10307934 130 113 89
2.97532261 -0.29656517 12.79532478 130 113 87
2.79685974 -1.21564459 9.07448326 127 105 84
2.78388267 -1.54123525 8.82946784 189 162 136
2.83877448 -0.85409816 9.56539529 143 121 99
2.84150573 -1.17887121 9.15170626 54 29 7
2.81031696 -1.69689107 8.79586044 66 41 19
3.17591875 2.61122269 13.69409494 208 198 197
3.17591875 2.61122269 13.69409494 208 198 197
2.88175896 -0.99610286 9.38710921 151 125 104
2.91436146 -0.83953360 9.61361860 158 131 112
2.87975153 -1.38437769 8.95001372 60 37 8
2.91301600 -3.03480388 9.88947528 200 171 147
2.97294208 -0.88355512 9.50856104 81 53 28
2.97294208 -0.88355512 9.50856104 81 53 28
2.93486546 -1.39413937 8.80841218 81 55 32
3.03129961 -0.65006879 10.18655216 218 209 200
3.04243618 -0.72640054 10.15882622 100 70 41
2.94546992 -1.38930320 8.82325279 84 60 36
2.96586922 -1.30920119 8.94506102 51 29 4
3.00557224 -0.92437014 9.35940162 52 25 10
2.97006712 -1.39614776 8.74074417 115 89 64
3.01508960 -0.93009578 9.25381577 148 124 99
3.00545474 -1.11167400 9.05970616 141 118 99
3.01612425 -1.20643982 8.98029262 122 97 75
3.02943714 -1.10405368 9.02735637 126 101 82
3.01430873 -1.57472578 8.72887269 111 86 67
3.00775223 -1.75618552 8.68261396 124 90 58
3.10666798 -0.81723980 9.62121480 161 135 121
3.08599231 -0.93051267 9.32063331 156 130 106
3.16039275 -0.71876835 10.16144585 127 98 68
3.06383358 -1.61860932 8.61293603 86 58 35
3.27102641 -1.14902961 10.96375112 96 65 45
3.22149675 -0.71516541 10.23561220 218 205 205
3.14565875 -0.92084411 9.29171118 139 114 92
3.21090841 -0.75959366 9.90038604 107 81 56
3.29198336 -0.75058177 10.24114448 132 113 98
3.25742208 -0.81981520 9.75833987 96 68 41
3.20363985 -1.05803100 9.04403206 146 121 96
3.23928337 -1.05870056 9.06146055 145 120 98
3.22165409 -1.33451297 8.74259076 0 1 1
3.21484636 -1.67690612 8.62886324 181 147 113
3.35252232 -1.10059080 8.97516910 138 115 93
3.40403411 -0.99247046 9.21579095 80 51 24
3.38392360 -1.11577844 8.98806064 73 52 31
3.42471651 -0.95196512 9.20334271 154 131 113
3.45977537 -1.07068980 9.17381176 136 109 88
3.48056750 -1.01418560 9.32997714 146 122 96
3.45671299 -1.12775185 9.06687495 135 113 91
3.48512739 -1.11522980 9.11762797 53 31 8
3.60355677 -1.17330187 9.27088645 114 88 65
3.59488463 -2.07139347 9.21814930 221 210 204
3.66612202 -1.22518380 9.28134794 140 114 98
3.76098198 -1.13523275 9.94805813 215 210 208
3.72524583 -1.21208583 9.34710049 122 105 88
3.71432124 -1.83948292 9.22217155 162 141 119
3.77821379 -1.40049906 9.30900509 30 20 11
-22.43302288 -10.60670727 36.15909455 128 122 99
-2.62062551 -3.11157956 15.03137308 169 135 96
-1.54937675 -2.68464450 14.52834067 169 135 100
-1.04681114 -1.12849973 13.66591214 169 148 129
-0.55365264 -1.39668977 13.21421707 167 136 107
-0.31534314 1.61921167 14.11248018 87 65 57
-0.24597106 -1.98063234 13.35660971 173 140 106
0.57812125 -1.13521241 11.99777168 70 48 24
1.01348013 -0.81807041 10.88583628 56 35 18
1.28036946 -1.86061615 9.56653816 165 136 106
1.50930020 -2.11326765 9.72511684 60 42 18
1.65309597 -2.91063438 9.68218260 65 36 3
1.79489496 -2.20274056 9.56499537 77 54 28
1.87349732 -3.13572958 9.79402366 78 43 12
1.85431202 -2.20499273 9.50666955 78 53 22
1.94910450 -2.56599701 9.54703883 61 37 2
2.16942766 -2.12595562 9.39357980 73 48 27
2.42072146 -1.40612019 9.34461503 104 88 63
3.02222532 -0.99214329 9.22617948 82 54 24
3.02466126 -1.13113439 8.97944754 90 64 37
3.06305332 -1.37271872 8.70796614 132 114 90
-14.36367736 -11.83764042 29.56756228 112 118 121
-4.20841831 0.25364457 17.35662000 134 141 157
-2.97848324 -1.75886369 15.17328869 83 63 53
-2.72783355 -0.62187372 16.78342256 44 24 9
-1.91427792 -2.83248495 14.51977879 167 133 95
-1.87925004 -1.71452445 14.32166455 69 51 36
-1.66369399 -2.64752326 14.31423283 163 131 94
-1.06074429 -2.73094994 14.49401762 131 101 63
-0.74293383 -2.80984055 14.78537492 160 137 100
-0.18539902 -0.14249088 13.15603204 60 41 27
0.44623079 1.04207141 13.75461707 74 54 30
0.40674073 -0.12586885 12.48987372 117 96 77
0.45827745 0.25181822 12.83212556 63 42 21
1.35886805 -0.71381195 16.76264018 120 102 80
0.77626835 -0.51932098 11.84360209 117 95 76
0.77626835 -0.51932098 11.84360209 117 95 76
0.87921841 0.59217925 12.86343726 140 123 106
0.62564213 -2.77447456 9.82470696 111 81 53
0.97191815 0.54374810 12.66780646 104 85 68
0.96283994 -0.09817305 12.06273976 134 112 89
1.13014440 -2.51580440 9.80090754 87 64 39
1.94658031 -0.11832686 11.82443797 80 56 34
1.66044544 -2.26548210 9.56312085 80 58 35
1.92352901 -3.17642552 9.80727683 116 81 43
1.87317546 -2.36409316 9.46405839 159 135 105
2.06856739 -2.91901631 9.66194164 70 37 2
3.03127817 2.44668704 13.24030952 213 203 201
2.08915141 -2.15647630 9.41139439 58 37 10
2.32208554 -1.00266163 9.90060890 115 90 65
2.88446489 -0.90148360 11.41415236 125 102 78
2.25774382 -2.11697199 9.36188461 63 38 10
2.83776558 -0.93924059 9.48267838 75 49 26
2.94510240 -0.97423745 9.49442103 47 20 0
3.01642236 -0.99121390 9.20454529 86 61 35
3.06635258 -1.34758210 8.74112874 87 66 35
3.24759957 -1.55420006 8.60696762 14 9 3
-16.27452766 -9.12048883 30.72819821 49 46 41
-4.10895409 -2.34772205 16.96382394 200 202 209
-3.58308252 -1.29818540 16.14350289 153 139 139
-2.52328834 -3.02611993 14.94716335 160 126 90
-2.46292791 -2.64358002 14.74204093 129 103 78
-2.44352473 -0.55687377 15.80927202 55 36 26
-1.61915812 -2.06849907 14.17713529 144 118 94
-1.05776031 -1.89127446 13.71468828 153 124 94
-0.86661074 -2.42148307 14.19422310 165 133 100
-1.87521001 -11.95828510 28.29844981 32 29 26
-0.06756497 -1.79239212 13.04219988 154 124 93
0.25066717 -0.50602826 12.45240601 118 97 77
0.45521872 -0.34893732 12.23654371 118 97 83
0.56318340 -1.75482121 10.44603775 125 106 89
0.61681224 0.32360757 12.66354689 71 45 23
0.67701594 -2.72928603 9.94177766 137 110 83
0.71942075 -1.32077114 10.68402013 71 50 30
0.72637426 -1.13140382 10.67635070 141 120 100
0.77879294 -1.92595032 9.89681998 45 24 3
1.00774051 -0.37408304 11.90726654 131 110 89
1.01473882 -2.75223065 9.76880063 152 122 94
1.16995999 0.46301715 12.40586353 135 115 98
1.07102552 -2.80732772 9.89236607 185 157 131
1.13567281 -1.98367441 9.47064176 63 38 13
1.40098569 -1.77900588 9.58916502 52 32 8
1.55840641 -1.65686774 9.90920049 36 19 1
1.57695011 -1.09102894 10.17539516 43 21 2
1.58963106 -3.05414906 9.69457518 157 124 94
2.01045578 0.33927020 12.27702542 150 125 103
2.29173791 -0.78409568 11.51449698 117 91 68
2.34939721 -0.73728398 11.61360860 62 37 12
2.30869977 -0.89216757 11.16545212 68 42 16
2.87223362 1.91616205 13.65420563 127 117 105
2.23555961 -1.39311441 9.47740552 96 73 50
2.29696479 -1.14230100 9.68345470 134 109 89
2.42004643 -2.06268784 9.20240187 171 141 111
2.49907785 -2.23755478 9.17784227 110 77 37
2.67616325 -1.07674897 9.47853385 60 37 13
2.86883989 -1.97785069 8.85336061 154 121 84
3.79444857 -1.28184411 9.24664424 208 204 201
-5.02862146 -3.71673407 15.56802867 180 147 117
-4.10628259 -0.55006078 17.16216699 199 200 213
-3.92790361 -0.82370034 16.65986992 212 212 224
-3.67031441 -2.29508793 16.08269693 143 127 122
-3.62808271 -4.18121170 15.96875473 174 140 111
-3.43179853 -2.95002525 15.97609009 85 65 55
-3.24156815 -3.64947596 15.86550084 160 130 97
-3.33433637 -3.85388942 16.26123099 43 34 23
-3.21776143 -3.84558022 15.84050545 74 53 35
-3.17428132 -3.76385765 15.96824290 135 107 81
-2.91426995 -4.16348508 15.98725327 153 126 98
-2.42269120 -3.46894611 15.32355826 165 129 94
-2.00176553 -1.16533552 14.65581543 148 129 122
-2.34116676 -4.09570322 15.92395216 157 128 98
-1.72966261 -0.76294899 14.56325551 162 145 143
-1.71705084 -0.47227575 14.83551112 121 103 100
-1.52069124 -1.54326616 14.05837226 76 55 39
-1.53249583 -0.92225587 14.27082798 153 133 126
-1.53195576 -1.97835645 14.20197793 70 44 21
-1.09464118 -2.42159694 14.24842293 172 141 107
-0.78757382 -1.20934868 13.44531094 96 73 52
-0.84380997 -2.51858080 14.14093336 132 99 64
-0.39815865 -0.28607613 13.29714708 80 60 49
-0.13367743 -0.14177811 12.98289943 136 114 101
-0.06367677 -0.09669843 12.95944464 140 120 109
-0.09527814 0.62113292 13.64195084 86 69 59
-0.11713746 -2.01271982 13.37460265 100 69 33
0.25560945 -2.58659024 10.41687921 34 35 33
-0.44048378 -3.47560224 15.70695716 211 211 205
0.26909387 -2.85840595 10.48032266 177 160 137
-0.19033208 -2.48628987 14.31965210 203 202 202
0.34303205 -2.54945396 10.12422757 159 137 115
0.14503326 -1.35863614 12.59909331 72 48 15
0.37436773 -1.87088861 10.99170889 87 66 45
0.47755617 -2.27269456 10.05147800 90 70 49
0.54686601 -2.77599366 9.86561680 84 62 38
0.43579233 -0.45609401 12.30412266 133 111 92
0.56009526 0.25491649 12.62035973 140 118 100
0.63086089 -0.25491091 12.26820884 130 107 88
0.77022751 -3.15964891 10.18372113 170 144 120
0.78739114 -2.98291776 10.39909894 17 10 4
0.83495273 0.61181605 12.87053640 68 47 27
0.87047211 -3.14790426 10.18900682 157 124 89
0.94629842 -2.16753644 9.81462729 174 143 114
0.87298668 0.34805724 12.50439961 143 124 115
0.93233548 -2.87372272 10.02925941 150 125 98
1.01037636 -1.05360050 10.43611942 146 125 107
0.93000214 0.18364260 12.46376388 68 45 27
1.04377343 -2.10519539 9.79140165 175 138 111
1.06777657 -1.23866141 10.18149852 141 120 101
1.10327241 -1.47023610 9.89801090 132 109 86
1.13698862 -1.94227116 9.58408500 135 99 69
1.05143192 -3.19862551 10.29068663 171 145 119
1.31924745 -1.80185411 9.67158097 97 62 34
1.29824080 -3.36800109 10.10530753 36 36 31
1.40271847 -0.85670931 10.27898809 128 102 85
1.38874577 -1.81244813 9.69495756 61 35 19
1.41506990 -1.11573348 9.91153869 118 96 76
1.39254851 -2.46313853 9.70440375 145 114 89
1.48854523 0.97792581 13.20865921 124 105 90
1.43426113 -2.92143011 9.69175165 94 61 31
1.62432234 0.67194280 12.46843692 129 109 92
1.57319011 -1.20488545 10.53858978 110 88 67
1.58600369 -1.28482924 10.35313016 85 65 46
1.64573108 -1.13732989 10.65552761 100 77 59
1.63955271 -1.30365233 10.16424568 107 83 71
1.79717284 0.69558303 12.48009001 100 79 58
1.83001064 0.71708213 12.54524470 143 122 103
1.90572600 0.62143448 12.42168238 138 112 94
1.92955488 0.15159072 11.91982792 74 49 23
1.89716405 -1.37770124 9.94961414 118 96 75
2.13311047 0.96902408 14.54478811 107 85 63
2.20075062 1.25021747 14.77363950 126 102 80
1.91796920 -2.88626411 9.48159141 159 124 93
2.32082248 1.09781835 14.79038509 126 99 72
2.16785893 -0.89354385 10.99767581 102 75 54
2.32428774 0.09152245 11.96657025 138 113 91
2.10242177 -2.46835898 9.48433737 99 73 54
2.53309801 1.29202116 15.05702674 199 185 176
2.56483815 0.22514299 12.65322276 158 133 112
2.58971970 -0.58522977 11.73243853 155 127 106
2.82553154 0.16464582 12.99064304 119 92 66
2.85907026 -0.38389734 12.27803084 100 73 46
2.94427853 0.07329338 12.88280684 224 212 206
2.60189768 -1.12929468 9.42439634 133 108 90
2.96578378 -0.10115049 12.64749160 149 129 113
2.79985719 -0.68265636 10.61080194 222 212 204
2.86395461 -0.83945662 9.68137216 66 39 10
2.91019462 -0.37348208 9.73973883 214 205 198
2.94360520 -1.00586971 9.46932232 137 111 91
2.85321293 -2.21431601 9.10351205 79 46 5
3.05755336 -0.66619107 10.15378982 130 111 86
2.88278533 -1.41474042 8.88308061 125 101 76
3.14983351 -0.66542112 10.16698075 220 210 203
3.26053217 -3.34574209 10.91670044 74 70 57
3.17842153 -0.92615376 9.47608781 57 29 2
3.02967865 -1.78289364 8.66771610 173 138 106
3.12453082 -1.46745473 8.67361341 58 39 14
3.32331806 -0.91233914 9.46432907 141 114 89
3.20941986 -1.29332595 8.77431131 112 100 85
3.27045667 -1.13171694 8.93759609 64 37 22
3.46838207 -0.86943666 9.81979979 145 119 97
3.49894975 -1.02700389 9.37565507 146 122 96
3.61953659 -1.03507373 9.52877849 121 103 83
3.74689354 -1.26675324 9.19278120 113 98 87
3.77651471 -1.19904569 9.17363054 212 206 206
3.79441265 -1.20322715 9.19305058 213 207 207
3.77271634 -1.72723004 9.07815398 226 211 206
3.80379857 -1.60885431 9.06153238 223 217 219
-10.45731216 -6.45227224 18.03518540 138 136 111
-5.30569767 -3.21337886 14.72781611 40 38 33
-5.28962480 -3.26454139 14.69194018 150 133 116
-5.13838718 -3.37744816 15.42105332 103 77 57
-4.01166477 -3.70075264 15.55684972 89 61 38
-3.59797553 -1.26384710 15.85948053 122 107 100
-3.79437947 -0.42735158 16.73877720 135 119 119
-3.61098968 -3.79909498 15.56184053 92 63 41
-3.44485896 -1.22818493 15.71029757 165 149 149
-3.59557887 -3.79881734 15.77042485 126 98 76
-2.94348147 -1.48609092 15.22668711 167 153 150
-2.97876496 -4.27565359 16.13256776 175 148 124
-2.42793225 -0.91476961 15.15207361 166 150 149
-2.34050251 -2.26005049 14.58974006 162 128 100
-2.51427820 -4.21541425 15.89012732 41 39 35
-1.83688089 -2.48070485 14.49437621 167 134 99
-1.46646449 -2.43115338 14.38246213 166 136 107
-1.21439890 -2.16630421 14.17890940 180 151 121
-1.13336695 -0.16207149 14.35681012 115 97 92
-0.88375941 -1.51187704 13.63430618 124 95 70
-0.85762233 -1.48610115 13.54602713 124 95 70
-1.35392229 -3.68675122 15.40743619 36 35 33
-0.65046380 -1.29630861 13.42774107 158 132 111
-0.48653630 -1.41315346 13.28384591 169 141 111
-0.30384308 0.80128584 13.74951240 143 132 132
-0.16527525 -1.11688726 12.81437874 153 123 97
0.29700951 -2.83227200 10.28864746 61 54 46
-0.04496863 -0.31626472 12.86078309 72 50 34
-0.03648369 -0.31469196 12.86648241 72 50 34
-0.12702524 0.65976266 13.75239189 142 127 124
0.33186128 -2.83855119 10.34285599 183 166 137
0.11762114 -0.19304610 12.75493424 91 67 55
0.13534292 -1.05646443 12.55399073 136 113 95
0.55358774 -2.38309108 10.13789605 193 163 137
0.13962515 0.70090886 13.51179910 84 66 54
0.35234761 -0.43389900 12.51068881 126 105 86
0.53258967 -0.02963400 12.65885035 131 110 93
0.74209141 -1.19585524 10.89189569 87 69 49
0.94478225 -1.94584145 9.76017136 174 148 133
0.58190505 2.10039708 14.21269512 51 37 27
0.87731832 -0.69046855 12.06509083 75 52 34
0.87731832 -0.69046855 12.06509083 75 52 34
0.93617478 -0.42579056 12.07983362 129 108 91
1.19279494 -1.44462312 9.66832331 72 46 29
1.19829695 -2.98789258 9.82438286 119 88 63
1.12886431 -0.34244111 11.95952026 125 100 80
1.34605218 -0.93321960 10.26644941 136 114 99
1.39597128 -1.73819651 9.58421525 178 148 122
1.38420291 -1.78446209 9.73747171 178 148 122
1.44040601 -1.22658275 9.73879070 139 111 89
1.45247494 -1.46858849 9.64034455 78 48 19
1.45022431 -1.56328081 9.75480404 69 35 10
1.49010161 -1.34663732 9.67497113 157 130 102
1.49304872 -2.34377790 9.58061956 193 166 136
1.54828525 -2.09964761 9.84643693 1 1 1
1.84008930 -1.06019316 10.46498209 141 116 96
1.92669153 -2.09969801 9.46758410 102 71 46
1.89759911 -0.57967832 11.57589379 134 107 86
1.89739610 -0.58077349 11.58611694 134 107 86
1.93257523 -2.04589761 9.47205592 83 56 36
1.92842762 -0.94436265 11.12580822 146 121 99
1.97084593 -2.00229799 9.45199858 82 56 35
1.94884339 0.51993288 12.40405595 121 95 75
1.94518680 0.59963166 12.72458790 75 50 29
1.93860247 -3.01079623 9.71147350 190 156 120
1.92971929 1.39522617 14.82934099 23 13 5
2.01649645 -1.11057835 10.24744695 69 44 21
2.01497651 -0.14010394 11.88823345 126 99 78
2.01753327 0.44684209 12.52505989 72 44 23
2.04581102 -1.01039725 10.45401198 148 123 103
2.05927952 -1.52350819 9.64483539 123 97 84
2.02909641 0.83432164 13.37607570 140 119 99
2.11012441 -1.58630631 9.45632967 70 45 22
2.10710598 1.33570245 14.52533219 104 82 62
2.14749589 -1.43760357 9.68288206 46 24 1
2.16155425 -1.83235892 9.29787896 92 66 47
2.15549075 0.71270185 14.22099164 142 123 105
2.25687195 0.38930478 12.46531826 145 119 96
2.29514910 0.26611211 12.31918045 135 109 88
2.30109403 -2.04882599 9.30547214 78 49 16
2.31616667 -1.75575909 9.21566591 182 154 128
2.30482290 -2.08521516 9.29140102 146 117 89
2.33366045 -1.09439842 9.89509454 54 26 3
2.35944727 0.13071925 12.31023427 71 41 17
2.42122933 1.01282550 14.67503003 83 52 15
2.50792884 0.78849158 15.22262938 206 187 169
2.44959874 -1.58655212 9.14437903 203 177 155
2.44171792 -1.83664761 9.11352098 77 51 28
2.56859674 0.17646674 12.43639729 150 123 103
2.51124167 -1.96553745 9.04376813 89 65 35
2.59625309 -0.62677314 11.70573166 158 130 107
2.60394860 -0.53693305 11.79327152 156 128 106
2.82470808 -0.32093142 12.43751406 141 119 95
2.67863290 -1.99354388 9.00444154 140 111 84
2.70529860 -1.26970549 9.07872346 134 114 91
2.84204682 -0.42989946 12.14925601 72 41 15
2.81136717 -1.40195929 8.86083806 55 31 8
2.81709250 -1.54692357 8.67987344 165 139 114
2.84372177 -1.85317292 8.83209597 98 68 38
2.97432257 -0.75000602 9.73630563 150 123 104
2.97432257 -0.75000602 9.73630563 150 123 104
3.01375225 -0.81879460 9.57484406 154 132 111
3.02872692 -0.79347821 9.59368371 91 56 30
3.04690544 -0.99680106 9.16513352 127 100 78
3.06267658 -1.21467550 8.80694828 53 27 2
3.15164913 -1.64526305 8.44236752 138 102 70
3.21694905 -1.02563377 9.03309175 55 30 5
3.21258150 -1.86948344 8.74460480 161 125 91
3.29330247 -1.72325222 8.65528013 192 152 113
3.37263067 -0.99167026 9.19465563 68 43 21
3.35071831 -1.03973017 8.83257064 141 119 96
3.36974833 -1.16957826 8.92144794 0 1 3
3.50560463 -0.87647401 10.05721738 131 115 99
3.46302915 -1.14694203 9.00973759 10 5 3
3.49598878 -0.96162905 9.26780457 69 41 12
3.55446639 -0.95171704 9.39964010 120 94 71
3.63238774 -1.79526922 8.87004325 152 128 102
3.62445318 -1.65367409 8.66883519 17 13 14
3.69496980 -1.09640834 9.17522967 214 208 209
-4.67392220 -0.24858012 17.71814633 143 152 169
-4.18299972 -1.18047735 16.91652313 204 208 220
-3.47499158 -2.36456538 15.72101212 175 159 144
-3.42360160 -3.48614905 15.49396962 199 200 202
-3.42360160 -3.48614905 15.49396962 199 200 202
-3.63038619 -0.80766997 16.45203889 150 134 130
-3.28359485 -1.39076416 15.76276628 160 142 135
-3.08333329 -2.06879900 15.16892188 113 93 82
-3.08333329 -2.06879900 15.16892188 113 93 82
-3.02453904 -0.37429518 16.41792176 106 83 66
-2.48928465 -2.31296587 14.56768792 146 119 92
-2.40439252 -2.10734986 14.56106381 131 111 92
-2.43553662 -2.50915087 14.65896302 68 46 22
-2.21944192 -2.28322903 14.50780193 151 120 88
-2.01261547 -1.21080925 14.47525485 145 128 118
-1.53727338 -1.28273830 14.09181755 147 131 118
-0.83604032 -2.47801861 14.34081557 182 153 121
-0.21985762 1.04169367 13.96427668 78 59 45
-0.18137441 0.95231259 13.76571945 134 116 101
-0.15509651 -2.00082110 13.64021408 185 154 122
0.13262154 -1.26757984 12.58346657 162 131 102
0.71552954 -17.35357792 49.03624628 54 54 42
0.34573671 -0.79684260 12.27588289 119 98 80
0.44674260 -0.37026432 12.39239292 126 108 86
0.64893242 -0.17252466 12.40349777 76 56 32
0.64893242 -0.17252466 12.40349777 76 56 32
0.52508000 -2.64384536 9.84962296 96 77 56
0.65335314 -2.10084017 9.71597251 84 57 30
0.65470693 -2.10302613 9.72696666 84 57 30
0.97171795 -3.02666878 10.01435216 165 136 107
1.00351108 -1.93153338 9.58588623 81 51 17
1.15463202 -2.89471024 9.83980291 72 48 24
1.51563909 -0.25460189 11.64614936 128 106 82
1.31360676 -2.12656283 9.82095292 56 32 4
1.96120276 1.13778285 14.56513499 78 53 34
1.61642351 0.00835046 11.81645045 135 113 92
1.33614699 -1.35853917 9.59617792 133 114 84
1.35433528 -1.40322132 9.56593261 98 71 43
1.42940155 -1.71752286 9.56255261 51 34 12
1.81778166 -0.55745343 11.58101030 113 91 70
1.61800976 -1.89573332 9.75195342 89 71 52
1.61770390 -2.55051515 9.61549359 60 37 6
1.83713443 -1.07284423 10.32828615 77 52 28
1.84270408 -1.69374284 9.60307153 76 52 27
1.88606405 -1.34775755 9.80838912 120 99 72
1.86717759 -2.18097981 9.51425929 155 128 100
2.05741245 -1.09752343 10.07110956 140 118 95
1.99457300 -2.09723798 9.42418631 173 140 109
2.17474079 -1.03238931 10.00635742 138 118 98
2.07494378 -2.46114264 9.49079672 58 33 2
2.15748440 -2.54310392 9.46606260 96 66 38
2.29434663 -2.04047047 9.31112511 89 60 26
2.36046832 -2.38585989 9.29381906 131 98 63
2.68729177 -2.39255628 9.36677289 78 45 7
2.64941094 -1.91917967 9.06215880 71 46 10
2.68912788 -1.25245025 9.16023107 41 21 0
2.73265372 -1.50789925 8.96635072 53 32 1
2.81071222 -1.72799635 8.83947076 62 40 17
3.23095902 -0.70400597 10.06026518 209 201 190
3.12178936 -0.91781863 9.36135204 64 34 11
3.08367642 -2.11338049 8.97822125 130 92 54
3.08945421 -2.08449125 8.94222691 173 138 102
3.03858158 -1.43739999 8.70065458 68 50 26
3.44765560 -2.22633489 9.26601088 225 215 210
3.67665289 -1.30221044 8.84945243 217 214 213
-15.49467019 -8.46199292 24.69376917 42 43 35
-17.33544083 -6.85785344 29.05996091 49 41 20
-5.75783503 -3.46851751 15.08818834 191 190 188
-5.25666462 -3.45563074 14.53122376 140 111 77
-4.78294780 -3.56240988 15.03730272 174 140 103
-4.84578347 -3.32269712 15.14048879 105 79 56
-4.47739688 -1.09189793 16.93209487 200 204 215
-3.78896212 -3.81737588 15.34518753 173 139 104
-3.71823196 -2.79701282 16.24263711 146 137 131
-3.71339969 -2.39242266 16.23621224 131 119 112
-3.62972834 -1.34748452 15.79665690 158 144 135
-3.48056659 -2.19337629 15.68860284 101 84 77
-3.44751047 -3.32942907 15.83254015 141 124 109
-3.56488918 -1.29282549 15.95344291 156 141 136
-3.49913239 -3.08164547 16.24573457 124 107 96
-3.29598163 -4.15722699 15.47549632 32 29 24
-3.42107004 -2.08967837 15.64462646 118 100 93
-3.39200404 -1.57274303 15.67691664 106 91 86
-3.25463011 -1.69881065 15.42414530 162 148 145
-3.28877280 -1.32488646 15.84635003 100 83 75
-3.30298528 -1.10335237 16.02711436 97 79 69
-3.11225115 -1.53926141 15.45828841 81 62 47
-3.06578316 -1.57561039 15.43962480 164 150 149
-2.83215773 -3.73369970 15.20486656 175 141 104
-3.01649270 -1.05283068 15.73406576 153 135 131
-2.91370167 -1.71541236 15.16626736 83 64 51
-2.86212115 -1.72385644 15.06628703 156 137 130
-2.70110461 -1.62025167 14.98268299 155 139 131
-2.65043225 -1.90191473 14.72836981 145 124 113
-2.76211765 -0.92278438 15.80333892 157 146 143
-2.48921770 -2.26761649 14.53775357 101 79 58
-2.46764231 -1.72025070 14.73980506 71 53 43
-2.40892328 -2.97581185 14.80422557 74 47 16
-2.52846884 -1.17111638 15.21375223 104 84 83
-2.39418461 -3.33443725 14.96464852 164 129 91
-2.35295535 -2.76272773 14.55192098 152 117 75
-2.46862937 -1.16914445 15.05713504 161 146 143
-2.18635290 -2.18794303 14.47821099 118 87 58
-2.07185792 -1.45050652 14.57355631 99 80 66
-2.13376282 -0.75721079 15.13081815 166 149 139
-2.13376282 -0.75721079 15.13081815 166 149 139
-2.00811442 -1.27715803 14.44569671 145 127 115
-1.99470642 -0.85283933 14.85745868 100 83 75
-2.10733384 2.51317866 14.63180192 201 191 190
-1.88228220 -1.17948993 14.43531277 152 134 124
-1.62869595 -2.74063282 14.51017473 171 138 99
-1.64725813 -1.44542954 14.13170205 156 134 120
-1.56989952 -1.74444843 14.03624380 176 149 121
-1.56230268 -0.08516601 15.47593657 83 73 63
-1.43345045 -0.83142593 14.29618812 98 81 72
-1.31608053 -3.76463381 15.39022453 196 197 198
-1.42874271 -0.58845005 14.37281217 154 135 128
-1.33972407 -0.96281192 13.97373679 163 146 138
-1.30082212 -0.74856547 14.20531299 87 70 59
-1.24008607 -1.62955824 13.84643921 153 128 100
-1.22891901 -1.62438486 13.82183371 153 128 100
-1.25453902 -0.10505648 14.61584827 119 101 93
-1.20961220 0.02351433 15.25004816 148 137 136
-1.06184281 -2.71557920 14.54677226 131 101 63
-1.04874586 -2.39847367 14.31101473 175 145 111
-1.06405685 -1.50345326 13.71943879 121 97 73
-1.06630785 -1.50342861 13.70043442 121 97 73
-1.08049793 -0.43005439 14.12742783 152 134 124
-1.03685186 -0.78708153 13.78493226 145 129 115
-1.05814428 -0.14867579 14.51112790 103 84 80
-0.97187270 -1.45484444 13.61312256 158 135 111
-0.94302004 -1.89596423 13.63810289 168 138 112
-0.94431404 -1.25782897 13.73096104 62 43 26
-0.96892884 -0.67967926 13.84235749 144 129 119
-0.98817564 -0.13284152 14.22340643 158 137 128
-0.92781470 -1.07530907 13.59703882 179 157 135
-0.88698806 -1.78983928 13.62466320 96 74 48
-0.82934885 -2.36130871 14.14488294 103 71 33
-0.83379168 -1.20856327 13.63599408 66 48 33
-0.79133582 -0.24523540 13.94966462 94 76 66
-0.77045284 -0.77145901 13.57699489 139 122 113
-0.64209808 -2.36436852 14.11081166 178 148 113
-0.64179409 -0.50558344 13.52663478 153 134 124
-0.63528302 -0.23828925 13.55836281 152 133 121
-0.53982595 -0.38580260 13.51031513 88 68 57
-0.49308621 -0.06409064 13.57392505 81 61 52
-0.44064616 -1.25012170 13.11199979 133 102 71
-0.34484587 -2.21055268 13.86719127 172 144 110
-0.42519750 0.63963819 14.30068255 159 145 138
-0.29621564 -1.72939632 13.42213317 170 136 98
-0.35372211 -0.72964838 12.90852698 163 138 116
-0.32048324 0.60571188 14.14964799 91 76 69
-0.32676124 1.23772997 14.22002091 148 131 123
-0.27158068 -1.09158279 12.78927781 176 144 121
-0.31444048 1.65294173 14.36335380 93 71 60
-0.28144982 0.86814753 13.88793989 147 127 117
-0.24622946 1.02196793 14.14358911 87 68 54
-0.19021893 1.81381724 14.07446390 129 112 103
-0.13504392 -1.08044889 12.77998338 156 125 97
-0.13407165 1.85756632 14.20388324 89 75 67
-0.14585850 1.78768558 14.07522401 138 124 115
-0.11116142 -0.91838155 12.69495609 166 138 114
-0.11435352 -0.92085387 12.69055394 166 138 114
-0.06585802 -0.07089513 13.10609377 62 44 29
-0.06131392 0.83081636 13.71509926 108 90 77
-0.07714763 1.96531384 14.12908117 126 109 101
0.03728988 -1.64087251 12.88901064 159 134 103
-0.00447948 -0.05794849 12.95778541 146 126 112
0.17319166 -1.84855156 13.13235282 97 65 30
0.08718365 -0.26082331 12.85710469 55 30 10
0.19325290 -1.86108573 13.18949644 101 71 36
0.10905269 1.13938956 13.85749271 48 30 16
0.14850014 2.25847592 14.26566989 116 116 128
0.20086567 1.18157493 13.76288611 42 26 10
0.20965401 0.87986933 13.64161971 132 114 105
0.19874927 -0.82610724 12.54609458 61 43 23
0.19821427 -0.55295811 12.61083542 122 102 84
0.22029972 0.32238056 13.08953953 129 110 95
0.26291185 -1.52450160 12.53861837 173 140 105
0.29186585 0.93946755 13.63391300 140 120 111
0.37278339 1.01212729 13.67521566 81 59 41
0.32413532 -0.49279556 12.38193217 82 59 36
0.39760026 -0.58160950 12.37736143 52 33 15
0.39339329 0.07784837 12.62631279 127 106 85
0.42578931 -1.39691277 11.97753886 78 58 34
0.53920905 0.97688337 13.63561596 127 104 86
0.56106203 0.49904282 13.08221026 67 48 25
0.35314399 -2.24239504 10.30209550 137 118 103
0.58242178 0.24340965 12.82202791 147 128 111
0.58238313 0.29747118 12.82291898 63 41 28
0.44471867 -1.72594865 10.94162138 74 53 34
0.56615453 -0.63420329 12.21693140 106 86 63
0.60578220 0.14258753 12.68813431 118 99 78
0.59408190 -1.14432332 12.10683403 67 44 17
0.40358527 -2.50907296 9.99092926 80 51 17
0.41415589 -2.55012604 9.95867047 114 89 60
0.43115874 -2.61810102 9.92485181 73 49 22
0.66436695 0.30162161 12.56532666 150 130 113
0.42420923 -2.23692375 9.92090079 145 123 103
0.49516536 -2.02890381 10.13144240 132 114 92
0.56319178 -1.60880014 10.60088237 82 63 39
0.88203011 0.99170447 13.53905681 77 56 35
0.59481281 -1.51382446 10.63009348 136 117 100
0.85716146 0.53416628 12.90294315 102 85 69
0.61899862 -1.56896566 10.55499871 125 105 85
0.88632540 0.63602651 12.92194016 82 61 40
0.86882620 0.35997539 12.47665494 144 124 113
0.88948632 -0.39741593 12.09036320 47 29 7
0.67048959 -2.74489448 9.87198497 125 99 74
0.74797349 -1.56047318 10.44540581 53 32 11
0.70973849 -1.91998671 9.91871745 67 42 20
1.09487620 0.48600130 12.77770188 86 67 52
1.01240902 -0.38414194 11.94471847 134 112 88
0.82876579 -1.14664704 10.63002741 70 50 26
1.11467266 0.64342043 12.61770749 138 120 105
1.03099664 -0.24545364 11.84970814 54 33 12
0.84541172 -1.22133260 10.44955745 142 121 102
0.84320480 -2.42655478 10.07177480 116 86 65
0.85423438 -2.53002798 10.08303733 47 25 8
0.87718082 -2.47635554 10.11318558 43 22 1
1.17814383 -0.29258695 12.00418310 56 36 12
0.95114824 -2.89044455 10.10542658 134 105 80
0.89564908 -1.62793189 9.93697579 151 130 113
1.25095441 0.35787337 12.29755517 111 90 70
0.88675846 -2.10997521 9.68491221 162 130 92
1.29871794 0.29724123 12.36399922 72 52 28
1.03132272 -2.71423124 9.90420767 80 58 31
1.04412784 -2.72835388 9.94445327 80 58 31
1.00918460 -1.29461747 9.90481966 144 122 101
1.17169576 -3.26680274 10.22473959 139 114 83
1.18717725 -3.28927969 10.28014964 139 114 83
1.08491617 -2.66383334 9.86105031 129 105 78
1.06106334 -1.49617746 9.82387843 139 119 94
1.12049775 -2.58771695 9.82837740 82 51 14
2.00824809 1.32437314 14.82261688 89 71 51
1.26855872 -3.15546627 10.03262587 207 179 151
1.12337412 -1.79269153 9.57783655 75 54 26
1.22375828 -2.91375589 9.81347544 82 57 31
1.19901053 -2.65502828 9.72597757 165 138 113
1.20641624 -2.65971692 9.77368890 165 138 113
1.57213137 0.07978669 11.99073221 53 31 7
1.20310641 -1.06315983 10.00366096 57 38 18
1.24546264 -0.85031818 10.18248282 158 137 116
1.27105295 -3.04772946 9.86262098 135 104 68
1.33703965 -3.18183335 10.04400740 102 75 50
1.22229019 -1.96968274 9.63136490 50 26 2
2.19899072 1.05104858 14.67118418 57 35 8
1.35587083 -3.17125867 9.99212001 101 71 38
1.27535136 -0.84642678 10.04976393 89 64 40
1.24897806 -1.27870955 9.77633248 43 27 8
1.80165762 0.49659419 12.43093706 130 108 93
1.79561256 0.56143476 12.32312092 78 54 30
1.79561256 0.56143476 12.32312092 78 54 30
1.70785998 -0.25296969 11.67614117 128 107 86
1.48802382 -3.17818372 9.93005388 173 141 110
1.66022428 -0.73311401 11.09968601 60 41 17
1.85840029 0.38872344 12.13081721 70 48 27
1.42587466 -2.33124168 9.69626064 93 66 39
1.51680073 -3.07851499 9.82116952 95 67 27
1.95143778 0.26365904 12.15283438 88 60 37
1.82538198 -0.57366941 11.50137598 128 102 75
1.46203283 -2.32228177 9.60784692 94 63 35
1.99784340 -0.30069425 11.75063915 123 97 72
2.62765373 2.01335200 14.59484710 117 109 98
2.07451577 -0.14721125 11.82376390 71 44 17
2.10491665 -0.29296947 11.85655109 62 38 14
1.65212748 -2.55315141 9.62051850 104 80 54
1.64673966 -2.41647042 9.56921087 51 32 8
1.68905186 -1.75076130 9.80774220 29 14 0
1.75377312 -3.11307556 9.81248847 175 140 102
1.87989297 -1.03661452 10.36685972 149 127 103
1.72752356 -2.22165939 9.58989249 103 83 62
1.74633932 -2.02566299 9.68693467 0 1 1
2.12812582 -0.88984015 11.27330187 88 64 40
1.75103148 -2.51637226 9.57806408 129 105 79
1.74625196 -1.83709870 9.65918390 70 49 27
1.76937570 -1.87893501 9.66954180 97 76 52
1.78519131 -1.92219282 9.67105698 2 1 1
2.24421991 -0.85312808 11.47338487 126 101 80
2.28720916 -3.92256905 11.06174301 179 150 112
1.81098466 -2.62893050 9.56637390 188 153 120
1.83984865 -2.70325321 9.58513398 70 41 7
1.86916434 -1.47491492 9.74862979 53 29 7
2.35333527 -3.87555251 11.02629025 141 113 77
1.87209137 -2.18290236 9.52359685 176 149 122
1.95515915 -1.58959668 9.81198535 43 25 5
2.54767350 -4.00060825 11.43659322 149 123 95
1.95457582 -1.56171482 9.73090294 40 21 4
1.91660074 -2.07384295 9.46868372 184 154 124
1.99462740 -2.46670893 9.56378505 176 141 102
3.05504695 0.18236606 13.03213391 209 200 192
2.09038875 -2.65971510 9.48819987 108 78 42
2.80884119 -0.90969194 11.97925382 215 205 193
2.80884119 -0.90969194 11.97925382 215 205 193
2.27935912 -1.11701665 9.82271928 49 28 1
2.14280363 -1.67107781 9.31396506 40 25 1
2.23350765 -1.36200222 9.48873774 129 107 84
2.30649108 -2.09038298 9.31087213 144 119 88
2.33095121 -2.32396488 9.30725197 99 68 37
2.37711812 -1.25717208 9.54328973 63 44 30
2.47144486 -2.56768783 9.57861669 78 43 6
2.46500000 -2.49796325 9.49669595 188 153 123
2.51292085 -0.98719947 9.65412794 145 123 100
3.60549265 -3.93902670 12.33097284 200 195 189
2.51621578 -0.93495635 9.56302332 48 26 3
2.43821455 -1.62325087 9.15495529 68 42 13
2.48789941 -1.44880355 9.28616906 61 41 18
2.50543280 -2.13846640 9.23647247 111 84 60
2.50057901 -1.97759063 9.15806667 178 148 119
2.53077441 -1.41135803 9.13926294 130 110 85
2.91147098 -0.71268511 9.96489997 100 78 54
2.59974974 -1.42207261 8.99054923 75 54 28
2.98526537 -0.64317998 10.04567660 215 203 190
2.73268837 -1.02447542 9.35466350 54 29 7
2.76364215 -1.17827920 9.20763356 52 31 1
2.78624224 -1.18604198 9.19468841 106 85 64
2.78020048 -1.21032282 9.13166430 45 23 1
3.14624461 -0.70657427 9.93144255 217 206 197
2.74110352 -1.75195483 8.82358863 63 40 9
3.09234932 -2.58743957 9.54536379 220 211 199
2.75688479 -1.48705312 8.80559099 131 105 78
2.88502419 -1.10512286 9.09586891 103 85 58
3.19683205 -0.74291769 9.81141562 126 107 90
2.80687686 -1.56353753 8.77195081 87 61 34
2.81508941 -1.52145890 8.78470454 79 53 27
2.82110520 -1.52489345 8.79658870 79 53 27
2.97520697 -2.04086910 8.99939698 185 151 115
2.87926916 -1.47604393 8.72820879 150 124 105
2.86006817 -1.43517853 8.70694237 76 49 18
2.95196111 -1.70364178 8.64629037 95 65 37
2.93796876 -1.44282584 8.64833861 84 60 34
3.05550301 -1.07708094 8.94259223 151 127 101
3.06500173 -1.40275000 8.67046580 61 40 12
3.09194077 -1.26058162 8.72019899 150 126 100
3.11815076 -1.44833562 8.64720887 44 26 7
3.17602102 -1.33236670 8.66726437 2 1 0
3.22486660 -1.75452573 8.67373647 190 154 120
3.55655360 -1.07106327 9.18348772 101 80 60
3.61972268 -1.15956546 9.26303044 120 106 79
15.50884498 -4.08120337 21.57488139 44 40 29
-16.24928340 -9.27928460 26.80272859 45 44 42
-3.58937442 -0.48699927 16.59258209 106 88 85
-3.08782711 -1.91477500 15.09043670 157 142 135
-3.18631642 -4.20069423 15.85087123 169 144 121
-2.39069608 -1.52420302 14.70441198 100 82 72
-2.25064584 -2.59593093 14.46730980 143 114 83
-1.81505070 -1.16651775 14.34726838 143 123 116
-1.27044861 -1.52794364 13.85692780 110 84 69
-0.99206156 -1.50659841 13.48607748 166 139 117
-0.07091380 0.23618418 13.26560664 61 43 22
0.12235709 0.05303435 13.04767714 62 45 27
0.45283080 0.80401170 13.64651886 54 35 13
0.65361291 -1.87009056 10.00476471 93 73 48
1.01753513 0.33980142 12.48029991 142 121 107
1.13490656 0.27653674 12.41201894 94 72 58
1.53541968 -2.64698062 9.60652893 69 46 22
1.60175715 -2.56544840 9.58120846 117 95 74
2.14322196 -1.87631261 9.32067233 75 47 18
2.21850840 -1.23113543 9.62382546 61 36 16
-16.62934979 -8.78268999 26.75475717 124 119 97
-3.29012978 -3.19156027 15.78251318 156 122 94
-3.01731947 -0.58154689 16.38893355 58 36 15
-2.19270342 -1.09785825 14.74961060 107 89 82
-0.35337205 -0.64497797 13.01083210 139 120 105
1.12157900 -0.11757417 11.97570946 123 100 77
1.29075979 -2.83198971 9.72356297 69 46 30
1.64676685 -1.90130810 9.74038099 4 1 1
2.82910741 -1.53249026 8.78763502 99 68 48
3.01828845 -1.04329277 9.11301016 105 80 56
-3.53417754 -4.08552859 15.68376745 178 148 119
-1.92777001 -0.50356816 15.17692218 160 147 149
0.34329704 -0.86263658 12.27553172 117 96 77
1.35514674 -2.85252506 9.66099675 139 115 97
1.45382609 -2.41809861 9.64359808 88 57 25
2.55056966 -2.54685138 9.43722507 135 97 62
2.70986813 -1.15838429 9.20324298 74 49 22
2.81000108 -0.74793318 9.86298701 155 133 111
-3.02077344 -0.62286455 16.36741961 108 86 65
-3.00447071 -0.83417662 16.17950197 131 110 91
-2.91152577 0.13372552 16.89961385 86 71 53
-1.33348201 -1.95105883 14.02659380 156 130 103
-0.95322139 -2.01346570 13.86495488 179 150 119
4.29196965 -4.73331048 30.12928969 194 193 188
0.87653870 0.30857763 12.45235087 124 105 82
1.67364672 1.36461358 14.85940032 19 11 3
1.49038871 -1.21088046 9.76666589 69 46 20
2.05875186 -1.58186768 9.64318348 84 63 44
2.04220302 -1.57809754 9.59413477 84 63 44
2.17440124 -2.30034564 9.40381234 64 37 7
2.31673085 -1.75627946 9.21969329 169 145 122
2.66985853 -0.92303607 9.74334776 53 29 8
3.15891835 -0.72893455 10.24370398 115 89 67
3.26107636 -1.85742268 8.73114538 169 136 104
3.38199230 -1.65169235 8.66977115 3 3 2
-14.94214397 -12.56348477 30.75369073 46 52 47
-1.59384410 -1.22944950 14.14892024 82 69 53
-2.44096517 -0.55714300 17.26366449 144 135 137
1.51688365 -1.48148378 9.72702289 23 11 1
1.89163573 0.38821198 12.28023668 73 50 18
1.85483947 1.29583608 14.87292679 83 66 48
2.87411337 -1.81518600 8.79183555 94 61 29
-2.73712096 -1.69405552 14.66040167 153 137 130
3.25874145 -1.80859387 8.72043799 85 50 10
-21.50432693 -12.25904397 34.79258203 46 45 43
-15.81347217 -13.24360726 32.21521960 48 56 55
-3.76236451 -4.19933613 16.08871389 171 139 108
-3.37581122 -1.01385567 16.09034203 95 78 71
-3.04868650 -2.19030618 15.23881431 72 53 40
-2.27672711 -2.41008379 14.65897315 67 44 12
0.21431198 1.13392255 13.64103645 112 90 70
1.91857758 -0.51180543 11.63837115 103 78 56
3.14052524 -1.45866416 8.72695033 48 25 8
3.23292462 -1.52282640 8.62960684 149 131 114
-5.82376610 -3.57792360 15.56587503 45 41 31
-16.46524622 -13.32271755 33.09906908 110 115 119
-4.27110882 -3.71735709 15.95403460 140 113 92
-3.18970520 -0.49763211 16.34733355 78 56 43
-2.62050824 -1.65481032 14.85117674 100 82 76
-2.46407391 -2.64384061 14.73835029 133 106 85
-2.03766780 -1.19912024 14.50416521 149 129 120
-2.08682663 -3.18979967 14.93973363 111 75 39
-1.51309847 -1.53992601 14.03642792 76 55 39
-1.28691590 0.07559164 15.13936381 85 74 66
-0.68140506 -1.16922306 13.42393771 65 44 26
-0.28884510 -0.16839207 13.09709765 87 67 56
-0.04191477 0.94810114 13.59460271 77 52 34
0.86485906 -1.85622261 9.80483603 68 43 21
0.28202871 1.07574705 13.57913314 68 46 25
0.30640181 0.78718293 13.49970475 108 90 82
0.54182287 -0.31355475 12.25256131 124 103 85
1.05452945 -1.30547428 9.87152495 77 52 29
0.43361744 2.06248382 14.00174830 92 75 61
1.05845636 -0.76487477 10.67761137 70 47 29
1.50336843 0.49674779 12.22669443 116 95 78
1.47774784 0.73783499 12.81045763 70 44 23
1.85237114 -2.35205271 9.48648821 62 35 15
1.87661583 -3.13388100 9.81122655 78 42 5
2.05196835 -2.11885438 9.39872013 138 105 78
2.06611825 -0.95364054 10.32172379 84 56 34
2.16199109 -1.52607330 9.40614493 68 43 23
2.30770662 -1.23843914 9.56157638 59 34 12
2.28764600 -1.05579460 9.88175615 77 48 25
2.37055636 -1.27165400 9.45447712 131 109 88
2.77242306 -1.98030008 8.92750607 169 138 109
2.54446250 1.31887250 15.09605316 199 185 176
3.33164410 -1.17643032 8.97315824 116 98 79
14.58747562 -1.35107567 17.78324424 203 194 185
-5.10519710 -3.53181170 15.73517034 140 114 91
-3.82306916 -2.44945156 16.14808561 201 200 206
-3.82081471 -1.57186657 16.43361701 140 123 122
-3.96553413 -1.99326053 16.68669040 146 132 132
-3.23317745 -1.37392652 15.61881229 147 132 131
-3.50505498 -3.93225469 16.43808013 123 102 90
-2.62254565 -1.92873129 14.76375084 149 130 118
-2.92861322 -0.93109688 15.79695405 101 83 69
-3.19257071 -3.85941394 15.93973628 157 127 101
-2.73330421 -0.89907872 15.58439461 159 143 141
-2.56055251 -2.54174185 14.89064803 159 126 98
-2.83673565 -0.73538882 17.48046845 160 150 152
-1.93305062 -0.48404432 15.02425437 126 109 104
-1.67837632 -1.01849007 14.19690188 157 138 131
-1.71530787 -0.99132604 14.39268360 91 70 65
-1.40397621 -0.81905402 14.12864528 86 70 63
-1.27748330 -1.17965582 13.76604727 115 95 84
-1.23026253 -1.81869735 13.89680189 79 54 32
-0.94004828 -1.07233639 13.59913547 172 151 132
-0.88680843 -1.69430880 13.53184653 137 112 91
-0.79457057 -0.24924978 13.86901082 102 83 76
-0.44252289 -0.13608909 13.19606398 143 125 117
0.36708712 -2.49983305 9.96761194 174 153 129
0.27179506 -2.35775935 10.66820104 142 123 108
-0.09911053 0.16770685 13.01741257 148 126 113
0.60496683 -2.71465920 9.81429303 93 69 45
0.12315051 -0.55109024 12.55231972 58 39 22
0.70714106 -2.42889124 9.94489400 54 28 2
0.23491974 0.61993985 13.12457777 98 78 64
0.78609819 -2.67330061 9.99064440 6 1 1
0.40426511 -0.05231016 12.48472256 52 32 18
0.77561891 -2.70029188 10.17084268 11 2 0
0.96570971 -1.78440784 9.75331825 53 27 8
0.43069857 -0.38161736 12.42339631 129 107 86
0.86849672 -2.49899503 10.15357730 51 26 6
0.86968745 -2.56072239 10.15421039 58 34 11
0.94513536 -2.94720243 10.05204082 36 20 0
0.75424863 -0.89175826 11.81533481 110 90 73
1.20803076 -1.94102003 9.57084998 174 141 113
1.30940873 -1.27549119 9.64235599 131 109 87
1.11103906 -0.75765316 10.70884258 55 31 13
1.35616605 -1.29576241 9.60690541 93 66 43
1.35345472 -1.30083394 9.62829649 93 66 43
1.35436692 -0.79702489 10.06878845 144 125 110
1.41402095 -1.27036672 9.63147522 82 54 33
0.81922871 1.00478778 13.57997719 115 96 81
1.52862341 -2.47504076 9.57338316 81 54 31
1.61378188 -2.76530640 9.57342090 160 124 91
1.61564392 -1.33203555 10.22355181 104 79 61
1.50801709 -1.01155280 11.12792471 144 122 101
1.65825995 -1.31260002 10.20156224 110 85 66
-3.14116065 -14.74540401 31.26209399 108 104 101
1.50572207 0.28318441 11.98614264 115 92 71
1.78328958 -1.82123093 9.57964881 173 150 127
1.75082628 -2.65792401 9.55640825 179 145 110
1.84408612 -2.09925260 9.50303849 173 149 124
1.81855001 -2.64427904 9.53970103 179 145 115
-2.65134287 -14.56076202 30.73348666 109 108 104
-2.45758875 -14.75805901 30.97373366 116 117 112
-2.42284389 -14.86404307 30.91322256 120 120 114
1.93071378 -2.90847286 9.56485072 174 140 103
1.93357698 -2.92572781 9.61679695 174 140 103
1.83612030 0.30289691 12.17953108 69 40 22
1.91946901 0.26898849 12.08775152 78 51 29
1.91982826 0.26808240 12.09686465 78 51 29
1.91135859 0.48794307 12.38443333 87 60 38
2.30151409 -2.28614409 9.33626531 125 96 70
2.30776948 -2.63691480 9.58718270 179 143 110
2.19500962 0.52166954 12.85386362 148 121 100
2.34827235 -0.91963496 11.48025098 71 41 13
2.61481478 -1.39945480 9.06000723 131 107 82
2.61481478 -1.39945480 9.06000723 131 107 82
2.54587615 -0.81499529 10.17844137 90 62 33
2.24771096 1.24529351 14.90022916 54 28 2
2.24208176 1.23531579 14.77649411 54 28 2
2.58638371 -0.84989422 11.70237340 146 120 94
2.82502123 -1.19844886 9.07347823 135 109 86
2.46202550 0.90596483 15.00942179 107 68 35
2.61912098 -0.88039032 11.91519580 65 37 6
2.78146477 -2.29708828 9.21234362 86 49 16
2.92454333 -1.34257039 8.95283119 62 36 9
3.01229005 -1.00016084 9.25537334 85 58 35
3.00436468 -1.16557620 9.25312434 142 117 95
3.21230237 -0.76363004 9.90154091 100 74 49
3.22195509 -0.80287283 9.79707114 85 58 32
3.00442698 -3.37795130 11.11807589 140 101 68
3.27427987 -0.93167357 9.34817666 153 126 103
3.42658439 -1.19736291 9.08583961 3 3 3
3.49951364 -1.08839633 9.23408942 147 121 101
3.72607847 -1.33506279 9.19613239 26 16 7
6.57523908 -1.41031965 14.15437393 214 206 203
-21.15734253 -9.40172246 26.64407700 122 122 98
-18.26667033 -10.54684480 30.55460604 47 47 39
-5.36756459 -3.32050987 15.07204342 159 139 115
-5.32472333 -3.45126767 15.02006014 150 122 92
-5.32472333 -3.45126767 15.02006014 150 122 92
-4.45312435 -3.21992002 14.01866222 135 102 62
-5.78800523 -4.17203483 18.36698249 32 30 26
-3.86414615 -3.64549402 15.57996712 125 99 79
-3.72817681 -3.11271559 16.02148606 198 198 199
-3.69759302 -3.66292289 16.00887935 127 108 92
-3.67287487 -3.66102206 16.10583461 39 36 31
-3.30359901 -2.80136534 15.59237223 89 68 47
-3.33191817 -3.22134856 15.63205371 164 142 115
-3.44892807 -4.23013127 15.84094726 49 47 42
-2.88965421 -1.69607877 15.15394962 77 58 44
-3.19563307 -3.46230614 15.64396593 164 133 104
-2.29732027 -1.60428597 14.65862043 71 51 38
-2.20154865 -2.75163784 14.72469522 172 138 105
-0.92767390 -1.08185662 13.61217097 126 104 79
-0.18539966 0.17694459 13.26665923 65 44 28
0.81026357 -2.30555599 9.92283454 65 36 10
0.57700237 0.50455766 13.00738942 61 38 15
0.75398521 0.12149968 12.48439596 71 51 26
1.26440626 -2.43692160 9.72806167 152 131 104
1.42942532 -1.52248140 9.61766040 119 92 63
0.65872282 0.91333319 14.72495404 90 71 47
0.65872282 0.91333319 14.72495404 90 71 47
1.54278131 -2.31708967 9.54828076 87 60 37
1.36214856 0.71383718 12.85404655 62 39 11
1.45695170 0.31358361 12.29170884 53 32 10
1.71656132 0.51855911 12.41121180 49 32 7
1.84271396 0.26113514 12.14546127 130 110 85
1.49202444 1.06178307 15.05256886 43 26 8
2.12423899 -2.38452517 9.47349356 60 34 4
2.37252769 0.04213481 12.46809227 66 41 10
3.00717959 -0.70129619 9.80780155 146 123 107
3.15322064 -1.07140998 8.96648696 104 84 60
3.22362944 -0.89155006 9.45203982 121 96 81
3.25528502 -0.92239664 9.20827276 78 56 32
3.11798237 -0.98198402 12.39453802 195 194 191
3.23225994 -1.80736376 8.68286290 85 48 1
3.31230280 -1.80837615 8.67816239 109 77 42
3.38098761 -1.06054059 9.08619629 47 23 1
3.48658440 -1.00999465 9.23929799 146 124 101
0.84521420 -0.17263839 11.75343941 118 93 66
2.30324125 -2.45179970 9.40424731 128 94 59
2.96926210 -1.32322133 8.73844599 130 104 78
3.43377095 -0.77686559 10.03941683 221 214 199
-5.09453056 -3.24881279 14.69739009 144 129 116
-2.80828250 -1.93988347 14.94585513 100 80 69
-2.82230693 -1.96247973 14.98894603 100 80 69
-2.64738205 -3.86489440 15.31309535 135 102 67
-2.64738205 -3.86489440 15.31309535 135 102 67
-1.12510510 -1.71820949 13.83389538 76 55 24
-0.95035832 -1.25211793 13.69097612 67 48 30
-0.35898785 -1.14968327 13.00380287 110 85 54
-0.28767190 -1.74269338 13.47347194 169 133 93
-0.23771456 -1.26457605 12.93482366 88 63 34
-0.20313626 0.84411145 13.83544209 93 71 57
-0.15813753 -0.23085234 13.02267597 124 102 89
-0.15659139 -0.22789635 13.03191323 124 102 89
-0.15501763 1.61809356 14.11315247 133 113 102
0.08060263 0.07776405 13.00356115 88 67 51
0.32102206 -0.37106864 12.52200044 69 48 24
0.60033823 0.02450074 12.61649243 57 35 11
0.62069680 0.14751650 12.62373112 76 55 36
1.16165860 -1.31478843 9.86018643 97 75 54
1.33658658 -2.77833630 9.68217771 144 119 92
1.66601887 -2.03199069 9.67157502 98 97 95
2.54483339 -1.38448922 9.25554215 44 23 1
2.85959474 -1.55199925 8.70349088 144 120 91
3.24439649 -0.72915427 9.84152654 220 211 201
-3.40201592 -1.80526794 15.34048603 162 149 144
-3.38138911 -1.69294895 15.65612470 115 98 90
-3.11292455 -1.32597572 15.50532709 151 137 132
-2.29557392 -1.08843761 14.85363574 157 142 135
-1.23712178 -1.83748557 13.97803144 74 54 26
-0.98834843 -1.26861090 13.65747731 75 56 39
-0.13417555 0.15270147 12.65743106 146 123 105
-0.04593731 1.05497402 13.75617608 125 104 94
-0.02445131 0.19997196 13.17061339 143 121 107
-0.00497162 0.61469180 13.54754854 133 114 101
0.02821770 -0.67182709 12.54679839 120 99 78
0.12549280 0.05002355 13.05851441 53 36 16
0.34712412 1.03177404 13.70269845 110 88 67
0.55744052 -0.31283923 12.34926980 131 109 89
0.58731194 -2.33363714 9.81316881 107 71 37
0.76205325 -1.17438710 10.68010699 81 60 39
1.02003504 0.15380031 12.31856347 134 115 100
0.79255684 -1.51045184 10.40309260 48 30 6
0.82270525 -1.47239266 10.36205559 51 33 12
1.09274204 -0.38834426 11.86052183 122 100 77
1.09274204 -0.38834426 11.86052183 122 100 77
0.84392125 -1.88211961 9.69224952 128 107 82
0.95771053 -1.38441932 9.98772384 71 49 26
0.96138830 -2.10770114 9.65662627 185 151 117
1.04402079 -1.30574094 9.93424505 60 39 17
1.30866986 -3.19985373 10.02105704 193 165 133
1.61612883 -0.51698457 11.69071781 48 28 3
2.38984894 1.47105373 15.20725642 87 76 58
1.32409852 -1.87680667 9.57887546 50 28 6
1.94697159 0.26224704 12.14678317 88 60 37
1.88791886 -0.21349728 11.81521179 45 27 7
1.92259235 0.14045133 12.04042970 78 54 26
1.52007980 -2.68502605 9.64032072 58 41 15
1.53315484 -2.12200379 9.73853948 72 54 35
1.64508086 -1.80477996 9.79665749 93 71 47
1.64165352 -2.58449645 9.57158352 68 44 20
1.93563141 -1.33805692 9.96740180 46 27 6
2.07772948 -2.08406342 9.39864658 182 149 116
2.14753645 -2.28830196 9.45177728 184 153 122
2.15264240 -1.68037619 9.44390454 79 63 40
2.23742151 -2.50179407 9.48954431 163 131 95
2.34559361 -1.08430711 9.81116073 54 33 9
2.33939509 -1.28356198 9.56360977 57 37 21
2.30478991 -1.45135046 9.38221333 63 43 20
3.26371036 -0.28431444 12.02962657 201 192 183
2.45576162 -1.21813228 9.53469066 49 28 7
2.64329564 -1.35563068 9.04594106 88 67 40
2.66244791 -1.69647496 8.99640240 119 96 72
2.67086590 -1.35116033 9.02065324 138 118 91
2.74237927 -2.08520154 9.00368518 125 88 44
2.75734674 -1.80508252 8.91869775 63 38 13
2.72332386 -1.52272242 8.82921111 129 106 84
2.78243700 -1.77581301 8.83133370 94 73 45
2.95857088 -1.03506012 9.16470884 115 91 67
3.41693932 -1.42314269 8.72723303 2 4 3
0.69781586 0.17612705 12.56120022 119 98 79
1.88687302 -2.57168371 9.56987745 167 134 106
2.77289510 -1.40887409 8.90844397 89 67 46
-1.65913070 -1.60587013 14.17631102 71 50 31
-1.02572483 -1.67668695 13.80484842 81 57 31
-0.98961139 -1.82783876 13.77549256 96 70 45
0.88338142 0.54209074 12.81398508 141 127 118
1.68405257 -2.11411822 9.66087683 4 4 1
2.70378999 -0.91175908 9.48583921 98 71 43
3.03501335 -1.25369669 8.85083184 50 26 1
14.44616542 -5.26233802 22.56054018 89 86 80
-2.38248761 -3.43454859 15.06181218 109 75 39
-3.42124923 -0.67921000 16.36373788 128 111 97
-3.16078924 0.80793878 16.29623473 117 116 121
-1.62033669 -2.21685629 14.15889963 173 144 112
-1.06676752 -0.24708374 14.12032026 147 129 117
0.03735803 0.29309931 13.19453970 64 45 22
0.97095968 0.53760240 12.69957169 80 62 44
-12.85451076 -10.34079859 25.71795705 127 137 147
-12.85451076 -10.34079859 25.71795705 127 137 147
-12.91632719 -10.17782175 26.02595129 136 141 161
-12.49442977 -10.04758022 25.58673909 118 119 124
-12.59690775 -10.45759431 26.37588136 70 75 68
-12.50112953 -10.45548668 26.14800811 129 130 135
-6.95572308 -2.41995870 19.33885840 200 204 216
-5.25849186 -3.37146947 14.37017031 168 143 115
-4.52665167 -3.29940583 14.68307130 137 112 90
-4.50131925 -3.23749372 14.43520963 137 112 90
-4.19321143 -1.87256619 17.08692652 125 122 111
-4.19689641 -1.88227528 17.14591043 125 122 111
-4.14125457 -1.21760313 16.74655015 205 206 211
-4.21517755 -0.98415454 17.50475693 157 160 168
-3.68561172 -3.53651520 15.29988244 97 70 44
-3.84548057 -2.29730618 15.99089051 210 209 215
-3.72581069 -2.50951183 16.21855866 126 111 106
-3.63431120 -2.82073345 16.15470236 130 117 109
-3.59169400 -1.66063909 15.47549865 119 102 92
-3.73956220 -1.09177823 16.58076455 154 136 126
-3.57163524 -1.58704686 15.71530725 164 145 139
-3.47045133 -2.55637001 15.60606463 121 104 94
-3.77798425 -0.26948668 16.46503102 93 74 65
-3.50874278 -1.89019031 15.35894014 163 146 138
-3.42570066 -1.86095224 15.29640192 109 90 83
-3.25825961 -3.81657269 15.98672500 88 67 47
-3.26690816 -3.70198113 15.86674345 204 204 205
-3.41995252 -1.91952787 15.30595191 152 135 126
-3.41995252 -1.91952787 15.30595191 152 135 126
-3.25422229 -2.92682675 15.32332617 171 145 120
-3.25507953 -2.91000085 15.14573523 171 145 120
-3.23583119 -2.93692281 15.08296273 123 92 62
-3.29129275 -2.14973399 15.15324512 159 142 127
-3.10273839 -3.77527598 15.50705768 150 120 92
-3.10273839 -3.77527598 15.50705768 150 120 92
-3.34808019 -1.46435694 15.45476914 152 137 130
-3.35304732 -1.45968737 15.40958450 152 137 130
-3.12808677 -1.06907136 15.72396342 156 139 129
-3.06127631 -1.28017365 15.57932857 148 129 122
-2.93068223 -1.90141814 14.83884593 147 129 115
-2.75101487 -3.65762558 15.28102141 180 146 107
-2.88093677 -1.39192565 15.23436324 93 74 64
-2.58920502 -3.88671012 15.30613656 184 148 114
-2.77638176 -1.69015162 14.81648490 165 145 139
-2.64885729 -2.60887278 14.78477545 164 131 97
-2.72040907 -1.95397423 14.73884507 151 128 114
-2.51727048 -3.37204183 14.89719386 171 137 100
-2.56841177 -1.45855613 14.84808913 80 60 49
-2.48939161 -1.99257201 14.63324943 152 128 106
-2.70917636 -0.00319816 16.84536728 52 35 18
-2.53023688 -0.99475339 15.29171193 166 148 140
-2.52431603 -0.83697896 15.59993151 120 103 96
-2.20077201 -2.67103245 14.58170233 149 115 78
-2.37441992 -0.88970723 15.22160162 168 152 145
-2.36019704 -0.65425259 16.23737664 160 146 145
-2.30109679 -1.10090006 14.78716228 170 154 146
-2.30109679 -1.10090006 14.78716228 170 154 146
-2.14784714 -2.29778660 14.52196590 66 41 14
-2.00978459 -3.04223353 14.56620396 87 55 17
-2.13510341 -1.24838314 14.69368775 163 144 132
-2.14385736 -1.19902122 14.72261948 82 64 48
-1.79709365 -3.57133538 15.39486833 151 128 93
-2.08162134 -0.46758053 15.77983055 164 153 147
-1.99137892 -1.28348330 14.54667005 155 138 125
-2.05153846 -0.71010378 14.93629925 153 135 123
-1.97883667 -0.51812360 15.20539759 115 97 87
-1.88908305 -0.26686476 15.81222262 81 73 60
-1.66815143 -2.34400865 14.33749604 179 147 108
-1.59630917 -2.32341316 14.40903825 177 145 106
-1.53871797 -2.90698039 14.61736473 178 148 112
-1.53809561 -2.90584001 14.62413967 178 148 112
-1.66295857 -1.23351823 14.20756555 93 74 64
-1.66295857 -1.23351823 14.20756555 93 74 64
-1.34379804 -3.02304302 14.90666336 140 108 68
-1.45308204 -0.86517309 14.28333501 81 63 53
-1.14913474 -2.80168907 14.64604860 131 99 60
-1.11015415 -2.63039559 14.44062682 161 129 90
-1.31405794 -0.90650425 14.01329179 140 123 109
-1.22207449 -1.12961518 13.97979421 144 125 110
-0.53184322 -3.43007818 17.54818719 210 210 214
-1.04717180 -0.18147976 14.27496912 151 133 123
-1.01322337 -0.21591255 14.21024569 103 84 67
-0.98420378 -0.19182513 14.15065424 152 132 122
-0.95533014 -0.32969372 14.15514419 86 66 55
-0.95448737 -0.36995744 13.97719941 161 141 127
-0.77782568 -1.98666030 13.80885508 74 44 16
-0.89891014 -0.06407354 14.40780855 96 83 76
-0.90091673 -0.70193405 13.70127005 138 121 103
-0.87137732 0.19242595 14.71440384 168 150 146
-0.84823560 -0.03643105 14.36371575 111 95 88
-0.59469398 -2.43477019 14.24883067 137 105 66
-0.82868185 -0.62369001 13.81656830 147 129 116
-0.73545764 0.01039334 14.24000103 101 83 73
-0.59044240 -1.80155194 13.52054528 158 120 83
-0.68665232 -0.54455042 13.61496413 163 145 133
-0.36319136 -2.46354309 14.47057102 153 119 82
-0.47528453 -1.91466904 13.81329550 87 59 30
-0.63510747 0.04614949 13.81771491 173 155 144
-0.50048512 -1.70139402 13.36597049 163 131 96
-0.48558692 -1.40400020 13.36633457 174 140 105
-0.37325679 -2.07426165 13.52822111 190 156 112
-0.50116954 -0.87247939 13.18802581 156 131 108
-0.48056473 -0.41069274 13.37460465 157 138 123
-0.40545639 -0.04395302 13.43625408 155 135 123
-0.37687856 1.84371857 14.59954925 89 83 88
-0.31007727 -1.11735304 12.96606326 106 77 45
-0.30803061 -1.11783570 12.96904874 106 77 45
-0.31011661 0.01940995 13.39049840 152 132 119
-0.29553057 0.28713500 13.63550398 161 139 126
-0.31495050 0.11128411 13.38293356 90 71 57
-0.31067098 0.11029965 13.39628565 90 71 57
-0.16784840 1.00174785 14.11207991 157 135 122
-0.06459095 -1.69593655 13.17433761 167 133 105
-0.01637751 -1.61525518 13.16820670 78 55 21
-0.11652892 0.19955431 13.34567533 68 48 33
-0.08093206 1.95763213 14.37737677 121 108 99
-0.09212605 -0.96816060 12.70137406 153 124 94
0.04215617 -1.40820513 12.78193419 180 144 108
-0.00801404 0.57844412 13.52839581 136 117 100
0.10859897 -1.01223549 12.54931965 121 99 76
0.14733548 -1.24725744 12.54535876 165 132 97
0.34469827 1.07509198 13.81616309 61 40 19
0.37123130 1.21835009 13.89141620 47 28 13
0.26173124 -2.22701690 11.39492756 114 93 70
0.32585916 0.14159281 12.75565144 153 134 117
0.48805701 -1.65637060 12.34510839 80 60 34
0.25243344 -2.12909468 10.98574606 87 69 46
0.88916620 0.63727005 14.84155682 73 53 29
0.88916620 0.63727005 14.84155682 73 53 29
0.66192812 1.66497126 14.05748158 69 51 29
0.51975026 -1.05891179 12.22782962 119 99 79
0.70106206 0.86002725 13.66128818 137 120 103
0.57246900 -1.01155751 12.19005332 122 102 76
0.58762216 -0.96035662 12.23074513 41 23 3
0.57016251 -0.26111292 12.46775642 51 33 11
0.34951814 -2.33351546 10.59266367 51 31 8
0.34531424 -2.34353146 10.48802606 139 118 98
1.01258552 1.31767044 14.74454900 105 110 136
0.35535563 -2.02254984 10.59746498 140 118 95
0.48016088 -1.54226821 11.27717501 68 46 16
0.31144828 -2.67308954 10.12120956 119 98 71
0.40307547 -2.59600966 10.42523118 57 37 13
0.38272834 -2.58237694 10.40994215 57 37 13
0.79355601 0.35776114 12.93781399 63 42 23
0.45596661 -2.15016586 10.45106270 45 27 3
0.78365623 0.32755207 12.70308360 156 138 118
0.44766450 -2.72994106 10.04343344 98 74 45
0.82953773 -0.14295640 12.43881832 60 38 14
0.41903402 -1.04309690 10.41073883 142 121 98
0.45206458 -2.54378267 9.94059872 56 37 20
0.46027479 -2.54369589 9.94673471 56 37 20
0.56887734 -1.76936091 10.59236549 50 34 10
0.93448685 0.41466443 12.75190008 68 51 31
0.83057373 -0.24177790 12.13520934 83 59 35
0.54616219 -2.69966699 9.87878147 101 76 48
0.63392255 -1.44881613 10.60927869 147 127 106
0.94763578 -0.69664325 11.93487397 52 31 9
0.50914847 -2.19226736 9.80343588 80 54 27
1.03003650 0.18859801 12.51135269 61 40 25
0.58562901 -2.63956043 9.84885251 102 75 46
0.57703534 -2.63789623 9.83418862 102 75 46
0.97413684 -0.41562489 11.98939949 127 105 69
0.60667161 -1.87443398 10.06099291 142 120 97
0.65974315 -1.63744265 10.32143752 138 120 96
1.12894716 0.44668849 12.58609630 138 119 103
0.83156277 -0.94966120 11.05676927 144 122 101
0.65200974 -1.84194252 10.08992131 152 128 103
0.74698795 -3.03099737 10.00024290 130 100 72
0.64794911 -2.32410193 9.91271168 174 141 108
0.87119179 -0.90872996 11.09248218 52 34 14
0.85291650 -1.06891868 10.97400160 60 39 8
1.15640132 -0.00824962 12.27121547 47 28 13
0.87414612 -1.02847495 10.90082922 63 37 6
1.54614528 0.96166267 13.66818640 121 104 84
0.71392294 -1.82805900 9.94332860 79 55 29
0.76955966 -2.67268346 9.82663409 9 3 1
0.90503016 -3.02134702 10.07650894 119 85 53
0.96048147 -0.95946764 10.86417228 67 42 20
0.94452437 -0.98531435 10.79266350 150 130 106
0.92629103 -2.88956022 10.06787853 141 117 99
0.75805956 -1.75782128 9.91178376 143 119 95
0.85312837 -2.32966640 9.98523192 43 24 2
0.93887081 -2.86069086 10.03334633 137 109 86
1.30623731 0.10590470 12.22823882 61 43 23
0.93713720 -2.84179009 10.02761065 167 137 114
0.94596362 -1.15237643 10.58204011 59 35 9
0.93042776 -2.79599060 9.99846869 59 34 6
0.89535171 -1.22639669 10.33405727 65 42 10
0.88940628 -1.22951529 10.31987419 65 42 10
0.94549100 -2.34416449 10.10213233 57 32 9
0.92621780 -1.63206607 10.09022624 46 26 2
1.14913231 -3.23108886 10.25617835 207 177 150
1.04061573 -1.05159465 10.51058300 52 30 8
0.97798276 -1.34894446 10.20705014 152 130 107
0.86117079 -1.99096994 9.61992166 215 186 154
1.43930949 0.01071542 12.04308011 130 108 84
1.10906425 -0.80358318 10.71314765 53 32 12
1.17453789 -3.21904340 10.17954936 205 175 147
1.62766298 0.57784468 12.75978605 79 59 35
1.04534388 -0.98526728 10.36938503 66 45 22
1.49252091 0.01561395 12.00132641 127 105 81
0.98755234 -1.55366819 9.85074991 141 121 96
1.11561800 -0.95565299 10.42596027 59 35 8
0.98598540 -2.07434625 9.63063427 195 159 125
1.05712806 -1.24605863 10.07957309 144 122 96
1.22547388 -3.15560947 10.00401596 90 62 30
1.10130333 -1.20162601 10.17637013 55 33 5
2.63962111 1.43827257 15.51015382 186 177 170
1.19473434 -0.81265324 10.53548606 91 65 38
1.14269419 -0.95286582 10.30500848 156 136 112
1.14381356 -1.18014385 10.17297612 56 36 9
1.57530941 -0.09419292 11.81999737 62 41 15
1.16054856 -0.92316269 10.26101337 156 134 112
1.14388093 4.45939921 11.67525525 201 194 186
1.09708738 -1.42572814 9.89198626 56 38 20
1.16078389 -1.14773802 10.01148603 147 126 97
1.37769611 -3.07954686 9.78189239 90 62 30
1.55542925 -3.36340959 10.08574846 155 126 93
1.29758760 -1.90767068 9.59879246 64 35 8
2.07640467 0.24236345 12.26006403 142 118 95
1.55145168 -3.20937188 9.78955047 182 158 122
1.33444375 -1.77490763 9.57131190 126 91 55
1.44664787 -0.97092164 10.06335410 80 58 35
1.48425739 -2.91125956 9.64455067 180 142 103
1.45029236 -2.34494321 9.60674857 92 63 27
2.12738625 -0.22281589 11.93445734 76 49 21
1.41661246 -1.79496162 9.59045570 48 26 2
1.41142872 -1.24614410 9.70899955 141 116 91
1.46195060 -1.44125840 9.61888567 175 149 122
1.56006646 -2.18663344 9.64438373 95 74 53
1.54306099 -1.18574356 9.77221777 38 19 2
1.51712583 -1.35274410 9.61882974 63 42 23
1.71577173 -1.14307325 10.02842849 76 53 31
1.72817249 -2.79739383 9.61192847 78 48 16
1.74199483 -2.06274922 9.64563143 1 1 1
2.50686943 -0.74932396 11.79146197 100 75 45
1.88583188 -2.93751373 9.63068329 182 149 109
2.01673003 -1.12509399 10.24338190 55 34 7
1.84661754 -2.38207246 9.49305640 87 61 32
1.90068803 -2.21221482 9.48788898 153 124 94
2.15856237 -3.13993144 9.84158933 197 163 128
1.93469428 -1.99310257 9.51832107 116 92 74
1.92355861 -2.03811315 9.47729437 66 44 21
1.97880318 -1.97409065 9.46542913 126 102 81
2.01215046 -1.96352361 9.39866842 68 46 23
2.10773572 -1.48097733 9.72160563 36 18 1
2.14525702 -2.70464971 9.54045036 191 160 125
2.22045100 -2.77100102 9.68134835 85 49 24
2.47907543 3.68523470 11.49460394 130 133 140
2.57170346 -0.77633631 10.63180529 131 109 88
2.20942833 -2.52316603 9.36123703 188 154 112
2.48909653 -0.86464039 10.16157776 80 56 30
2.33388466 -1.34898112 9.58154109 127 103 78
2.30127492 -1.36282653 9.45607079 93 70 38
2.42990572 -1.03579718 9.67511403 145 121 95
2.53731055 -0.84970898 9.91623505 154 129 106
2.33471513 -1.34375603 9.41182974 141 119 92
2.42944484 -1.01532702 9.61372845 152 127 105
2.37230716 -2.06988914 9.28263937 175 145 111
2.40818985 -1.24966618 9.42532384 133 112 81
2.38483369 -2.00858539 9.20587385 155 128 95
2.58130420 -0.96386152 9.77754841 45 24 0
2.47476181 -1.51627341 9.28777874 124 100 70
2.92666517 -0.72926169 10.27153114 121 99 73
2.49747636 -2.01429054 9.16870706 71 45 19
2.61561280 -0.92770177 9.56468590 130 106 78
2.65243365 -1.31382622 9.20646583 42 24 1
2.71856794 -2.25492061 9.15353084 184 149 111
2.64615885 -2.10701700 9.01954744 111 76 38
2.94234563 -0.79768693 9.74689728 97 74 48
2.79406846 -2.17762420 9.06721861 192 157 131
2.74937094 -1.89043190 8.85761768 148 118 90
2.92049090 -2.13906444 9.05603495 71 38 9
2.90766429 -1.11378485 9.13454279 105 85 57
3.19971645 -2.44897309 9.36625641 218 204 185
2.91196166 -1.10873296 9.06111708 40 21 1
2.96391141 -1.04004253 9.17291978 110 88 62
2.84101334 -1.58184010 8.77999278 161 135 108
3.48287123 -0.89783825 9.86307551 127 105 81
2.98709901 -1.16757661 8.84223533 80 50 22
3.00436208 -1.85768530 8.68237411 192 156 122
3.02572892 -1.78077729 8.61287761 147 112 73
3.11192270 -1.20299422 8.70574885 108 86 56
3.06130375 -1.86333425 8.52799135 115 78 41
3.12296390 -1.77947410 8.63178348 187 152 120
3.08841796 -1.59244450 8.48123693 82 56 29
3.20230423 -1.25512474 8.70696925 1 2 0
3.26122966 -1.15672454 8.80652064 137 119 103
3.19898325 -1.53362541 8.61711633 118 91 62
3.25887078 -1.88684612 8.58379619 142 114 80
3.23255689 -1.56565427 8.54007084 1 1 1
3.31862851 -1.67757856 8.58512134 23 18 5
3.66653894 -1.33809366 8.84074383 22 20 21
3.66361752 -1.34469666 8.81027023 211 202 199
-10.89044567 -14.11769199 30.72303576 22 24 28
-2.95090609 -1.82633786 15.17518099 153 138 137
2.97238105 -1.30771240 8.87617859 50 25 5
0.76072636 -0.54877403 12.01040176 112 91 70
1.07483149 -0.27203000 12.00742099 68 48 24
1.07807178 -0.27300838 12.02893694 68 48 24
1.67393546 -2.02795559 9.67908912 98 97 95
3.09393186 -0.66933517 10.27724095 125 108 86
14.93709030 -6.61904041 24.47031867 84 85 78
-3.48277700 -1.41911129 15.74449562 113 96 89
-3.16664985 -2.96258541 15.43627014 138 108 80
-2.70755442 -3.30468840 15.83131824 168 134 98
-1.95847130 -1.66800898 14.31838531 147 125 105
-1.88466695 -1.07805848 14.58855243 91 72 65
-0.13771736 -2.06953587 13.74315151 103 71 30
-0.15881059 -0.54206448 12.81389399 118 97 78
0.63924729 0.48580043 12.96245183 149 130 116
0.80213792 -0.45886364 12.22212874 50 34 11
-0.00262834 -1.67214914 4.97671602 69 66 57
1.35015678 -0.55563219 11.94647027 50 33 14
1.34975711 -0.23803252 11.85548990 54 36 16
2.22556060 -1.24805751 9.62847018 54 34 10
2.30552005 -2.42177283 9.35071910 136 105 67
2.69642129 -2.37141120 9.29784799 74 39 9
3.11050605 -0.67114174 10.07564898 215 207 194
3.26023466 -0.72747215 9.85980295 216 206 197
2.94201986 -2.09081395 8.97650947 81 47 16
2.92435131 -1.80877397 8.65388623 118 84 46
3.08930441 -1.97639932 8.82157550 153 117 83
3.08930441 -1.97639932 8.82157550 153 117 83
3.47203083 -2.16144154 9.15937259 159 133 99
3.63449510 -1.41296586 8.72737272 213 206 196
0.47468941 -0.02454714 12.67311487 55 37 14
0.89352970 -1.71118192 9.83776852 62 42 18
2.64700663 -1.18070055 9.22295305 72 47 20
2.77578792 -1.44143143 8.91771302 45 20 0
0.31661501 2.05670094 14.14134854 35 21 12
2.38631905 -0.93319152 10.21229869 99 71 47
2.93234844 -0.90261154 12.17697493 222 212 204
-1.60875320 -2.38539870 14.40396143 75 47 22
-1.60915051 -2.39576218 14.40503856 75 47 22
0.57525682 -2.52708054 9.88696297 46 29 10
-3.60424329 -3.73568165 14.97742126 175 140 104
-4.00987358 -1.11580516 16.65304119 142 130 124
-3.55354941 -3.61105448 14.90075700 95 65 38
-3.12135742 -3.58326441 15.81052216 168 134 102
-3.11303905 -1.85164479 15.17953537 96 74 60
-3.34005786 0.17272707 16.52365191 126 113 108
-3.25405089 0.17007701 16.46809515 115 102 87
-2.81083641 -2.52143225 14.75176331 180 153 126
-2.81918104 -1.79985153 13.89157418 96 78 66
-1.74240425 -3.02264811 14.72567666 138 108 71
-1.78758641 -2.42467270 14.40149699 172 138 102
-1.91344838 -0.85203329 14.58241627 150 133 125
-1.89459820 -0.32913371 15.59184546 167 157 155
-1.64801954 -1.01094319 14.35505293 164 145 135
-1.50001281 -2.48406458 14.30774568 109 79 45
-1.44155048 -2.56566173 14.39336203 169 135 97
-1.55444812 -0.16225648 15.44771512 174 160 159
-1.47469465 -1.32882663 14.06612400 143 122 104
-1.30881199 -0.90384905 14.03094822 140 123 109
-1.15895443 -0.19712455 14.59525934 104 87 79
-1.03999344 -1.88670545 13.74927140 157 128 95
-1.05186276 -0.71575609 13.85781798 146 128 116
-0.75239494 -0.88720308 13.71465167 89 73 60
-0.64915375 -1.46057817 13.49536387 165 132 94
-0.56635697 -2.05371394 13.58506667 173 139 102
-0.50459797 -1.42415866 13.37379977 179 147 113
-0.35926798 -0.01332810 13.47047454 156 137 122
-0.30636307 -1.11728880 12.97081771 106 77 45
-0.27147292 -0.25624679 13.15972406 152 128 116
-0.09937460 0.33591150 13.31273405 147 125 107
-0.00487874 -1.30264189 12.78614361 176 145 115
0.29108994 1.17148814 14.01196727 121 100 79
0.26709476 -0.45602873 12.64604933 55 37 15
0.41339240 -1.58282185 12.57521862 66 43 14
0.27753437 -2.38869564 11.02513783 86 68 48
0.72628115 1.89279325 14.32870219 37 20 1
0.61091677 -0.01378232 12.60144086 142 122 99
0.62161214 -0.34413910 12.44788356 86 62 35
0.62161214 -0.34413910 12.44788356 86 62 35
0.63394248 -0.23702374 12.51205974 52 31 7
0.85792952 0.60589286 13.15730148 68 44 21
0.79987794 -0.20004201 12.33785802 134 110 86
0.44584941 -2.54339765 9.95718212 39 21 1
0.43983750 -2.28600932 9.95118348 87 64 38
0.79912254 -0.25168810 12.16011658 141 119 96
0.55386222 -2.74319466 9.87782789 78 56 32
0.68422800 -2.45517881 9.92267852 47 24 6
0.69739205 -0.07952141 10.58249964 129 104 78
0.65390663 -2.00611214 9.78502810 139 115 91
1.02993952 -2.78483910 9.94695153 119 89 56
0.92326468 -1.84145409 9.87970021 47 24 2
1.52677689 0.33135524 12.40779794 51 31 10
0.93879158 -2.17535767 9.69165217 61 35 8
1.71532973 0.63062385 12.70992744 120 99 79
1.17824809 -0.84624698 10.48839433 156 133 109
1.14979137 -1.16101325 9.95242271 142 118 93
1.09073997 -1.98734991 9.57717650 167 133 98
1.78544133 0.08655203 12.10430752 57 34 9
1.91331452 -0.01666276 11.90508341 141 117 93
2.41639869 0.81628013 13.31682404 209 200 191
1.59477292 -2.92803789 9.69526156 77 45 16
1.54615830 -2.65311847 9.54194702 96 74 41
1.60444768 -1.93141868 9.74511213 2 1 0
1.48628134 -1.40592356 9.58037187 48 24 4
1.93162956 -1.37566423 9.83916314 100 78 54
2.40101193 3.62819043 11.33577389 130 133 140
2.34848520 -0.94417675 10.01831908 152 126 103
2.79265663 -2.78929518 9.72022285 143 118 83
2.44293777 -1.48739946 9.16914749 132 106 79
2.78181196 -0.88929632 9.64394242 160 136 114
2.57083271 -1.78089127 8.92046581 166 137 105
2.62431441 -1.79566393 9.00347095 166 137 105
2.82208164 -1.46660740 8.63549801 161 135 111
3.49397851 -1.04339525 9.13521082 106 88 64
1.05552443 -1.86121827 9.58108289 157 131 105
-5.23581231 -3.08374407 13.13517129 162 147 123
-5.25878554 -3.05952069 13.30179792 218 217 213
-5.23036907 -3.16727766 13.28530936 164 148 123
-5.21315224 -2.98994510 13.27593226 218 215 212
-4.92583269 -2.98168483 13.55902159 153 138 122
-4.81263510 -3.00100559 13.41301459 153 125 104
-4.66925096 -3.09997119 13.68858481 96 69 39
-4.33818511 -3.29432748 13.64568248 189 156 111
-4.16113404 -3.56376006 14.23396912 160 126 82
-4.14917954 -3.37177201 13.79999360 183 150 108
-4.03968061 -3.62540533 14.46412892 163 131 98
-3.91562993 -3.49852448 14.25343815 183 151 110
-3.95944774 -3.34401290 14.77935842 127 103 87
-4.34529286 -1.92087257 17.70285807 154 153 148
-4.34529286 -1.92087257 17.70285807 154 153 148
-3.89796891 -3.40622641 14.38674140 97 68 35
-3.86670325 -3.54492448 14.41443929 190 157 117
-3.88199431 -3.35405029 14.32744520 150 123 102
-3.89758912 -3.35422576 14.92005724 224 222 217
-3.80946207 -3.63693554 14.59318037 137 102 52
-4.22505982 -1.89048317 17.41913583 102 97 94
-3.77580705 -3.74215242 15.26607141 195 160 118
-3.81286012 -3.35718870 14.87479127 213 213 212
-4.20795270 -1.31096534 16.26072172 211 214 219
-3.75844170 -3.39880181 14.98163189 215 217 215
-3.65523283 -3.82630073 14.93052696 155 124 82
-3.98110104 -2.10692080 15.69926727 222 223 222
-3.64674436 -3.70644317 15.56473021 123 96 67
-3.67068812 -3.51474241 15.61935848 220 220 216
-3.58252505 -3.88872974 14.92149534 216 211 200
-4.08032261 -1.09617783 15.94636560 216 217 222
-3.51575440 -4.00039682 15.53950074 170 147 110
-3.85047086 -2.26569436 15.65611971 220 220 220
-3.49643080 -3.89889834 14.92549395 216 209 192
-3.82827413 -2.18805094 15.52188741 134 125 118
-3.76708041 -2.50813448 15.60827514 219 218 213
-3.93248704 -1.47945415 15.82509325 117 95 87
-3.42791900 -4.01693860 15.56470663 152 125 91
-3.50638656 -3.56936525 15.19175190 125 106 90
-3.96897354 -1.14826004 16.11654446 157 143 137
-3.62678362 -2.92041184 16.19270758 223 220 219
-3.41503866 -3.86309062 14.98765432 178 146 107
-3.74658432 -2.07515654 14.99305535 182 165 158
-3.85808324 -1.46893647 15.28586669 171 157 151
-3.36554552 -4.03116825 15.55653978 149 124 84
-3.52522517 -3.07972614 15.36032813 222 216 212
-3.42406970 -3.59579732 15.19722055 115 97 76
-3.81701309 -1.43693003 15.69966200 170 154 148
-3.48006891 -3.14059253 16.08859508 121 106 96
-3.32467883 -3.89480345 15.45290873 180 146 109
-3.32467883 -3.89480345 15.45290873 180 146 109
-3.47521253 -3.12706229 16.46210393 140 122 115
-3.35950484 -3.61573445 15.80803629 214 214 212
-3.38973178 -3.49483079 15.24926331 214 214 212
-3.30368375 -3.93844937 15.10871369 160 134 97
-3.35895526 -3.64687510 15.34325755 106 90 71
-3.37125335 -3.40792510 15.22980946 222 218 212
-3.58695430 -2.24597543 15.42111389 103 85 78
-3.69939245 -1.58448706 15.54761109 113 93 86
-3.36614114 -3.35618125 15.43518434 207 199 185
-3.22569973 -3.97370794 15.12653982 162 144 113
-3.79635761 -0.79997267 16.01551183 170 152 143
-3.63042097 -1.62413190 15.62606244 176 161 150
-3.85837447 -0.33443246 16.19787238 116 95 84
-3.69114988 -1.07688154 16.27645563 165 147 133
-3.44802667 -2.29936010 15.33018630 174 155 138
-3.18387413 -3.62165063 15.70940533 105 82 59
-3.17068579 -3.66959128 15.16659484 83 57 32
-3.27661114 -2.99006672 14.65692943 162 132 98
-3.04073062 -3.95300931 15.95718644 57 35 10
-3.41684582 -1.90142559 15.62486654 117 97 86
-3.17098654 -3.03163966 15.15946167 152 123 91
-3.10427875 -3.39969626 15.04469435 177 141 108
-3.45993682 -1.41628592 14.72472078 165 145 134
-2.94037701 -3.98793196 15.79277193 59 33 4
-3.39985911 -1.57966311 14.97599626 148 131 123
-3.39985911 -1.57966311 14.97599626 148 131 123
-3.39985911 -1.57966311 14.97599626 148 131 123
-3.11354902 -2.96319459 14.65952140 68 42 11
-3.09561556 -2.97527237 15.21867791 161 128 93
-3.38475160 -0.90420262 15.65056739 91 73 61
-2.88687204 -3.48313102 14.85712073 176 142 107
-2.81847236 -3.62189853 14.97454328 178 143 101
-3.14150155 -1.61746863 15.33655569 179 165 156
-3.19915724 -1.30894092 15.61851951 82 63 49
-2.81491550 -3.44807545 14.79410966 175 144 109
-3.06258460 -2.09681059 14.59346362 81 56 36
-3.22961679 -0.87918189 16.11108019 72 51 32
-2.80383030 -3.40132198 14.85723857 106 78 46
-3.18810003 -1.17545520 15.77088705 156 138 129
-2.67507525 -3.91495277 15.18938484 152 120 86
-3.01132536 -1.79194533 15.21986205 98 71 62
-3.25013212 -0.31907407 16.13812534 72 51 33
-2.87093777 -2.36137999 14.59643741 72 47 25
-2.62611991 -3.54672967 15.15841413 183 149 111
-3.10875905 -0.50540476 16.43581148 77 55 34
-2.59869413 -3.42797302 14.80564227 177 144 106
-3.04772338 -0.67168338 16.08957413 117 95 71
-2.94385696 -1.19581637 15.59024516 75 53 30
-2.94770623 -1.21638657 15.29416557 159 141 130
-2.82500786 -2.00870487 14.58597757 162 141 124
-2.47740135 -3.72721566 14.83992996 139 102 54
-2.47740135 -3.72721566 14.83992996 139 102 54
-2.94490968 -0.51456484 16.40781092 65 43 20
-2.91642954 -0.79000805 16.19419120 68 48 24
-2.70526021 -1.90316647 14.91674713 72 46 31
-2.64236665 -2.20252834 14.68248688 73 49 37
-2.92357689 -0.01979669 16.61321550 50 27 10
-2.48044828 -2.63898770 15.34730524 164 132 95
-2.84088428 -0.20035852 16.59523578 102 81 62
-2.76522392 -0.91655590 15.32272063 163 147 141
-2.31938374 -3.30091817 15.00505476 184 147 105
-2.46236377 -2.58845754 14.50224747 131 103 81
-2.46727561 -2.42793483 14.54552949 175 141 101
-2.60504229 -1.51331399 15.05763911 79 57 44
-2.10912239 -3.86167449 15.67562299 164 138 106
-2.63278736 -0.62986296 16.90180030 61 44 28
-2.60994027 -1.27134647 15.03760126 170 151 145
-2.59559104 -0.67684218 17.03780007 145 135 139
-2.63375134 -1.04921910 15.27524869 164 144 136
-2.53043116 -1.81632693 14.63069086 148 131 115
-2.21110770 -3.27388226 15.02826661 79 47 6
-2.03378872 -3.81766350 15.69231602 157 133 99
-2.51393418 -1.46596250 14.83470978 164 149 138
-2.23934254 -2.84284703 14.83741766 75 49 15
-2.19867301 -3.18356731 14.80767814 78 50 13
-2.51817776 -0.47992117 17.08087671 130 127 139
-1.95367914 -3.70248989 15.52798810 155 134 101
-2.19340773 -2.28745884 14.56871456 170 136 98
-1.90612522 -3.40594397 15.09376607 152 115 73
-2.12499145 -2.22717274 14.49280767 176 142 106
-1.95596500 -3.02109868 14.82322383 76 44 4
-2.26922913 -1.31293764 14.67246997 166 149 137
-1.94606081 -2.94232338 14.70729109 197 163 121
-1.98241443 -2.56347867 14.58075449 183 149 111
-1.71413677 -3.51788632 15.40144980 162 136 103
-2.17322374 -1.30988169 14.62711139 140 122 109
-2.18058819 -1.30662111 14.61439028 140 122 109
-2.02850386 -2.05579819 14.33328922 144 111 78
-2.15525491 -0.47832120 15.71240036 166 155 150
-2.06642206 -1.19993879 14.50868237 157 139 125
-2.06619730 -0.67504480 15.35034043 112 92 78
-1.94124598 -1.83448600 14.34529338 146 122 98
-2.01616683 -0.92804560 14.80602353 164 142 129
-1.96693231 -1.13151375 14.67810325 81 59 46
-1.99152377 -0.38922381 15.74510143 161 150 146
-1.61051431 -2.91375186 14.37132076 197 164 129
-1.53922923 -2.99845646 14.67734360 146 110 69
-1.79328917 -1.07619607 14.35439255 163 141 128
-1.64055986 -1.69475341 14.20878426 142 118 94
-1.34768690 -2.77174256 14.34778627 140 105 64
-1.13446061 -3.17777769 15.26833548 216 215 216
-1.34082622 -2.59760841 14.47573583 97 62 22
-1.38366760 -2.27354052 14.32005950 82 53 14
-1.61196737 -0.70531943 14.57151319 177 158 147
-1.84388758 2.88694621 16.63225648 208 203 197
-1.11326909 -2.67308989 14.53843532 196 163 125
-1.03900393 -2.71784894 14.63788819 147 115 76
-1.12245098 -2.26391909 14.20574343 165 137 98
-1.20036361 -1.73493098 13.92832496 170 144 111
-0.98941939 -2.43074347 14.42592801 89 50 18
-1.11824284 -2.10457304 13.98956481 185 155 120
-1.32362314 -0.83549439 14.10467131 153 134 120
-1.33258303 -0.55931435 14.33135947 164 142 128
-1.04200533 -2.12050593 14.07337793 80 48 13
-1.28621749 -0.53404895 14.27053353 174 153 142
-1.06659310 -1.90730819 13.80433647 182 152 123
-1.13415858 -0.00267521 15.33194354 169 154 148
-0.83772737 -2.47227701 14.32890116 202 171 129
-1.14680159 0.03179396 14.84557496 160 141 134
-1.10257590 -0.41720504 14.27803478 69 47 36
-1.01603779 0.11092590 14.73865469 168 151 146
-0.97848032 -0.03141461 14.74264246 154 135 128
-0.26713264 -2.65656549 15.35090811 229 227 224
-0.36253926 -2.53435528 14.71673146 154 125 87
-0.48841964 -2.06761927 13.50487945 190 157 112
-0.50228022 -1.47286396 13.43652756 67 42 14
-0.32716027 -2.03803702 13.59111171 178 144 104
-0.56548949 -0.43657191 13.54077540 98 76 62
-0.52812446 -0.37353352 13.57966692 102 81 64
-0.52812446 -0.37353352 13.57966692 102 81 64
-0.56060241 -0.39808406 13.45120331 106 85 68
-0.38164637 0.47836652 14.77372186 91 73 61
-0.38654900 -1.35139200 13.28498324 185 153 114
-0.37418839 -1.39829497 13.24027625 76 48 20
-0.46612239 -0.07531075 13.71472701 91 68 51
-0.19189862 -1.72503659 13.45752804 81 53 15
-0.36620276 -1.15637735 12.97386558 103 70 33
-0.28326663 -1.29198446 13.09318495 81 55 28
-0.41056604 1.53082610 14.68159806 75 50 43
-0.27564817 -1.24117760 13.08032166 184 151 115
0.10681537 -2.07617943 13.87732033 170 136 101
-0.29700407 -0.64438380 13.25181713 143 120 100
-0.36853577 1.76570685 14.58058653 147 133 126
-0.03742776 -1.77526435 13.06879875 195 162 128
-0.16961309 -1.20394253 12.88433653 78 51 20
-0.33550826 1.84956518 14.37336413 81 67 67
-0.37433062 1.83545414 14.23811316 81 67 67
-0.06777130 0.70486063 14.43891067 39 26 20
-0.24418503 0.96329855 13.95382623 152 130 117
-0.14430897 0.65235885 14.05056497 145 131 123
0.44291543 -2.24245686 14.09393154 176 146 112
0.45503349 -2.17554711 13.90769132 143 113 76
-0.15931481 -0.16892405 13.01550236 148 127 108
-0.13510822 0.88740497 13.79043846 76 53 39
-0.12005840 0.40083108 13.41219099 142 121 103
0.37758077 -2.13607303 13.39134289 154 124 87
0.36487390 -1.83880480 13.47194673 80 47 16
0.00997241 0.45740358 13.69605785 154 131 116
0.07015810 -1.35030912 12.68530912 168 133 101
-0.04256821 0.86383301 13.73756806 138 117 98
0.31711481 -1.73069622 13.15286417 188 156 114
0.10761814 -0.05534629 13.36010759 149 127 105
0.07190138 -0.95937870 12.59994133 62 42 17
0.66500791 -2.16767973 13.78266607 184 153 115
0.28679165 -1.68120406 12.70656137 94 64 32
0.20896278 -0.06485991 13.43236223 136 113 96
0.04969421 -0.08068359 12.90558391 136 113 96
0.40664175 -1.64202529 12.97426270 192 158 117
0.32971193 -1.53895984 12.73318494 182 148 110
0.36008306 -1.64663508 12.69532900 82 53 23
0.23322353 0.09292733 13.07891776 77 54 35
0.50332166 -1.83560299 12.74257582 168 138 103
0.27476810 -2.05265033 11.71440899 88 68 41
0.29394443 0.12368619 13.02819325 61 38 14
0.51148986 0.69486118 13.75824253 95 76 56
0.46372473 0.69556271 13.64350465 95 76 56
0.27415592 -2.37307317 11.10441253 84 62 39
0.33216030 -2.49872473 11.09467016 100 79 53
0.41997630 0.42570743 13.10421179 62 38 15
0.27098695 -2.42382095 10.89053444 184 163 139
0.28347665 -2.04483140 11.08580976 152 130 106
0.24250420 -2.34719245 10.78654033 176 158 134
0.33615142 -2.28088653 11.05136762 83 62 33
0.45949317 -0.39389486 12.50755777 131 111 85
0.78640669 -1.38189475 12.70927864 46 23 2
0.30059051 -2.52506252 10.55489385 203 181 150
0.30730967 -2.58673179 10.55261198 192 169 138
0.59581596 -1.15240784 12.11865256 68 42 16
0.73193713 1.92274958 14.25173993 97 80 60
0.33180961 -2.11646938 10.74979051 144 122 98
0.58500672 -0.98475669 12.13858441 119 98 74
0.71910557 -0.03269721 12.96542934 125 103 79
0.58822865 -0.04466220 12.59743808 125 103 79
0.80517190 -1.30331305 12.51672063 35 18 0
0.34566279 -2.65249287 10.43022109 192 168 142
0.69867617 -1.25328168 12.12754998 39 23 0
0.69607401 -1.25292738 12.13288901 39 23 0
0.70802788 -3.08138627 11.09433879 139 114 80
1.01880193 1.03287886 14.04811023 77 59 37
0.39816227 -2.48832172 10.33130768 68 42 17
0.36405729 -2.52598045 10.19920454 142 118 86
0.40479702 -2.75841102 10.19729954 184 158 124
0.33594948 -2.43281474 10.05540906 149 127 101
0.87686523 0.05905236 12.79514703 135 115 97
0.42755266 -2.17621688 10.35281827 142 124 101
0.57586540 -1.38576358 11.16046268 60 34 7
0.36722786 -2.38212965 10.03875633 141 123 99
0.46318177 -2.82553829 9.97644695 199 170 138
0.50805685 -2.14811348 10.43905378 143 125 104
0.43810520 -2.30833980 10.07102214 147 126 99
1.72432524 1.29033638 15.38544777 37 23 9
1.03022343 0.38457994 13.00755824 146 127 111
0.88360349 -0.41135848 12.12508805 59 35 9
0.53595958 -2.22488117 10.16495808 60 37 6
0.77328887 -1.25916882 11.27594843 69 45 21
1.16181464 -3.45798187 11.21261742 162 143 117
0.58514852 -1.72674544 10.52717680 61 36 13
0.61435909 -1.75295711 10.53619151 148 126 105
0.61745068 -2.15701466 10.18054517 62 35 8
0.60951100 -2.71093347 9.86110497 88 63 30
1.88041466 1.32569578 14.99400804 90 72 55
0.60145147 -2.08430196 9.99673851 59 34 4
0.69823146 -2.76831459 9.91951443 173 147 119
1.09503876 -0.71218517 11.77583564 126 102 81
1.07991121 -0.71036062 11.75084967 126 102 81
0.84570150 -1.09613126 10.91527874 155 133 108
0.84576403 -2.92950912 10.03345171 46 26 13
0.82952712 -2.73571555 10.07052031 18 7 1
1.22161594 0.41922577 12.49103537 89 68 51
0.93549639 -2.85855556 10.20822787 102 83 62
1.24566477 -0.04675878 12.22986706 125 108 83
1.16414865 -0.11841829 12.00667179 72 47 9
2.30501138 1.52001772 15.56614562 39 27 13
0.72297411 -1.77808998 10.07603293 142 120 96
0.92076461 -1.25678816 10.80531794 63 42 15
0.83114126 -1.52023717 10.38907092 140 116 92
1.30951997 0.45467167 12.44619007 133 112 92
0.83897802 -1.43350627 10.33012382 48 27 3
0.73293019 -1.71425248 9.91615101 144 122 95
1.17662488 -3.19194072 10.24653056 89 59 31
1.17864674 -3.27154319 10.18470867 212 186 154
1.15874616 -3.16798236 10.12143168 84 51 11
1.53480211 0.01555864 12.37581822 125 99 82
1.04499903 -0.85540719 10.85186144 166 145 122
0.89956198 -1.38662147 10.17169106 155 133 106
1.21194581 -3.17463867 10.12024157 91 57 28
2.80009252 1.33255105 15.84937086 147 127 106
0.80942422 -2.01334315 9.63394214 195 165 138
0.81085938 -2.00995928 9.63902620 195 165 138
1.44370446 -0.23197784 11.90814064 57 33 12
1.32939327 -3.32277710 10.26315333 202 177 143
1.00585221 -1.31316342 10.30939455 58 36 17
1.05314122 -1.07233345 10.47064842 152 127 104
1.15986100 -2.96081107 9.86747477 192 162 130
0.92663348 -1.59733395 9.90777197 140 120 95
1.65149499 -0.22002096 12.08379598 54 31 7
1.12841703 -2.68976078 9.82387805 92 67 36
1.04481227 -1.23847765 10.19108025 59 33 11
1.31811972 -3.16486086 9.95997945 188 156 116
1.24056956 -3.02088715 9.81687471 142 107 68
1.04873127 -1.53675703 9.94369590 142 120 94
1.87254958 0.50763890 12.58533784 144 122 98
1.44549160 -3.27814143 10.00654440 223 199 163
1.88971999 0.57751779 12.60029179 87 62 41
1.76458511 -0.20922974 11.87368894 54 31 3
1.05649550 -1.86104609 9.58429363 186 162 133
2.18395207 0.68351211 13.10071725 125 108 88
1.22563016 -1.14146748 10.20958320 54 34 9
1.83461272 -0.57930546 11.71080903 127 105 86
1.14849457 -1.44608700 9.84205956 126 102 78
1.97634830 0.14183501 12.12287436 75 52 22
2.04096499 0.31718814 12.27001459 133 112 89
1.93928032 -0.58681861 11.65270360 138 116 92
2.21806951 0.29227797 12.49250339 97 71 46
1.49364392 -2.86165437 9.62450352 170 136 101
1.54732142 -2.94503140 9.68381216 71 44 10
2.07444564 -0.56020425 11.72692535 75 46 14
2.07822682 -0.63045277 11.68249115 73 46 15
2.64460573 0.49710492 13.21794151 209 196 181
2.59203178 0.32978751 12.90802294 115 95 70
1.56617467 -2.77487525 9.58444802 189 153 116
2.65339830 0.32751903 12.90102879 218 205 198
2.43799610 -0.33500810 12.04896253 144 124 99
2.39355181 -0.55727253 11.88255458 163 137 112
2.34186422 -0.82733585 11.60350431 93 66 38
1.66449805 -2.67408938 9.55233242 139 102 62
1.66395793 -2.67361683 9.55247576 139 102 62
1.70406789 -2.72658219 9.58611847 197 159 122
1.49086706 -1.31601241 9.63933855 176 151 124
1.65938758 -1.83569709 9.72503707 113 88 63
2.29584052 -3.47461376 10.34568665 173 144 101
1.73989426 -2.64034640 9.53509011 203 167 127
2.39051464 -3.49832342 10.37930667 232 224 213
1.92837279 -1.21165720 10.22571483 115 92 70
1.89647803 -1.19415637 10.12733595 115 92 70
2.03633858 -2.96115022 9.73105716 122 83 47
1.80651139 -1.75132670 9.57226493 74 46 13
2.13553352 -0.97394400 10.41947499 157 132 112
2.40556640 -3.17018164 10.02514617 180 150 113
2.30888012 -2.40055346 9.86761313 177 140 98
2.10478970 -2.36161382 9.47150502 63 33 3
2.43626663 -2.94402500 9.75245238 191 158 119
2.33233271 -0.97960204 10.11858349 148 123 95
2.16854423 -2.24230734 9.38457982 188 150 114
2.14025688 -2.05574834 9.35807266 177 143 107
2.14261160 -2.17605394 9.27754893 180 146 111
2.14261160 -2.17605394 9.27754893 180 146 111
2.37557536 -2.54601224 9.54355153 195 161 126
2.44798963 -2.52866748 9.43424573 95 60 17
2.28677440 -1.11222032 9.58174793 90 65 35
2.11825933 -2.62749005 8.79756532 230 228 209
2.70454509 -2.80814286 9.68832726 160 130 98
2.41423881 -1.02834297 9.73797694 53 28 8
3.46095155 0.74496318 12.00151967 208 199 188
2.35465462 -2.30514015 9.18575480 122 89 48
2.55302728 -0.81279036 9.96045412 97 69 42
2.52498956 -2.45149305 9.36170168 89 49 8
2.66272876 -0.95765109 9.73475668 161 134 109
2.51158543 -2.00419346 9.11775860 73 44 10
2.70879372 -2.49709664 9.27461491 153 113 72
2.96735621 -0.65280461 10.12036456 137 122 102
2.60140473 -1.94403499 9.04770171 78 54 23
2.65007108 -1.08640263 9.31516993 141 113 85
2.57174376 -1.75453174 8.73677542 172 140 102
2.90358922 -2.16176920 9.06926264 87 48 11
2.91114353 -0.83495970 9.45701268 144 123 101
2.72192902 -1.97897982 8.76005848 189 151 113
2.72274486 -1.59975078 8.76611205 175 144 115
2.68579201 -1.59116703 8.72773740 175 144 115
2.81999188 -1.62548433 8.79466459 97 70 43
2.95093554 -1.39062979 8.97080665 58 36 13
3.10259805 -2.08349699 8.95513406 180 142 105
3.17511113 -2.17961644 8.97244095 161 137 104
3.07204051 -2.10872656 8.77487949 160 129 98
3.15768559 -0.95985161 8.95397986 92 68 37
2.98294383 -1.07015758 8.67866025 135 113 87
3.13580542 -1.82154765 8.64065112 92 54 9
3.29412463 -0.98392593 9.03102863 97 78 60
3.20401942 -1.07381326 8.87582615 152 131 107
3.29249132 -0.98342761 8.98337645 220 207 197
3.17976080 -1.40089613 8.69506425 77 60 36
3.06351268 -1.16362036 8.60596343 46 29 11
3.10621823 -1.70471940 8.44459433 207 175 137
3.31183151 -1.73239784 8.54715692 150 124 97
3.06968614 -1.18018725 8.22174944 229 227 211
-0.23070762 -2.48330796 14.38778686 219 213 207
0.20402494 -1.13838900 12.45836838 81 57 33
1.81803366 -0.29203763 11.94503046 122 98 79
2.88288320 -0.37285925 12.44551516 142 118 92
2.78051944 -1.44597548 8.94344189 48 27 1
-3.65176345 -1.19760003 16.18963080 98 79 72
-3.06034167 -0.57098994 16.41762317 55 38 20
-2.17304755 -3.25237230 14.91136302 93 63 27
0.42244248 -1.72178165 10.77792306 135 114 95
0.78139491 -1.92863574 9.90649035 48 25 8
1.96986060 -2.37872514 9.45617118 183 145 112
2.34218943 3.56564208 11.36522292 133 137 148
2.05091223 -2.19039419 9.43213475 59 38 16
2.93504933 -0.61926156 10.21088709 208 200 189
3.18328760 -1.32261360 8.68066973 2 1 0
-1.77985351 -2.48299804 14.44137912 69 43 16
2.33262056 -1.09292137 9.85397964 46 23 8
2.52005897 -2.06200880 9.17084040 70 47 21
2.78923103 -1.52784981 8.83603786 90 66 38
0.98811523 -0.33942281 12.00319592 58 39 16
-6.74898212 -2.53414486 19.39690279 200 206 220
-3.98593424 -1.16293337 16.94516360 144 129 124
-3.24906513 -1.60507272 15.48553558 96 79 69
-3.26238054 -0.85518788 16.11984653 83 67 52
-2.96600660 -2.19224502 15.04913598 145 126 114
-2.76063202 -2.98479459 14.93017304 91 66 36
-1.76748379 -0.52340569 15.05036603 118 97 85
-1.95902341 -0.75107950 3.62382801 213 212 210
-0.50882614 -0.84461963 13.16899885 157 135 112
-0.19233912 -0.52296001 12.94413366 136 115 94
-0.16056814 0.38282142 13.51568311 151 130 113
-0.05628328 0.98555645 13.86984602 87 66 48
0.12739634 1.08796184 13.83149098 106 87 67
0.16418775 -0.23775844 12.62037526 135 114 96
0.29976003 -0.43230627 12.57144987 52 31 9
0.39786392 -0.71708921 12.42007935 47 29 7
1.03619086 0.81046056 13.18376550 133 115 95
1.05601585 -0.07965957 12.08629217 125 102 79
0.74903285 -2.46454720 9.93587422 112 83 59
1.43060712 0.49680468 12.44254297 134 113 95
1.37088826 -3.02002226 9.73156869 181 152 116
2.17193627 -3.85648381 10.86742749 37 30 22
1.60663602 -2.38610647 9.58782177 110 77 47
1.65753970 -2.22748021 9.58507273 116 92 68
2.01982633 -2.19705724 9.46085189 53 27 3
2.67554953 -0.73992989 10.55871908 144 122 99
2.40977220 -1.51606696 9.35754233 38 21 2
2.44315606 -2.06492803 9.19705701 69 44 16
2.56150283 -1.96521309 9.09485979 64 38 15
2.73145789 -2.39466669 9.22245303 169 133 96
2.75726237 -1.48368916 8.96591394 49 29 4
-2.84406530 -14.54106380 30.47061723 63 69 70
-13.43154363 -11.56331061 29.64789762 118 121 123
-12.79125685 -13.18696333 32.22445092 92 96 97
-11.35142460 -15.28260350 35.83389552 101 102 96
-4.49835336 -3.53152850 15.25348606 111 82 52
-4.63477689 -4.92722963 20.80707659 214 215 208
-4.51884838 -3.39966131 15.75309308 161 150 141
-3.96835689 -3.66593775 15.47483640 115 86 52
-2.09996649 -12.19314013 30.52320798 132 131 132
-2.09996649 -12.19314013 30.52320798 132 131 132
-2.02847909 -12.22432979 29.16156539 61 61 61
-1.92566982 -12.09039490 30.77894338 134 133 133
-3.63514921 -1.64446525 15.86761696 176 161 150
-2.96399729 -3.85803839 15.27824124 46 24 0
-2.87880039 -3.98286830 15.65140590 163 133 96
-3.21975535 -2.04333973 15.42728301 163 146 132
-3.02875414 -2.95737648 15.17984504 159 126 92
-3.15553470 -1.90675645 15.33751186 96 74 61
-2.62742728 -3.83787281 15.45327643 171 135 103
-2.98553804 -1.81706248 15.13811243 164 146 134
-2.56983422 -3.94695467 15.60369612 185 153 116
-2.55803639 -3.91724687 15.44234755 134 99 62
-2.47778174 -2.96344224 14.90503474 184 147 107
-2.92446832 -0.01782657 16.67209466 50 27 10
-2.38680526 -2.88745104 14.93121872 158 119 80
-2.37746461 -2.39266152 14.65515886 163 127 89
-2.39022308 -2.01467785 14.62914067 78 56 33
-2.06109520 -3.27714537 14.93955683 111 83 44
-2.05400069 -3.14066609 15.05941628 186 151 113
-2.39144106 -1.13152613 15.07409844 183 165 161
-2.08943237 -2.72747682 14.67005972 71 42 5
-1.89687994 -3.43828923 15.15245267 152 115 73
-2.20805446 -1.29104740 14.63973862 157 139 125
-2.02232570 -2.21196579 14.41012667 67 44 22
-2.08542973 -1.18977222 14.73758417 91 70 55
-1.82727078 -1.16849741 14.27148317 158 139 125
-1.72996534 -1.63748607 14.25808154 82 60 40
-1.72150006 -1.10163623 14.36913744 162 143 128
-0.88950040 -0.90397660 13.78101635 77 56 38
-0.75539829 -0.86025508 13.52543635 89 67 53
-0.49760297 -1.25290929 13.25961185 131 104 77
-0.49823570 -1.25039815 13.11123307 156 127 99
-0.50811717 1.37721149 14.63277521 93 83 83
-0.40656391 -0.62314099 13.22190883 68 44 24
0.06733094 -2.00668162 13.39940078 172 139 104
-0.07716880 0.15707653 13.24844580 143 122 105
0.03672482 0.25833008 13.36301227 65 44 26
0.26977420 -1.71116632 12.86919400 79 48 17
0.05892374 -0.27197584 12.79380954 59 30 11
0.34900819 -1.57765835 12.64683930 181 149 110
0.37876598 -0.36852103 12.46492773 61 39 13
0.35900615 -2.26204072 10.52180714 54 29 6
0.66515530 0.05157142 12.63356784 62 37 15
0.74667505 -0.90783450 11.96041407 112 88 66
0.50008511 -2.85952613 10.12830208 120 90 58
0.47948731 -2.85651111 10.09154180 120 90 58
0.48046425 -2.80534863 9.92992815 93 65 37
0.52226531 -2.84933477 9.95534268 100 72 42
0.92855332 0.15533135 12.55247657 61 37 17
0.60058857 -0.42726089 10.96947487 111 87 64
0.75199706 -1.15005503 10.96267002 63 43 13
1.90213210 1.33181137 15.02566307 90 72 55
1.10771992 -0.26885199 12.08414972 58 38 13
0.78834877 -2.52538539 10.01207630 94 66 37
1.14620488 -0.11918823 11.97599714 72 47 9
2.24846630 1.41243659 15.08321186 50 34 19
0.79779013 -2.24393411 9.79016147 65 38 9
1.22246460 -3.21906797 10.11178403 173 149 113
1.62311001 0.08065772 12.12735835 55 33 6
1.69064764 -3.47091917 10.28699583 223 193 159
1.97090626 -0.48250296 11.67980605 120 92 70
2.09990223 -0.42875221 11.81065620 66 38 12
1.51330210 -2.25244663 9.59990673 77 47 19
1.48102894 -1.38112391 9.57069875 45 20 0
1.69397768 -1.37256138 9.76041717 46 24 3
1.85683546 -2.63002687 9.55607348 73 42 14
2.00946253 -2.15816534 9.44800155 177 145 110
2.32975549 -1.30720986 9.62402695 46 25 2
2.37276294 -1.30223108 9.53057403 137 112 92
2.74975505 -0.78141051 9.93689031 158 132 108
2.87529742 -1.52576725 8.77115236 85 58 27
3.47262324 -1.01610955 9.38208517 128 103 76
-5.28767641 -3.75624165 16.23147088 152 113 71
-4.23141636 -2.30137817 19.49048422 228 229 234
-4.15844321 -1.85206629 19.38344507 164 158 156
-4.08270367 -1.94156808 18.49799244 167 157 156
-4.06125440 -2.03386224 18.36061581 177 168 163
-4.05664470 -2.03085598 18.34191593 177 168 163
-3.51208738 -4.17473582 16.38655373 164 138 101
-4.04546104 -1.62986037 17.59979474 233 229 233
-2.38414010 -8.48180823 31.73262486 40 39 37
-3.65926476 -2.79675409 17.13822406 177 165 157
-3.37222596 -3.97254872 15.88345556 198 160 122
-3.55791542 -2.86428819 16.42193210 108 89 81
-3.15045318 -4.02049473 17.86018961 227 223 221
-3.82894852 -0.84519907 16.69017834 183 159 151
-3.31420568 -3.12337721 16.05138626 176 149 126
-3.67525827 -1.38751336 16.20914663 183 163 154
-3.06188044 -4.16499519 16.15896676 146 108 63
-3.03854253 -3.70748118 16.18598787 70 44 14
-3.73547551 -0.28566361 16.82622831 101 73 62
-3.17202913 -3.13136419 15.34498527 77 49 21
-3.47022668 -1.52591439 15.90583891 177 153 144
-3.53900964 -1.09209645 16.49241351 165 143 132
-3.40210187 -1.89677246 15.62016419 119 97 87
-2.89115680 -3.89081086 15.65828164 85 50 23
-3.20508172 -2.21315287 15.64393478 175 152 134
-3.34482492 -1.51710499 15.69433232 181 163 159
-3.28141892 -1.75956184 15.82501388 178 159 152
-3.46753082 -0.71797241 16.38289411 162 143 134
-2.82964265 -3.84744252 15.56579988 98 63 30
-2.89798123 -3.43742056 15.71984317 186 152 112
-3.55427781 0.11847684 16.94106909 163 152 154
-3.38516703 -0.64798534 16.42764894 79 63 52
-3.33522848 -0.58562325 16.44548480 100 78 67
-3.33138370 -0.58715159 16.43671415 100 78 67
-2.84252105 -2.83504117 15.18244974 164 129 94
-2.97698982 -1.52787057 15.43636199 175 159 153
-3.09721634 -0.50834835 16.44517802 85 61 38
-2.90321774 -1.78840207 15.22146324 163 143 134
-2.57896746 -3.06957154 15.03441446 189 154 116
-2.45639163 -3.46586797 15.20064215 91 52 16
-2.83946333 -1.72751301 15.12890878 171 152 141
-2.37379873 -3.79487255 15.40796684 142 98 51
-2.40500454 -3.68304633 15.23931882 181 145 104
-2.48888248 -2.55876242 15.04877715 179 142 102
-2.70221349 -1.08450015 15.72943242 91 70 56
-2.73160807 -0.89032381 15.80084479 163 145 141
-2.22824572 -3.36295409 15.22035702 93 54 11
-2.57442672 -1.84154945 14.72282247 143 119 111
-2.44390610 -2.15437967 14.64794199 145 120 101
-2.54190710 -1.35932482 15.07297215 169 146 133
-2.54096201 -1.35940525 15.08797484 169 146 133
-2.45887975 -1.17431356 15.00760637 175 155 148
-1.80091469 -3.66966317 15.59823301 236 230 228
-2.45848510 -0.71014666 15.28284070 162 145 138
-2.36546323 -0.88982274 15.22167428 175 155 148
-2.32068983 -1.36058124 14.78669959 166 146 134
-2.30629242 -0.80613959 15.27390505 126 103 90
-1.76455497 -3.32085123 15.04521319 160 122 82
-2.06558530 -2.03635660 14.38047887 89 58 31
-1.82610375 -2.64863559 14.44064538 132 96 61
-1.76514787 -2.67584009 14.39921486 184 152 109
-1.95026544 -1.48099496 14.43885943 157 134 117
-2.00410724 -1.18019051 14.49500462 158 139 122
-1.48019006 -3.13318999 15.04140047 152 114 74
-1.95259617 -1.15802430 14.56790216 167 144 130
-1.75096206 -2.22399177 14.23969644 130 96 63
-1.42588035 -2.23811128 14.23557212 184 149 106
-1.34414028 -2.06383428 14.02708677 206 174 135
-1.11909534 -2.65912995 14.51659873 199 165 122
-1.28822400 -2.10379748 14.12766730 185 151 114
-1.39969325 -1.64667220 13.96707222 163 133 99
-1.51098285 -0.90798312 14.06409525 172 151 135
-1.30121905 -1.30819782 13.95152825 164 137 116
-1.32498368 -0.51243602 14.36655876 92 69 55
-1.31565311 -0.30688681 14.35211953 166 144 133
-0.92538060 -1.98550184 13.78231863 185 151 117
-0.67718469 -2.37512351 14.18285881 139 103 66
-0.47905190 -2.55840333 14.55418827 230 230 221
-1.06454704 -0.21610891 14.02921653 102 79 63
-0.23433194 -2.53023174 14.61561931 235 232 223
-0.48550231 -1.78731610 13.55640448 185 148 109
-0.70979892 -0.23903586 13.61412406 164 142 128
-0.49174807 0.49955083 14.58519549 110 89 76
-0.55213973 1.17480531 14.55119731 154 138 132
-0.51713029 1.41294781 14.68962755 146 131 128
-0.16353159 -1.92721791 13.22248852 202 168 131
-0.23493060 -1.59471577 12.97537166 201 163 127
-0.27146104 -1.21247525 12.95220093 182 148 114
-0.36222031 0.90787410 13.83041543 168 145 130
-0.22599510 0.60375025 13.92155185 137 126 114
-0.28591867 0.05769125 13.18667752 142 119 101
-0.04856716 -1.45285621 12.74844322 187 152 112
-0.01737417 -1.39089807 12.63843719 184 149 110
-0.18096566 0.12482907 13.14874049 147 123 104
-0.07625447 2.02034129 14.54345906 64 46 36
-0.09212961 2.01485222 14.51695409 64 46 36
0.40131758 -1.97788442 12.84002693 103 72 38
0.51035603 -1.97386503 13.02225842 92 59 29
0.05834192 -0.02228840 12.87762836 156 134 115
0.11608983 0.69239043 13.46915830 67 49 29
0.11434731 0.65013473 13.31452741 142 123 108
0.28748485 -1.51672641 12.31545266 175 141 109
0.32279323 -1.35326994 12.38949800 62 41 10
0.32499169 -1.35268851 12.39939866 62 41 10
0.23611981 -2.09983631 11.50133711 152 131 106
0.57839216 0.45320278 13.92284458 90 69 47
0.31632986 -0.81161393 12.31469398 124 101 79
0.47106532 -1.48759304 12.26663621 77 56 35
0.28805103 -0.37699408 12.45800035 68 47 27
0.38056164 0.74391862 13.34217408 145 126 111
0.23841601 -2.28382311 11.04726231 83 59 33
0.37562361 0.36959970 13.05256959 151 125 108
0.44347270 0.43949990 13.06338567 56 34 8
0.46796519 0.19491926 12.71371307 117 98 82
0.43463628 0.12097449 12.51986272 87 63 38
0.57954155 -2.97220208 10.73486307 128 95 64
0.41444558 -2.22848765 10.52219891 68 47 20
0.35154657 -2.51591958 10.04760822 97 73 39
0.71424284 -0.52873875 12.06342824 126 102 79
0.85094106 0.37867803 12.81695548 62 37 17
1.44931296 1.30146821 14.77183677 44 31 23
0.40764311 -2.77206442 9.98584740 103 71 36
0.99573721 -3.37780142 10.99866487 171 148 124
0.47875340 -2.82521560 9.99936635 215 188 158
0.61121471 -1.33162372 11.10745240 60 34 12
0.81086457 0.07917017 12.35924181 135 117 96
0.58051667 -3.00609943 10.08755801 212 187 156
0.53555787 -1.56701180 10.77184557 72 46 29
0.43518787 -2.40210683 9.88464742 199 167 133
0.59722112 -1.48748888 10.70527836 58 34 6
0.59450840 -1.94434369 10.31450378 58 35 5
0.69358961 -2.86034493 9.89816996 189 159 128
0.49586829 -2.12155949 9.83081214 140 116 93
0.67876341 -2.71870471 9.87321534 153 127 103
0.92668025 -3.08112658 10.14068618 178 146 108
0.73282276 -1.10656853 10.74135539 146 127 98
0.87514727 -2.93970864 10.04681457 41 21 4
0.92023637 -2.91878228 10.06517271 26 8 0
0.86925095 -0.99644616 10.80882996 66 38 9
2.13255557 1.19628555 14.62791607 62 43 18
0.70494427 -1.91525869 9.91887091 63 38 16
1.02518626 -3.09418246 9.94926813 236 206 179
1.28830058 -3.29930545 10.21150665 218 192 157
0.89659365 -1.15770974 10.41606281 151 127 103
1.43541356 0.48008110 12.32360514 131 108 92
0.83705176 -1.69012913 9.94736711 135 109 83
0.85711289 -1.65029002 9.96324344 134 107 85
0.84678712 -2.15307521 9.67243028 178 150 111
1.24066800 -3.05678743 9.89519479 210 181 151
1.20805537 -3.04568070 9.84147596 210 181 151
2.86430609 1.38225154 15.32020803 216 204 190
1.07929277 -0.83897389 10.62879005 158 136 115
1.30799717 -3.12608259 9.92047544 107 67 34
1.27423228 -3.07182849 9.83208648 201 174 139
1.66680305 0.07978730 12.03795491 57 34 9
1.01441795 -2.11812852 9.67475010 72 41 12
1.00362775 -1.29383064 10.01893257 129 105 79
1.00673491 -1.28571950 10.03881335 129 105 79
1.64723632 0.00688471 11.92283703 127 105 82
2.19846170 -0.20476736 12.89693443 66 43 16
2.12342007 0.85089952 13.18865499 218 209 196
1.87744328 0.46381390 12.36603882 145 123 102
1.09640413 -1.19762997 10.05020406 144 120 96
1.21076363 -2.02443333 9.72531082 69 41 12
1.29665268 -0.77430666 10.43359847 164 140 115
1.28525796 -0.77409815 10.41134654 164 140 115
1.93084423 -0.25911764 11.75525230 92 68 41
2.02031898 -0.09651701 11.84631250 70 45 13
1.70457660 -3.23548576 9.84588720 130 93 48
1.33982417 -1.33879772 9.86503858 122 97 76
1.30074891 -1.69958341 9.56691564 124 95 63
1.37800531 -1.28182552 9.77848125 135 109 84
1.57158936 -2.21462358 9.62935901 91 66 41
2.42629000 -0.55382878 11.83954475 96 70 41
1.91310926 -2.99568448 9.68003376 108 70 32
2.74429037 -0.90085365 11.88129259 222 214 204
2.23061845 -0.97762464 10.90363908 140 111 80
1.87423545 -2.55834807 9.54442097 193 157 118
2.94308523 -0.53855477 11.74401465 220 212 201
2.94308523 -0.53855477 11.74401465 220 212 201
2.21422350 -1.05174164 10.26930669 79 58 29
2.11690040 -1.09700986 9.99977577 83 59 35
2.47957470 -0.80309682 10.63075354 142 120 98
2.05541432 -1.53472276 9.49727517 78 52 25
2.11109000 -1.54256205 9.58263269 78 52 25
2.44782815 -2.54789232 9.52337568 91 56 16
2.50469897 -2.52849215 9.37070593 132 94 58
2.36592037 -1.19697506 9.63958884 67 43 17
2.48750980 -0.96448898 9.80210462 66 40 12
2.53902248 -1.00228003 9.70396112 143 116 96
2.53746645 -2.00140770 9.14409422 66 39 15
2.67915875 -1.11671712 9.43913864 133 109 83
2.83012515 -1.07534069 9.49255068 147 121 91
2.67511317 -1.89752854 8.95625066 97 70 41
2.84287863 -2.11256050 8.99851793 198 164 133
2.96867014 -2.11162249 9.11554949 185 148 121
2.90008329 -1.22920137 9.12324336 126 98 76
3.20063092 -0.96334675 9.51113612 157 131 99
3.36165396 -0.94199988 9.34871141 110 89 65
3.67555799 -1.00136518 9.49673288 96 74 50
3.67495390 -1.14300097 9.22103982 231 229 214
-2.35486810 -1.60367483 14.68932573 108 90 76
-2.35486810 -1.60367483 14.68932573 108 90 76
-0.97361764 -1.45043545 13.61409363 160 138 115
-0.97361764 -1.45043545 13.61409363 160 138 115
1.45411536 -0.88096424 11.39801368 100 74 51
-3.02620300 -2.15533261 15.14252225 81 62 48
-3.16154047 -0.55257644 16.34156474 76 58 46
-2.07606421 -1.22657177 14.58421323 149 132 122
-0.09809071 -1.12976547 12.80643636 66 46 20
0.00335640 0.18721557 13.06861116 112 89 75
0.75520060 -0.23555347 12.19144276 107 82 60
0.75770687 -0.23717867 12.19437092 107 82 60
1.50156912 -3.06453593 9.76277831 95 67 27
1.79660278 -2.19565642 9.53299898 82 61 43
3.64181480 -1.29699185 8.80739932 206 198 195
-1.79512167 -1.09307103 14.17487571 137 117 110
2.92102729 -0.45219402 12.41103655 125 107 85
2.69541716 -1.50984087 8.92637613 51 29 3
0.65209359 -0.20466315 12.40790071 56 35 16
3.57975605 -0.92835471 9.38490686 219 213 213
0.96426790 -1.89432040 9.61374147 150 124 108
0.96426790 -1.89432040 9.61374147 150 124 108
2.91103019 -0.81626207 12.06104934 200 196 190
2.26411492 -2.20841718 9.36068101 92 65 42
-2.74500854 -1.79308064 14.84203629 79 59 48
-2.38831016 -2.25938029 14.54807856 104 74 44
-2.22575368 -2.03588048 14.46447880 109 82 61
-1.91652604 -1.53628757 14.26456963 102 81 62
-0.76072546 -1.27450581 13.50988380 123 101 80
-0.30646835 -0.17978367 13.23129334 89 67 53
-0.23948812 0.81334264 13.86644525 149 127 112
-0.15588967 0.68272498 14.06458586 51 34 26
-0.02811444 -0.89533711 12.54044844 166 137 109
0.06994509 1.16500852 13.84678121 82 66 48
0.41913508 2.34645820 14.11658376 129 135 153
1.04241098 -0.34355102 12.15894677 53 32 12
0.79532657 -1.63266346 10.51043055 132 110 86
1.19409379 -1.45222753 9.62432203 73 50 22
1.47784403 -2.50382956 9.63340083 69 44 14
2.16561941 -1.48715905 9.41439889 73 47 24
2.17055722 -1.49153262 9.42834364 73 47 24
2.41634250 -2.27982798 9.21928438 103 70 37
2.42991099 -2.28188237 9.22766742 103 70 37
2.88552702 -0.62572357 10.43499953 207 200 190
2.88383829 -1.36457266 8.73116111 136 111 82
2.91406014 -1.45270487 8.67418758 73 49 20
1.67253668 -2.02433191 7.57605795 82 76 60
3.08739000 -3.27004789 10.67058166 204 177 144
3.38921105 -2.23035585 9.17685798 193 168 141
-4.66038255 -3.40921495 14.96026507 92 62 28
-4.00880373 -3.72826789 15.38616443 188 155 113
-4.29678922 -1.90064386 18.37131029 151 151 146
-3.79813936 -3.60603238 15.46391772 144 117 90
-3.98877547 -1.25771802 17.03408609 145 135 130
-3.55773139 -3.19193780 16.52616368 147 140 137
-3.15899911 -3.98366607 15.58075491 182 146 110
-3.57220735 -1.70536508 15.68264813 117 97 86
-3.49553228 -0.73630057 16.12238532 151 134 126
-3.31543041 -1.43694001 15.68737588 169 152 142
-2.71262084 -2.68245723 14.90385615 173 141 110
-2.72553371 -1.31406611 15.40658526 102 84 72
-2.88500615 0.13129986 16.67239339 109 91 72
-2.54596999 -2.14207548 14.73785222 64 43 21
-2.17906924 -1.22950365 14.74609533 90 70 54
-1.86196095 -2.08720526 14.38344434 177 143 105
-1.10909465 -0.75166004 13.99651749 149 128 109
-0.45367574 -2.58513349 14.62596935 220 220 220
-0.68023511 -0.50489785 13.42407426 164 146 129
0.65417419 -1.29704263 12.21724576 42 23 1
1.09278233 0.17948925 12.32174100 138 117 96
1.39972061 -0.27657066 11.84519846 139 115 91
1.22966437 -3.08779860 9.93487154 216 191 155
1.56366834 -0.21049433 11.93875399 65 43 19
1.63427881 -0.25921426 11.77564358 138 113 91
1.18679090 -0.81580783 10.53040702 81 52 26
1.24454158 -0.81882874 10.37275011 106 80 54
2.37060441 -0.86336070 10.64754918 127 104 77
3.12039059 -0.24451762 11.79247625 216 208 197
2.67963993 -0.78699237 10.34611886 113 88 58
2.37640789 -1.26141202 9.54340207 48 24 1
2.51145375 -1.22423762 9.50680882 132 109 84
2.68979164 -1.84386447 8.98363285 70 42 14
2.87469018 -1.41789579 8.94606375 65 44 20
-8.35314315 -15.74640226 31.59194027 18 17 13
-8.49516837 -14.70022931 31.38122107 164 160 160
-8.29924070 -15.45667723 31.86306948 14 15 15
-8.09928356 -15.27876551 30.76451612 20 19 13
-8.27537774 -15.14789478 31.74594747 28 28 24
-8.37900169 -15.17311743 32.55164323 1 1 1
-7.77712515 -15.66694479 31.22964742 38 35 25
-7.98226134 -14.37902970 31.19427795 0 0 0
-7.65462123 -16.09458688 32.27763800 157 146 127
-7.74880287 -14.82795412 31.43146425 68 63 68
-7.55645614 -15.43260757 31.83027052 34 33 31
-7.28999820 -15.90848084 32.24207515 62 61 57
-7.23019358 -16.09688147 33.67720101 90 90 78
-7.23019358 -16.09688147 33.67720101 90 90 78
-5.21358701 -3.36746239 15.31687221 139 110 78
-2.94565151 -14.34229611 31.44582575 115 112 105
-4.18748653 -3.91342104 15.80775208 229 224 217
-1.88404913 -12.08271078 31.15413788 138 136 136
-1.83128574 -9.57590810 36.87173339 39 39 37
-4.16971955 0.17360482 17.34035598 150 156 170
-3.59364828 -0.91342279 16.47762438 157 135 126
-2.82495847 -3.58513642 15.47783722 184 149 113
-3.27906345 -0.31806146 16.48846776 84 58 45
-2.80722367 -2.74856399 14.87793412 176 142 105
-2.97066786 -1.45227235 15.48281396 123 99 83
-2.70346506 -2.27828219 14.94905433 91 64 45
-2.70339042 -1.86572792 14.92938095 117 94 80
-2.69387034 -1.57296747 15.12864695 80 57 42
-2.93310992 0.18883724 16.67268584 112 95 85
-2.99212770 0.44859078 16.53132755 144 152 175
-2.58748295 -1.53407492 14.92134335 176 157 143
-2.17535374 -2.69624486 14.62328492 187 150 108
-1.90901848 -3.30965961 15.07612465 190 155 115
-1.90901848 -3.30965961 15.07612465 190 155 115
-2.14104986 -1.82806910 14.38615983 92 71 50
-1.87367234 -2.13578492 14.40680243 69 43 22
-1.81620020 -1.40043659 14.29399058 159 136 118
-1.81473446 -1.04706030 14.52702447 100 77 69
-0.93032047 -2.61760405 14.50503536 147 115 76
-1.11448134 -1.96648653 13.90747421 124 89 51
-1.11770832 -1.96890447 13.90392681 124 89 51
-1.09957671 -1.47624362 13.72011666 191 164 135
-0.97005174 -1.38164663 13.58351108 103 78 56
-0.65008491 -0.83117327 13.32036156 153 127 110
-0.24433590 -1.61368878 13.06930668 190 153 113
-0.37538408 -0.54417469 12.99193002 110 83 66
-0.37538408 -0.54417469 12.99193002 110 83 66
-0.27556564 0.60703089 14.00718571 57 43 41
0.43803515 -2.14659005 13.32091453 239 233 222
0.29279406 -1.87542244 12.80856773 191 159 121
0.67273890 -0.24473596 12.29293240 139 115 91
0.60296878 -1.29090637 11.02451772 57 31 6
0.48384360 -2.09345728 10.30588740 134 113 92
0.87003085 0.09271399 12.30809246 135 115 91
0.56989981 -2.87665991 9.89026645 120 82 47
0.56765802 -2.87541948 9.88386343 120 82 47
1.12042760 -3.16589692 10.13833034 94 65 43
1.37287264 0.03793167 12.10565740 58 37 12
0.86931822 -1.69308156 10.15328230 55 29 6
1.26009168 -3.26215863 10.11167921 217 188 150
1.34688271 -3.27431261 10.02308093 199 172 140
1.51562429 -0.57718997 11.62443457 125 100 78
1.09750966 -1.20734834 10.18930241 62 34 13
1.88899413 -0.19758486 11.90432413 60 34 8
1.29279282 -2.17067879 9.78863003 101 74 46
1.98316048 0.12684445 12.04047325 151 130 110
1.45079114 -2.83169284 9.60113561 185 153 123
1.20299188 -1.90070698 9.54879271 176 147 117
1.68805205 -3.05550559 9.62027228 200 163 127
2.77828789 0.21059079 12.41819464 220 211 198
1.91716450 -2.55598056 9.52212579 67 42 3
1.88808053 -2.15115916 9.47054497 109 77 52
2.80367813 3.86363782 12.05217608 135 138 145
2.48677607 -1.20017651 9.52575239 56 29 8
2.69087540 -2.35224155 9.33640849 198 161 119
2.90087289 -1.17828546 9.07154931 127 103 77
3.21699944 -1.50694368 8.62620542 141 120 91
-5.44501510 -3.34307768 14.01065215 163 139 116
-5.44686771 -3.19052799 13.68933504 154 136 114
-4.96488136 -3.19951624 14.32923604 161 133 108
-4.71094773 -3.33414990 14.49663575 91 58 23
-4.57539802 -3.27264546 14.81063774 147 122 99
-4.52415302 -3.33156579 14.68940057 116 88 63
-4.45345735 -3.29051860 14.15484755 99 68 36
-4.29674703 -3.69859842 14.98588987 192 156 110
-4.31158487 -3.64069437 14.43756834 150 122 83
-4.39512777 -1.95313894 17.88214660 166 160 152
-4.39512777 -1.95313894 17.88214660 166 160 152
-4.03536869 -3.45729594 15.27241440 131 112 94
-4.13914944 -2.86724119 15.77698523 222 218 215
-4.50994448 -1.16012745 17.09856419 217 218 223
-3.88584764 -3.89519636 15.33450102 163 133 99
-4.11960591 -1.68462395 18.40435349 153 153 150
-3.69231202 -3.85272612 16.14068126 137 106 75
-3.70081541 -3.95902235 15.40857678 160 123 78
-4.16667022 -1.41849586 17.46677987 214 214 214
-3.65059165 -3.90862813 15.00226723 170 145 104
-3.47365614 -4.05564516 15.59094423 160 128 88
-3.77983292 -2.63622179 16.32113791 226 222 215
-4.07879395 -1.16994834 17.03900762 225 220 226
-3.97823296 -1.62999294 16.57143107 181 164 153
-3.41383884 -4.06334515 15.56094030 157 123 82
-3.93801848 -1.51223682 17.04708344 166 144 131
-3.83976282 -2.21163447 15.90080790 184 164 156
-3.50493067 -3.16939131 16.51130624 150 136 121
-3.50493067 -3.16939131 16.51130624 150 136 121
-3.42547874 -3.60693615 15.88040409 219 218 213
-3.46890627 -3.67110259 15.34471870 127 112 87
-3.51139860 -3.17853616 16.18666359 116 92 77
-3.29089890 -3.62356590 16.05054362 130 108 74
-3.93604486 -0.91688777 16.57899147 176 158 146
-3.93604486 -0.91688777 16.57899147 176 158 146
-3.22957073 -3.68876898 16.02769210 117 89 57
-3.22342614 -3.45395721 16.38496248 86 60 25
-3.18466579 -3.79729084 15.68336850 76 52 24
-3.17500591 -3.80267954 15.39757802 80 56 28
-3.31845133 -3.09035350 15.13474182 161 128 94
-3.46711677 -2.34030621 15.53826365 169 147 128
-3.48756842 -1.91175880 15.58082593 164 144 135
-3.54872377 -1.81608522 15.24336829 167 147 137
-3.20920973 -3.05538312 15.19743617 157 125 94
-3.59561738 -0.75626695 16.54365084 149 128 117
-3.51198987 -1.28175860 15.95674786 174 154 147
-3.43578885 -1.80695758 15.36765584 166 148 141
-3.15419061 -3.03075484 14.96422773 67 46 19
-3.44442111 -1.48764120 15.71008054 160 141 132
-3.91206933 0.67506859 16.21269680 212 210 215
-3.44122531 -1.41024696 15.54662126 106 82 70
-3.51466549 0.08444403 16.68283530 155 139 136
-2.89893138 -2.86030621 15.16170450 170 137 103
-2.95866653 -2.51637489 15.09557866 73 52 33
-3.11010098 -0.85147510 16.26143737 74 48 25
-2.49085643 -3.70073870 15.27134312 169 133 93
-2.98875888 -1.85541779 14.92992402 148 129 114
-2.46303997 -3.78193266 15.06368256 155 118 73
-2.86332508 -2.00124951 14.90253235 94 71 53
-3.13223467 0.18033417 16.82043809 128 112 100
-2.84073584 -0.81138915 16.26727220 87 64 45
-2.79016799 -1.75430345 14.99712926 159 139 128
-2.73730860 -0.82175010 16.23357986 102 80 57
-2.73447629 -0.84260806 15.96578395 155 137 122
-2.73842058 -0.15731893 16.72629828 59 37 13
-2.06242211 -3.07998901 14.83382091 185 151 104
-2.89431537 -2.24228763 11.62839201 154 118 75
-2.04873686 -0.56889117 18.31431462 72 65 75
-2.46897879 -0.91473876 15.44134016 105 85 71
-2.00141816 -3.00461200 14.81591863 190 155 117
-2.37655702 -1.44055819 14.85792144 156 137 120
-2.37655702 -1.44055819 14.85792144 156 137 120
-2.33677539 -1.33822630 14.89600159 83 61 50
-2.28692883 -0.53559748 16.01932900 165 152 145
-1.88324138 -2.87227754 14.76186564 185 151 106
-1.87942599 -2.67610449 14.59840596 155 123 82
-2.24923922 -1.03261167 14.88405679 171 153 140
0.88545358 -5.60012948 22.91545020 223 224 219
-2.09777081 -0.76814744 15.11954218 164 145 135
-1.74773248 -1.09033418 14.35286380 140 121 106
-0.87507478 -2.86813525 15.09729984 183 157 120
-1.26142768 -2.20457891 14.28719215 73 40 8
-1.03322517 -2.41981547 14.46858985 188 153 114
-0.58869486 -2.88827776 15.47785075 231 229 227
-1.23025413 0.07373038 15.22184155 165 152 146
-1.18750276 -0.01777461 14.99964655 170 151 144
-1.16790100 -0.77440604 14.01887122 151 130 114
-1.01796394 -1.62344112 13.74477620 184 153 118
-0.94931573 -1.73612840 13.75005152 132 105 75
-0.87182931 0.11404709 15.36036433 174 155 148
-1.05461740 0.07031116 14.86198560 174 155 148
-0.60511536 -2.31767963 13.97689461 201 168 127
-0.70867776 -1.89543297 13.68712091 190 154 114
-0.90190481 -0.06762941 14.35624752 97 77 66
-0.53346356 -1.45327357 13.53236331 172 139 101
-0.07459416 -2.23352933 14.00243254 164 130 90
-0.33682266 -1.59221674 13.19199417 167 135 99
-0.53450535 -0.12703034 13.49414565 165 139 120
-0.33147330 -1.27183228 13.11032299 172 141 103
-0.43110017 0.75366905 14.20165027 176 154 141
-0.05727602 -1.63549240 13.24953146 90 60 32
-0.37623150 1.18972255 14.24907831 151 129 115
-0.41862307 1.78429957 14.42621583 88 76 78
0.36306742 -2.13484821 13.58665653 161 127 90
-0.25388832 1.25012383 14.31770023 148 126 112
-0.29257675 1.78763620 14.24869916 97 77 66
-0.31733504 0.14869798 13.01939882 94 69 44
0.50564123 -2.09162227 13.40466696 177 142 97
0.47660428 -1.98039412 13.17343041 196 163 125
0.25340304 -1.26622232 12.76192295 164 132 96
0.27918961 -1.60551719 12.60859106 202 168 129
0.28352978 -1.50173423 12.59971104 203 165 128
0.27794663 -1.51076930 12.59173514 203 165 128
0.58873402 -1.97235254 12.94634057 124 93 65
0.21333738 -1.19366915 12.52059856 153 123 89
0.57867808 -1.82746953 12.86528324 182 148 111
0.48183670 -2.20195528 12.33577851 232 228 225
0.32254617 -1.51829492 12.41508766 171 140 94
0.51428765 -2.19186043 12.38391406 237 234 229
0.60543117 -2.84406557 11.78785586 237 226 215
0.30558089 -1.70730701 11.83778533 158 137 115
0.21322157 0.30347872 12.85483493 96 74 51
0.46721089 0.76064550 13.55726283 142 124 108
0.46902552 -2.63216798 11.40950206 192 171 140
0.51380571 -2.26150016 11.63243915 139 118 94
0.33528622 -1.79509766 11.45854447 64 38 9
0.27714021 -2.49946930 10.90590026 191 167 143
0.27891271 -2.42802932 10.88247707 179 158 136
0.39175841 -1.76972063 11.50008614 64 39 9
0.22777285 -2.26096191 10.72065405 170 145 119
0.81565264 -3.20309522 11.37653626 172 153 123
0.34199757 -1.92122066 11.09419991 59 33 9
0.62817319 -3.01187015 11.04077259 121 90 55
0.27970655 -2.50725486 10.56948606 60 40 13
0.33136901 -2.13599030 10.85879874 57 33 7
0.45992642 -2.90050321 10.59071176 196 167 137
0.46537724 -1.54466497 11.25643102 64 36 13
0.35453353 -2.25527305 10.52849800 65 38 9
0.46244545 -1.49314125 11.08495861 155 128 107
1.19136539 0.97966194 13.87749911 123 106 90
0.77342208 -3.16822931 10.66734564 120 97 58
0.94518917 -1.17022329 12.04188023 111 89 73
0.96007199 -1.12151610 11.96827081 94 69 52
0.98649422 0.66096269 13.02834928 88 65 42
0.43525903 -2.32512499 10.16035672 61 37 9
0.40932937 -2.32821437 10.05344238 154 129 105
1.03066734 -0.10313908 12.28133810 137 113 89
0.26339357 3.37572857 12.69468230 133 133 133
0.26339357 3.37572857 12.69468230 133 133 133
0.51347875 -2.02277925 10.17625402 139 113 88
0.83099706 -2.97590094 10.03540714 51 24 4
0.89315656 -2.89499891 10.11973443 23 7 0
0.89783111 -0.89669224 11.10935620 53 29 13
0.82112038 -1.32148219 10.76355153 67 41 7
1.11148418 -3.19191956 10.25303600 117 86 53
0.82405518 -1.27562425 10.66276645 68 40 10
0.83458877 -1.05388873 10.78707102 162 139 117
0.75198643 -1.80070710 10.23217552 60 37 14
0.63318505 -2.62891329 9.58545682 62 41 20
1.26132597 -0.25689424 11.88273815 60 35 13
0.70967880 -1.82238312 10.11965577 135 109 81
1.39076345 0.52871942 12.45760685 90 65 45
0.64068402 -2.25367692 9.75633153 179 144 108
0.99008709 -2.87534534 10.00944815 135 104 71
1.50048196 0.49440119 12.54872527 139 118 96
0.80779203 -1.25276734 10.49362157 144 117 97
0.72217636 -1.77777572 10.06384167 140 113 84
0.70669316 -1.98011751 9.91040224 61 37 7
1.77656115 0.87389912 13.03218329 215 201 189
1.08298138 -2.81076124 10.02192800 120 88 63
0.71895331 -2.18292037 9.69503590 203 170 129
1.53686849 0.03060257 12.11232723 142 117 93
0.85110590 -1.42991842 10.20623417 140 114 89
1.06772500 -0.80970263 10.84367456 62 37 14
1.96598063 0.85588983 13.09912307 225 214 201
1.72150525 0.62297118 12.60061007 127 101 84
1.38725603 -3.26587634 10.06756415 213 183 149
0.96695062 -1.30442185 10.24093212 66 40 15
0.98288389 -1.06404073 10.34588121 153 127 100
1.68591960 0.01280767 11.96694260 131 106 86
1.45279066 -3.07285911 9.77366954 95 60 35
1.86982537 -0.71809814 11.48502320 90 61 34
2.04224960 -0.15791102 11.92325109 149 127 103
2.02979541 -0.01288174 11.94847358 97 70 46
2.03178955 -0.02608183 11.94289701 97 70 46
1.20921345 -0.88514115 10.22918815 159 133 112
1.43714508 -2.93553267 9.63934195 181 151 117
1.52691121 -2.99113947 9.72859069 71 41 7
1.24054521 -1.16970785 10.08363603 117 92 70
1.35385121 -2.44238361 9.67778212 174 143 114
1.49479701 -2.90898275 9.65621330 184 149 113
1.45087741 -2.73075223 9.63845484 71 43 21
1.49546402 -2.84932751 9.57932849 193 158 121
1.21378555 -1.62287750 9.66601345 59 35 11
1.23620924 -1.06595126 9.94940275 146 117 90
1.24459631 -1.83703561 9.59932186 173 140 109
2.34126861 -0.32031005 11.88368137 158 136 113
1.33788263 -1.06696447 9.93829520 95 67 39
1.49642079 -2.33443740 9.58310620 162 135 112
1.49750202 -2.33271353 9.58546274 162 135 112
1.79329609 -3.03186418 9.65547370 204 167 125
2.17575763 -3.41115404 10.04152021 104 94 83
2.18417754 -3.37885746 10.04940456 206 174 140
1.33731519 -1.36344402 9.58864398 142 118 94
1.73916262 -2.73929990 9.58622514 69 40 8
1.73763917 -2.69958600 9.58354779 191 157 122
1.13162138 4.40134704 11.65912336 216 208 201
1.68303912 -2.20010407 9.61192246 4 1 1
1.94858670 -2.90880115 9.64064230 196 160 122
1.93131321 -2.82627563 9.51232278 191 158 123
1.24505098 -0.86227098 9.32311413 157 135 112
2.04949112 -2.73939058 9.53957316 186 151 113
1.91155942 -1.58506391 9.73644210 58 33 12
2.25597639 -0.93331627 10.45500006 168 144 120
1.96538176 -1.33223916 9.87166691 129 107 84
2.03650549 -1.46865240 9.62444668 50 28 9
2.33248418 -0.97509712 9.95469339 91 63 35
2.37167603 -2.41064453 9.32829111 140 104 66
2.36691832 -2.38199299 9.29783492 138 103 65
2.30884631 -2.13867985 9.30325756 163 133 104
2.31159358 -1.09443189 9.71475293 133 107 84
2.37244390 -1.06842116 9.70060999 147 120 98
2.40772941 -1.00727230 9.60180721 151 125 102
2.55249692 -1.14994961 9.50145166 56 29 7
2.64149971 -2.24578333 9.05057457 198 162 124
2.74393131 -2.13465484 8.94152271 193 161 122
2.89181470 -0.99326307 9.30015383 156 127 102
2.53209493 -0.93058089 8.86895675 61 28 2
2.89508339 -1.15155915 9.15377606 56 25 4
3.25513744 -0.72376726 9.68255824 225 217 206
3.02812318 -1.07095620 9.05511229 55 29 5
2.85272040 -1.63850100 8.62963675 97 71 45
2.98872314 -1.73232126 8.64414834 171 135 106
2.98006986 -1.27188585 8.57859122 120 94 75
3.26385255 -1.10635967 8.83909828 125 111 97
3.29152455 -1.36308298 8.63532364 2 3 2
0.76074747 -8.47952832 40.74917069 203 204 199
-3.01815702 -2.15885582 15.15077494 81 62 48
-2.44238050 -2.71566048 14.53304732 99 73 50
-1.29536782 0.08996074 15.28542620 88 77 65
-0.26571890 0.64361086 14.00337319 65 48 40
0.58901016 0.20906174 12.70332163 100 81 63
0.74046137 -1.93529116 9.69887185 139 114 92
1.59547289 -2.61349988 9.58950515 58 36 12
2.39814081 3.62523655 11.58916638 133 137 148
0.89843443 -0.76406831 11.89647295 131 110 93
-0.28188747 0.95439595 14.09254799 152 132 123
0.56103382 -1.95941264 6.41137193 99 98 95
-3.43297369 -3.84431586 15.23528813 174 139 99
-3.42939103 -0.90042349 16.22015295 88 69 55
-2.76280640 -2.94328942 14.76009973 91 66 36
-2.81883629 -2.03758385 14.77248790 145 124 107
-0.29833724 0.45688627 13.71508762 102 80 67
-0.28225758 -0.23130060 13.31320674 68 47 29
0.05930247 0.30734250 13.26321311 63 41 25
0.06691652 -0.32625784 12.80486319 138 117 98
0.76796930 -0.99635714 11.09521625 147 126 105
1.14926800 0.23385261 12.47364650 52 34 13
1.16288427 0.34652592 12.45007583 78 60 40
0.99769387 -2.72166005 9.92289288 159 128 106
1.42999324 -0.27962321 11.84562893 125 101 75
1.18241745 -3.23602148 10.14866511 152 122 97
2.52122885 -2.26005766 9.17800027 172 136 102
3.14891415 -1.89597329 8.72268624 152 119 79
-5.22136142 -3.30545351 14.01638843 193 166 136
-4.61989273 -3.58410383 14.55940149 164 140 103
-3.39070032 -2.91961079 16.85869644 168 148 131
-3.14028433 -3.77914903 15.25571111 93 68 37
-3.40511148 -1.88673925 15.54694207 117 97 86
-3.12148250 -3.22409553 15.08489568 103 77 44
-2.97512190 -3.83519793 15.69295416 176 141 105
-3.46963759 -0.96384502 16.00146655 95 74 62
-3.08052471 -2.58555169 15.00596556 76 55 28
-3.19497175 -1.39680196 15.76050512 131 112 105
-3.09275042 -1.56607034 15.06390805 175 158 150
-2.63989190 -1.76294513 14.64010269 105 86 70
-2.63989190 -1.76294513 14.64010269 105 86 70
-1.96171274 -2.16440522 14.32096168 66 41 11
-1.61143440 -3.19346054 14.88067602 193 161 120
-1.96506823 -1.17362644 14.59053714 158 137 123
-1.54849911 -2.10435398 14.19481918 180 149 114
-1.55297423 -2.09565979 14.17658038 180 149 114
-1.34045533 -2.77971947 14.61997222 187 155 116
-1.44999812 -0.61125558 14.35427248 157 139 126
-1.09096121 -0.69174283 13.99872477 82 63 48
-0.22198463 1.79257349 14.26505178 149 133 120
0.01227229 -0.44666964 11.82604423 56 36 12
0.43056335 -1.59558092 11.17908022 156 131 110
0.77972172 -0.19734139 12.25731982 133 112 85
0.74702330 -0.97570228 11.12407330 47 27 3
1.16524226 -0.04659059 12.24560160 125 102 80
0.93855531 -0.92177151 11.04629153 146 125 95
1.28829790 -0.02104424 12.17466798 130 112 88
-0.14367809 -1.88433619 7.62343259 61 34 7
1.76500567 -2.68745872 9.54625092 72 42 6
2.33429783 -2.85243058 9.63900614 142 105 61
2.31408797 -2.84416757 9.61618704 142 105 61
2.45476701 -0.82084046 10.29905923 113 86 63
2.64515513 -2.44363601 9.31516441 162 124 85
2.64193607 -1.12748242 9.55991993 50 27 4
2.58073399 -1.92881610 9.07518005 179 146 111
2.72157129 -1.26624355 9.04546415 144 116 94
-4.47292775 -3.38500509 14.97765038 94 63 32
-1.87412534 -12.66545996 30.84222813 65 65 63
-4.11678078 -0.77969357 17.91406658 217 216 222
-3.77715688 -1.75674782 15.90206581 189 168 163
-3.65782894 0.06902483 16.74604207 159 147 148
-3.57577241 0.10773313 16.70206022 163 152 154
-3.24331388 -1.68733707 15.32851774 177 160 152
-3.22137867 -1.33390021 15.71834712 91 67 54
-3.37076041 0.19345037 16.73087730 80 72 78
-2.77427363 -1.62929488 15.15094808 79 56 40
-2.77281859 -1.36848088 15.09238192 188 169 162
-2.36272468 -2.00482056 14.69931396 96 76 52
-1.40379457 -1.11222991 14.13557991 90 68 55
-1.40071901 -1.11391901 14.13741641 90 68 55
-0.93660445 -1.25514477 13.72168383 78 54 31
-0.94315393 0.14624027 14.82376394 168 148 137
-0.34104927 -2.10432343 13.57944329 103 66 29
-0.37087763 -1.69798864 13.39585929 173 139 98
-0.47172034 0.45535932 14.43313067 99 72 61
-0.27601317 -1.69808189 13.37713306 196 159 117
-0.21451227 -1.95987046 13.39646869 203 167 131
-0.23031829 -1.18947741 12.92467701 181 147 113
-0.35228358 0.00473050 13.28126880 151 128 110
-0.09503808 -1.52086021 12.93979897 185 149 115
0.52045812 -1.03013992 12.30445846 44 26 4
0.85138157 0.08688404 12.45762626 139 120 99
0.43150029 -2.01600184 10.18205907 62 38 12
0.48546070 -2.02640556 10.13773006 129 107 86
0.54733127 -1.95114803 10.13260227 129 104 83
1.10439340 -1.89653775 9.58084870 101 72 37
1.40290053 -1.76960414 9.56081955 53 29 2
1.58834362 -2.11235124 9.69293476 0 0 0
2.01367184 -1.32655290 10.04067924 48 21 5
2.13724490 -1.06204153 10.08510938 148 123 98
2.29091603 -1.14653916 9.70024872 106 79 61
2.26557642 -2.06559813 9.28353902 77 48 16
2.38662212 -1.97214107 9.20836253 86 56 28
2.68376459 -1.89793052 8.96531974 97 70 41
2.85870839 -1.63188241 8.84283934 89 63 36
2.91191907 -1.37695460 8.90631751 54 34 7
2.94499197 -1.25712451 8.90700720 114 88 68
-4.21054735 -3.47591056 14.04116540 200 165 123
-4.07975512 -1.67193525 18.54196463 153 153 150
-3.85165182 -2.44560637 16.05242485 168 161 156
-4.05177476 -1.35457477 16.33925708 154 141 135
-3.80770910 -1.47494014 15.66865073 126 105 91
-3.14943227 -4.08036787 15.42538245 230 223 214
-3.31980657 -3.61371899 14.73277714 76 52 24
-3.77566627 -1.10681195 16.11584210 161 142 128
-3.54129223 0.13771599 17.07973274 151 144 148
-3.13289839 -0.59316893 16.25154033 61 38 19
-2.87121854 -0.89734941 16.03721460 132 115 93
-2.82175775 -1.42303370 15.15180215 180 167 154
-2.89583199 -0.00774725 16.75166555 44 25 10
-2.77042824 -0.69382369 16.39536280 59 38 17
-2.61979008 -1.89953969 14.35926130 172 146 127
-2.45114072 -1.43986347 14.85502828 166 148 128
-1.94586749 -3.20752375 14.69814979 181 152 113
-0.78320524 -1.93246262 13.79053181 181 146 104
-0.39472292 -2.49079767 14.52111036 175 143 103
-0.80491989 -0.03966632 14.47546277 112 94 82
-0.28703323 -2.35650331 14.00882735 239 224 210
-0.73335834 -0.92337172 13.63011798 151 129 107
-0.80464630 -0.04655375 13.85743467 169 146 132
-0.21567920 -2.02736289 13.57962770 77 43 5
-0.59346246 -0.48702246 13.49200581 155 134 116
-0.57912223 -0.45488744 13.40291883 162 140 120
-0.59554992 -0.17330803 13.52899715 166 143 124
-0.32893179 1.51397481 14.79211678 156 132 120
-0.41561340 0.27409050 13.55607181 79 56 47
-0.09325128 -1.51616605 12.96791218 191 155 112
-0.25008134 -1.10628688 12.84801408 140 106 73
-0.33576664 0.44443786 13.60977738 103 78 64
-0.17582641 -1.11432117 12.86874732 196 161 129
-0.19721525 0.34394400 13.66810451 155 135 116
0.10895909 -0.00754107 13.29980267 72 50 29
0.48795763 -1.80579448 12.74478118 176 142 105
0.61326649 -2.02286803 12.73407673 190 165 131
0.44393931 -1.77799274 12.19378678 153 131 107
0.36615163 -1.66501127 11.88477692 152 130 107
0.51862160 -1.62491322 12.18287608 60 39 18
0.58790537 -2.89783172 11.54010931 153 134 113
0.30752150 -1.85170446 11.48625615 64 38 13
0.62491213 -2.95678199 11.29279161 135 109 81
0.39748328 -2.76233041 10.91427011 189 161 128
0.38217488 -2.75284290 10.87547369 189 161 128
0.28937465 -2.02900629 11.05718704 147 125 97
0.69930464 1.64271662 14.05275720 108 91 71
0.83411498 1.69611840 14.32411397 108 91 71
0.33479959 -2.67364500 10.59461979 194 171 140
0.40582827 -1.61845987 11.26995811 60 34 8
0.48350582 -2.90976072 10.63291933 196 167 137
0.60862972 -0.27568550 12.32256338 137 110 89
0.73403650 0.08032219 12.61836826 73 51 31
0.35168644 -2.25780614 10.51944200 65 38 9
0.51646445 -1.44524531 11.07010873 150 123 102
0.36158506 -2.17788155 10.33575335 68 42 18
0.58729057 -3.01477227 10.31459026 218 193 160
0.35605048 -2.48745308 10.13982471 140 115 92
0.40943558 -2.28562584 10.05821253 69 46 24
0.61914707 -1.24745527 10.95330193 62 37 15
0.97632207 -0.41038578 12.02388101 131 106 75
-0.12355105 -2.19190048 9.02679927 125 95 66
1.07836815 -0.04344158 12.30784248 66 44 20
0.41435977 -2.25878829 9.84132622 90 63 36
0.54761656 -1.97850728 10.21270666 144 118 93
0.75911575 -1.38394124 10.80357771 58 30 8
0.79474014 -1.08440828 10.79764413 151 128 111
1.14005021 -3.24261359 10.29986228 223 197 165
0.77629134 -1.18508594 10.65470278 131 105 82
1.27348975 -0.03637801 12.08426686 131 109 88
1.36779507 0.04297338 12.23515818 63 38 20
0.64264100 -1.86831871 9.97686796 88 62 37
0.85352712 -1.23174476 10.63502364 64 37 6
1.18697633 -3.49732911 9.87910086 162 138 110
1.32491919 -2.97649074 9.75296099 128 94 59
1.30611166 -2.97009915 9.72551650 128 94 59
1.75136972 -0.69147698 11.45202442 81 55 26
1.67287641 -0.69331004 11.32893719 81 55 26
1.78854355 -2.08062250 9.56782092 8 4 2
1.76860179 -1.39667735 9.82230453 119 95 71
1.82416889 -2.12131232 9.57583261 118 99 78
2.08426003 -2.69990451 9.48887419 183 148 108
1.97632790 -2.41216125 9.46567367 197 164 130
1.90669614 -1.84554312 9.48396369 53 32 10
2.39770599 -2.45097234 9.33231639 194 160 123
2.70467059 -0.66668147 10.13727209 238 231 221
2.38570192 -1.62627670 9.19451819 72 42 16
2.73419996 -2.34854144 9.28634835 81 41 6
2.77361689 -1.33185507 9.70664276 106 82 58
3.36124867 -0.67981478 10.62248742 140 116 92
3.01875419 -1.14287882 9.03757148 127 101 78
3.50632865 -0.71813802 9.66506147 227 219 208
3.26046496 -1.21697311 8.85489391 123 97 76
-3.66871747 -4.01319542 16.01578609 157 123 83
-3.79619781 -3.67632744 15.88474221 104 73 43
-3.85920747 -2.31870774 18.86719883 153 143 136
-3.63717101 -3.65625386 16.16591318 111 81 56
-3.55735532 -3.77133211 16.41100615 134 104 74
-3.96055542 -2.02051067 18.30950199 159 152 146
-3.87262467 -2.14503276 18.37644081 166 158 153
-3.34127728 -4.17307712 16.08655974 217 208 197
-3.87843335 -2.16756040 17.71763879 132 121 119
-3.49996292 -3.69830916 15.95561208 107 85 58
-3.89722862 -1.83138522 18.32877979 153 144 139
-3.99264412 -1.70690656 17.55467604 215 214 220
-4.01113364 -1.71458566 17.27523991 217 213 220
-3.35698984 -3.52142205 16.83270565 210 202 195
-3.90206956 -1.99218095 16.71902393 94 74 62
-3.18569906 -4.14182008 15.89596139 158 135 97
-3.85445200 -1.98906249 16.73146046 172 152 141
-3.54428880 -2.88909758 16.50652492 95 73 60
-3.24232898 -3.79114972 16.24679638 211 205 200
-3.24232898 -3.79114972 16.24679638 211 205 200
-3.29035777 -3.59876453 16.32396106 218 211 200
-3.19208808 -4.05878825 15.70194331 163 126 84
-3.17532991 -3.73297913 16.65527489 216 210 203
-3.27899140 -3.52474930 16.46081390 211 202 189
-2.97034540 -4.28741489 16.55868520 212 198 176
-3.31195798 -3.51992451 15.95955210 103 76 51
-3.05281611 -4.15102874 15.88210409 218 209 197
-3.11864195 -3.96503157 15.71318950 133 96 54
-3.09901401 -3.93307407 15.71451194 157 122 85
-3.45057724 -2.67148959 16.17753798 114 91 77
-3.44913449 -2.79608889 15.75855983 175 153 138
-3.90436570 -0.93625608 17.54283631 143 125 117
-3.51727849 -2.31320543 16.44491529 127 104 91
-3.51727849 -2.31320543 16.44491529 127 104 91
-3.26653876 -3.26627600 15.68850778 71 45 15
-3.83929053 -1.20160303 16.79377648 175 152 147
-2.92495082 -3.98292147 15.83328715 57 34 4
-3.03936487 -3.51287199 15.72136421 163 128 92
-3.84851464 -0.36354335 16.97089578 105 78 68
-3.47806181 -1.90705797 15.57541189 151 131 123
-3.54242426 -1.54071138 15.98200887 91 69 55
-2.67098675 -3.79365232 15.97165397 178 141 99
-2.92676195 -3.50811858 14.99592513 172 138 99
-3.73755605 -0.32825376 16.90970624 154 131 119
-2.65240235 -3.91192629 15.29976203 135 98 59
-3.43233753 -1.56987104 15.69006273 91 72 59
-2.73549200 -3.23906758 15.88582525 83 57 27
-2.70857554 -3.24998621 16.04228114 83 57 27
-3.35924403 -0.93021778 16.33883019 86 68 52
-2.38091796 -3.86018967 15.28558415 139 110 78
-3.23245307 -1.12031161 16.14772576 77 55 36
-2.93957767 -1.82747688 15.28686865 161 141 132
-2.31002814 -3.34806210 15.02691262 100 65 26
-2.17506090 -3.60400638 15.10782350 135 99 56
-3.06405975 0.31351174 17.37811361 53 47 41
-2.68989545 -1.90936597 14.96636707 68 41 24
-2.32643095 -2.87113720 14.71524241 69 41 16
-2.68412330 -0.72121374 16.64514476 125 114 118
-2.70125408 -1.16964250 15.55915891 138 116 103
-2.68578144 -0.78869574 16.07649899 96 75 58
-2.47928010 -2.25100879 14.54309213 87 60 35
-2.52435044 -0.56537212 17.05471352 122 113 125
-2.36818129 -2.39338653 14.67643206 150 115 81
-2.70103937 -0.05307388 16.82902677 49 31 12
-2.38012564 -2.25694539 14.56518177 88 54 18
-2.04975931 -3.02823627 14.72931915 173 137 100
-2.32836384 -0.92864690 16.59507002 137 117 110
-2.25478273 -2.31776124 14.60405048 163 128 94
-2.52968010 -1.23120349 15.12030681 165 146 139
-2.07162457 -2.65271978 14.52721781 65 37 6
-2.43432711 -0.75652020 15.45791461 143 125 118
-2.03408711 -2.14967713 14.42155605 177 142 105
-1.61746000 -3.05237412 14.59459198 129 89 45
-1.25438601 -3.13759250 15.16116964 174 148 111
-1.83606781 -1.61676001 14.43905983 118 89 71
-1.88123723 -1.44751645 14.39243744 148 126 105
-1.52344006 -2.29576018 14.35023827 184 150 113
-1.82517311 -0.83005242 14.71459360 153 132 117
-1.49780954 -1.89145194 14.17860193 167 133 97
-1.26682905 -2.23455181 14.26579390 105 74 45
-1.28207842 -2.23057736 14.23420966 105 74 45
-1.56252053 -0.91038395 14.48828569 114 92 81
-1.57878890 -0.27014444 15.18716287 167 153 148
-1.57878890 -0.27014444 15.18716287 167 153 148
-1.48900720 -1.31802468 14.04081817 99 78 59
-1.01092557 -2.25027834 14.01543862 111 82 42
-1.47966274 -0.56570137 14.33329178 98 74 66
-1.11652062 -1.47267135 13.65943538 163 139 110
-0.42026111 -2.38534266 14.44890624 115 83 41
-0.42026111 -2.38534266 14.44890624 115 83 41
-0.29261486 -2.43771477 14.69488351 175 142 111
-0.91847807 -1.84207617 13.59754295 100 74 50
-0.75395583 -1.90847408 13.50936367 72 41 10
-0.08679669 -2.45533734 14.61447261 210 210 201
-0.79494421 -1.53632679 13.57706423 162 132 98
-0.35439494 -2.30680755 13.75849262 148 122 93
-0.96375563 -0.67932458 13.82823230 143 124 109
-0.88999296 -0.60483932 13.94774821 78 59 45
-0.57635668 -1.84940371 13.25949340 85 55 28
-0.39632518 -1.98220936 13.26882676 177 144 101
-0.18860924 -2.03806330 13.57589838 108 75 41
-0.73771315 -0.63830880 13.55346269 149 127 114
-0.02499411 -2.26980875 13.61051246 212 211 207
-0.20337449 -2.22164075 13.21963963 212 213 208
-0.05821392 -2.00146799 13.55577856 83 48 15
-0.24685677 -1.70010667 13.29008503 70 39 8
-0.04375990 -2.13278276 13.33946487 148 123 89
-0.45072344 -1.30391392 12.95993993 169 135 98
-0.53988463 0.38297875 14.16414985 158 141 127
-0.44024704 0.47195321 14.49189021 92 71 57
-0.52748573 -0.10599537 13.69613044 97 75 63
-0.09010907 -1.70955809 13.14695432 141 110 79
0.24376850 -2.19326315 13.41141000 227 223 216
0.61641229 -2.20831350 14.01926096 227 223 214
0.22060073 -2.10120149 13.09485060 149 118 82
-0.37064152 0.23554077 13.67365096 164 141 125
-0.47070411 0.23111471 13.32362193 161 138 120
-0.07188203 -0.08866716 13.15901290 61 42 26
0.89051909 -2.18512960 13.22666819 130 99 70
0.33909360 -2.51294299 11.59357883 226 223 213
0.58625249 -2.50165808 12.04966274 110 86 60
0.56763156 -2.74105613 11.82819034 225 218 211
0.05944483 0.13959178 12.98944850 94 73 52
0.52762992 -2.67173202 11.70492134 119 99 72
0.48566114 -2.78879104 11.31747997 91 67 32
0.65175978 -3.13979865 11.27336828 231 221 208
0.23687275 -0.14476589 12.69158932 63 39 15
0.23291896 -2.28283530 11.03685389 77 53 25
0.27998441 -0.46298660 12.41161031 129 104 82
0.31848712 -2.58866762 10.83524359 140 113 83
0.25647841 -1.80769308 11.27123588 150 125 103
0.51427541 -2.98362332 10.83449280 106 77 45
0.39652793 -2.84681230 10.70501714 180 153 124
0.26900660 -1.76438398 11.22571901 144 119 99
0.22557893 -1.96431117 10.98817062 56 32 8
0.65413574 -3.14185239 10.87734434 166 141 111
0.41511767 -0.10997916 12.60270961 115 96 74
0.90397810 -3.34615671 11.11807077 154 131 98
0.35231805 -1.69802735 11.24914763 138 113 91
0.85186817 -3.33721902 10.92275030 170 149 120
0.24224841 -2.52712137 10.40277174 140 116 90
0.61427397 -2.99971660 10.66316727 136 111 80
0.35891882 -2.28269991 10.72457754 112 90 67
0.40974942 -2.79730876 10.42071774 129 100 69
0.59118538 1.58669010 13.81824522 119 102 86
0.27789291 -2.38312430 10.43357248 132 111 88
0.37658834 -2.75586094 10.31081497 190 164 134
0.50963436 -1.49415053 11.24351453 59 33 10
0.64154810 -3.00502530 10.36114183 221 197 163
0.74206080 0.57176171 12.94200355 76 51 29
1.21308645 -3.52012446 10.87835100 178 158 129
0.60022426 -2.95878473 10.25126334 140 105 72
0.37431248 -2.43923380 10.20008985 70 46 23
0.47098771 -2.80007488 10.06968893 85 56 21
0.63865001 -3.03409182 10.13873263 209 187 151
0.63865001 -3.03409182 10.13873263 209 187 151
0.49593439 -1.59995447 10.82003317 63 37 15
0.41903750 -2.65420053 9.96115834 126 95 64
0.47382295 -2.16318056 10.15226405 69 47 24
1.65685791 1.23648321 14.16303420 114 96 82
1.65685791 1.23648321 14.16303420 114 96 82
0.58073917 -1.76369533 10.51578258 140 116 91
0.60530465 -1.73257341 10.56446191 62 38 14
0.52341790 -2.50152770 9.92284432 56 31 6
0.66375681 -2.80048692 9.85358003 170 138 112
1.02385843 0.39228376 12.47271449 108 87 69
1.63754065 1.18189592 13.88137467 101 86 66
1.17534041 -3.33552964 10.24210747 209 180 149
0.54085599 -2.38196169 9.85140728 128 89 51
0.70485163 -2.66035601 9.85822949 37 15 2
0.86420786 -2.78859598 10.02206468 57 37 12
0.75046630 -1.11321277 10.77086959 148 122 98
0.72712924 -1.82279715 10.24909587 59 33 6
0.83478111 -1.03000406 10.86031772 67 40 18
2.13575526 1.23635363 14.04618968 209 199 189
1.24253451 0.23272794 12.12357783 135 115 94
0.84026960 -1.51780915 10.38318036 134 109 83
1.33851073 0.25324781 12.12861927 125 104 85
1.46259548 0.47431677 12.28049156 143 124 108
1.49670134 0.50589875 12.18353650 72 49 21
1.59701944 -0.59352784 11.57981825 125 103 82
1.79580469 0.56785654 12.46943625 104 78 61
1.02561231 -1.02881390 10.42362869 63 39 17
1.50434971 -3.13731944 9.82580850 175 142 108
1.63477954 -0.28919298 11.66818889 131 109 86
0.89845953 -1.61073355 9.85888521 126 102 79
1.77978363 0.34252224 12.16030040 82 58 40
1.78113777 0.34176292 12.16522446 82 58 40
1.72810508 0.49438362 12.18759573 139 121 108
1.90342831 -0.60038804 11.54578023 141 115 98
1.89320395 -0.40233777 11.62406930 129 109 85
1.04011163 -1.18083004 10.02349506 57 36 15
1.82062912 -0.31366712 11.48475098 54 32 8
1.24053500 -0.84133249 10.30084715 80 56 32
1.30139814 -0.83913271 10.39849567 80 56 32
2.03634172 -0.50819139 11.42019744 151 129 109
2.25172897 -0.23003379 11.78036411 129 114 98
1.31984150 -0.82832542 10.23398625 146 125 102
2.30215808 -0.28842120 11.78847343 126 107 87
2.32795896 -0.48815455 11.70015791 111 90 68
1.33906501 -1.02843856 9.97488443 126 100 77
1.28721209 -0.87716066 9.97066120 127 111 93
1.94320899 -2.94899809 9.67978476 193 160 125
1.42448878 -0.95021355 10.07009957 116 89 66
1.78551543 -2.62155205 9.47858052 65 34 6
1.88828049 -2.59649946 9.54931050 61 34 1
1.71707952 -1.25242628 9.95756847 68 44 21
2.14667871 -2.78485995 9.64018258 192 158 120
1.90537937 -1.14929536 10.21123878 53 26 6
2.15256091 -2.80808922 9.62874391 105 65 28
1.90303861 -2.51256420 9.46348266 71 44 13
1.82114018 -1.35536181 9.88018861 57 31 8
1.86772374 -2.07201055 9.52820073 75 49 31
2.19692625 -0.93400906 10.49207769 112 86 61
1.95196552 -1.30526439 9.92422735 51 26 4
1.51332687 -0.36196338 9.77122912 215 207 196
2.09971428 -1.87613711 9.34007287 65 39 14
2.26738336 -0.92796010 10.00242688 98 71 43
2.23040054 -1.93591474 9.43125733 160 127 94
2.40649937 -1.29075675 9.66237140 51 30 11
2.79535698 -2.41246935 9.28443753 185 147 115
2.54677063 -2.03321553 9.18374710 69 44 16
2.30751753 -1.20056663 9.21718872 130 109 84
3.00832372 -0.67049243 10.03679591 209 197 188
2.77089546 -1.04211865 9.50122273 55 30 10
2.71160500 -0.75446165 9.52135174 112 87 70
3.06700881 -2.05525467 9.08678690 200 162 125
2.84607346 -0.79495629 9.42536673 124 105 89
3.03171961 -0.96616087 9.37017404 156 133 110
2.88582588 -1.27186550 8.98254581 61 39 13
2.93618690 -1.18889731 9.07175175 87 65 41
2.89907329 -1.18791948 9.02946473 87 65 41
3.27137867 -0.89895778 9.29522131 223 221 200
3.36373589 -0.92113522 9.28114170 225 218 208
3.18373095 -1.04983749 8.95358237 122 104 86
2.96682415 -1.18545916 8.58498596 52 36 12
3.27230267 -1.29887803 8.79707694 116 101 86
3.52220654 -1.10777399 9.08592460 126 114 89
3.34068855 -1.54145895 8.72808980 115 85 64
3.31108331 -1.33964946 8.78337378 3 0 0
3.42293662 -1.20685761 8.91404287 4 5 5
3.74762046 -1.30785088 8.95011341 14 13 9
1.66939439 -2.19539410 9.63604513 4 0 0
2.94589523 -0.49953802 12.40635686 220 208 201
-4.59284609 0.32820420 16.77567814 201 200 208
-1.64185919 -1.13722704 3.97839535 27 28 24
0.56482620 -15.78865842 43.75654486 60 56 44
0.65584078 -14.80093639 44.30750853 55 53 40
1.07422487 -0.36916621 11.95867963 126 104 80
-2.99250641 -0.57050232 16.31836468 54 32 16
67.69592856 -72.79384875 141.60728185 72 70 47
66.06470966 -73.66959399 137.74935004 66 64 41
62.41353432 -70.22821097 127.02759635 141 130 118
61.85650454 -66.02318199 122.19352224 135 127 117
87.07999359 -59.32071327 144.58990097 58 55 43
85.38214034 -59.53032582 141.59509012 144 135 130
-3.31807177 -1.34808106 15.46212845 84 66 54
-2.82423059 -1.94375344 14.86584210 96 78 66
-1.99556027 -1.22447807 14.43970712 142 124 112
-1.79872757 -1.07295413 14.34533902 151 135 125
-0.61614160 -0.83912844 13.43576048 148 129 112
0.00959859 1.10525521 14.00251276 56 38 25
0.02945341 -0.36637156 12.86415285 127 106 89
0.14340084 2.04008603 14.19396055 95 83 75
1.13077055 0.90091655 13.37730865 131 115 97
1.43491260 -2.52474529 9.64905867 60 39 12
1.94943466 -2.05341994 9.40061215 148 116 91
2.56035294 -1.33954795 9.15770291 42 27 1
2.96339455 -1.22446133 8.69297662 47 27 0
3.49225685 -1.27776645 8.65743458 14 11 7
2.66765330 -1.38833301 8.99665124 81 58 34
58.71548513 -58.64945876 114.33534121 60 59 36
58.71548513 -58.64945876 114.33534121 60 59 36
-5.47602361 -8.81506515 19.08534167 104 103 98
-3.83029739 -3.47337184 15.45133840 219 218 215
-2.33542990 -11.99069931 30.30788875 55 53 51
-3.89081812 -0.35567279 16.38876764 116 96 86
-3.14550490 -3.96085550 15.58263292 182 146 110
-3.26788087 -2.14691953 15.27888093 162 143 128
-2.94245566 -3.92106670 15.66041077 46 24 0
-0.36782664 -12.25677217 37.93468399 47 45 38
-2.58729193 -2.91567980 14.84141593 159 125 94
-2.80914206 0.04039787 16.43219876 104 85 70
-1.57222197 -1.32703793 14.06376402 125 104 86
-1.18023005 -2.20239032 14.32098825 86 55 24
-0.93835769 -0.63879165 13.96264259 97 74 57
0.74447394 1.88035897 14.31551788 48 29 12
0.60392742 -0.86167500 12.13676639 66 46 19
1.24690268 0.42085423 12.52884009 89 68 51
2.05258912 -3.84026709 11.47986865 163 139 107
3.12974341 0.96486043 14.82136044 216 208 197
1.35396413 -1.39959496 9.56209760 91 66 36
2.21493694 -2.44441415 9.20550218 179 146 111
2.96329576 -1.17617029 8.88186659 77 54 38
3.10531159 -1.67782549 8.35762439 71 44 17
-10.48334336 -13.26654078 29.38899511 29 33 34
-10.40466194 -13.84437380 29.57080626 61 66 62
-10.46197791 -13.67486295 30.14821640 132 133 133
-8.66668705 -15.14035295 30.42323266 140 135 117
-8.63091977 -15.51600015 30.93986279 27 27 19
-8.39669973 -15.26104321 30.72373312 147 136 118
-8.09837274 -15.14312717 30.24635416 49 49 45
-7.55365836 -15.28530232 31.10045399 22 24 21
-7.55382440 -15.40452468 31.77678452 52 50 50
-5.10332177 -10.77710894 23.52639617 105 104 92
-5.28874254 -6.85094592 21.14106311 58 57 55
-4.79246435 -3.53146572 14.56437426 224 220 210
-2.57919889 -14.77847566 32.38026854 121 117 109
-1.30682417 -13.28655881 31.19405868 162 156 144
-1.79450163 -10.77605075 31.01061671 140 135 138
-1.16427532 -12.01332849 32.23562525 129 120 113
-3.33757158 -3.68543452 15.96474203 231 228 222
-1.39355068 -10.96824290 31.39408699 99 97 85
-1.06718007 -10.33103275 31.19191799 67 65 53
-3.10323639 -3.21645116 15.21559640 109 80 51
-2.62338839 -3.88311268 15.48775934 190 157 123
-2.39410470 -1.73560222 14.67684408 150 127 113
-1.59590740 -1.99613255 14.21876707 73 41 4
-1.27391548 -2.20188196 14.26955779 82 54 12
-1.13733049 2.64006991 14.54496995 212 208 209
-0.23237404 0.38455821 13.59182073 68 43 21
-0.04770272 -0.96367592 12.67078878 137 108 77
-0.03287145 -0.04142418 12.99415194 65 45 22
0.11607706 -0.25968246 12.58380302 131 113 88
0.37906895 -0.73355749 12.40929823 56 35 6
0.32184206 -0.10362422 12.63600080 61 39 14
0.31651696 -2.40106591 11.01526815 83 62 34
0.64709048 -1.48130886 10.72023008 150 128 106
0.72159934 -2.01227740 10.02849191 60 38 14
0.82300574 -1.47207395 10.27588666 137 112 91
1.54599357 0.01956768 11.79402200 136 111 89
2.01279128 -0.39426670 11.68377603 68 40 20
2.34146687 -0.74731075 11.61200940 89 63 23
2.14976773 -1.38128179 9.42385169 127 104 72
2.26610433 -1.11052013 9.55601995 88 62 39
2.69849327 -0.66297898 10.18902423 226 215 205
2.66198137 -0.69828372 10.06914106 131 112 97
3.20354880 -0.69152512 10.07646360 237 226 215
2.65069870 -1.42652854 8.74240255 52 28 1
2.80560648 -1.36769921 8.77496913 54 34 7
3.39106960 -1.31681538 8.46554737 234 224 215
-4.13932170 -2.07640446 14.96554516 224 220 215
-4.08183664 -2.06760273 14.89513212 149 135 123
-4.15985760 -1.52495935 15.10802670 126 105 95
-3.95287613 -1.27626878 14.64854988 114 93 85
-3.14333651 -0.80736525 14.95942973 142 123 103
-2.77163772 -1.95988574 14.98246862 83 61 48
-2.83131842 -1.94803042 14.42384141 157 135 114
-2.74073683 -1.68516214 15.01152228 159 141 128
-3.18666667 0.12636256 15.11895852 114 97 88
-2.43029762 -1.58904734 14.68646929 101 79 65
-3.97618715 -3.90627304 17.79139125 120 90 57
-4.08696952 -1.97877188 18.47879506 107 100 94
-4.01033354 -2.04319605 19.12619348 107 100 94
-3.43653983 -3.96841050 17.91846954 128 114 99
-3.94308479 -1.74150383 19.58552079 144 140 137
-3.44639118 -3.13215739 18.27793421 216 212 206
-3.71877685 -1.81554774 19.50356890 217 213 220
-3.21911760 -3.47392402 18.54490389 139 126 119
-3.17315804 -3.53129931 18.27396685 217 207 195
-2.68366024 -4.26966592 17.65861265 47 27 6
-2.68366024 -4.26966592 17.65861265 47 27 6
-2.69565832 -3.45537088 16.63175251 163 126 89
-2.63740034 -2.93846659 14.97315576 142 111 82
-3.47182129 -0.28503209 14.34781067 117 95 79
-2.82730975 -0.83812352 16.21092880 79 58 37
-2.67746740 -0.73334053 16.73743050 123 110 111
-2.78981313 -0.06605905 16.67461692 108 87 70
-2.74845598 -0.17629616 16.65795197 55 33 12
-2.29728756 -1.61111170 14.65625087 71 49 36
-1.65910091 -2.64451910 14.50112663 170 137 96
-2.02325744 -1.14916418 14.68480559 85 62 48
-1.36138651 -2.54589307 14.46387980 179 145 112
-1.93404696 -0.61319258 14.67401056 164 145 132
-1.59043231 -1.02971060 14.31813580 149 130 117
-0.98168052 -2.49484438 14.34046620 143 107 65
-1.60892070 -0.70582912 14.53804776 160 140 129
-1.32968395 -0.45715315 13.85293581 118 95 81
-0.50300575 -2.17863328 13.55085217 172 142 106
-0.90592354 -0.29895758 13.80687427 90 66 53
-0.76028030 -0.16601591 13.28245941 87 63 51
-0.72798530 0.26256932 13.44384913 161 141 130
-0.13768014 -1.82228807 12.66306950 93 61 33
-0.50960625 -0.04101443 13.35079628 82 59 43
-0.37127718 -0.76412575 12.93007810 127 102 80
-0.54640559 1.67243344 14.42861079 84 78 82
-0.30839416 1.77413961 14.48845008 122 108 98
0.45434976 -2.07594510 12.35380125 177 147 113
0.59774403 -2.91292324 11.71589566 215 214 209
0.28745059 -2.40923013 11.43425345 178 154 124
0.52186706 -2.75476724 11.59302149 121 95 69
0.34757746 -2.59268145 11.15951216 178 150 121
0.49596743 -2.85339304 11.15763858 103 76 45
0.07913320 0.34253713 12.71961229 65 43 20
0.30866074 -1.57584243 11.66413538 139 117 92
0.35036488 -2.63701547 10.73654517 72 45 12
0.79480638 -3.25336040 11.05203497 156 131 102
0.66152810 -1.29657703 12.23579974 34 17 0
0.34783388 0.81119763 13.12218578 53 31 10
0.34195849 -1.61289974 11.16988496 61 35 15
0.18133025 -2.08820958 10.54359089 145 121 96
0.57159797 -1.29684723 11.58020739 74 53 32
0.49948085 0.26446615 12.37364919 152 132 114
0.33489728 -2.00420504 10.57539425 125 102 78
0.47100848 -1.20769421 11.14456310 136 113 95
0.33792939 -2.36381884 10.08512481 67 42 14
0.52196251 -1.88206123 10.65508128 131 106 85
0.45727763 -2.73088413 9.95069374 151 129 98
0.94851192 -1.09821999 11.83967358 91 71 53
0.89086111 0.33825777 12.62808357 141 122 107
0.77765121 -0.17036526 12.09075478 129 104 84
0.58214208 -1.53283533 10.70085972 143 119 95
1.88951072 1.33294002 14.51772462 59 43 29
0.55148370 -1.73142378 10.41593518 137 111 89
0.76954746 -2.38420419 9.90299697 63 37 15
0.68977010 -1.55241295 10.24759598 140 114 88
0.91796945 -0.98390241 10.71463105 131 109 89
0.83784380 -1.69599736 10.04567240 132 110 86
1.10272478 -0.84607607 10.84946588 168 146 125
2.50670266 2.01588907 14.30480131 110 101 86
1.59516254 0.27079463 11.92596748 144 123 104
1.00424578 -1.56049690 9.94740563 133 108 86
2.00545913 -0.33609241 11.70942246 63 41 10
1.21871636 -1.31657004 9.81630972 52 33 9
1.29715820 -0.99630823 10.00537741 63 40 23
2.53101350 -3.29840680 10.13772664 91 86 75
1.61558495 -1.76151642 9.76759195 44 24 1
1.38541894 -1.44223429 9.53770075 177 149 123
1.95046339 -2.45979295 9.50534198 182 152 118
2.62943175 -0.53415814 11.32141276 214 208 196
1.91238884 -2.15401178 9.49793140 107 76 48
2.00567249 -2.16932209 9.60148604 107 76 48
2.15657523 -2.75801069 9.40077398 172 140 103
2.22258582 -1.04921423 10.27264409 80 54 29
2.18058108 -1.30299656 10.04466583 125 100 77
2.76120962 -2.89304900 9.88388082 195 168 138
2.49925241 -2.48924776 9.60688921 134 99 72
2.84326202 -0.72171318 10.68854787 132 114 95
2.90629102 -0.70893936 10.68036678 120 98 75
2.56120022 -1.30886044 9.71156530 135 110 88
2.57455169 -1.32672297 9.66655091 88 58 32
2.98064278 -1.29601479 9.34228299 132 109 86
3.10840398 -1.24333207 9.46990426 57 37 13
2.84356944 -1.74017328 8.86616812 65 39 14
3.75785228 -0.90568448 9.87422607 121 102 78
3.58962678 -2.14773282 9.13429922 50 42 33
3.68393625 -1.06607999 9.49905988 56 31 14
4.18228631 -1.90957671 9.51392969 97 60 18
3.72514631 -1.99070874 9.04054768 187 162 135
3.77038929 -2.02583738 9.06324364 57 49 37
3.50723477 -1.51507355 9.03130881 49 31 11
3.50723477 -1.51507355 9.03130881 49 31 11
3.83250665 -1.94530107 9.01017414 40 37 26
3.94631341 -1.87566612 9.11921826 164 134 104
3.68400747 -1.28247535 9.12119648 2 2 1
3.64926992 -1.47592608 8.98623808 0 2 1
3.81017774 -1.79580803 8.97013933 178 155 126
3.81017774 -1.79580803 8.97013933 178 155 126
3.76081879 -1.68914578 8.96219870 156 140 107
3.82945152 -1.84058345 8.94372762 39 37 27
3.77047822 -1.73370384 8.93258535 15 16 14
4.36632679 -1.52155778 9.29123343 217 210 203
-5.26130007 -3.57644890 15.72101520 142 123 95
-5.10710620 -3.37725972 15.64752151 127 101 74
-5.01184259 -3.60022643 15.34905781 163 130 97
-4.98253315 -3.54121011 15.17761232 171 134 94
-4.90970182 -3.65918942 15.39216804 215 207 196
-3.42902933 -6.29502689 22.82503219 33 34 29
-4.39926609 -3.48415347 15.70922849 81 54 17
-4.06105407 -3.74117557 15.88331498 175 140 99
-3.83706705 -3.66882907 15.86034557 102 78 47
-4.34150006 -1.88397707 18.03119618 218 214 211
-4.06213858 -1.99930556 17.91470261 156 145 141
-4.06213858 -1.99930556 17.91470261 156 145 141
-4.07822100 -1.90579895 18.04090097 159 148 144
-3.56137404 -3.13806841 16.78029322 216 208 206
-3.71165459 -2.81944729 16.57512220 215 210 201
-3.49040323 -3.17377548 16.74093507 138 124 114
-3.67458387 -2.64219006 16.67594712 215 207 198
-3.65077595 -2.69907850 16.65526483 159 146 130
-3.71593665 -2.28697520 16.42440762 179 160 151
-3.17362344 -3.64759853 16.53871140 107 80 57
-3.06761906 -3.82426698 16.12980841 68 49 22
-2.76837430 -4.15337856 16.13708632 218 206 190
-3.72440955 -1.42568913 16.21239418 174 152 139
-4.12313110 0.14026814 17.17780483 138 140 155
-3.59751685 -1.20807519 16.21477347 112 86 73
-3.62645733 -0.72246642 16.58357625 98 77 71
-2.59912034 -3.60064301 15.50676703 176 141 101
-3.08239440 -2.41935169 15.21246912 137 111 91
-3.21638817 -1.31237857 15.75220550 113 91 78
-2.76372597 -2.75498762 15.07317786 146 116 81
-3.13310459 -1.27819601 15.66446295 90 64 53
-2.81808396 -2.37656511 15.04493238 86 62 38
-2.32008479 -3.30054689 15.21786277 163 125 86
-2.95140329 -1.25178037 15.64083786 159 139 127
-2.87194131 -0.02876808 16.56976914 103 81 67
-2.93382556 0.45513323 16.73106496 132 140 161
-2.41181408 -1.86335563 14.62921235 150 124 104
-1.99992466 -1.78747058 14.45249746 79 58 41
-1.70822481 -2.36989901 14.42686718 159 125 87
-1.74164903 -0.79569472 14.77574224 166 143 130
-1.58033659 -0.22522022 14.77581569 160 143 135
-0.77861506 -2.36137365 14.11315254 162 128 90
-1.36158039 -0.31324327 14.70534343 103 79 69
-1.20880650 0.01310217 14.56887757 156 137 128
-1.20880650 0.01310217 14.56887757 156 137 128
2.28899215 -4.16584539 18.35359207 207 204 197
-0.32053421 -1.75373048 13.52521927 172 135 97
-0.42618650 -1.32939317 13.24298085 168 133 100
-0.31108926 -1.66242263 13.01858865 73 41 14
0.17404307 -2.15866368 13.42619947 150 123 79
-0.62843676 1.20395420 14.32798816 152 132 124
-0.27046591 0.55961709 14.10155463 133 110 97
-0.21429983 -0.96937773 12.45357212 151 119 91
-0.02776359 0.45469049 13.43060792 145 118 105
0.07546806 1.11626348 13.82482481 54 33 13
0.63734279 -2.99212814 11.42111433 131 111 81
0.41402937 -2.67649588 11.21440008 105 79 52
0.09712507 2.03031513 14.00466027 41 27 24
0.27762230 -2.52144064 10.51495062 161 138 107
0.62294742 -1.45517723 11.88228350 126 104 80
0.39726869 -0.04084822 12.52754181 57 37 13
0.48565331 -2.78220053 10.61157864 105 74 37
0.49981683 -2.79866692 10.12144652 82 57 26
0.51239396 -2.25481226 10.16913366 53 32 11
0.46565814 -2.20687314 10.03193800 58 33 12
0.97965680 0.37410760 12.39340438 145 124 105
1.04332422 -2.79481146 9.96911007 103 73 47
0.80485920 -1.27362983 10.54991002 125 101 80
1.31189882 -0.25938738 11.61129372 64 43 21
1.35855148 -3.10996126 9.85162843 77 48 16
1.11222443 -1.68695929 9.70182407 47 26 6
1.34398570 -0.82150596 10.34287584 88 69 47
1.28953034 -1.08075261 9.99547537 131 109 85
2.09390110 -2.90423376 9.67963259 113 79 40
2.36041816 -2.26745885 9.42027213 60 34 9
7.52313778 -2.81592960 13.71537308 139 108 70
2.95514014 -0.88432852 9.56269350 89 64 33
2.68634543 -1.39197305 9.01346022 58 36 12
2.68858548 -1.39210757 9.01601530 58 36 12
3.15529599 -1.26177450 9.10089248 106 84 61
3.42391680 -1.49138169 8.82558458 85 68 47
3.42391680 -1.49138169 8.82558458 85 68 47
3.40703814 -1.34490171 8.84403732 4 0 0
0.49133493 0.01966281 12.68630509 83 63 39
0.76839794 -1.47979597 10.16108464 138 120 98
2.23454025 -1.93822137 9.40017975 97 60 32
2.54072005 -2.25373932 9.14899760 141 107 69
-1.40280135 -1.79746882 14.01407616 178 144 112
0.17798958 2.10227663 14.23724775 31 21 16
0.24826540 -0.44717108 12.63055862 43 27 6
0.25389517 -0.18853153 12.75234834 136 113 95
0.69986045 -0.83511703 12.10185844 51 30 9
0.68279167 -2.00622539 9.94154664 49 26 6
1.29704549 2.44024757 13.71858891 144 152 173
0.96820518 -2.13893700 9.66028694 56 30 5
1.09141412 -2.07038555 9.64872338 60 35 7
1.42858703 -2.42531217 9.62693300 93 63 29
2.51874478 -2.58304735 8.84782942 215 204 193
2.77946617 -2.30402177 9.20114823 80 45 17
3.50078072 -1.02855298 9.32787778 149 128 112
-3.51763616 -0.68151049 16.22577025 86 69 61
-1.52500538 -1.21484595 14.21139902 78 60 46
-0.42724894 -0.37221266 13.34682369 155 136 121
-0.25417982 0.33686088 13.67145342 158 138 127
-0.05248304 1.11294550 14.09582970 73 54 39
0.26196824 2.08993214 14.33599279 87 71 55
0.43441930 -1.71768374 10.79185958 146 125 104
0.52310874 -2.64307212 9.89122867 132 110 86
1.39902788 -3.01944326 9.72982624 196 167 130
2.26497991 -2.75597638 9.62612670 170 131 96
0.41264178 -0.42392807 12.15023124 106 84 70
0.41857412 -0.73660743 12.18281835 115 98 80
-3.85381858 -0.55779964 16.67892985 166 147 137
-3.29346463 -1.67661072 15.47885501 90 69 57
-3.19583242 -0.26091481 16.51019171 118 96 82
-2.99287821 0.17191749 16.66563812 113 97 90
-2.45783012 -1.77082288 14.63978586 149 127 114
-1.53910588 -3.10468219 14.90234059 141 102 57
-1.32168862 0.04719869 15.51887626 89 79 67
-1.20963060 0.09321665 15.30722532 165 154 150
-0.91075373 -2.05168073 13.94586161 78 44 18
-0.64874083 -1.90475598 13.65378676 77 49 16
-0.30115778 -0.23254863 13.27741525 74 47 26
-0.21662876 0.35429318 13.61754851 143 119 104
-0.06012778 -1.49283601 12.88970243 185 151 114
0.09017173 -0.00634107 12.96139439 151 130 112
0.16892098 -0.50933016 12.58628122 48 28 4
0.21365217 -1.90433710 11.28526306 143 128 106
0.28608538 -1.78535252 11.21986228 137 113 87
0.75320603 -1.28444912 12.06970754 76 55 37
0.92467943 -1.35685907 12.50829111 146 124 101
1.13237576 -0.26324161 12.15520555 58 38 13
1.22790703 -1.07574066 10.09209250 54 35 12
1.16126953 -1.40615857 9.77954345 130 106 80
1.59518264 -1.29448147 9.73046454 64 41 14
1.95641940 -1.42826423 9.73799313 69 45 19
2.40556142 -1.88643398 9.23222506 67 42 9
3.32985753 -0.63853658 9.67841076 222 215 204
3.06804396 -1.96216568 8.87318365 85 54 22
-4.68752225 -3.48338404 14.92918077 195 156 113
-2.10963280 -12.51519695 31.83728121 136 135 133
-3.98869326 -2.08061906 18.27349161 136 125 119
-3.28829041 -3.54309872 16.54549189 236 231 227
-3.56887221 -1.32474096 16.07273938 171 149 137
-3.13311635 -1.96682817 15.35192896 175 152 138
-1.76794782 -3.46482310 21.50007166 87 57 30
-2.33508910 -1.99281859 14.64799968 65 48 22
-1.77926276 -3.23076510 14.96322845 143 107 65
-1.53059288 -1.28518625 14.07862509 153 130 114
-0.24398017 -0.53878476 12.85644138 138 116 94
0.21175514 -2.11403317 10.98999398 148 129 102
0.62565732 1.86479996 14.12392249 49 28 1
0.20708186 -2.12649426 10.52679811 136 115 89
0.85182958 -0.45755178 12.04671819 122 99 76
0.58061500 -2.32117289 9.80668757 112 77 33
1.55572577 -0.26197780 11.81769245 124 101 72
1.78410436 -2.78287684 9.68512172 66 39 4
2.52601413 -3.12406236 10.05606119 169 147 117
1.99083838 -1.91214523 9.49872892 115 95 71
2.26689636 -2.55256105 9.47633990 184 145 107
2.69803960 -2.93701775 9.94739527 170 148 116
2.33101735 -1.48987369 9.40351762 95 75 51
2.32460636 -1.48875855 9.39142474 95 75 51
2.70433302 -1.04822527 9.39786677 48 22 0
3.05294428 -1.89782602 8.77641932 196 162 124
3.41608099 -1.70055487 8.65924967 15 9 12
-4.22860209 -1.96275954 18.36925114 101 98 93
-2.44626374 -6.77710579 25.47384315 96 97 92
-3.94105726 -2.29658811 18.13847413 159 152 140
-3.90519026 -2.14939504 18.15766947 178 167 158
-3.61975764 -3.00209269 16.53000437 232 227 224
-4.36194413 -1.85323193 10.65635643 118 94 80
-3.47020062 -1.47930508 15.78986079 108 88 74
-3.31861828 -2.21844731 15.36601265 181 159 143
-3.02046341 -2.57362880 15.14674643 78 54 35
-3.19057367 -1.66661416 15.53879859 168 147 137
-2.47826985 -2.07857918 14.65056026 76 51 29
-1.86171147 -2.50863949 14.37005916 76 44 15
-1.66244875 -0.93283084 14.54664847 132 109 96
-1.67996132 -0.94299400 14.52500768 132 109 96
-1.31978448 -2.23656568 14.28779805 69 38 7
-1.41090184 -1.98454707 14.09057322 154 124 95
-1.32137661 -0.82856388 14.09880961 153 132 114
-0.54008841 -1.82461779 13.66090828 189 152 110
-0.82458369 -0.26846423 13.88533881 108 85 69
-0.45732413 -1.16180266 13.04175206 100 67 40
-0.21934517 1.84728694 14.23046613 150 133 123
0.67436014 -2.16686580 12.80932478 147 122 92
0.37530486 -0.77362185 12.28973137 130 104 80
0.34405146 2.30544095 13.95494661 137 142 161
0.24566091 -2.44618523 10.42548126 169 150 120
0.37848642 -2.58128556 10.30105679 144 120 96
0.64192747 -2.65405958 9.84429802 143 115 90
1.18319945 -0.03920319 12.09458894 125 99 76
0.89471011 -2.84827510 10.09823906 125 101 85
0.88433642 -2.73254890 10.03494420 64 44 20
0.68858928 -1.58050442 10.23085436 133 109 86
1.82736498 -0.31518616 11.66582342 127 105 84
2.59565742 -1.39324467 9.19161864 121 94 73
3.05808837 -1.09391177 9.16287785 55 25 7
3.73626146 -1.28159682 8.98905413 18 16 7
3.75592900 -1.24505832 9.00047786 239 231 214
-2.59382330 -8.98632018 26.89639729 124 120 117
-4.13865522 -1.05973948 18.91974013 152 153 158
-3.35747448 -3.65428400 16.29027980 208 203 199
-3.64942655 -1.63304210 16.28717906 108 85 77
-3.57968665 -1.64762580 16.10117845 170 151 144
-3.08902980 -2.99475724 15.30232575 156 126 95
-3.36289544 -1.53639617 15.79590195 94 76 66
-3.36289544 -1.53639617 15.79590195 94 76 66
-3.04317662 -1.24357178 15.77065720 74 48 33
-2.54435756 -2.86587677 14.79514040 169 134 102
-2.54348877 -2.86119603 14.78895924 169 134 102
-2.79386610 -1.95300816 15.10708601 108 86 72
-2.36209350 -3.02378570 14.78933315 138 105 70
-2.69479147 -1.86985123 15.03614660 108 84 71
-2.66905505 -1.93871118 14.88380688 137 115 101
-2.38815272 -2.46216018 14.57173434 62 39 13
-2.60773413 -1.56388161 15.01207637 162 142 128
-2.13657550 -2.46816754 14.51529313 77 50 25
-2.35955883 -1.38822181 14.85363558 154 132 119
-2.08356366 -1.18430515 14.73558507 83 61 49
-1.91256951 -1.10286220 14.64736379 96 74 61
-1.81720143 -1.16904098 14.32907538 161 139 125
-1.05204862 -1.69735532 13.67616168 78 52 25
-0.92269357 -1.84603880 13.58677909 100 74 50
-0.40552762 -2.07922058 13.56963930 184 152 109
-0.43735241 -1.80986667 13.58378629 57 29 0
0.60441182 1.63116886 13.99276949 70 52 30
0.50888876 -0.04937256 12.43114446 129 108 87
0.48516142 -2.80262329 9.93797054 91 64 37
0.49435958 -2.80601005 9.94597890 91 64 37
0.52714289 -1.61472160 10.75000490 140 118 96
1.15204820 -3.13430766 10.15139222 222 191 160
1.55900774 -2.91467218 9.69373232 192 159 123
2.86200938 -0.64828846 10.23885111 229 217 211
3.02835145 -1.36287780 8.85721217 131 111 85
-5.25759407 -3.28117918 14.96385042 206 202 201
-5.18391224 -3.42225109 14.85127873 174 143 107
-4.68978076 -3.65956633 15.18098788 151 122 88
-4.81799708 -3.27254297 14.96671487 153 129 110
-4.31525797 -3.76271604 15.39356748 149 118 82
-4.19966484 -3.36521153 15.68983358 218 209 204
-3.78710123 -3.50342678 15.67470619 203 197 194
-4.12509168 -1.96628113 18.30798839 95 88 80
-4.45840241 -1.19367651 17.40130049 208 206 211
-3.60699035 -3.67909547 15.44128630 100 71 41
-4.11176272 -2.94987236 12.85251337 206 198 195
-3.46582807 -3.23332759 16.72594846 135 121 111
-3.15802612 -3.64904182 15.56685598 96 70 44
-3.87072886 -0.91405808 16.74464500 168 147 139
-2.66288050 -3.68358947 15.46475429 72 45 16
-2.54238252 -3.90494087 15.51795786 120 86 39
-2.52449654 -3.55320890 15.34116384 70 36 9
-2.82151702 -2.79219234 15.06254300 151 116 80
-3.33502159 -0.98476856 16.14351393 138 119 104
-2.75449062 -2.71272535 14.92283185 156 123 90
-3.13837261 -1.29707022 15.70517305 86 64 53
-3.14957432 -0.86243327 16.15811200 63 40 22
-3.00527519 -1.55077742 15.40762949 168 149 142
-2.67742824 -1.62227857 14.98471225 152 130 118
-2.73537711 -1.17142057 15.38163309 119 100 89
-2.91348996 -0.02961125 16.62133113 42 19 2
-2.78293342 -0.04698695 16.64615108 104 86 67
-2.23986240 -2.37010279 14.60875895 63 38 16
-1.98727695 -2.13683236 14.37727104 166 133 93
-1.81553058 -2.04941536 14.28649454 176 142 104
-1.28204501 -2.71026744 14.52831866 119 81 44
-1.24913974 -2.71425484 14.63227484 119 81 44
-1.22107798 -2.47907032 14.45242466 171 138 103
-0.99428487 -2.36450372 14.41044891 184 151 113
-0.77321229 -1.99765268 13.92903004 80 49 14
-2.22567267 2.44032080 14.71991041 202 198 197
-0.93472689 -0.69661520 13.88997437 137 115 102
-0.19695123 -2.02640530 13.75703821 173 139 101
-0.35191604 1.73971983 14.09502311 100 82 69
0.25552649 -1.51046575 12.53680311 185 150 111
0.21110547 -2.42131969 11.15050813 101 78 44
0.83248004 -3.21978900 10.95699682 164 140 109
0.82941543 -3.21164443 10.96801805 164 140 109
0.44484471 1.57609406 13.81264707 117 98 78
0.61461025 1.01597578 13.65067638 124 108 98
0.29574556 -2.64042807 10.23871566 85 63 39
0.89082970 -3.28370021 10.66947429 200 177 140
0.87909459 -3.16618196 10.54106161 75 49 20
0.78076887 -0.84243195 12.00626099 119 97 74
0.93557960 -3.17024188 10.52984758 83 58 27
0.74899210 -0.22980898 12.18137220 120 95 73
1.68410700 -3.68986567 11.13457730 171 147 113
0.73559280 -2.98454301 9.96423504 177 146 113
1.04968906 -3.18724680 10.27372575 75 49 21
1.24702596 -3.36471347 10.41423653 206 182 144
1.03898661 0.16803161 12.25466245 134 114 98
-0.21973124 2.97713182 11.78409065 123 123 123
-0.21973124 2.97713182 11.78409065 123 123 123
0.93374319 -0.88197251 10.86912468 145 123 101
1.38451761 0.46801463 12.29579218 133 117 99
1.37873876 0.23931224 12.06699893 103 81 60
0.85599300 -1.68694107 9.98678233 133 109 84
0.81067752 -2.00917990 9.64034126 185 160 131
1.46300774 -0.00411058 11.73015483 132 110 90
1.80356398 -0.28937715 11.76831523 130 109 90
1.47956976 -2.84060388 9.63090087 172 141 103
1.89794052 -0.39852935 11.66251881 131 111 89
3.92273379 1.25514606 15.40567666 207 199 188
1.58646922 -0.92835760 10.17319706 210 203 188
2.08831186 -2.41393509 9.50794140 59 31 9
2.22341188 -1.17598401 9.62753105 126 102 78
2.60949561 -2.24999117 9.23018463 130 94 58
2.27164217 3.54573568 11.41409359 131 134 141
3.11765301 -0.83067003 9.58153768 105 86 68
3.27870866 -1.19779364 8.92458900 41 19 0
3.18843481 -1.11663073 8.84334090 113 92 64
3.53530403 -1.12977307 9.04408032 211 202 195
3.62432222 -1.16698095 9.01364202 212 204 194
-5.20843974 -3.37516342 15.06722323 121 95 73
-3.30722944 -4.09330439 16.01097144 158 129 95
-3.27586527 -3.93874501 15.81080274 193 158 119
-2.89866662 -3.97677399 15.93333863 50 27 11
-2.91860768 -3.89846626 15.92162402 195 158 120
-2.95217247 -3.88737874 15.83474907 195 158 120
-3.79115958 -1.15642700 16.45521052 162 136 119
-3.13938268 -3.05398151 15.41266397 162 128 95
-3.52261670 -1.05511271 16.30523347 143 121 106
-2.90571113 -1.85587128 15.22152801 150 127 111
-3.02702216 -0.44315465 16.40435897 86 61 39
-2.45903883 -1.41506159 15.01732115 90 68 49
-1.92028023 -1.39673696 14.36176113 82 60 46
-1.01077397 -1.52024736 13.57165457 185 158 129
-0.14517952 -2.08078318 13.68957740 110 78 39
-0.49827308 -0.10840328 13.46446366 160 137 120
-0.36345058 0.09310783 13.27456326 111 88 74
-0.36345058 0.09310783 13.27456326 111 88 74
-0.36028836 1.26496551 14.13673724 92 71 58
0.08354025 -1.21052772 12.44989200 145 113 80
0.32161630 -1.49794040 12.00895692 79 61 39
0.77920246 -1.51353251 10.38555865 56 33 18
1.52605219 -3.20703249 9.88234773 196 165 134
1.78436264 -0.38724303 11.64416300 82 55 32
1.32409635 -2.41139253 9.69153511 179 153 129
2.52661583 -0.10471919 12.24453279 139 122 97
1.33187531 -1.65610122 9.45612089 163 142 111
1.47392738 -1.62590982 9.59575555 61 39 22
2.06403240 -1.47702899 9.64238592 43 24 4
2.65688067 -2.45058270 9.30719523 168 131 92
2.37987866 -1.83923488 9.20772680 138 110 81
-4.33868941 -1.94416879 17.84148107 147 144 138
1.33502940 -1.55528457 9.54044997 76 50 25
-0.38583598 -2.40364978 13.91609520 205 204 200
-2.22719183 -2.04670383 14.46526526 109 82 61
-1.57376593 -0.92467966 14.42853793 85 66 52
0.73700365 -0.60624519 12.81908414 48 28 7
0.67675833 -0.27135935 12.44911151 128 108 83
0.59002446 -1.64554185 10.59929709 125 101 75
1.19421007 -0.33819315 11.98833817 131 110 81
1.40909684 -2.68427457 9.65124644 99 75 50
-4.66266076 -3.46573687 14.60836886 191 156 115
-1.73747960 -2.86636576 14.67937640 101 67 31
-0.20359541 -1.66589326 13.36141356 189 156 117
-0.03089662 0.77867320 13.86039105 44 28 15
0.30365218 -0.44697637 12.63148241 53 32 9
1.09268484 -0.34082820 12.07528968 60 40 13
1.53864706 -2.76822958 9.54585955 189 153 116
1.61328358 -1.90798774 9.67463640 0 0 0
2.80948786 -1.76053701 8.55466176 104 69 39
-7.12586567 -15.57813256 31.99143878 11 12 11
-2.35440472 -3.82349082 15.23470978 173 145 110
-1.73054841 -1.31474114 14.34411458 77 55 41
-0.61592670 -0.18343954 13.84230431 97 70 55
0.17923528 -1.30471764 12.76519526 177 142 102
0.75411927 0.07833101 12.61296927 56 32 9
1.63440361 -2.57604394 9.53984216 88 61 36
1.74534051 -2.63642507 9.51788906 193 160 126
2.14441982 -1.21564624 9.75966431 124 98 79
3.08763970 -1.97894369 8.80848639 172 132 96
-5.33908650 -3.06537046 13.69208494 220 214 210
-3.40666273 -3.44153027 15.79977817 232 229 224
-1.86300640 -2.81134982 14.51609837 184 149 107
-1.58441221 -2.63656428 14.41310233 184 150 104
-1.43045521 -0.15572039 15.81512907 180 167 166
-0.99892392 -1.72725122 13.79543173 80 53 23
-0.34974302 -1.91266801 14.15005741 83 46 17
-0.34027903 0.60832318 14.25285428 118 96 82
-0.26186838 0.03665262 13.82230348 96 73 59
0.00642579 0.46865919 14.00279288 66 39 15
0.01236404 -0.09854172 13.12217713 145 123 108
0.41949940 -2.71764684 10.89841274 161 134 103
1.26607749 -0.00072250 12.43439785 61 36 13
0.87415907 -1.02690979 10.75262193 154 130 104
0.96192124 -1.52388063 9.80143233 133 111 89
1.85546709 -2.69903335 9.59841474 86 56 26
1.87102322 -2.13488879 9.50206514 93 66 37
2.07029543 -2.69498331 9.47239208 183 148 108
2.36443977 -1.03226457 9.70395161 62 31 10
2.60644820 -2.16904128 8.89052612 210 175 138
3.05490888 -1.80797576 8.53319362 98 58 20
2.87758097 -1.65129362 8.31583535 166 131 99
3.08846783 -1.49243357 8.11749119 227 219 208
-4.82632224 -3.45458178 13.72690015 155 128 93
-4.55109277 -3.37358382 13.76630241 182 145 105
-3.81095822 -2.55671823 15.95373991 108 82 70
-3.86304108 -2.27837957 16.11794446 90 72 58
-2.71028465 -3.88807748 15.12121482 135 98 59
-3.16504686 -1.32032094 15.84094191 76 50 35
-3.17644168 -1.62980628 15.19020608 163 144 137
-3.13098163 -1.59762926 15.27762844 154 134 121
-2.95476840 -2.36916603 14.53346670 70 46 28
-2.93724057 -0.84009829 16.16666691 138 119 98
-2.98957734 -0.05711241 16.63822100 108 88 72
-1.76029221 -3.04535100 14.55712486 184 150 115
-0.78588417 -2.32694880 14.37200050 185 155 113
-1.27286465 -1.15885736 14.01222737 137 116 99
-0.31828337 -2.57632684 15.03307191 222 210 197
-0.98325012 -0.45596286 15.14023788 85 61 48
-0.20187085 -2.37675308 14.68705464 180 152 115
-1.04974791 -0.70018206 14.12788844 79 57 43
0.22105067 -2.29787912 14.47180938 223 220 207
0.10884796 1.54391178 16.25429591 84 71 71
0.13036666 1.59246916 16.15638634 149 132 125
0.06945260 -0.20469426 13.82180150 138 115 99
0.37378613 0.78703822 15.12626144 134 114 106
0.65320343 -1.59611772 13.20998994 186 151 113
0.91785863 -2.05205364 13.25588323 172 145 115
0.66241346 -2.80624112 11.87886899 133 111 86
0.64321669 0.78962297 14.44225708 136 116 98
0.50963642 0.09204315 13.58670645 140 113 94
0.43043062 -2.00260174 11.78844998 55 34 3
0.70275375 -0.33486496 13.06793035 58 33 11
0.25499499 -2.35804032 10.47580167 60 37 14
0.29656923 -2.65565255 10.21071311 160 132 108
0.47177059 -1.80869492 11.02673075 147 124 103
1.53696276 0.51096813 12.91858806 124 104 87
1.19683647 -3.14733927 9.99551376 97 63 26
1.72244017 0.83088051 13.15325103 117 98 80
0.86917865 -1.47338449 10.33446518 132 108 83
2.05127694 0.85973703 13.36208977 116 99 81
1.47568465 -0.77729528 11.17354986 53 27 9
1.00310502 -1.02790397 10.29515222 147 122 98
2.34056126 0.84095222 13.15183256 216 208 197
2.37850790 0.21148422 12.50586688 123 104 87
1.47162020 -1.98270735 9.85496634 75 49 21
1.01685627 -1.21006736 9.35559544 68 46 23
1.33436362 -1.09920594 9.63686211 141 118 97
2.08380418 -2.55224666 9.31430594 182 149 114
2.13166285 -2.31120505 9.42867251 73 40 8
2.13482259 -1.23632379 9.83329231 129 103 76
2.31802305 -2.52875434 9.37325593 85 52 12
3.15588619 -2.47972493 9.36197964 45 41 30
2.98188602 -2.36437413 9.15628395 188 159 127
2.47147834 -1.88217245 8.74093265 90 66 40
2.40521392 -1.07070308 9.03350827 142 117 95
2.90142646 -0.78316905 9.56551399 121 95 80
-4.77536001 -3.57905195 15.12831671 166 128 80
-3.63516084 -3.93730718 15.55921675 146 110 69
-3.66822692 -3.85607699 15.49051342 168 134 89
-3.43720335 -3.27934335 16.69843553 221 210 206
-4.02664854 -1.50284985 17.12590361 217 213 211
-3.43767509 -3.13517957 16.03974385 159 137 116
-3.16652992 -3.66143258 16.21564879 105 83 60
-3.83211266 -1.62861318 16.51532374 172 153 144
-3.01943780 -3.38145317 15.27731398 175 138 99
-2.97961851 -1.86675272 15.37486196 162 138 128
-2.02313549 -2.60220870 14.68690742 172 135 97
-1.34799284 -3.15730680 15.41984311 150 116 73
-1.13268108 -3.23493396 15.63551631 223 214 203
-0.81443141 -2.83442110 15.29472553 161 127 89
-1.39742306 -0.83994542 14.29504953 99 74 62
-0.68272899 -2.03171711 14.32610976 78 47 13
-0.67120672 -1.98643248 14.31780815 164 129 91
-0.14335274 -2.42592222 15.18812382 112 76 40
-1.10134763 -0.49322498 14.57336042 148 126 112
-1.01190120 -0.71296306 14.51122314 70 51 36
-0.45672458 -2.13417990 14.16483111 171 137 99
-0.45672458 -2.13417990 14.16483111 171 137 99
-0.44729413 -1.28511811 13.27164977 161 128 94
-0.47410462 1.24979088 14.81507257 153 134 128
-0.34589495 -0.29718331 13.46175758 70 48 35
0.93409084 -2.19210788 14.03071287 221 216 205
-0.04994913 0.97399504 13.73486365 92 69 45
2.54145807 0.86675192 18.15125111 69 47 26
0.29729478 -1.70701903 11.72209656 127 105 84
0.80210740 -2.89576340 11.69857391 95 70 44
0.47133259 -2.65928374 11.22983960 171 146 115
0.22424623 0.35519223 13.14354626 55 33 10
1.19284532 -3.37896653 11.87491204 216 207 190
0.48105392 -2.86585292 10.73099620 192 166 134
0.77356010 -3.07228111 10.98615238 198 176 142
1.59774435 1.29704865 14.98226855 118 99 79
1.41858100 1.12791938 14.39941383 116 99 82
0.58925243 -1.34482432 11.01872318 138 116 95
1.81665674 1.37746522 14.86589605 30 18 2
0.38263176 -1.07121470 10.63643651 139 118 99
2.32510554 -3.92927923 11.58316117 151 124 89
1.04823799 -0.37042162 11.92567042 131 107 85
2.21718630 -3.95196535 11.04709042 203 197 185
2.43586417 -3.92995457 11.35008335 221 210 192
2.43586417 -3.92995457 11.35008335 221 210 192
1.68173175 -3.41758387 10.43475177 184 154 118
1.15365616 0.40539870 12.04588915 131 112 97
2.57578582 -3.88901101 11.28614168 168 136 99
0.77044236 -1.39111131 10.14942327 62 39 14
1.65371502 0.66232893 12.40162721 220 210 197
0.96677895 -0.79940048 10.24165165 163 142 117
1.48596191 -0.21103709 11.12544291 81 54 29
1.22558123 -1.21837877 9.64816197 70 52 31
1.13009216 -1.35219471 9.27054821 80 56 29
2.55134072 -2.92615170 9.81135031 156 131 103
2.07199673 -0.89129237 10.07534109 143 119 97
1.93669911 -0.92940531 9.44552005 148 124 100
2.00844773 -2.09226209 8.82718653 61 41 10
2.46042682 0.65200416 10.65263333 202 192 182
1.83949984 -1.29530883 8.89595265 116 92 69
1.90015144 -1.73082068 8.09944172 119 93 63
1.95375240 -1.24678051 8.30709532 53 27 3
-11.71833729 -13.19983985 29.53135143 80 81 83
-8.83986308 -14.86677190 29.49469255 5 6 2
-8.47493061 -15.54465895 30.87022939 70 62 58
-8.24212019 -16.45644956 31.39735424 56 55 53
-8.23122593 -14.76131311 29.46146962 18 13 13
-8.11696858 -14.91440566 29.89860675 63 63 53
-8.04791262 -14.92866465 29.71593998 10 11 3
-7.89511129 -14.72516205 29.67210512 140 130 123
-7.48302981 -14.01661118 30.47528099 51 49 52
-7.48751668 -14.07222594 30.89606817 8 8 10
-4.72667906 -15.94112011 32.58723591 99 99 90
-4.35586412 -16.14074612 32.56045993 109 111 98
-2.83038267 -13.88565780 30.34441022 123 122 118
-5.58068562 -3.39883768 22.81052637 222 220 223
-2.24807986 -11.81213962 27.67055500 118 116 110
-5.20545669 -3.36961527 15.06152698 121 95 73
-5.20545669 -3.36961527 15.06152698 121 95 73
-3.94347116 -2.95241695 17.11531137 225 223 226
-3.84165367 -3.60962435 15.45683040 170 135 103
-3.34864802 -3.59226685 16.21909530 214 213 211
-3.34864802 -3.59226685 16.21909530 214 213 211
-3.80500239 -1.99026060 16.75011259 170 153 138
-3.73818908 -1.83435175 16.87273339 120 97 89
-3.54378187 -2.11391743 16.21847761 167 146 129
-3.06609182 -1.26295824 15.78503269 76 49 38
-2.17992649 -3.76446173 15.63258171 159 120 83
-2.62120969 -2.93043283 14.99865898 165 132 99
-2.94132655 -0.69450156 16.61505567 116 94 71
-2.94132655 -0.69450156 16.61505567 116 94 71
-2.85567623 -1.72138169 15.33062726 79 53 39
-3.07212427 0.25937439 17.19488482 45 39 38
-2.68790040 -1.69552699 15.17079158 143 124 109
-2.16269176 -2.65654109 14.71555318 158 122 86
-1.72301967 -3.12575371 14.93307339 191 157 120
-1.72301967 -3.12575371 14.93307339 191 157 120
-2.25708838 -1.61775419 14.78691676 75 52 38
-1.70978721 -2.06043756 14.33145968 75 45 19
-1.73209340 -1.95282330 14.29787634 146 109 71
-1.74107381 -1.52177684 14.20974149 177 151 129
-2.02505406 1.08267162 16.01958942 122 118 119
-1.43600300 -1.87216141 14.16523027 193 159 123
-1.43188125 -1.33939063 14.19158868 145 119 96
-0.65820439 -2.34803755 14.14894745 191 158 120
-0.98954492 -0.40375925 14.03191411 157 132 119
-0.50938439 -1.39346221 13.41766701 168 134 105
-0.44653389 1.41584182 14.76453412 67 47 33
-0.40852512 1.81171780 14.27195418 65 47 41
-0.01232139 0.78709172 13.75810579 35 19 16
0.53402048 -1.86472133 12.43836409 152 128 105
0.41010157 -2.67634941 11.21451566 111 85 56
0.37330832 -1.62936167 11.16080156 140 116 92
5.18487555 0.00080353 19.49632361 127 99 77
0.53935629 -2.91246243 10.10464234 188 158 131
0.50855868 -1.85796294 10.67861799 59 35 11
0.42849231 -2.24893660 9.97619603 136 114 90
0.62864532 -2.81092645 9.85154078 152 124 92
1.22936430 0.21584386 12.26239533 135 111 85
0.65129242 -2.03713350 9.97524081 60 35 15
0.71358600 -1.76930795 10.12799233 55 33 13
1.36389835 -0.24994808 11.76741283 55 29 12
0.74691352 -2.19478185 9.71752385 204 174 146
0.77150058 -1.82488716 9.87844619 111 87 62
1.80131494 -2.65193831 9.52793342 65 36 12
2.42600520 -2.41066179 9.35520114 144 103 64
2.60547336 -1.13747044 9.37419904 135 107 83
2.37808142 3.61291660 11.29831337 137 137 138
2.80456318 -2.09295734 8.90687327 205 169 135
2.66443269 -1.48927656 9.03163274 67 43 24
2.84044047 -1.96164843 8.87745846 128 95 58
2.85401862 -1.21671995 9.03128400 122 98 70
2.88007994 -1.70288743 8.78390439 63 41 17
2.91840714 -1.17796671 9.01545085 80 53 26
2.93682916 -1.59914615 8.78974204 177 147 119
2.89525372 -1.51855992 8.73984861 80 56 28
3.03968090 -1.30938898 8.91267153 51 27 1
3.21629810 -1.86623632 8.74909728 84 49 12
3.16509026 -1.39967924 8.71122399 57 40 20
3.25160037 -1.52756932 8.59231198 117 92 64
3.23241032 -1.32885723 8.65542303 6 1 0
3.23682541 -1.37285308 8.63778009 141 131 106
-5.13307644 -3.27364968 15.02657521 133 107 82
-4.81460671 -3.24475220 15.29283366 140 121 99
-4.55199474 -3.67556948 15.27483185 147 109 62
-2.74885689 -7.81644158 29.63265688 35 35 34
-4.33014892 -3.77943621 15.49768998 218 211 204
-4.20113250 -3.36060675 15.21345338 137 116 93
-3.89598418 -3.68184652 15.23948679 187 147 102
-4.32780398 -1.95761983 18.11986776 153 145 142
-4.17055316 -1.52046042 17.06999806 213 211 214
-3.71960563 -2.65260691 16.54452147 224 218 208
-4.01056976 -1.71962658 16.73571773 228 224 221
-4.01056976 -1.71962658 16.73571773 228 224 221
-3.51038270 -2.93255697 16.59689134 182 166 151
-3.97803117 -1.64953646 16.73323060 152 131 122
-3.30388324 -3.40376738 16.48719832 107 84 66
-3.52376527 -1.56972641 15.75923405 173 153 142
-2.54428385 -3.02547216 14.97195407 179 141 97
-2.91657874 -0.03780052 16.65936115 44 27 11
-2.93499926 0.15550392 16.61863581 113 98 90
-2.07905666 -2.64306507 14.69190027 181 140 99
-1.59807365 -2.42484315 14.42114665 82 53 24
-1.51585490 -2.34529039 14.38652732 73 41 6
-0.68016932 -1.89012574 13.71428660 177 142 104
0.27662195 -2.19450311 13.96860063 136 103 63
-0.47565464 -0.67286035 13.24933086 73 50 34
-0.20111794 -0.47323386 13.02050805 61 39 16
0.51711546 -1.88617089 12.80343733 66 44 17
0.71479638 -3.09972682 11.23536097 192 166 134
0.50649237 -0.28061682 12.40465923 55 35 10
1.03692146 -3.27187302 10.67294736 176 149 119
1.51777394 -3.62142788 11.20371829 166 142 108
1.48852041 -3.63961094 11.06236003 179 158 127
0.77408305 -3.07792980 10.10540884 196 172 136
0.99136424 -3.17862765 10.44115612 70 44 17
0.68163715 -1.21833306 10.90573451 140 119 100
1.08325151 -0.61939796 11.85349616 57 36 17
1.63268165 0.88543005 13.49376839 121 102 82
1.18340042 0.41618496 12.26631024 131 112 95
1.19459586 -0.04959546 11.93419413 139 115 92
1.44018347 0.50741924 12.29311797 89 64 43
2.03433194 -0.06586144 12.71202938 79 60 36
2.16297527 1.89671176 13.78793251 111 103 88
1.76846951 -0.22609407 11.72535448 56 29 9
1.39917832 -2.76515936 9.65302149 68 43 17
2.31099411 -0.63520456 11.48912501 218 210 197
1.35106590 -1.34196847 9.53052729 95 65 40
2.44265884 -0.76261045 10.60023669 219 212 196
2.22933227 -1.36666948 9.61917500 53 31 7
2.79546204 -2.22461815 9.04800447 86 51 20
3.27289267 -1.01083712 9.13345487 134 113 87
2.96785925 -1.48954356 8.52444503 49 28 9
3.34612348 -1.07711043 8.92601137 227 219 207
3.14563919 -1.33952983 8.59431718 2 3 0
3.25048183 -1.21720616 8.72142207 11 9 10
3.20460815 -1.49294421 8.53023161 4 2 0
0.93708656 -2.15778776 9.68350046 39 14 0
1.13244721 -1.23909761 9.88150678 58 37 16
1.36397321 -1.54881172 9.57244416 67 43 12
1.84832294 -0.75384344 11.51382787 86 65 40
1.73814739 0.56674722 12.54836558 70 47 29
3.09012223 -1.75697331 15.85448464 143 125 101
1.40438147 -2.55155969 9.66130143 60 40 18
-1.93936672 -2.12034901 14.40258823 169 138 102
-1.60610982 -2.61141067 14.46987837 133 98 63
-1.04646789 -1.65059510 13.82372829 173 142 111
-0.16458410 -0.15339867 13.22536232 60 40 28
0.54793066 -2.38298825 9.87090943 115 78 33
1.28315954 0.17409242 12.24380285 70 49 26
0.83665092 -1.70829869 10.12983221 44 24 3
1.20062952 -1.45183724 9.63178332 73 50 22
3.04523875 1.24074144 15.24907666 193 180 171
1.32794223 -1.20221165 9.74699980 60 40 15
1.70475247 -1.83888758 9.65202757 106 87 61
2.33486203 -1.11213739 9.66440032 91 67 40
2.49860976 -1.65803511 9.09942150 156 132 110
2.64455270 -2.00000273 8.92000773 99 66 33
1.63043686 1.02852052 14.21355684 41 22 6
-3.97985008 -2.17150943 16.66340979 223 228 230
-2.97168109 -1.48977519 15.25938959 163 149 145
-2.48677182 -3.65572163 15.29775759 124 91 58
-1.49498203 -1.95643934 14.26742621 65 39 10
-0.54618167 -1.45166991 13.49218275 179 145 108
0.07570434 2.01218009 14.00879551 113 97 82
0.43614345 -1.13387794 12.45668295 58 33 13
0.91552015 -0.06706804 12.34210717 65 44 20
0.96867358 -2.70988353 10.09776616 92 70 49
1.67912000 0.63021998 12.66344515 128 106 85
1.65047790 0.62730974 12.59595471 128 106 85
1.92407607 0.38656732 12.34698878 88 64 40
1.28103264 -1.07143041 9.84430901 90 64 38
2.19233748 -0.93293760 10.35360330 159 136 114
2.82203890 -1.42859071 8.64662925 74 48 21
-16.05981501 -14.30668164 34.48604818 30 31 25
-14.02044985 -11.18476020 29.03447202 41 42 40
-13.16782467 -10.84883655 28.37144391 122 125 128
-13.00478016 -10.92021955 28.07246439 139 138 143
-13.00673270 -11.04764347 28.20636544 38 42 41
-12.97721200 -10.95321070 28.29698721 64 67 67
-11.72537602 -17.77948112 36.01475146 18 14 13
-11.49012896 -16.82838700 35.54992366 27 28 30
-2.78585625 -14.63575244 31.46031399 80 80 75
-2.74105022 -14.46583289 31.42634770 93 92 88
-3.62900664 -2.08050338 15.82652214 185 166 154
-3.23338238 -0.87597926 16.31124130 94 72 55
-2.19834127 -2.74167364 14.79879211 185 148 107
-0.24034941 -0.50443702 13.05194909 65 43 22
0.43605098 -1.46630160 11.56485931 137 115 94
1.19158156 0.48041861 12.64357282 62 41 18
1.26340744 -0.31987697 11.87927450 132 110 86
1.37639740 0.07961332 12.05727023 85 65 40
0.84725670 -1.86247734 9.83561087 56 29 4
1.74263427 0.03050932 11.96358032 133 111 87
1.90627955 0.38105504 12.32404185 96 72 48
1.94448787 0.30951351 12.11863150 140 116 94
2.02599902 -0.14073105 11.90351145 137 111 89
2.06578733 -0.67691845 11.62431238 74 48 23
1.30973444 -1.70595860 9.58041439 124 95 63
2.56116720 0.23735046 12.68769706 110 91 71
2.46956380 -0.29460364 12.05435947 104 78 52
2.56898270 -0.47483464 11.95074510 130 111 79
1.98777961 -1.30583884 9.93179371 47 21 4
2.39177346 -0.83173396 10.30905534 156 133 110
2.39801335 -2.03991278 9.22257818 183 149 112
3.14289716 -1.26890143 8.75040016 138 117 90
-4.25041836 -1.82655511 18.98609583 223 223 223
-3.61373293 -3.79336295 16.91815993 226 224 222
-3.36077957 -3.43626325 17.35191506 222 216 213
-3.38560493 -1.16305845 16.04264603 98 76 65
-3.31343924 -1.43251054 15.80419089 170 152 142
-3.04765101 -2.11846735 15.50581562 161 136 116
-2.93190856 -1.46967997 15.52647640 83 60 51
-2.89277664 0.18088760 16.47108979 58 44 33
-2.47127704 -2.03933073 14.94984659 118 93 73
-1.81861299 -2.93345512 15.04912011 185 151 106
-1.87264594 -0.77018199 14.65603994 125 103 90
-0.28725291 1.29576588 14.04186477 99 77 70
0.19761649 0.14535728 12.66735403 69 44 24
0.33077700 0.21097234 12.68515248 61 35 14
0.34703380 -1.63968905 11.21489030 62 38 12
1.79367182 -0.80937525 13.81270336 85 64 36
0.48990606 -1.92238129 10.65883772 142 121 95
1.61589002 1.28889273 14.26162563 66 49 34
0.54781839 -1.52018099 10.63771241 144 122 101
2.13658295 1.29326200 14.78611403 142 122 105
0.88566631 -3.00277117 10.12737063 51 24 4
0.75891137 -1.07426770 10.83696936 63 37 9
0.87753599 -2.52505967 10.10240176 63 36 11
0.71542413 -1.48161211 10.16294429 144 116 93
1.03230886 -2.65176309 9.90885894 133 106 75
1.57611594 0.48987067 12.25954323 152 130 115
1.79860617 -0.00669951 11.77868990 114 90 64
1.36338443 -2.89729312 9.67614569 110 78 50
1.31943922 -0.85914812 10.41570566 66 39 19
1.31208629 -0.77550372 10.36489112 168 143 122
2.22784349 -0.49230734 11.63850848 159 135 110
2.12380138 -1.45188955 9.54339505 120 92 68
2.33911548 -1.40078134 9.36723122 72 46 20
2.62970527 -1.09039369 9.47187242 55 28 7
3.42195588 -2.19552203 9.10729222 53 44 38
3.34117728 -1.01817137 9.19842258 130 107 83
3.21788126 -1.27765078 8.78181941 109 86 64
3.24237422 -1.25784371 8.79101590 128 107 91
-3.11211202 -15.12067201 32.38129160 103 104 91
-2.11702043 -15.32225553 33.84737374 95 92 80
-2.09947725 -15.23797141 33.41084029 60 59 48
-1.75283159 -12.62389415 31.20642959 33 34 28
-1.52395337 -12.72701461 31.38595074 142 137 126
-1.54229506 -12.62201488 30.85862462 58 55 44
-4.14602165 -1.93003080 18.25872599 121 111 106
-3.97552323 -1.69519822 18.92753227 215 215 219
-3.96240962 -1.35151204 17.28793419 215 210 205
-3.62186852 -1.30753180 16.27343134 106 86 71
-3.23367072 -1.15273019 16.08149554 164 142 134
-3.24200404 -0.95381424 16.16162448 159 140 133
-2.28644078 -2.79882586 14.91264275 155 116 76
-2.27674610 -1.28265874 14.89702012 99 77 64
-1.00354485 -2.09348203 13.99218762 68 39 4
-0.48159530 1.01827738 14.16493871 158 136 123
0.06696205 -0.27697907 12.57327923 138 115 94
0.14046056 0.10153967 12.75487566 63 40 23
0.15862179 0.06847765 12.67800981 135 117 100
0.27275276 -1.96221485 11.00119728 144 121 98
0.46449363 -0.03881897 12.43980912 142 120 98
0.35398157 -1.91010317 10.82634239 78 54 30
0.33388034 -1.89539916 10.80515992 78 54 30
0.39716047 -1.57913725 11.10129145 125 101 76
0.74950197 0.11839625 12.36107320 67 47 23
0.54282494 -2.13818975 10.03218040 65 39 16
0.51940880 -2.15086251 9.95381091 132 108 83
0.74162343 -2.21713682 9.68042866 73 45 15
1.09299934 -0.91426966 10.91469774 75 51 25
0.87739989 -1.38046001 10.14421042 144 120 96
1.60478707 -2.80339888 9.60126920 192 155 123
1.65162855 -2.77581738 9.61499040 177 143 105
1.74125947 -2.55212091 9.48690001 160 125 94
1.73183623 -2.55233487 9.47517788 160 125 94
2.02935733 -2.80711909 9.57828633 165 135 99
1.90192229 -1.36299950 9.87437017 124 100 76
2.25083388 -2.05887939 9.03037892 71 47 18
-3.74638179 -0.81450477 16.62334621 159 137 125
-2.06020044 -1.22315997 14.63049731 153 130 117
-1.24291575 -2.51810376 14.39205381 82 49 14
-0.79340388 -1.50940552 13.43747313 160 127 91
-0.77072065 -0.88623070 13.62679829 95 73 57
0.85097152 -0.06609221 12.22766945 57 37 17
2.15970823 -1.23978896 9.86239556 130 105 83
2.73315099 -1.09973533 9.30990197 89 63 38
-9.09494120 -13.77518713 28.85469952 175 169 169
-3.77064213 -3.49878570 15.85139655 220 218 220
-3.59018299 -3.10335226 16.59460865 230 228 230
-3.74563853 -2.45469708 16.60413308 163 152 143
-3.91980540 -0.82674518 18.55408731 212 207 204
-3.66373862 -2.67849424 16.40900302 163 145 134
-3.55828145 -2.59777797 16.07848963 171 151 133
-3.50676785 -2.69102351 16.06575872 115 89 76
-3.22496446 -3.08007504 15.42224045 167 133 103
-3.42550149 -1.20954297 15.85615701 166 143 127
-3.08841889 -1.84254610 15.29163113 86 60 46
-2.48359742 -3.34869177 15.04371196 188 150 113
-2.77495676 -0.67325621 16.46333373 60 38 19
-2.72299847 -0.85018311 16.23065196 98 76 55
-2.82990782 0.16766816 16.89760198 55 40 28
-2.67315571 -1.61738052 15.11366781 160 138 125
-2.15837574 -3.44445130 15.08888944 189 156 121
-2.44040272 -2.07953261 14.78032612 71 46 24
-1.88136692 -3.41595054 15.15092154 173 135 97
-2.00380736 -2.91182895 14.62720814 194 157 122
-1.86067412 -2.96351943 14.75892507 102 65 30
-1.96737626 -1.66359967 14.28896787 154 126 104
-1.98639402 -0.88276411 14.90643131 87 63 51
-1.01656923 -2.72774239 14.72420870 147 112 76
-1.55304005 -0.66964175 14.44034862 163 141 127
-0.99678728 -0.16028390 14.25635630 164 143 131
-0.87607524 -0.61530431 13.83391302 87 65 52
-0.28856608 -1.65958815 13.25295259 193 158 125
-0.29109622 0.55099914 13.97366959 149 127 115
-0.15414334 0.88075345 13.78464522 66 42 14
-0.14712049 1.88804130 14.20983808 114 98 83
-0.03212124 0.17190197 13.06298444 103 78 57
0.20235473 -0.10186818 13.26348683 125 101 81
0.54469754 0.26585532 12.83218466 72 46 25
0.36575589 -1.94806703 11.10964924 143 118 92
0.60560388 0.14044915 12.61582564 74 49 28
1.04916547 -1.72097369 12.24786485 144 123 94
0.38907534 -2.23561470 9.77935344 127 102 80
0.65506400 -2.37578422 9.87830388 185 153 118
1.43239874 -3.21159257 9.98287925 146 117 82
1.79930736 -3.47277283 10.28174431 221 193 163
1.15685335 -2.58752988 9.69713454 133 107 82
1.19831915 -1.96516839 9.59589731 74 43 22
1.15260048 -1.34350720 9.81059385 49 26 8
1.52191771 -2.37720245 9.59298832 103 74 46
1.65207629 -2.56695131 9.54804733 99 73 44
2.41091236 -3.32825997 10.10371389 92 89 79
1.39444240 -1.18469866 9.74058472 61 41 20
1.59192068 -1.60805899 9.64105686 65 46 29
1.80991416 -2.01285379 9.63689934 1 1 1
1.92554170 -2.49961619 9.52059004 197 168 136
2.94370831 -0.55560994 11.69945265 218 214 205
2.26758333 -0.92409859 9.89858355 150 124 104
2.32314405 -2.05148905 9.28187375 80 52 23
2.60628746 -1.15997025 9.27834256 125 98 71
3.29540936 -0.85700908 9.85022230 151 128 104
2.88557338 -1.71124270 8.58330418 96 65 35
3.14580562 -1.44390285 8.58973835 42 24 11
-4.31419097 -1.96430023 18.29921278 153 145 142
-3.05688546 -2.56342522 26.84200403 223 216 212
-3.71671072 -1.76417773 19.00008191 147 128 114
-2.97341865 -3.00175102 15.31695617 68 42 15
-2.63533335 -3.83770903 15.49962035 115 73 33
-2.74060078 -1.66207691 15.08296954 166 146 137
-2.43447214 -2.45367028 14.78839404 176 138 103
0.59963185 -2.03525246 12.72730873 173 147 115
0.10971806 -0.19253357 12.64147632 72 51 31
0.56777931 0.86490163 13.57596239 65 38 24
0.89576782 -2.86155468 10.17802288 35 13 0
0.56348775 -2.11686562 9.91556979 136 112 89
1.09642167 -0.76061385 11.62061931 76 55 28
2.74227612 -0.30914681 12.35140365 125 114 90
3.07701166 -0.64571579 10.21566292 220 209 200
3.11303310 -1.49023475 8.68302052 49 28 9
-11.54941392 -10.52338297 26.35021328 91 85 85
-11.95709228 -28.78158229 46.85897171 49 48 47
-11.63035562 -29.87429157 49.07706394 154 152 157
-9.88783897 -21.03185159 37.46844926 18 19 13
-9.71658473 -21.27168982 37.62683737 95 91 87
-9.98674035 -19.73648786 37.37383010 71 66 70
-5.15337806 -3.18873867 14.94359958 238 230 233
-3.04680252 -3.88164427 15.82949097 79 56 32
-4.11799514 0.14721540 17.34267668 144 141 148
-3.58432701 -1.63751008 15.91919541 175 151 139
-3.07154762 -2.96489234 15.31139395 158 126 98
-3.11486539 -1.30385056 15.87317371 76 50 35
-2.68591442 -1.11599632 15.44558211 129 107 96
-2.31720197 -0.70190265 15.46710169 124 105 94
-2.03463785 -1.82254921 14.42420030 90 66 53
-2.04639443 -1.81640174 14.38006200 90 66 53
-1.01543452 -1.71196430 13.81828331 85 57 36
-0.47853969 -1.02950145 13.23216406 66 44 22
-0.39476969 1.68860267 14.51315978 135 116 108
-0.03708622 0.75618874 13.87218034 42 25 10
0.29465426 -1.52872526 12.62608473 206 170 136
0.33812416 -2.62919180 10.72008837 70 45 13
0.90978318 -1.57349953 9.94750623 53 30 4
1.32058039 -1.26801200 9.66695709 136 112 90
2.73027602 -1.99225431 8.95400040 163 130 99
3.23539355 -1.83604869 8.65603366 167 133 102
-0.98991430 -0.80213255 13.79689373 89 73 60
-0.07221554 0.12848003 13.47155593 146 123 105
-7.47399073 -10.99397011 24.57751118 146 140 142
-2.12805879 -2.54156584 14.18037466 155 120 88
-3.10946880 0.05968391 16.64118744 71 50 29
-1.17949314 -1.87948599 13.87300486 85 65 41
-0.19388528 1.35551708 14.33487947 84 64 55
0.27512907 -0.82992811 12.52930365 53 34 17
0.98456024 -2.66134237 9.94309976 81 59 35
-5.61784332 -12.02341896 26.41784347 106 103 98
2.79861256 -1.78470119 8.84953172 85 60 30
-4.61349234 -0.28334581 17.73247201 149 156 173
-1.08087584 -3.22255263 20.91429627 87 60 29
0.16364017 0.06281871 13.01864715 62 38 14
2.42782501 -2.87467289 9.64258989 175 147 112
2.70777475 -1.27830792 9.05734876 125 103 80
-4.18660129 -2.01364319 17.84632235 109 106 99
-2.41479317 -3.16240014 16.84973338 105 78 49
-2.40440129 -0.79061085 15.55349461 173 156 148
-2.07101052 -2.51815364 14.35687805 170 134 90
-1.23724685 -0.74756186 14.33444870 98 76 65
0.11337465 -1.38275716 12.83565749 174 142 107
0.47592057 -1.82656628 12.20284812 105 84 53
0.47592057 -1.82656628 12.20284812 105 84 53
0.23441800 -1.75761547 11.63752547 147 126 100
0.68348118 -1.34008003 12.36963305 43 24 8
0.68348118 -1.34008003 12.36963305 43 24 8
0.72954161 0.56521252 13.20494719 74 50 24
0.29938733 -1.97872042 10.57033427 71 45 21
1.67424703 -1.39508616 9.66876128 119 95 71
2.74908589 -1.76391413 8.82783427 80 54 28
-7.98960389 -12.88734975 25.24184860 6 8 7
-7.85089732 -12.28334324 25.68218161 53 52 54
-5.68316526 -14.68640343 29.13484850 86 85 77
-3.52609827 -3.36488983 16.05804330 142 128 112
-3.84051538 -0.33605716 16.78749409 109 84 71
-2.72778744 -3.77833284 14.86857918 177 143 106
-2.49006231 -3.60297027 14.82428484 171 136 94
-2.71425563 -2.21300641 14.50739637 64 42 20
-2.24345683 -3.01447403 14.65876997 158 123 86
-1.92553472 -0.65210155 15.11162077 162 141 127
0.22916744 -1.78694229 13.09532172 75 48 13
-0.24317651 0.03707239 13.50376828 152 127 108
0.64066907 -1.83678541 12.83324742 54 33 14
0.15315857 0.64828582 13.60088582 136 115 96
0.30951462 -2.30884029 10.52373125 63 39 13
1.05258908 -0.91220190 10.86597424 75 51 25
1.42951020 -2.72948238 9.62157684 62 36 11
1.68587691 -2.28803754 9.53725228 169 145 117
2.10765413 -1.48010009 9.70374428 45 25 1
2.09469705 -1.88106521 9.33808258 66 40 14
2.72251907 -1.23101938 9.09347640 57 37 13
-2.91552434 -3.83774415 15.46487783 79 49 16
-3.45596838 -1.91732247 15.60107874 158 139 125
-2.97383291 -3.31296655 15.10594930 167 130 91
-3.49180272 -1.55182835 15.68502446 172 152 141
-3.40691044 -1.56269200 15.63651481 185 163 152
-3.40209615 -1.56386431 15.64061802 185 163 152
-3.27971955 -1.65499840 15.54583158 95 72 66
-3.25134317 -1.92096046 14.02393596 139 117 104
-2.35958529 -2.87095080 14.87798235 169 131 89
-0.57730272 -2.22566460 14.17105026 101 68 25
-0.56919062 -1.84013596 13.56306640 137 104 71
0.81970083 -2.20353281 12.93519909 143 112 83
0.30738321 -2.05922874 11.82102624 79 59 30
0.48008447 0.77868091 13.63751184 136 120 104
0.75004596 -1.46125929 12.30477191 75 54 35
0.62424550 0.03310944 12.70341763 60 35 13
0.91494049 0.36948718 12.62206515 139 120 103
0.68738902 -2.73111737 9.83451071 42 23 8
2.12388707 -3.89586374 11.29998971 211 203 185
0.65070881 -1.65992208 10.46199819 52 30 8
0.69036577 -1.88901789 10.20600755 124 103 78
1.93840203 -3.72054712 10.89326506 201 174 142
1.23088293 -0.63157297 11.82915294 118 97 77
2.09364876 -3.80251704 10.98314865 188 161 131
1.87650716 0.45000836 12.44402239 112 91 72
1.85505998 -2.97303423 9.66691977 188 153 112
1.51420551 -2.08024660 9.71149351 2 0 0
2.25607000 -2.90613862 9.74841737 121 86 46
1.95503378 -2.45650093 9.52104844 171 140 105
3.03461493 2.45548466 13.33543419 212 203 197
3.10557610 -0.67587900 10.50447008 142 119 94
2.48268661 -1.16200679 9.43999697 44 24 0
2.81057285 -1.75047312 8.70900737 108 84 56
3.26369548 -1.74649300 8.65853008 185 156 124
-3.65083725 -1.38594849 16.18484547 154 131 115
-3.39504242 -1.50342827 15.77939548 157 135 119
-3.19811160 -1.69288709 15.51721124 160 139 127
-2.16703435 -3.28650012 14.89696729 156 119 84
-2.85184992 -1.17240117 15.75470083 70 43 32
-1.92909401 -1.83539858 14.38775589 131 105 82
-1.95692906 -1.22568932 14.54250719 149 126 110
-0.21371057 -2.03605719 13.62403995 78 44 5
-0.32739908 1.21357095 14.12430253 138 116 98
-0.12189287 0.31972004 13.25631313 126 104 88
0.68609025 -1.17548003 10.78275825 135 113 92
0.44812129 -2.22826295 9.80921730 90 63 43
0.73937967 -1.60551896 10.49083345 61 39 14
0.74918780 -1.32836275 10.65411663 62 36 19
0.68024019 -2.25688781 9.73114039 188 152 117
1.10798185 -1.19959227 10.05458767 141 116 90
2.47154272 3.67273998 11.45511466 137 137 138
3.03642112 -1.39306127 8.79924066 78 52 26
-5.29926713 -3.42384611 14.97201143 154 138 122
-5.17370425 -3.41135169 14.74418736 193 163 128
-4.91707466 -3.61228867 14.96503211 218 210 205
-4.46768936 -3.37516657 14.85077388 86 57 21
-4.28529891 -2.01440167 18.14589327 150 142 140
-3.68055435 -2.90814880 16.70565407 223 211 206
-3.77696614 -1.45990822 16.03228008 183 163 156
-2.84217104 -3.77526549 15.32846456 90 57 17
-3.86203377 -0.58863910 16.89373170 160 145 141
-3.57823934 -0.79823878 16.35466369 152 133 119
-3.08259257 -1.55428889 15.56926833 75 52 35
-3.19643390 -0.37273288 16.42850305 128 105 87
-2.44428985 -1.15683605 15.80789878 133 113 105
-0.90045603 -1.45836610 13.59443734 179 148 120
-0.92010171 -1.06544827 13.63383991 180 158 135
-0.50347896 -0.42565326 13.36620576 157 131 115
-0.42279599 0.62347924 14.44828014 159 141 133
0.03682424 -1.77398807 13.12654910 167 133 95
0.14640659 -1.86541470 13.27136162 107 75 33
-0.05709968 -0.95471039 12.80912626 146 117 87
0.12892461 -0.61459964 12.61698537 121 99 76
0.27730164 0.68748547 13.54738388 147 129 111
0.53546245 -0.65406435 12.24646103 123 100 77
0.88127524 -3.13300070 10.51164877 211 187 156
0.91124362 -0.38608824 12.01896408 63 42 21
0.54019452 -1.95233004 10.10827859 130 105 82
1.18781939 0.21811935 12.25399337 141 120 103
2.10951871 -3.86388313 11.33261178 140 111 72
2.04446796 -3.74684945 10.91763144 202 174 140
0.86896776 -1.39091523 10.26633488 61 39 19
1.35226178 -3.11349767 9.92984016 85 50 9
1.23173406 -2.92184344 9.78907914 101 72 36
2.55781846 1.38322422 14.29506475 213 203 191
1.59098762 0.06715656 11.99438772 60 39 10
0.93378468 -1.59234731 9.99687152 55 33 10
1.36414581 -1.18694001 9.79928031 69 51 31
1.91736162 -2.60241176 9.58815383 60 35 5
1.99468867 -1.27334396 9.85331246 50 26 4
2.27455242 -1.31790760 9.55970501 49 29 5
2.89332799 -2.18993160 9.08869627 82 44 5
2.94973092 -1.33742565 8.69684634 128 107 80
3.29733960 -1.66921780 8.59786861 122 94 67
-8.01219894 -12.48083988 24.66600814 18 16 11
-8.02084231 -12.56688212 25.07373100 144 137 129
-8.14968920 -12.03204370 25.34849051 169 164 167
-7.86884810 -12.59927678 25.08258555 28 27 23
-7.95650500 -12.20482917 25.26964135 19 23 24
-7.66659324 -12.75898017 24.97204221 73 70 62
-7.98714774 -12.05761933 25.58398351 2 2 2
-7.28849990 -12.56548104 24.64022359 39 36 33
-7.40369528 -12.31404877 25.40077415 25 26 26
-3.48657334 -12.73679806 27.19573968 67 70 65
-3.41363645 -12.73140749 27.33725367 155 147 150
-3.23395412 -12.90574963 27.23530287 237 228 233
-3.42298325 -3.21966775 16.81296812 137 123 121
-4.01929570 -1.60709654 17.12488373 236 231 234
-4.01758431 -1.51418298 16.79947225 135 115 101
-3.87778015 -0.90064077 18.31309957 215 206 207
-3.66301135 -2.43351530 16.16300634 112 90 78
-3.55514772 -2.57116456 16.29030763 204 181 163
-3.11759616 -3.81887211 15.47490596 79 56 32
-3.52152341 -2.68148630 15.98931974 109 79 71
-3.40377701 -3.12011851 15.49689886 184 151 123
-2.98774929 -3.88271425 15.53969164 59 29 12
-3.00093087 -3.88213017 15.44092324 64 32 15
-3.72822267 -1.11098649 16.39651723 162 139 123
-3.11443596 -2.41631446 15.04707167 143 119 94
-2.92107892 -2.12469702 14.85622367 144 120 108
-2.58332546 -2.83437360 14.62803730 182 147 115
-2.23321409 -3.41068567 14.84304282 189 157 119
-2.39296148 -1.88257161 16.15733724 115 94 79
-2.75527218 -1.87032805 14.71571885 115 94 79
-2.74699828 -1.69510030 14.94071889 158 139 124
-2.89086351 -0.01690343 16.40840954 111 90 72
-2.89086351 -0.01690343 16.40840954 111 90 72
-2.42191487 -2.37416968 14.46321913 190 156 118
-1.88122849 -1.15997712 14.41241045 135 114 97
-0.57452470 -1.88141820 13.36526732 96 65 36
-0.79664865 -1.22413658 13.47548674 58 35 23
-0.88623925 -0.30931501 13.93778619 99 76 63
-0.08361917 -1.97021547 13.55939424 198 165 122
-0.53770651 -0.43562562 13.22485820 150 127 113
0.50376683 -2.12483233 13.20857814 154 127 88
0.22532159 -1.77434662 13.02560303 87 53 19
-0.03522318 -1.43670948 12.72058370 193 159 121
-0.35985492 0.08349422 13.31429639 92 73 59
-0.42319844 0.85409846 13.80750664 146 123 109
-0.32718222 0.02565824 13.18555728 136 109 93
0.27906014 -1.61804679 12.69212005 193 160 119
-0.18989163 0.85194599 13.72588021 65 40 20
-0.02063368 -0.39546365 12.80951844 138 117 97
0.47218927 -2.65632345 11.53583208 217 193 168
0.54690901 -1.53447759 12.45591198 73 55 33
0.47781876 -2.79878331 11.33239416 97 72 39
0.44235464 -2.73572906 11.29664291 194 177 149
0.38573194 -1.59974767 11.82539524 144 122 98
0.07542441 1.95226898 13.89042594 102 85 69
0.55555223 -2.93317355 10.91804435 202 178 147
0.16791538 1.92570646 13.87454792 103 86 70
0.91626802 -3.26232269 10.75200797 194 168 140
0.33889512 -2.08590010 10.82693789 59 33 9
0.73038110 0.03181960 12.43546887 128 106 86
0.95199580 -3.17422845 10.47524703 78 44 23
0.61781085 -1.33972288 11.12635069 62 36 14
1.07092934 -3.12856594 10.12903034 226 201 162
0.69948479 -2.37502069 9.91099799 182 147 110
1.35914242 0.45685461 12.36018057 136 117 100
0.71854621 -2.51889372 9.72289550 83 62 36
0.68053861 -2.01599662 9.82762122 135 110 83
0.77918715 -1.73716591 9.95922059 119 95 71
1.70050549 -0.27165155 11.75753491 140 118 99
1.87535000 0.38758291 12.31181691 118 92 68
1.71122713 -2.80247076 9.65488755 67 35 10
1.39010952 -0.83379303 10.10689761 236 227 220
2.02399300 -2.72851740 9.50869909 178 148 113
2.15079460 -2.65307838 9.54470784 142 109 70
2.73015490 -2.43916256 9.38921508 172 134 100
2.57593483 -1.64610724 9.15987277 159 133 107
-4.32862249 -1.92741529 18.10862901 160 151 146
-4.08541086 -2.16709173 18.16264042 153 149 141
-2.72862779 -3.14319288 15.03784992 193 159 121
-2.73024352 -1.68592379 15.01342262 154 135 121
-1.47558205 -1.33547194 14.07851620 136 110 87
1.54067290 -2.46587541 9.60743865 76 49 27
2.01156921 -2.31992269 9.40782326 194 161 130
2.41871352 3.63957540 11.39758205 138 138 140
1.30160002 -1.88602085 9.53668857 55 30 8
-0.18449246 0.97919275 13.87475590 139 117 104
-0.10204176 1.13572925 13.96659494 122 103 88
2.65378688 -1.92407880 9.03111587 66 40 15
-2.70921138 -3.15151155 14.98100228 159 126 91
3.62298238 -1.75954704 22.24108101 128 109 89
0.83577451 0.05425811 12.54445115 122 101 82
-2.86589090 -1.46804788 14.55309646 110 91 85
-2.76742575 -1.71296877 14.93549629 165 145 139
-0.46382832 -1.38540949 13.33726215 179 145 111
0.99512941 -2.13003181 9.62840606 78 49 23
2.51144825 -0.86283851 10.21636852 80 56 30
-1.68914738 -2.04995248 14.17258287 75 51 27
2.96960783 -1.44792841 8.67456424 75 45 18
-5.40685644 -3.42838572 14.79703132 162 147 123
0.47690045 -2.47522237 12.15994406 230 220 210
0.45767747 -1.92616586 10.72607334 63 37 10
0.48430632 -1.86337981 10.62892030 62 39 7
1.22778005 -1.75892947 9.55033555 140 111 79
3.49343791 -2.07965827 9.13305088 172 141 109
3.50609625 -2.07287925 9.06822546 230 227 210
-2.96656460 -3.99427644 15.72959385 153 118 82
-3.03741143 -2.60690607 15.28355915 76 56 32
-2.74455461 -1.70034216 14.97240728 169 149 138
0.38106576 -1.62014768 12.63306051 82 51 25
0.68762189 -1.42684750 12.13695870 64 44 20
0.29355220 -2.06207852 10.69824184 59 32 3
0.41048979 -2.24941761 9.93769749 147 123 95
0.78498328 -3.07653862 10.13488703 220 193 164
-5.44507045 -3.38310041 14.77649586 224 220 212
-2.77828822 -3.72689703 15.31609164 84 52 12
-1.90314432 -2.33586619 14.33285982 176 146 109
-0.31744399 -1.40044336 13.34579786 79 48 27
-3.93878642 -2.30039124 18.03090610 148 140 133
-2.92429575 -3.95645048 15.49874905 165 131 94
-3.66771865 -0.25956169 16.70997553 79 56 43
-2.45384549 -0.83002117 15.62289880 164 145 136
-2.29247765 -1.15900067 14.92144232 158 141 130
-0.14245001 -1.57636522 13.05620625 178 142 106
-0.28684132 -0.68943842 13.06320943 86 56 31
-0.27352605 0.72508272 14.16450364 152 132 121
0.25913811 -2.12846852 10.98528111 81 57 33
1.46434154 -2.06658376 9.71248231 89 68 51
2.69700609 -2.05292540 8.96160247 182 146 112
-5.20094648 -3.23506504 15.04391078 204 200 198
-3.20866977 -3.41984786 15.72487361 145 110 78
-2.71808220 -3.61192491 15.27089175 178 143 105
-2.22307584 -2.74738109 14.76219195 170 131 86
-1.51716901 -0.34621803 15.02387975 159 139 131
-0.38853928 1.58664527 14.25390742 83 60 46
0.23306944 -1.31159592 12.70657191 69 46 22
0.41505737 -2.11276523 10.20836863 123 102 77
1.10693586 -3.18603765 10.24366971 100 71 34
0.70140998 -2.01898741 9.85798152 136 112 87
3.37679151 -1.74043482 8.64014487 144 115 89
-3.75203270 -1.20309636 18.89964592 219 213 213
-3.09313121 -0.32225066 16.54592506 61 37 13
-2.06152373 -2.64141126 14.71040220 192 157 120
-0.84426715 -1.48878191 13.57963263 136 105 81
-0.28580463 -1.69723427 13.38227036 200 164 128
-0.07311300 -1.71889331 13.18266439 166 134 104
0.53480490 -1.95584910 10.75444751 121 99 78
3.27801553 -1.52111180 8.59729538 192 176 153
-2.77038924 -3.59112866 15.35152690 161 124 80
-3.21743894 -2.27406675 15.42098538 106 80 64
-2.67071384 -2.93423619 14.85868206 155 121 86
-3.05844183 -1.60006079 15.33043202 176 157 150
-2.97652977 -1.52763203 15.32178377 181 163 153
-2.84965012 -1.45205902 15.28910643 151 131 124
-2.72746642 -1.48656445 15.13153958 91 73 62
13.91468783 -18.48332232 69.89084803 96 93 80
-2.37323612 -1.43581104 14.85219144 159 140 131
-2.38471581 -1.44914531 14.78992852 159 140 131
-2.30133623 -0.68857772 15.54994879 143 126 119
-1.42667801 -2.13531812 14.14833474 119 85 49
-1.23596435 -2.33344028 14.22765371 111 78 40
-1.60514421 -0.71447472 14.49646842 171 149 141
-1.00545726 -2.24393071 14.07831973 119 83 46
-0.95169772 -2.02860230 13.97525017 188 155 113
-0.68541004 -2.26067209 14.16650739 108 69 26
-1.11634479 -0.84412122 13.81492838 152 135 119
-0.76956767 -0.34367583 13.79365674 163 144 130
-0.25652916 -2.00410663 13.47987490 187 153 115
-0.05860030 -2.00800531 13.55891007 91 55 17
-0.33360484 0.54765909 13.98517726 148 128 112
-0.05048271 -0.35878356 12.88335018 57 36 16
0.83834256 -3.23254563 10.89327567 139 114 78
0.52593782 -1.17591726 11.08261435 133 118 97
0.85307256 -2.43361815 10.02688578 54 31 8
0.75881228 -1.74128388 9.93503072 133 108 81
1.35506800 -0.31036776 11.70772097 133 112 91
0.89392304 -1.16519720 10.30649064 138 114 94
1.61199918 -3.30558468 10.03147853 113 75 42
0.94794822 -1.79521081 9.75803482 51 30 12
1.57467879 -3.19231680 9.83756518 183 148 111
0.99204935 -1.80918581 9.65168713 122 98 72
2.42059342 -3.51105454 10.44451311 226 217 200
1.23757388 -1.16519394 9.75527099 66 44 22
1.46515195 -1.47824541 9.59813875 59 33 7
1.53096440 -1.25248161 9.60844848 133 111 87
1.94774146 3.28412588 10.91690942 134 137 144
2.43160589 -1.23586612 9.52442171 56 35 8
2.82823615 -0.76458815 10.15404618 155 128 107
3.23030029 -2.42475282 9.42592251 177 148 113
2.66027332 -1.31231793 9.05621474 128 108 84
3.46946321 -1.68502394 8.66702429 24 22 23
-7.25700878 -16.75316315 35.73626003 97 98 90
-5.41190085 -18.92158734 38.57269880 97 96 91
-4.48534390 -18.09771560 36.65760059 104 107 97
-0.69534226 -26.97887985 46.33189268 64 60 59
-0.74861703 -26.53296118 46.70784130 141 139 124
-2.72290392 -15.08826627 33.42766455 85 83 83
-2.72290392 -15.08826627 33.42766455 85 83 83
-2.63645236 -12.72614265 30.62750845 125 124 120
-3.89282365 -3.58168542 15.46464961 133 102 72
-3.78435474 -1.47717850 16.18318428 167 144 128
-3.83540010 -0.55486722 16.77423852 160 135 125
-2.45391032 -3.40975891 15.22290269 206 171 135
-3.01271451 -0.88451568 16.00851274 129 108 91
-2.28415080 -1.61535652 14.70596806 88 65 50
-1.72556800 -1.05125517 14.31094352 153 128 114
-0.91734179 -1.99602966 13.90599235 187 153 117
-0.40337521 -1.77556675 13.47835697 199 164 126
-0.43916558 -0.36785223 13.06555750 141 118 102
0.16090408 -1.58779639 12.67689314 175 138 107
-0.20476275 -0.56955126 12.74363961 119 96 75
0.42007557 -2.67700165 11.22430691 95 69 33
0.00992322 -0.05709247 12.82430016 129 106 90
0.29186311 -2.15932749 10.75304087 149 127 104
0.49211407 -1.64263655 10.74135106 142 122 99
0.55916961 -2.54134657 9.91206029 59 32 11
0.47596011 -2.17620177 9.98502195 63 41 18
1.07091400 -0.29516604 12.01625492 83 62 41
1.53491721 -1.66154946 9.64987007 60 42 26
1.97322410 -2.16958980 9.45939511 166 134 105
2.63823880 -1.90062106 9.07740464 174 140 104
2.95224758 -1.59395378 8.80704616 177 152 125
-5.44320989 -13.78310507 30.71960179 120 117 110
-4.37912075 -3.61491575 16.54156134 143 112 88
-1.82873840 -2.41948301 14.53620004 143 110 70
-4.25708564 -1.88364846 18.73022255 160 153 143
-3.87830206 -3.66634176 15.95911491 210 172 129
-3.79385523 -2.92277164 17.46001970 230 226 223
-4.05198221 -1.99570781 18.38547039 170 161 152
-3.75265732 -3.54635434 15.98083416 162 131 102
-3.69377980 -2.20085343 18.37120999 176 164 151
-3.54924961 -2.29416843 18.52494707 133 120 104
-3.55749704 -2.97033598 16.93956081 238 234 231
-2.98112839 -4.12138527 16.54474520 182 149 111
-3.71827449 -1.64085889 18.97295486 228 226 229
-3.34589391 -3.18844278 16.83685262 99 75 51
-3.47819807 -2.84049275 17.03761789 137 115 102
-3.17528108 -3.37965056 16.86262109 126 102 78
-4.22458223 -0.73012433 18.58741171 218 213 210
-3.52078603 -2.85522991 16.56370729 91 68 54
-3.63734222 -2.27407215 17.27146537 82 61 43
-3.89855783 -1.67348189 17.49031783 242 235 236
-3.89855783 -1.67348189 17.49031783 242 235 236
-3.10166589 -3.51198854 16.49603796 161 128 98
-3.02064325 -3.68472801 16.28992625 110 81 54
-3.94930017 -1.63441441 17.10503867 123 99 73
-3.00852618 -3.58434851 16.39832913 174 143 107
-3.74401577 -2.27685329 16.38550214 176 160 147
-3.81538086 -1.94615679 16.73262901 174 151 134
-3.79367729 -1.44995158 17.72641271 141 118 103
-3.13089711 -3.48083475 15.86390849 174 135 99
-3.34308716 -2.91174460 16.02128334 130 104 87
-3.85215015 -1.49688170 16.93357615 101 79 60
-3.37904789 -2.60803684 16.31974849 111 84 66
-3.11613098 -3.09924925 15.87786722 172 140 110
-3.49654644 -2.24267267 16.23230649 124 101 85
-3.55362206 -2.25637250 16.00370753 124 101 85
-2.99995497 -2.93297979 16.03261958 131 98 64
-3.86566027 -0.58557043 17.29694148 172 151 134
-3.87154518 -0.41352015 16.93235800 150 126 114
-2.33111941 -3.70305359 15.65715990 178 144 100
-3.65373548 -1.00932354 16.40326094 95 73 60
-3.33879324 -1.80033640 15.68403416 168 150 136
-3.53810492 -0.97345351 16.35685558 77 51 35
-3.76152757 -0.17330306 16.97954109 152 129 115
-3.73285611 -0.08047007 17.19623256 110 83 68
-3.72043634 -0.25416538 16.93384664 84 62 39
-3.25919773 -1.72062412 15.64952413 162 143 130
-3.48193631 -0.70741975 16.59860883 141 120 104
-3.21234769 -1.40620546 15.69959679 136 118 108
-2.18791424 -3.28062082 15.37120751 194 158 113
-3.55767784 0.13940207 16.94806506 150 133 125
-3.26380099 -0.62535723 16.29281457 77 56 39
-3.51874831 0.09868553 16.70954754 125 111 102
-2.87401173 -1.73638628 15.50277490 77 52 32
-2.75515623 -1.96010699 15.00255604 77 49 30
-2.89431997 -1.18224452 15.78103552 68 43 28
-2.62728922 -1.94369503 15.06973917 152 128 107
-2.82467080 -0.65676271 16.51053423 79 53 33
-2.73621272 -1.32047913 15.38359137 120 94 79
-2.38880030 -1.70013386 14.96813695 63 36 26
-1.67441626 -2.82362008 14.94036110 206 165 121
-2.18711096 -1.26128384 14.98224336 84 61 47
-2.11350823 -1.21574086 14.93621238 105 80 65
-0.90310703 -2.06008352 14.12854565 80 43 9
-0.47980468 -2.41213461 14.37716624 204 170 125
-0.98100533 -1.70026013 13.85226442 85 59 25
-1.25706862 -0.81888969 14.07827071 154 133 112
-0.94240785 -0.33517238 14.01292405 88 65 50
0.53294176 -2.24474169 14.22223165 227 217 201
-0.85567036 -0.34136582 13.96465145 150 128 112
-0.20896667 -1.70661466 13.42238361 77 46 17
-0.76240445 -0.55109678 13.75739299 80 56 48
0.32226069 -2.11411386 13.54264216 149 108 64
-0.59260862 -0.75765249 13.39627456 68 50 30
-0.50267324 -1.03264324 13.13788194 74 49 22
-0.56703577 1.23541971 14.71748842 82 68 64
0.50652980 -1.97078791 13.06299076 91 60 28
-0.45545384 0.72935952 14.21693715 151 132 117
0.82124730 -2.15437166 13.11654801 139 99 57
-0.39124224 0.75880286 14.05975816 128 102 87
0.62580042 -2.34571882 12.28267107 96 72 38
-0.32914133 0.95037234 13.93761564 76 54 36
0.58569727 -2.74647144 11.70689489 126 99 69
0.72391197 -1.89429198 12.64729882 153 133 101
0.35996898 -2.09704512 11.99762916 179 150 121
-0.23282424 1.00575833 13.90987905 72 53 38
0.81925955 -3.11098604 11.50121853 105 77 48
-0.47454162 1.70029442 14.19907547 119 103 90
0.86347259 -2.95790881 11.61250012 141 114 89
0.79318404 -3.09357502 11.32953695 209 184 153
0.79318404 -3.09357502 11.32953695 209 184 153
0.41825806 -2.61081237 11.25550359 169 139 108
0.59806848 -2.84647528 11.22092797 192 170 141
0.68623295 -2.99407771 11.13368033 101 70 41
0.91534771 -3.21058195 11.13362235 199 174 148
-0.18194894 1.82492347 14.12174317 81 63 45
0.50938294 -2.80267559 10.92727920 93 67 33
0.44030014 -2.72729662 10.84702557 93 63 37
0.27103263 -2.42590677 10.87025779 159 142 116
0.55484490 -2.93099499 10.75498673 209 182 155
0.79830081 -3.12438210 10.81299520 97 72 41
0.36757853 0.96757450 13.80199190 132 116 95
0.26905912 -1.83049317 11.29297891 147 127 97
0.20163601 0.53491618 13.22866372 146 125 111
0.29030877 -1.78435352 11.33637792 72 44 20
0.49076979 -2.87801172 10.61430731 209 182 155
0.33613237 1.14134584 13.78508047 116 95 74
0.74956518 -3.10362696 10.64791290 213 186 152
0.62774143 -3.00559943 10.57296193 117 88 60
0.38651122 0.78351812 13.47657463 59 36 18
1.60567798 -3.58131689 11.16086209 231 204 180
0.39888714 -2.83145857 10.38810710 93 59 30
0.30041743 -2.52471714 10.53194294 204 181 155
0.37886626 -2.65621514 10.47618171 163 137 109
0.55331532 0.86073842 13.59801969 63 41 15
0.34983057 -2.74288483 10.27790655 199 176 144
0.69646604 0.87445522 13.66415404 138 123 102
1.82826601 -3.71411825 11.01499912 207 182 156
1.12787033 -3.20500201 10.63766671 180 155 128
0.72021547 -0.88171598 12.03061791 121 100 74
0.64495605 -3.01020535 10.17879902 217 193 163
0.53607385 -0.05939600 12.47457329 131 111 87
0.63501506 -0.59889569 12.11799909 120 102 74
0.60175892 0.24602390 12.69802346 142 124 105
0.41186726 -2.44738153 10.25343424 68 42 17
1.02811512 -3.15108613 10.22273594 216 192 162
0.38894721 -2.38784440 10.15480346 71 49 18
0.45065981 -2.33291861 10.17429191 60 35 6
0.80432761 0.32789392 12.67434651 145 124 106
0.80384499 -0.19344482 12.14545538 115 94 65
0.59075844 -2.78817364 9.84821614 116 88 58
0.60407513 -1.31092075 11.02721379 58 32 10
1.10348260 -3.11156936 10.10570613 224 195 162
1.97353080 -3.57366317 10.60051120 211 184 149
0.64452736 -1.26581488 10.99791723 63 41 15
1.05834835 -3.06572843 9.97502326 207 179 145
0.96620105 -2.85332149 10.01342378 116 86 57
0.64105210 -2.51944598 9.90475096 56 31 4
1.05702688 0.62005901 12.77963367 136 119 97
1.99706763 -3.53164571 10.42069396 204 179 148
0.46868980 -2.27106479 9.86505437 133 108 79
1.70722225 -3.39757482 10.21212324 227 198 166
1.71666929 -3.44503323 10.18562649 223 194 163
1.62942276 -3.34940659 10.16927663 208 176 138
1.39456902 -3.25744419 9.98260871 218 192 162
1.07142446 -0.09105439 12.10764732 133 112 95
1.09099482 -0.03908539 12.16352989 56 33 18
0.56892462 -2.12204576 10.01146769 58 32 5
1.14620260 0.23189586 12.31198702 58 34 10
0.80873211 -2.65401152 9.73087848 76 50 24
1.42187064 0.88862146 13.04531948 224 217 203
1.25609343 -3.00830032 9.84702475 141 112 78
1.20204416 -2.96206351 9.81506625 182 156 122
1.30978779 0.45313707 12.44009555 138 117 101
0.55767741 -2.07896519 9.77818628 130 108 81
1.33627894 0.24609034 12.26131190 136 115 94
2.46418464 -3.48859342 10.50981085 235 224 206
1.24428394 -0.23372352 11.69746207 93 73 44
1.60107755 0.64455273 12.62505413 141 121 98
1.57419979 -2.90719414 9.65998992 71 40 10
2.19714303 1.94390344 13.78125014 117 110 92
1.85944138 -0.41086824 11.61464116 138 117 91
1.58254775 -0.50394417 11.18942219 100 74 47
1.00942458 -1.04618819 10.23412725 133 112 85
1.05516185 -1.20692732 10.04582548 59 38 17
1.31363866 -0.77974730 10.33036112 228 224 214
1.12347644 -1.18218352 9.89010356 127 103 79
1.43540509 -1.40642758 9.56735073 170 144 122
1.86598938 -1.73852493 9.54066299 174 150 120
2.13984623 -1.08066390 10.14321693 148 129 107
1.98716354 -1.56595523 9.62434337 119 97 75
2.11736543 -1.51007364 9.65412403 111 90 68
2.29784738 -1.91899060 9.24688235 174 143 113
2.50154390 -1.94434734 9.15192054 144 114 77
2.49883235 -1.95421397 9.15702510 144 114 77
2.64018792 -1.81534257 9.02162816 124 95 63
2.54162650 -1.40812711 9.13973141 127 103 82
3.39160687 -1.91461485 8.74608506 144 114 78
3.27597426 -1.16285718 8.93046370 128 105 79
3.15506971 -1.55119151 8.62207311 106 82 56
3.38150870 -1.18906146 8.88084524 25 17 11
3.31396782 -1.57327447 8.56781308 24 23 20
-1.12878807 -1.92055018 13.82989406 173 146 118
2.30181689 -2.28910799 9.34276977 131 104 78
2.82131961 -0.65816131 10.47694201 218 211 198
1.23504778 -2.76122422 9.75742182 68 47 19
1.18573234 -1.20831379 9.82900443 55 35 11
1.36816546 -1.54884881 9.57231673 69 45 17
1.45752176 -2.27317391 9.63763525 70 46 20
2.56241426 0.36152553 12.72965380 196 179 167
2.80605883 0.17786791 12.90796297 211 205 195
-0.10718837 -0.38563034 12.00551811 54 36 22
3.54778317 -0.87658791 10.23318967 136 118 101
-5.45215399 -3.34879726 14.82652584 46 48 43
-0.90779161 -0.90493523 13.70052477 86 68 58
-5.42737301 -3.42455944 14.94464470 170 150 127
-4.74445930 -3.42688303 14.93198968 123 91 64
-4.32986262 -3.43780119 15.11816712 94 65 35
-4.10706976 -3.85730514 15.36654901 41 41 34
0.36410917 -0.36872299 12.47304239 50 33 3
2.06922696 -2.53798275 9.49775690 68 40 2
2.52514540 -1.50015537 9.08645211 175 153 138
-3.01784736 -2.95462335 15.19911553 153 121 88
-2.93962488 -0.98686923 15.78939862 153 135 121
-0.12706149 1.04051054 13.73672686 134 116 104
0.89480252 -1.44788059 10.02566203 126 102 78
1.17990823 -2.92666012 9.78467948 103 71 40
1.88390825 -0.51523187 11.67591954 39 20 1
2.24321476 0.64192515 12.93975171 135 120 103
-21.56800880 -19.35615829 43.24797787 8 8 5
-13.42010119 -11.34509049 28.67400285 139 139 140
-11.40505781 -12.28841529 29.55126125 108 108 107
0.48002766 -2.05988790 10.33129117 51 30 1
2.42700440 1.25866296 15.11191738 156 132 103
1.30780000 -2.85130676 9.71208463 110 83 63
2.50183642 -0.83690449 11.50717152 233 226 210
2.42825990 -0.80397427 10.46395953 140 114 88
-8.30839397 -14.45711210 29.60854769 192 191 187
-8.00852331 -14.84136287 29.86378236 20 19 13
-2.67025371 -14.32034394 30.94341139 154 150 144
-2.81103753 -5.25673705 28.27570020 223 218 216
0.05915742 -2.17227453 13.62942561 232 226 213
0.40358761 -0.10327824 12.61503333 144 123 100
0.52998839 -1.60511222 10.55250967 82 58 32
-8.36270776 -15.85835759 33.97164924 0 0 0
-2.66057395 -15.79839506 34.20937426 118 113 107
-4.74561736 -3.40938151 15.20586819 120 89 60
-0.22933569 -15.53548464 39.66472520 179 170 158
-3.02348362 -3.91345286 16.08181666 151 120 82
-1.86118866 -1.64515968 14.32241280 148 123 102
0.95351176 0.41468318 12.70935460 78 57 40
1.56962591 0.55091121 12.59262184 81 53 31
1.40907698 -0.23328521 11.86328965 55 32 9
1.90627293 0.14988194 12.01137130 86 58 33
1.53769799 -2.50503452 9.58845851 73 47 18
1.93864220 -1.14357767 10.22043134 55 28 1
2.52982015 -1.76256476 9.12706809 67 44 13
-2.40287749 -15.02078320 32.59765696 108 108 100
0.31821905 -1.99125545 10.67659906 51 29 9
0.32812132 -1.99334252 10.70418557 51 29 9
0.32540597 -2.58232653 10.03027405 85 54 29
1.41009821 -2.71935537 9.64333511 141 113 91
2.69747365 -0.33742783 12.20840897 122 108 88
1.82433015 -2.09087140 9.59744519 5 5 2
-3.86187982 -1.71799082 18.81077055 212 210 215
-2.08208683 -2.23543351 14.42842890 70 44 20
-1.86572896 -1.51455573 14.27618750 138 115 97
0.76964036 -2.24160134 9.68726186 58 31 5
1.37053024 -2.56855204 9.68240274 50 29 9
1.42208699 -2.33529181 9.63412529 78 51 22
2.96414957 -1.11807082 9.15979481 45 22 6
-12.83511936 -20.20179336 36.68971027 100 98 99
-8.26720380 -16.32801879 31.55804506 2 2 2
-4.11280199 -1.77838377 18.66256433 151 142 137
-3.53627546 -1.66698717 15.83378340 101 78 62
-2.98510648 -0.28695528 17.00855014 94 71 53
-2.55210380 -1.71884765 14.85835588 114 92 78
-1.94146087 -1.67342929 14.40964866 154 126 104
-0.95142117 -1.34819461 13.66248478 131 105 82
0.11301034 -2.21021032 13.77376654 233 228 220
-0.09451994 0.86836834 13.89390726 66 42 14
0.78238371 0.49909520 14.60967342 105 85 68
0.42010161 -2.39579931 9.79524702 118 84 50
0.72482359 -1.80333917 9.81044637 111 87 62
-4.23867649 -2.11263014 18.07350038 241 239 239
-4.21562838 -1.93952209 18.30027054 102 93 88
-3.73855172 -0.29417904 16.86544424 82 57 43
-3.02783811 -0.47751616 16.48607932 122 96 79
-3.03257556 -0.47865728 16.47119167 122 96 79
-2.29806278 -0.70783372 15.55315656 124 105 94
0.54827654 1.08840090 13.92994514 122 99 82
11.89850735 -9.96221043 21.40232537 31 30 24
-10.72067282 -13.66013136 30.42818404 36 31 27
-7.99417984 -13.67764737 29.93897588 0 0 0
-5.29030623 -3.51848674 22.62982088 226 225 230
-4.95276469 -3.43700270 14.62579253 226 191 158
-3.17232101 -14.54295985 31.26454359 151 149 146
-4.22890251 -3.71861818 15.32966003 201 170 135
-4.28016123 -3.38028407 15.28611355 161 131 107
-1.99602378 -11.97478504 29.09339668 65 63 64
-3.88010372 -3.81025396 15.16806772 49 42 41
-3.86046970 -2.32350157 16.84787218 245 242 246
-3.64065870 -2.49359710 16.58158710 153 134 124
-3.37245780 -2.38158117 15.72379298 194 169 149
-3.66462982 0.08151977 17.30634456 85 82 90
-3.13664462 -3.15989087 15.07473556 114 84 56
-2.88436314 -3.66656358 15.31306817 210 172 135
-2.67885217 -3.72864635 15.17865876 134 95 58
-3.03294698 -0.24597305 16.69866561 95 68 49
-2.90108356 0.17406223 16.84186729 113 98 86
-2.55142206 -2.97564046 14.92837365 180 142 103
-2.70448876 -0.94778600 15.81890490 146 126 112
-2.38746597 -3.21751730 14.76658111 202 167 137
-2.62971003 -0.81147707 16.08541915 156 137 123
-1.88934692 -2.43736348 14.37500358 200 166 129
-1.74299696 -1.51297275 14.19373606 110 85 64
-1.49041739 -2.34899696 14.44098903 80 46 18
-1.41785028 -2.54775644 14.39480431 196 158 118
-0.99836158 -2.29365328 14.00283833 207 178 141
-1.25200255 -0.55436433 14.39760229 149 127 114
-0.88518216 -0.92107543 13.81630629 73 50 37
-0.44124675 -2.19465154 13.81477737 153 115 85
-0.65008119 0.25246247 14.74722030 149 131 119
-0.65134327 0.22729955 14.44992533 106 87 73
0.04186593 -1.99043938 13.34126488 174 139 107
-0.29690102 0.03662290 13.55490857 75 53 41
-0.17952567 0.61278547 13.94418537 130 113 96
0.04849253 0.49597654 13.60554351 62 36 14
-0.05206559 -0.32602348 12.85292992 64 42 29
1.62602339 -2.14733325 15.56575047 197 165 129
0.30689835 -1.77763695 11.38053027 61 32 7
0.56052837 0.47044172 12.95405082 122 101 86
0.67518696 0.26834795 12.72964990 148 129 109
1.65061176 1.36931824 15.22478290 13 4 0
0.45618612 -1.74520763 10.96408662 64 40 21
0.85310461 0.59071788 12.99323534 76 48 32
1.85821871 1.31534703 14.98825295 85 67 48
0.43628027 -2.32047633 10.14942604 65 40 20
1.59803853 1.07739759 14.16181156 51 28 3
0.36255548 -2.38344177 9.75918652 117 85 54
2.11825925 1.15222579 14.76448439 125 102 78
0.60016945 -1.64371791 10.32186633 147 122 101
1.39196554 0.71130349 12.91853773 64 39 17
2.47468882 1.25448407 15.12627452 132 111 85
0.72379659 -1.71931534 9.78729074 76 50 25
1.67369483 0.64490077 12.57444328 83 62 33
1.11375491 -2.97065186 9.81844456 226 195 162
1.04725572 -0.99378381 10.40903627 75 50 30
1.03126681 -0.97216867 10.23121738 147 121 99
1.87892294 -0.79202578 11.49741358 53 27 2
1.17259812 -1.15402109 9.84786697 58 37 9
2.28011286 -0.67890428 11.60759476 142 120 95
1.30063744 -1.20404145 9.73044156 75 50 28
1.39388731 -1.06093390 9.83062333 135 111 85
1.31932892 -1.40141834 9.51594792 111 81 55
1.44116507 -1.23115015 9.58801415 63 36 12
1.76787766 -1.25047581 10.01402254 66 40 20
1.39751560 4.29709168 11.78658008 218 208 206
1.75840635 -2.21632234 9.51531767 140 114 91
1.95313579 -2.32835340 9.45483053 104 72 50
2.25841781 -2.58844664 9.50976334 203 169 142
2.22752486 -2.57458247 9.47454707 203 169 142
2.26317042 -1.14187062 9.77278257 131 102 71
2.42922280 -2.27917189 9.22295655 116 82 56
2.72439179 -0.79690319 10.05360366 74 39 15
2.49589806 -1.88356731 9.12565501 109 82 54
2.70874839 -1.89762136 8.98969388 96 65 41
2.88163455 -1.67562643 8.77609299 83 56 26
3.05000930 -0.96329313 9.13679292 87 61 31
3.12721435 -1.07291150 9.14673085 52 23 2
3.22242016 -1.63327946 8.69818400 159 131 101
-4.36837053 -1.93976635 18.18082534 149 141 135
0.43188122 -2.66887045 9.96765949 145 123 93
1.44303594 -1.60995264 9.55199103 80 56 30
2.78094505 -1.76194866 8.87509814 69 47 24
-1.69914008 -2.89474335 15.49231091 171 137 99
-0.45640717 -1.59080206 13.32543428 100 75 53
65.11903846 -17.10442081 87.01074630 99 99 91
-0.32146792 -2.90757065 15.11611840 215 212 212
5.06131494 -0.56039220 51.48930911 130 109 93
2.35706378 -2.00845064 9.22925170 78 49 21
0.36164307 -0.84596791 12.30980492 91 70 43
0.45486347 -2.03960057 10.83018178 145 123 100
2.10175542 -2.60142868 9.46616868 129 97 60
2.90321328 -0.48465771 11.20034343 145 121 96
-2.84502452 -2.79236826 14.91368045 157 127 93
2.84176702 -2.22147063 9.12849405 83 45 13
0.48113524 -1.95117956 10.68448685 121 100 71
-2.15205075 -1.31593725 14.63819547 118 97 81
-3.56852660 -1.68604328 15.76631686 107 85 72
0.01380296 -1.48661899 13.02319977 178 143 107
0.19211380 -0.66852954 12.51744902 84 62 40
3.11507323 -1.98454119 8.84645655 165 129 91
-2.99755752 -14.35717132 31.97636605 97 95 90
-2.84621954 -14.56850381 31.99702867 65 62 54
-3.15612551 -3.13340400 15.38353090 65 38 4
0.41884563 -1.51968176 12.61692279 148 115 79
3.03094153 -1.44504175 8.69234269 76 52 29
-4.87801373 -3.61958180 15.19083553 159 136 108
-4.08932076 -1.68546277 18.60120502 148 144 140
-2.37713854 -3.86072188 15.43363974 157 115 74
-2.80841584 -1.42882481 15.23704975 185 167 162
-2.19764993 -2.65695288 14.61482264 137 99 54
-2.19764993 -2.65695288 14.61482264 137 99 54
-1.85904404 -1.15110976 14.49395164 138 119 105
-1.59131876 -1.02510524 14.32277595 164 142 129
-0.67656877 -2.39975806 14.18006052 183 149 111
-0.68010493 -2.39610827 14.17660314 183 149 111
-0.75514498 -0.33346204 13.82801398 163 144 130
-0.51804959 0.11981534 13.56488993 153 130 114
-0.01167328 -1.71515750 13.02481991 172 140 103
0.21278567 -1.79882297 13.18020075 83 50 19
-0.29074145 -0.59262367 12.95498154 131 106 86
-0.22686863 1.56213266 14.05731145 141 119 105
0.98461547 -0.92111725 11.76439084 58 35 18
1.92747547 -3.10855170 9.88670442 84 49 11
2.54443050 -2.98719692 9.93233654 180 149 115
2.51469552 -2.66400833 9.51794080 174 138 100
-2.33800793 -11.79826607 30.11787185 133 131 132
0.31716239 -2.62772452 10.14399234 174 148 122
0.55962880 -1.58498577 10.84226109 62 37 17
1.90224397 -2.46659900 9.47781458 183 151 123
-2.90042739 -2.83929167 15.07283479 173 138 106
-2.14479405 1.06569861 15.65153054 124 120 120
-5.67814120 -17.21642493 37.00721309 108 109 96
-4.17014514 -18.61159630 38.59634702 108 109 104
-3.80763664 -18.51864471 38.87265228 112 111 105
-2.46281442 -15.38742117 34.83619817 78 79 73
-1.96595900 -12.91809890 31.60609430 120 117 112
-2.01791595 -7.51108787 29.12895074 56 53 44
-4.03808276 -1.99284180 18.39323818 170 161 152
-3.25027890 -3.25081683 15.71611176 82 52 21
-2.70746191 -3.98467960 15.64564739 197 167 134
-3.73196234 -1.37020085 16.39823161 91 65 48
-2.52906803 -3.54728491 15.37380539 97 65 30
-3.45423030 -1.88018376 15.86903403 173 150 137
-3.41439380 -1.89166820 15.76407922 149 127 114
-3.74262595 -0.74318023 16.72292978 95 69 52
-2.36196306 -3.38496081 15.15910848 89 55 18
-2.52166037 -3.03732325 15.13509046 203 166 122
-2.76251678 -2.42754737 14.96917280 138 116 96
-3.23254805 -0.93815401 16.16922386 157 141 132
-2.97113981 -1.78731738 15.35286090 84 57 38
-3.43459251 -0.34785930 16.52130462 87 66 45
-2.92877403 -1.87472383 15.07653040 150 129 112
-2.85603228 -1.70491503 15.35122296 80 54 37
-2.81050652 -1.67409613 15.24418005 88 62 42
-1.56015113 -3.11451233 14.96671233 148 106 60
-2.39179285 -1.37999190 15.01644231 75 49 33
-1.56248496 -1.77050261 14.14024022 153 122 88
-0.79689783 -1.54502368 13.61262147 166 133 95
-0.82098340 -0.03522174 14.16524674 86 66 55
-0.77542552 -0.60613412 13.59200387 151 132 117
-0.58125822 -0.72465242 13.40961910 99 81 59
-0.65432842 -0.48182542 13.55338348 88 65 52
-0.54096827 -0.55641463 13.31657509 135 115 91
-0.26175808 -1.17160646 12.96073497 129 94 58
-0.46801930 0.59370992 14.34280055 149 130 118
-0.40307644 -0.76052366 12.98280617 152 131 109
0.59877307 -2.04577457 12.74660593 149 117 84
0.35363656 -2.19465180 11.77426626 95 67 34
0.81580591 -3.16266648 10.67072855 97 67 32
0.59534002 -2.96013968 10.50384248 207 181 148
0.26590792 -2.54576765 10.44209588 106 74 45
1.05779261 -3.14412678 10.32869394 216 190 161
0.38598351 -1.94036788 10.48566650 140 119 92
0.91861927 -0.10982314 12.22944640 57 36 7
1.84770401 -0.33646909 11.66942750 147 126 100
0.99870376 -1.31342930 9.99145023 144 120 94
1.30149540 -0.98989396 9.89552137 121 97 69
2.12960382 -1.48266884 9.58368545 119 94 72
-3.26846615 -13.79330742 29.42055368 152 148 145
-3.23506752 -13.56078551 29.32133219 112 113 107
-2.41108326 -11.27785005 29.05452889 129 126 124
-5.32739438 -3.52376130 14.79671913 173 150 121
-5.25342953 -3.42379327 14.64475904 203 168 136
-4.03208107 -3.92423487 15.80412745 234 224 218
-4.71470182 -3.33256709 14.90864132 123 104 81
-4.40453235 -3.36113905 15.20932360 149 132 124
-4.31364856 -3.42622294 15.07754510 112 84 62
-4.30311190 -3.37685218 15.22976586 232 230 225
-3.65797947 -3.94940534 15.53850246 144 105 60
-4.17950249 -1.93942144 18.19356520 148 140 130
-4.04893176 -2.06888373 18.17384968 113 104 95
-4.04893176 -2.06888373 18.17384968 113 104 95
-3.93172400 -2.20963988 18.01039900 100 95 91
-3.71378609 -3.39659738 15.92470950 218 217 213
-4.20589258 -1.03709193 18.73346329 155 151 150
-4.19818774 -1.03254140 18.79791039 155 151 150
-3.82734322 -2.40355987 16.76983153 171 158 146
-3.21439750 -3.78954150 15.56097394 83 57 32
-3.10986349 -3.87352368 15.63082808 72 40 20
-3.03115034 -3.92874564 15.67859223 53 27 2
-3.81112904 -2.26819889 16.45006811 83 65 43
-3.69124860 -2.67986986 15.98170944 184 162 142
-3.36183505 -3.15430558 15.89567034 153 124 92
-3.20148220 -3.49676650 15.65332253 117 81 45
-3.12750308 -3.59975444 15.61521038 70 41 12
-3.04458214 -3.44331176 15.40896402 186 151 110
-4.01632910 -1.33232300 16.54697892 168 148 134
-3.24908801 -2.78648901 15.37714887 74 52 28
-2.52459092 -3.72073188 15.26778742 178 143 105
-3.61080146 -1.93134251 15.85148197 93 74 57
-3.89605340 -0.91240630 16.75498366 153 133 117
-3.57414926 -1.96857177 15.71012041 158 135 121
-3.55573897 -1.88275800 15.77833735 87 67 56
-3.87734434 -0.83073167 16.72031765 97 73 61
-3.70553749 -1.09866181 16.30335756 144 123 104
-3.62790335 -1.36969558 16.02979354 154 131 114
-3.62113503 -1.12232501 16.15787368 145 119 100
-3.49870931 -1.49001906 15.78148133 98 75 56
-3.68493590 -0.74014834 16.52359813 81 64 48
-3.63952867 -0.78058935 16.42375675 147 127 116
-3.33800755 -1.50855846 15.59260535 123 103 92
-2.26209720 -3.23739866 14.95074782 177 142 99
-1.71594138 -3.52253009 15.52212263 169 139 106
-3.15295601 -1.64244727 15.33901146 167 150 136
-2.98471657 -1.84377119 15.12994207 153 131 117
-1.91753061 -3.28309425 14.96602198 187 154 113
-2.93651734 -1.88387718 15.08119865 138 116 102
-3.21655080 -0.67272833 16.21992016 125 105 88
-1.43583758 -0.93451575 19.14097910 120 98 84
-1.87820996 -3.23733225 14.93025812 187 154 113
-3.00389344 -1.29020300 15.50975176 143 129 113
-3.03629870 -1.00953356 15.81475818 97 79 59
-2.74202992 -2.00930113 14.87170011 134 112 99
-3.12745629 -0.38517010 16.42493318 105 82 60
-3.30551645 0.05868772 16.66398756 65 44 25
-2.46085089 -2.45418597 14.64571490 176 144 105
-2.75518692 -1.90814814 14.82499515 83 62 45
-3.21605431 0.03671944 16.59250077 69 45 23
-3.22126648 0.23580961 16.76179055 56 50 42
-2.61238426 -1.84076936 14.90017615 67 44 23
-2.78108902 -0.92229139 15.70790302 135 116 102
-2.53381231 -1.84403563 14.84132826 141 120 102
-2.69780608 -1.34796087 15.14915093 151 133 123
-2.49339322 -1.82620707 14.74040336 137 117 100
-1.52260961 -2.96032941 14.76493799 182 150 110
-1.35570126 -3.02692219 14.85581046 161 127 81
-1.54305885 -2.69205003 14.58942388 97 61 24
-2.33877045 -1.11344909 14.99041675 160 143 131
-2.15420613 -1.52969190 14.66826625 87 69 52
-1.52662047 -2.35377140 14.48825468 70 41 8
-2.12056590 -1.26394931 14.68361746 151 130 113
-1.72022099 -2.00528731 14.27512137 175 144 107
-1.45883011 -2.26440342 14.29886237 178 143 106
-1.89824084 -1.39577426 14.48827901 69 52 38
-1.54752457 -1.91682992 14.22384683 175 141 106
-1.14604356 -2.11960653 14.13540074 187 153 108
-0.73531852 -2.25823935 14.16489867 196 164 120
-0.62022137 -2.35000071 14.17673377 167 135 98
-1.00822795 -2.05996658 13.97760513 188 154 116
-1.15543947 -1.91893702 13.89390913 201 172 139
0.05277629 -2.41887937 14.84478775 236 227 215
-0.97883600 -1.53932226 13.65004982 199 175 141
-0.35500264 -2.08802224 13.79891238 199 162 116
-1.15487299 -0.43224019 14.35412339 83 63 53
-0.11269037 -2.04676789 13.73953106 109 73 46
-0.00413480 -1.96694376 13.54307091 82 48 13
-0.65159969 -1.06472102 13.56458716 153 127 101
0.11726268 -1.87515143 13.37188147 185 154 112
0.13756369 -1.84816145 13.32088629 196 164 125
-0.25908637 -1.27781425 13.02320331 76 49 19
0.46759124 -1.93244977 13.04116281 187 154 111
-0.48707556 0.07075383 13.74991872 135 114 95
-0.47978782 -0.41768591 13.30545343 146 125 106
0.49519886 -1.86413449 12.84074530 177 146 108
0.63937697 -2.01333818 12.75964070 170 144 110
0.63937697 -2.01333818 12.75964070 170 144 110
0.42720659 -2.30036676 11.96544453 197 170 140
0.78037657 -3.07181843 11.58291482 102 77 43
0.78037657 -3.07181843 11.58291482 102 77 43
0.50968018 -2.52049437 11.79729406 193 172 146
0.98488681 -3.16571873 11.68353816 159 136 105
-0.27285540 0.53187038 13.71509594 132 113 97
-0.37589755 0.86459797 13.88227594 145 120 103
0.13056378 -1.18192757 12.57929624 130 100 68
1.00675618 -3.24305636 11.54766882 186 162 136
0.74488393 -3.05308793 11.37877644 183 160 129
0.36109146 -1.35542753 12.44125177 60 39 14
0.20831669 -1.92981114 11.75509459 139 117 93
0.43669234 -1.53838408 12.29200271 81 63 41
0.74264340 -3.13600695 11.11711486 121 95 55
-0.04209550 0.17914634 13.13116706 131 111 92
0.48704193 -2.83289522 11.04722382 124 98 67
-0.00575502 0.24445409 13.18764648 55 34 12
1.80655017 -3.70607523 11.48531036 171 152 123
0.90939878 -3.19853341 11.07617091 149 128 98
0.88829284 -3.22781765 10.96041187 140 115 82
0.28466094 -0.86405342 12.39421644 117 97 74
-0.24172426 1.59186397 13.98778629 68 47 33
-0.16931217 2.02583486 14.36890198 62 49 41
0.75803670 -3.10582249 10.87800591 115 90 54
0.09611588 1.07989318 13.77208092 118 102 84
0.64230748 -3.02045266 10.76699152 211 185 149
-0.13644205 1.98161990 14.19265265 50 38 28
0.30119712 -1.81779015 11.40970877 56 35 12
0.32479922 -2.36539493 10.97737213 59 34 12
0.60387111 -2.99348182 10.66238101 125 99 66
0.58881296 -1.02371346 12.15372241 106 84 61
0.31308811 -2.48763756 10.61075892 59 36 3
2.20954973 -3.80873810 11.12612080 202 167 131
2.30094657 -3.83180481 11.16131829 175 147 112
0.36376986 -2.75123033 10.36180930 81 57 30
0.28845333 -1.95498789 10.94480307 127 107 82
0.41751389 -2.80353792 10.36198687 184 159 129
0.46547423 0.40451904 12.97608258 137 114 94
0.39702572 -2.61775850 10.40307849 77 54 36
0.32949718 2.07247154 14.08612614 56 44 26
2.22794367 -3.68053558 11.01560744 186 156 121
0.41087974 -1.60964052 11.14045106 144 123 96
0.39222574 -2.75277650 10.21780437 157 132 102
1.00428427 -3.18899589 10.37461731 86 57 27
0.54019780 -2.90124993 10.16581682 109 77 37
2.28130442 -3.73619561 10.89903047 129 106 56
0.73488032 -0.54825631 12.09329853 122 101 78
0.79493256 -0.83458878 11.90196089 117 99 75
0.77191118 -0.52299219 12.07303913 127 107 83
0.77239506 -3.02790053 10.09633809 214 183 151
2.20818879 -3.65919748 10.76785488 217 189 164
0.55213377 -2.86932079 10.00069576 183 154 121
0.27169091 -2.47041299 10.00648906 126 104 82
2.10147764 -3.75137630 10.48923644 226 223 216
0.82532276 0.05659171 12.39864626 134 113 92
1.68039898 -3.44130330 10.34096509 217 195 164
1.69712997 -3.43609723 10.35665009 217 195 164
0.80189391 0.28543625 12.48560492 143 122 104
0.50171894 -2.59573447 9.91728120 130 109 85
1.02844221 -0.06550150 12.21717102 59 37 13
1.02918302 0.38163445 12.52148800 139 118 97
0.52530108 -1.99708452 10.25765719 55 33 12
0.58891734 -1.95048734 10.28248808 61 36 11
1.09586931 0.38698402 12.39526964 120 102 80
1.05781420 0.10581720 12.14581645 111 93 71
1.13430929 -2.96300524 9.87385042 155 125 96
0.62213316 -1.46307914 10.58679195 139 120 96
0.69490430 -1.63443256 10.33726833 127 110 85
0.65820411 -2.01703626 9.72886511 136 114 90
2.35336267 -3.14571121 9.99358625 188 158 125
1.00881910 -1.25728511 10.13314540 59 35 7
0.93670170 -1.58215521 9.76672696 124 103 84
2.67520607 -2.92910246 9.88423261 239 233 226
2.01493691 -2.74497578 9.51498532 185 151 114
1.29709949 -0.81852343 10.36595534 113 90 71
1.11674658 -1.74288513 9.60032490 120 100 69
1.16719312 -1.71508284 9.56614006 129 106 74
1.67069006 -2.00542067 9.69379325 4 3 1
1.30165712 -0.81467264 10.23434657 225 216 207
2.11145175 -2.65203789 9.51064069 139 107 74
1.37231584 -1.73467056 9.55318424 174 152 125
1.27784421 -0.87877632 10.05143268 111 96 76
1.27784421 -0.87877632 10.05143268 111 96 76
2.95119802 -2.68616369 9.79952452 169 140 103
1.88087482 -1.93038546 9.58321777 54 33 16
2.06149342 -2.08258570 9.38035217 188 155 120
2.12958424 -1.73130547 9.42291237 49 29 6
2.47989171 -2.27100671 9.14300358 173 137 101
2.50572634 -2.00918926 9.10689631 64 43 19
2.56623815 -1.14536185 9.46366847 52 29 12
3.53335576 -2.20339899 9.27172518 234 226 216
3.48878549 -2.13389066 9.13538935 235 223 210
3.04611418 -1.96006195 8.83477133 92 49 11
3.09320695 -1.91153231 8.78844383 100 64 30
3.14899601 -1.81308377 8.69236177 197 162 125
3.40483726 -1.89765427 8.67001863 234 225 215
2.15982167 -2.02237425 9.38621439 169 138 108
2.64842590 -1.39222012 8.99891521 69 42 20
1.30796825 -1.48905176 9.57119011 154 128 102
1.79604812 -0.32313381 11.87769801 122 98 79
-0.44850945 -1.59370348 13.35078782 100 75 53
1.39653168 -1.70998326 9.59414963 113 86 60
2.47039797 -0.39675533 9.62869135 212 202 195
-3.99431825 -0.98973622 16.77929709 145 133 133
1.79977070 -0.76254028 11.56862995 76 50 25
-4.21047173 -4.76142108 17.59806783 45 45 39
-5.41082464 -3.30319565 14.88756491 47 41 25
-4.39857759 -3.76306895 16.71146720 141 125 112
0.35105582 0.22282642 12.90634143 62 41 22
0.45826412 -2.55449260 9.99037482 39 21 1
-13.11073511 -11.06295622 28.55951053 64 67 67
-13.11319665 -11.23666211 28.71638354 133 134 135
-13.00906777 -11.04909823 28.81530528 127 128 127
-0.35023645 -10.92603245 57.54867694 137 112 90
3.17927906 -0.21369885 13.12023205 221 209 193
4.00957637 -1.42593051 9.17229805 242 230 219
-11.31445597 -16.06275573 33.66419672 60 57 54
-5.20730361 -15.41889500 33.61713400 98 98 89
-3.87215426 -1.51678649 19.02021911 228 226 228
-3.55573076 -0.69694680 16.60856188 91 68 60
-2.39755488 -2.65658391 14.89990929 122 98 68
0.02909693 -2.20788429 13.79140812 235 229 216
1.36812602 -0.27391451 11.79309100 134 110 86
-5.75814343 -14.01645199 30.86859111 115 104 96
-4.18219161 -1.81062257 18.62893474 145 138 131
0.67114325 -1.99890583 9.94452037 52 28 3
-7.44688784 -14.06861239 30.75895698 44 44 44
-1.75725735 -11.99187148 29.49307044 54 55 52
-0.37957903 -27.65375032 46.55565270 59 55 52
-0.40752513 -27.07522253 46.77268492 140 139 121
-3.82262700 -1.75828551 18.74403782 226 226 228
-3.90561144 -0.83682514 18.79591127 212 207 204
-3.10640280 -0.64599872 16.49677761 129 104 83
-2.34275549 -2.46667908 14.76854022 78 48 20
0.05693715 -0.10438435 12.95627611 125 101 81
0.72269704 1.87725551 14.20802010 102 87 61
1.13258206 -1.14758669 10.09906158 56 29 14
2.73655136 0.31234423 12.60430141 220 211 204
0.95314324 0.30301143 15.04469418 106 82 67
3.74328150 -1.36426272 8.85762484 215 212 198
-11.29544990 -32.12166012 53.25432535 97 93 99
-0.33038462 0.58028901 14.13138238 88 66 54
0.70671111 -1.91232326 9.91968846 66 43 19
-18.98077733 -19.78077016 38.75047506 74 52 32
-17.78590584 -21.06355769 39.36324318 12 8 5
-17.78590584 -21.06355769 39.36324318 12 8 5
-17.69074042 -21.59914957 39.68217766 96 74 66
-17.69074042 -21.59914957 39.68217766 96 74 66
-17.58762491 -21.70615127 40.18699523 5 4 5
-16.32336309 -23.38157401 37.52447787 164 121 81
-16.41897305 -22.37951008 39.41489304 97 67 44
-16.78953695 -22.51409370 40.85094206 84 77 68
-16.77473078 -24.05518799 41.37864781 30 21 11
-16.05926418 -23.99968769 41.85149576 166 156 146
-15.61955385 -24.14487539 42.48959074 19 15 8
-15.85699355 -25.82057972 45.50771439 109 100 85
-14.23981626 -21.06297874 39.57450560 84 78 74
-14.28306793 -18.72379772 38.79709217 4 4 2
-14.25892523 -22.04569598 40.61104187 65 64 62
-13.88075375 -22.97590525 41.52409617 110 107 102
-8.43063148 -14.98012215 30.66013210 223 216 223
-4.84540483 -3.61009766 15.19116430 202 167 129
-2.33609421 -17.93827920 36.35345577 53 49 46
-0.46668824 -26.87953899 45.34358801 65 60 57
-0.21420332 -26.43715077 46.44953053 146 145 127
-4.28518619 -3.41185161 15.24723834 118 86 60
-3.84579687 -2.30047108 17.00880866 138 125 120
-2.81837202 -0.85170295 16.37940997 76 49 34
-2.94719746 0.47415232 16.71548661 129 132 146
-2.72851551 -0.14757181 16.77838577 54 32 11
-2.50464114 -1.23389397 15.29101542 167 145 134
-2.01356548 -1.81785541 14.56249457 78 57 38
-1.73443748 -1.67932144 14.20539842 96 70 52
-1.23944569 -2.07678635 14.10968455 197 165 131
-1.41283653 -0.89687732 14.24724740 157 137 120
-1.92268284 2.58211553 14.74759679 216 208 206
-0.48000472 -1.74492282 13.45530674 169 134 99
-0.03979020 -1.45583672 12.86704343 191 155 122
-0.12610436 -1.09434441 12.70460329 76 46 23
0.24637064 -1.79172960 13.03058930 92 61 31
0.18557913 1.58996601 13.92789907 61 39 16
0.43993704 0.81786471 13.51957557 71 49 26
0.41852963 0.41214343 13.15928063 61 37 15
0.57691288 -2.77421034 9.89463572 94 69 46
1.12837882 -0.11908832 11.97049118 67 45 21
1.84674893 1.02706781 13.66147564 215 204 197
1.84674893 1.02706781 13.66147564 215 204 197
1.27453776 0.02019749 12.10867394 53 31 14
0.63125480 -2.04340471 9.86915157 139 116 87
0.86784661 -1.64552452 10.04760726 53 31 10
1.55625564 0.06594517 12.02978541 61 35 10
1.79278221 -2.78823582 9.65614278 75 44 8
1.45229422 -1.47059562 9.57959177 65 45 20
1.79505164 -2.69329928 9.57890304 74 41 11
1.88927287 -1.18987133 10.19932229 123 97 74
1.86459569 -1.91098008 9.57809517 42 24 2
2.50938309 -1.18144866 9.59046126 92 68 43
2.50938309 -1.18144866 9.59046126 92 68 43
2.58684960 -1.34610534 9.22427452 51 30 4
2.75067064 -1.63099064 8.83405068 139 110 78
2.87070705 -1.26963605 8.96761503 73 49 16
2.90843948 -1.44749565 8.70259836 160 134 109
2.95115299 -1.35397653 8.76883536 140 113 85
3.09707087 -1.48644751 8.66697580 63 42 12
-7.94381312 -13.39800507 29.66173205 1 1 0
-7.53656900 -13.82289549 29.99376568 4 6 4
-2.97798278 -3.18808657 15.20940099 176 142 104
0.78657296 -1.19092605 10.66041818 118 98 73
2.24970546 -1.28766488 9.63330454 113 91 70
0.19961046 0.85191064 13.69492597 121 100 82
-3.93000105 -2.25552309 16.88676387 223 221 224
-3.81225644 -2.18575634 17.87053147 137 118 104
-3.73971278 -2.53705744 17.61244743 131 118 111
-3.88162878 -1.25771847 17.49903628 131 114 104
-3.71956030 -2.54796909 17.45979431 225 218 219
-3.66615656 -2.54013807 17.60349189 97 76 65
-3.85689845 -0.30444391 16.78485213 92 71 54
-3.29661043 -1.20965671 16.18523942 151 129 108
-3.20995784 -2.21299150 15.47270488 170 143 127
-3.05784997 -2.48642586 15.35708539 191 163 139
-3.04158089 -1.78072711 16.06462337 153 131 120
-2.98531683 -1.08942079 16.16201247 137 114 97
-2.98763290 -1.60102544 15.60512999 152 129 123
-2.96563041 -1.04748652 16.05722844 125 107 87
-2.93825127 -0.83091308 16.37021463 61 36 15
-2.59656734 -3.11756053 16.19171048 180 150 121
-2.85006090 -0.63307205 16.31952409 50 30 4
-2.79185661 -0.96204838 15.94622768 147 126 110
-2.77582449 -0.93966874 16.04848053 66 44 25
-2.76623385 -1.47076675 15.46871632 125 108 100
-2.75269714 -0.03481813 16.64279830 45 28 2
-2.51403302 -0.71427352 16.81820348 126 109 102
-2.62706909 -2.08438337 14.88895579 193 165 144
-2.29709496 -0.62718339 18.00156963 71 60 63
-2.29530199 -0.71551163 17.85023615 123 108 107
-2.33750966 -0.47738529 17.64079135 103 96 107
-2.33750966 -0.47738529 17.64079135 103 96 107
-2.59251933 -1.57322558 15.11341447 155 133 122
-2.56550613 -0.60304244 16.15087550 77 60 50
-2.29675040 -0.59330559 17.71888332 119 108 112
-2.49283817 -2.03451020 14.84343803 139 113 96
-2.04088928 -3.48128154 15.71997022 189 155 118
-2.05127182 -3.63726769 15.53178726 190 161 127
-2.27142305 -2.80741243 14.86590197 180 146 111
-2.38590234 -0.90211284 15.54893917 98 78 65
-1.95547496 -0.55376775 18.18189947 26 12 2
-2.06285739 -0.59660953 17.20514506 68 54 46
-2.32888237 -1.05983276 15.15595651 85 63 51
-2.22445741 -1.04650283 15.06519594 148 128 119
-2.01165239 -0.35115470 16.38770664 47 29 12
-1.89508775 -0.36379584 16.87275643 48 27 13
-2.11730828 -0.74497574 15.23865111 151 132 121
-2.12216869 -0.96865891 14.95533101 149 127 115
-2.05880946 -0.34852233 15.67278987 125 110 104
-1.96358411 -0.64049711 15.24776427 82 59 48
-1.85462218 -0.54614503 14.87754912 157 134 120
-1.72338654 -1.63293454 14.27470127 87 63 43
-1.68867333 -0.43463078 14.61343338 142 122 110
-1.58550890 -0.45307662 14.77477578 161 139 130
-1.30664135 -2.22430251 14.25740030 84 48 14
-1.30909706 -2.09117794 14.11819425 197 168 137
-1.33725638 -1.56854843 13.95726575 93 67 44
-0.97892154 -2.50177995 14.54256012 94 54 25
-1.04570505 -2.33995713 14.38001355 195 165 137
-1.27269509 -0.24438321 14.54448737 83 63 53
-1.03830105 -2.00915493 13.89038990 181 152 120
-1.19865024 -0.46640074 14.16749652 160 139 127
-1.00389805 -1.96138932 13.89101205 136 103 70
-0.96342574 -2.02640607 13.94227985 193 161 131
-1.04845349 -1.51495033 13.76250094 130 104 82
-1.02565750 0.12062557 14.73845337 145 127 115
-1.03501124 -0.20116643 14.17358239 87 58 41
-0.56831122 -2.44662747 14.29227822 152 120 85
-0.90245513 -0.65006787 13.80086115 141 122 108
-0.64624609 -1.45494134 13.46257014 179 148 119
-0.89328447 1.64308313 14.26628658 106 101 105
-0.29985301 -2.25962893 13.83672590 234 227 222
-0.65059128 0.41530674 14.07277140 150 132 122
-0.51953127 0.48520270 14.26294998 75 55 35
-0.50549404 -1.40098948 13.31938709 175 145 117
-0.54572022 0.52614045 14.03743765 148 129 121
-0.42755903 -1.39955928 13.24206634 76 48 16
-0.18904092 -2.01998951 13.47765190 110 74 48
-0.56859145 0.24724998 13.38864844 146 127 112
-0.53117309 1.81615824 14.12521530 59 44 39
-0.23652186 -1.63008659 13.21518213 201 170 139
-0.44683345 0.05665117 13.34890410 92 69 60
-0.44683345 0.05665117 13.34890410 92 69 60
-0.30425582 0.64330987 13.91261475 48 33 29
-0.28678801 0.63680018 13.95038452 48 33 29
0.07418393 -2.11694784 13.53583429 166 139 112
0.13883735 -1.81946071 13.01259990 129 93 68
-0.10612028 0.88431166 13.60732045 128 108 97
1.73277302 -3.33663990 15.91441957 221 220 219
0.28244863 -1.83233584 12.97573356 150 119 90
0.10048721 1.98676092 13.79649292 53 36 18
0.04364237 1.83367060 13.56166727 94 76 52
0.37975342 -1.84935827 12.76667248 191 163 140
0.13152389 2.02912919 13.82919098 84 69 56
0.13869212 0.78837651 13.24902218 41 26 15
0.27681295 -1.49671618 12.47991487 187 153 126
0.17743507 0.69255672 13.10228082 70 45 28
0.17743507 0.69255672 13.10228082 70 45 28
0.60928774 -1.84725264 12.72566158 70 48 25
0.13975324 0.22383252 12.53907904 67 41 27
0.54461685 -1.72912144 12.45784010 55 33 9
0.54461685 -1.72912144 12.45784010 55 33 9
0.40318089 0.74246767 13.12485550 67 41 19
0.66141721 -1.70551601 12.66847404 73 47 23
0.91099734 1.09407363 14.40313166 43 24 17
0.91099734 1.09407363 14.40313166 43 24 17
0.48944943 -1.83202892 12.19097972 148 123 101
0.42317824 0.71331005 13.12642639 123 101 80
0.40320164 -2.46453640 11.62600396 201 186 171
0.52482978 1.06802629 13.26971751 117 101 77
0.34930127 -0.35827995 12.27211341 120 97 75
1.09916588 1.37648649 14.64123888 34 25 31
0.37231334 -2.38420842 11.49682457 68 45 18
0.25822191 -1.93765221 11.39047820 151 132 105
0.32007102 -0.24529635 12.15517081 58 35 12
0.40021817 -1.91787242 11.55709761 140 119 93
0.55662137 0.77393951 12.98935294 128 110 86
0.76303219 1.14133162 13.55325061 98 81 63
0.51549925 0.56933368 12.75791766 64 38 23
0.38175557 -1.85916238 11.42925922 117 97 72
1.23804859 1.36982085 14.58607143 70 57 48
0.59220763 0.06264881 12.52826558 67 43 22
0.61555419 -1.52653205 11.90756406 146 119 100
0.32593794 -2.42477344 10.91500980 178 155 137
0.48892026 -1.47052400 11.64261823 100 73 44
0.62543915 0.30558063 12.63105242 137 118 103
1.23501183 1.18320475 14.17100693 39 23 10
0.52456810 -2.74463742 11.01178396 75 50 28
0.55020214 0.11848249 12.15079934 132 107 85
0.64712921 0.14344217 12.32226870 59 36 19
1.44464271 1.38070590 14.28084284 72 54 39
0.40458690 -1.79998103 10.90045755 138 110 87
0.67322362 -1.34528974 11.59887339 134 109 90
0.42409519 -2.62903409 10.55281507 105 82 50
1.31427813 1.38866983 13.89485460 74 54 30
0.86565434 0.78790982 12.72497505 76 53 37
0.53016653 -1.49675818 11.12505428 135 111 87
0.54553221 -1.49353465 11.07817769 143 119 95
0.87026473 0.43127544 12.44042118 128 106 84
-0.53391166 3.85143326 10.93878018 208 203 205
0.49685727 -1.68405277 10.83644455 139 116 93
1.27297887 1.03806912 13.36238174 127 111 98
0.52178788 -2.03756812 10.67198478 140 114 91
0.60821460 -1.99228111 10.80419646 140 116 88
0.44622330 -2.22255208 10.40163828 123 101 80
0.98367327 0.45074247 12.44111009 132 112 88
1.00107267 0.68852849 12.55864545 116 97 80
0.40886523 -2.45607463 10.05456143 93 67 40
2.06100165 1.35852285 14.69806505 120 96 75
1.89484253 1.29698656 14.29490467 123 101 78
1.22766173 0.71920684 12.77461281 64 37 11
0.55092802 -2.12219520 10.37709989 134 112 90
0.67783494 -3.03537666 10.26693400 203 180 157
0.69010800 -1.51878996 10.85367358 64 40 15
1.18523511 0.70028295 12.63704580 131 108 89
0.68834162 -1.78774544 10.68441340 66 42 14
0.62482075 -1.78746268 10.53782461 146 118 97
0.59147394 -2.79441580 9.91173188 100 73 47
1.25792632 0.73826472 12.48178472 136 115 97
1.39456372 0.76137957 12.60604150 66 41 19
0.62503322 -2.45776111 9.98351547 118 85 55
0.49037776 3.35793922 11.87289488 126 126 118
0.63146154 -2.29454745 9.99225202 90 61 33
0.63146154 -2.29454745 9.99225202 90 61 33
0.77206383 -2.87468644 9.99130488 177 154 130
0.71854033 -1.83973853 10.11409335 118 90 61
1.42187825 0.57581722 12.25685834 58 32 9
1.46707642 0.53610074 12.25853845 138 113 95
1.18422200 -3.28302512 10.35879416 186 157 133
2.09679225 1.26255664 13.63509980 209 200 193
2.09679225 1.26255664 13.63509980 209 200 193
0.95344111 -1.23154660 10.58585053 137 114 90
1.57224902 0.52120669 12.32087076 149 127 108
0.97355422 -1.18949365 10.61625011 64 40 13
1.01439794 -2.92665044 10.02915111 48 27 12
1.48927934 0.33814978 11.97922879 138 119 97
1.04614657 -0.88107362 10.75031303 83 56 21
2.08345511 0.80989076 13.14286259 219 210 202
1.72827478 0.61169581 12.33405220 87 60 39
1.37450440 -3.36079158 10.27558889 226 201 179
0.89231068 -2.25570149 9.83864002 180 156 121
1.16560229 -0.85130609 10.80174438 157 133 109
1.73700752 0.48824702 12.24584314 142 120 99
1.52295123 -0.56254313 11.45174727 121 95 72
1.52388193 -0.71863114 11.28543778 56 30 3
1.64596796 -0.22404662 11.66104539 137 112 92
1.47629892 -3.37511808 10.20926826 226 201 174
1.18425433 -2.97419902 9.85889253 207 174 148
1.09108178 -0.95075102 10.39126274 62 36 12
1.65388881 -0.52250914 11.48339275 115 93 70
1.27125317 -3.08602522 9.91641205 216 189 161
1.96092792 0.44975693 12.25762251 104 80 55
1.15109577 -0.80116241 10.43507942 77 50 23
1.14966244 -0.80022897 10.43079235 77 50 23
2.26752848 0.62656337 12.80240933 231 223 218
1.72651359 0.03250190 11.67179487 116 90 67
1.80913078 -0.81235888 11.41663460 125 99 73
1.95660642 0.34023640 12.06084165 98 72 50
2.16063961 0.39146968 12.34591980 154 133 114
1.91187957 -0.23059524 11.65199252 132 108 87
1.90319031 -0.75325561 11.44904993 125 99 74
1.83057217 -0.74184293 11.25086096 65 38 11
1.95125586 -0.69560582 11.42820609 83 57 25
1.12997604 -1.53687500 9.80857727 65 40 16
1.09290028 -1.51443686 9.75806876 65 40 16
2.35233434 0.30819619 12.40621231 132 107 88
1.96079377 -0.85103594 11.23772419 79 54 32
1.19249361 -1.16483356 9.88148614 55 32 8
2.60892881 0.25127212 12.53286444 225 218 214
1.28034100 -0.99433905 9.99229198 57 32 11
2.13894042 -0.58701523 11.43111547 145 125 100
2.11834305 -0.72810249 11.34812259 137 109 94
2.16343366 -0.21813843 11.57853862 100 76 53
1.45350936 -0.88175683 10.20157599 156 133 117
1.49605974 -2.38832153 9.73156130 78 47 16
1.60655475 -2.88962869 9.69669583 206 173 143
1.48473555 -0.93066462 10.13939367 144 122 101
1.33929008 -1.85510863 9.59285356 192 164 136
1.43221099 -0.99341392 10.00095556 80 48 26
1.59463669 -2.80150532 9.62118007 183 154 124
2.20043771 -0.85077013 11.20133316 136 107 80
1.42017715 -1.87549959 9.63706735 73 48 24
1.70932436 -0.98001483 10.36054129 87 59 37
1.66522120 -2.78964218 9.63379159 199 164 133
1.44231007 -1.77331353 9.64015651 205 175 148
1.79433407 -2.89419637 9.76222302 93 55 32
1.37198893 -1.49655470 9.58767256 190 161 132
1.43753634 -1.69468120 9.60463316 177 153 131
1.44149785 -1.69736750 9.61014622 177 153 131
1.53886434 -1.10594868 9.92419572 143 121 97
1.61136714 -0.97982923 10.06359877 78 50 27
1.43627550 -1.37766597 9.62805788 87 59 35
1.83505817 -1.17428726 10.23353284 50 23 2
1.47276283 -1.32243786 9.62457434 162 134 104
1.85503051 -1.22291896 10.22267003 128 102 74
1.74313188 -1.48406797 9.92353872 79 52 30
2.28328746 -0.90574402 10.89302496 132 109 81
1.92760402 -0.99964369 10.27810643 98 72 45
2.09286543 -1.02737613 10.46143708 152 128 104
1.84804530 -2.61349074 9.53704052 65 37 2
1.78888010 -2.30774689 9.52550208 58 34 10
2.17049698 -0.92053279 10.43054490 93 61 42
1.91237495 -2.48972408 9.50545223 203 168 138
2.05437466 -1.07521520 10.17368964 63 34 18
1.95470958 -2.44079193 9.49398549 188 153 122
2.23947072 -1.08501784 10.20528640 132 108 85
2.05941666 -2.34611926 9.47489844 190 159 132
2.41490181 -2.25194353 9.94785509 73 48 23
2.50398724 -0.75740886 10.53448252 130 107 76
2.35072011 -1.04087591 10.19964071 136 112 86
2.44665724 -0.80677822 10.31267668 159 133 110
2.45591558 -2.72999534 9.54651873 202 172 137
2.35954357 -1.10742230 9.89334002 60 32 18
2.72540754 -0.69439177 10.47368115 151 126 111
2.40119322 -2.50960997 9.44602391 211 178 150
2.60197512 -0.73623756 10.27874733 167 141 121
2.52352400 -0.83788555 10.13828818 141 109 79
2.31951235 -2.45043303 9.27913435 137 101 67
2.30009861 3.60820550 11.14275837 137 140 147
2.67806050 -2.61132784 9.57564375 144 103 68
2.30401543 -1.94787635 9.29812210 161 125 101
2.48805839 -0.84942737 9.85539339 151 120 101
2.45677085 -1.01674902 9.70583696 132 109 87
2.67565249 -2.60557130 9.45634591 203 167 141
2.73794388 -0.81579743 10.00008741 158 132 107
3.05740148 -0.69834926 10.38234832 238 224 217
2.77902485 -0.78413331 9.96656618 162 137 112
2.58319238 -2.23738862 9.17327588 181 148 113
2.91899222 -0.74308680 10.02988612 72 39 4
3.06307367 -0.64385980 10.20166342 236 228 221
3.11424308 -0.67645951 10.17194581 129 109 96
2.66614482 -1.97961417 9.17203765 194 164 131
2.69905327 -0.90273635 9.50890365 87 57 31
2.90582283 -0.77143409 9.79262708 147 121 98
3.20947581 -0.68852034 10.12460769 237 228 219
3.12388876 -2.44719605 9.43570709 156 116 86
2.97782056 -0.87891515 9.70823378 168 140 115
2.71204835 -1.10859501 9.29444328 88 59 27
2.94279652 -2.26735403 9.17921097 125 88 50
2.93330393 -2.07009793 9.01691132 207 174 141
3.06963661 -1.60730619 9.27480776 74 50 26
2.93923515 -1.81130936 9.00553158 70 42 25
2.92819042 -0.94196978 9.26380063 136 112 86
2.97857410 -1.07525640 9.18259341 89 62 32
2.97857410 -1.07525640 9.18259341 89 62 32
3.29175936 -0.97166898 9.45477268 148 117 88
6.11838254 -1.67472557 12.41657206 88 88 78
2.98161757 -1.12860528 9.01457302 103 79 50
3.56264645 -0.96652400 9.59910181 159 137 123
2.97531338 -1.41147707 8.79779774 77 48 13
3.29690324 -2.07776526 8.92189849 204 176 154
3.00018529 -1.50333753 8.70240692 152 131 107
3.33657110 -1.12469901 9.18399349 152 126 101
3.41103033 -1.02095831 9.27619538 88 60 37
3.37203919 -1.06781474 9.14062352 63 27 6
3.24657734 -1.28499849 8.88606264 87 61 29
3.31146730 -1.79264773 8.73069996 200 169 138
3.15027912 -1.30858801 8.70074216 117 96 75
3.50007794 -1.73400099 8.79369693 174 154 141
3.68901161 -1.87113778 8.92280831 188 165 142
-1.56702636 -2.23625628 14.37483959 162 128 87
-1.39164086 -2.28315673 14.26835875 82 52 23
0.73438886 -2.02482022 9.66973099 92 64 41
1.49209069 -2.05192496 9.71768712 41 23 1
1.64394681 -1.60211101 9.87294942 96 76 53
2.92143063 -0.49423824 12.50947314 120 98 70
2.65377941 -0.65825917 11.18840620 217 209 201
0.47180344 0.46829078 13.05931803 57 39 18
2.56413400 1.04774829 13.53172236 179 168 160
2.79305315 -0.52311438 12.01208360 135 117 99
2.90110411 -1.17235122 9.06380334 79 54 25
3.17670850 -0.88975515 9.47226977 123 100 75
-17.63551373 -10.10278597 28.85301135 46 45 43
-10.73751707 -13.51530219 30.39662456 141 138 139
-2.75854789 0.14959757 16.78583565 89 71 57
-0.11906054 0.95333695 13.69705276 121 99 85
0.31468008 -1.41019073 11.60073007 156 121 91
1.40048272 -0.61931321 11.53451304 119 93 76
1.60971397 0.21408219 12.01316439 69 46 20
1.78361794 -0.75337469 11.42351908 45 20 1
3.04300908 -0.99894124 9.17797949 122 99 76
3.61411736 -1.36472912 8.57178845 206 201 197
-14.05336759 -11.55059734 28.51397230 117 122 123
1.55911936 -2.41723699 9.55986389 109 79 52
0.48172195 -21.10692153 49.94745620 104 103 85
1.89667037 -1.18251160 10.07207157 121 99 81
1.86546710 -2.07704602 9.50135625 85 62 44
3.27430339 -1.10917004 8.96592777 129 104 82
3.52245651 -1.11090207 9.18273262 135 111 85
-17.47458514 -9.98321806 28.63541697 46 46 38
-11.46437816 -15.20524467 31.30369559 29 30 24
-10.91577160 -14.15239768 30.33505017 17 20 20
-8.46224132 -15.06289162 30.84374737 0 1 0
-7.61474089 -17.29770269 34.55914611 61 66 59
-0.55198692 -1.83089659 13.54701718 165 135 101
0.60154846 -2.72956998 9.83468574 93 69 45
-2.33718574 -13.29690608 27.45481851 179 173 167
-2.33718574 -13.29690608 27.45481851 179 173 167
0.44395260 2.12720905 14.09619164 34 24 17
0.87081766 0.33865279 12.62328639 136 117 103
1.25260883 -1.50998188 9.63024435 158 132 106
3.09575215 -1.62331677 8.60519563 92 65 38
-18.61265615 -8.26258401 20.95612445 150 160 189
-6.90547847 6.35534179 9.04269403 139 134 137
-6.90547847 6.35534179 9.04269403 139 134 137
-4.82354248 -3.37405621 15.40226550 92 56 27
-4.28031710 -0.73300599 16.90454758 198 198 200
-8.32332278 -14.90811857 31.00197887 2 2 2
-8.32332278 -14.90811857 31.00197887 2 2 2
-4.13344130 -3.46877948 15.88878066 35 31 27
-7.90667540 -15.15505551 30.73253384 50 50 50
-3.90182789 -1.03265406 16.75947250 129 109 99
-2.94592208 0.21149396 16.57254248 105 89 77
-2.94592208 0.21149396 16.57254248 105 89 77
-2.83098216 0.24882335 16.89601871 43 34 22
-2.04665737 1.19277267 15.41951612 112 111 112
-2.07793683 -3.29217973 14.88940837 121 91 58
-3.00174063 -14.37131332 30.10605492 110 108 104
-2.83440533 -14.62753525 29.97787544 63 72 65
-2.76081248 -14.64079637 30.14897763 133 133 125
-2.23786724 -11.85126627 28.60922082 111 113 112
-0.31701186 3.19794361 12.53475862 118 115 108
0.06415953 -0.24911078 12.77628643 48 28 10
1.10503300 4.17432359 11.42157057 194 192 195
1.95739246 -0.55485928 11.56410088 111 87 60
2.83305423 0.82506380 14.78440444 188 175 162
1.65082379 -2.21599559 9.54897259 85 63 47
2.11737945 -1.89644581 9.35155641 94 70 41
2.47807278 -0.95760126 9.79417181 67 43 15
3.33760523 -0.60180541 9.05848685 205 204 202
3.25544820 -1.27270661 8.81993383 2 1 1
-2.14256295 -2.66130157 14.55340036 170 134 93
-2.02187734 -0.55719296 15.33346931 154 140 130
-0.37385957 -1.40279665 13.22792493 71 49 25
0.38497146 0.20735174 12.85345767 66 45 25
1.25795327 -1.07179938 9.96428707 139 113 86
1.62012467 -2.54900952 9.54772059 115 91 65
1.85365645 -1.04253153 10.38428832 151 125 102
-4.39577496 -3.49738877 15.29059508 94 63 42
-4.00610858 -3.52299011 15.92126813 38 34 32
-3.94025865 -3.65685455 15.79330355 94 63 42
-3.94025865 -3.65685455 15.79330355 94 63 42
-3.88777556 -3.65690838 15.94821053 126 108 97
0.56218749 1.20911602 13.83528695 57 39 17
1.37187821 -2.61074490 9.66612109 70 48 29
1.60984322 -2.12978974 9.70012707 1 1 1
2.19667594 -1.88964303 9.27414185 87 53 27
2.16540919 0.81625815 14.68990500 102 77 50
-8.05322591 -11.52196230 26.37199111 98 99 95
-2.83039992 -2.86797684 15.05594658 75 53 21
-2.52313169 -0.84179806 15.64238455 131 114 104
1.61319554 -2.04889852 9.94322251 92 66 43
1.47785539 -1.60146967 9.60021199 67 46 22
2.00925501 -2.38349053 9.45496031 187 153 118
2.55434580 -1.14559829 9.51357981 53 26 2
-9.83721126 -11.57832142 26.88712352 183 183 181
3.13619417 -1.20666537 8.87252162 47 20 4
-2.16681309 -3.13729308 14.85362471 167 130 88
-3.05510664 -2.97949190 15.28361907 149 114 83
0.90016213 -1.06241332 10.89901727 146 124 101
0.82150530 -1.01020826 10.68090848 145 123 99
-4.61510696 -3.26239917 14.74724264 99 63 36
-2.75536667 -3.87271508 15.36105746 187 156 125
-1.65151200 -5.26216669 19.99417355 154 119 80
-2.73576814 -2.24939375 14.78334685 98 72 55
-1.63506339 -0.58520713 18.21665936 50 41 41
-1.87711587 -1.70819268 14.32127575 78 52 35
2.90603200 -0.92732647 9.20021838 154 123 92
3.05113277 -0.63460030 10.15866571 227 217 208
-5.43273457 -3.39067361 14.87840529 189 169 142
-5.33378294 -3.34866516 14.74821949 136 110 79
-4.77419505 -3.62837347 15.09291939 202 170 146
-4.60596251 -3.24515595 15.04531068 91 58 32
-4.46342374 -3.29696819 15.06559337 153 122 99
-4.39273155 -3.32427327 15.11178412 148 120 97
-4.63889363 0.24282725 17.57138634 206 204 207
-3.89121123 -3.49651970 15.65842040 143 127 108
-3.99753777 -0.99391682 17.24868454 223 223 226
-3.99753777 -0.99391682 17.24868454 223 223 226
-3.94572573 -0.94046927 17.22332763 111 98 86
-3.64834879 -3.63745848 15.26301992 104 73 45
1.93702709 -7.63069162 26.76149800 85 76 66
-0.70786934 0.21815995 14.48746260 95 67 54
0.44016809 1.21940601 13.89517111 70 51 35
1.19974434 0.83357185 13.21824676 122 105 86
1.02967329 -2.69458906 9.86465248 87 58 34
1.73919847 0.08790518 11.99658047 73 47 23
2.09815336 -1.02193755 10.92210818 157 134 114
2.92082141 -2.74944026 9.85903797 141 101 65
2.82567624 -0.99501884 9.44863788 58 31 2
2.87914917 -0.88127486 9.51114785 81 54 24
3.29660783 -0.96350919 9.40291968 164 136 106
3.25145797 -1.21880680 8.88107474 112 85 56
1.86717777 -2.62277481 9.63191086 195 163 123
-5.41670996 -3.33123669 14.72600199 64 57 60
-4.79667774 -3.53094970 14.95711030 217 186 151
-4.77652339 -3.57227711 14.95422425 67 60 50
-4.63612443 -3.19459592 14.92137834 166 137 107
-1.75823317 -2.35262244 14.31714100 202 168 130
-0.38384075 -0.76220003 12.96646507 159 131 113
0.58330608 -1.16631106 12.11798283 74 50 26
1.38831964 0.69988659 12.91431594 83 57 31
1.40821868 0.51007035 12.57668293 69 41 17
1.68303623 0.50552555 12.53802226 57 28 3
1.04698887 -1.23405721 10.19568129 72 47 27
0.98071199 -1.59331184 9.80027690 120 95 70
2.02835065 -2.19256423 9.52553026 171 136 106
2.79062907 -0.78049245 10.06149868 69 35 8
2.96056270 -2.35251086 9.13786960 233 203 175
3.39356206 -0.85909398 10.27169533 132 108 87
2.99930855 -1.06515687 9.11135527 58 32 5
3.10715773 -1.36125382 8.64047208 93 64 43
-4.62235857 0.47319842 16.99222647 201 200 208
-1.73363812 -1.63983538 14.24452634 71 50 29
0.24980959 -0.83378420 12.60465918 54 38 15
3.30614009 -1.62213367 8.59111670 3 3 1
-0.07442405 -1.66714224 13.08962803 161 131 99
-0.09149737 -0.01219442 13.54182851 72 53 39
-0.09149737 -0.01219442 13.54182851 72 53 39
0.06826948 -1.35112211 12.66467848 165 132 97
0.28685889 -1.97367315 8.83026198 80 58 36
0.46675154 -2.51477942 9.90551293 62 41 16
1.57077804 -2.91418916 9.73503668 179 141 102
2.43242709 -1.37851958 9.35372604 54 31 7
2.64169012 -2.41491285 9.35025329 75 39 4
2.62249365 -1.49700667 9.04078364 70 49 20
0.71486931 -1.82866624 9.92746951 83 63 37
1.59606627 -2.51795525 9.54149261 76 52 26
-0.03365877 -0.66551263 12.80607666 58 37 16
50.29045366 -14.42149531 77.31441537 103 99 96
2.87244332 -1.74571106 8.76574743 124 102 76
-4.19298203 -1.64970000 17.36588234 205 205 207
-2.89012697 0.13042657 16.70388292 98 81 65
1.39457899 -1.69953880 9.59840099 184 150 122
-3.14087682 -3.10094418 15.64243449 71 48 30
0.06271656 -0.70978963 12.44198621 121 102 85
-2.18089359 -2.71790078 14.62634052 177 143 100
1.16538842 -1.92101193 9.58315942 129 93 53
2.11359474 -2.07703912 9.38117511 177 144 102
-4.08249191 -1.93457153 18.35419436 167 157 156
-4.09104924 -1.68961450 18.52442168 161 158 151
-4.00306311 -1.58680840 18.48985625 159 149 148
-2.98860813 -0.85050763 16.08670763 144 123 106
-2.72783011 -1.41870405 15.24165036 124 107 99
-2.20506083 -2.79587041 14.74184317 76 47 10
-0.37698192 -2.21518073 13.84816248 202 170 135
1.29337530 -2.96209049 9.74073262 128 89 46
-1.90556847 -8.65174664 25.23632151 72 70 58
-2.82907512 -0.01898339 16.61614322 97 76 57
-1.01363575 -0.64396349 13.99701528 93 72 56
0.51280272 -2.35604000 9.88268199 187 157 119
1.05385838 -1.47298100 9.93433398 60 37 19
1.83121963 -2.03939647 9.59603923 5 2 1
2.45154924 -2.08742115 9.26851361 72 46 23
-2.52319620 -11.30301893 28.11480483 122 119 121
-3.16065897 -2.68478810 15.38078363 91 68 49
3.38611424 -1.70077675 8.62183568 15 16 14
24.04858257 -2.04101177 16.49135992 114 116 95
-5.99618162 -13.45754425 30.20082421 101 99 86
-2.67014134 -2.03983299 14.84263980 126 99 78
0.45882058 -2.84823239 10.58228362 148 117 81
2.39552057 -0.60502886 11.12732485 208 202 190
2.95242013 -1.25798364 8.92962979 106 84 61
3.24998878 -1.28063009 8.76783955 131 107 87
-3.94571434 -2.11300621 18.19963586 122 113 105
-3.94571434 -2.11300621 18.19963586 122 113 105
-3.51551083 -3.16684922 16.47470547 151 133 128
-4.12825043 -0.86201835 18.01852806 210 205 209
-3.35707785 -3.16559148 15.88211747 175 144 116
-2.42487201 -3.39513926 15.10600616 191 153 108
-3.33697615 -0.25370255 16.48061999 133 112 98
-2.94683126 -0.52581979 16.40054781 67 44 25
-1.74509854 -3.01945901 14.76789871 126 87 45
-2.20549202 -1.62316826 14.61209373 163 136 117
-1.06827799 -2.75918038 14.60015133 188 155 112
-0.09502150 -1.95368235 13.49283332 178 144 106
-0.00874153 -2.02848124 13.52468954 157 123 83
-0.18242560 -1.67375819 13.28440764 79 46 14
-0.43538836 0.65968191 14.28273044 156 138 127
-0.38613916 0.60765769 14.18650391 122 104 84
0.31841774 0.91255180 13.66918303 119 100 83
-0.26737338 2.70197414 13.44691784 126 122 113
0.34239000 -2.67442901 10.69982696 73 47 20
0.43844176 -2.67355531 10.05218212 88 62 29
1.43806290 -3.60217001 10.92594116 211 185 154
1.04819621 -2.90444978 9.93117090 43 25 5
1.51199582 -3.42883829 10.23998972 158 124 89
1.20874283 -2.97016266 9.79068785 197 169 132
1.26670987 -2.94379425 9.72603692 204 172 140
2.36035003 2.00395408 14.12598783 111 103 88
1.01487485 -1.74953525 9.77236375 53 31 7
1.72047300 -2.19257414 9.60854543 5 1 0
2.83349379 -2.01529751 8.88832050 176 142 105
2.83852622 -1.62520732 8.76981229 99 72 44
3.30050576 -1.68122582 8.60414646 122 94 67
3.22548414 -1.54617938 8.56566910 198 179 157
-3.95525299 -3.16203243 14.68762163 230 228 229
-3.58520886 -3.40435170 16.67863232 230 228 229
1.97118751 -1.18798648 10.00217294 89 65 41
2.94339069 -1.02153441 9.17072501 87 61 30
-4.00836632 -3.89637009 17.84012008 240 237 237
-4.16670610 -1.94767755 18.27250862 142 133 126
-3.97965050 -2.08645040 18.20812814 115 106 104
0.85485917 -2.98579168 12.26512846 238 229 216
3.74725313 -1.70253264 8.86289617 102 99 89
-3.73206309 -3.64081394 15.82968734 167 135 101
0.31396891 -1.57856962 12.55016645 185 150 109
1.49585704 0.65118483 15.87232556 95 73 53
0.37688749 -2.58855930 10.01934659 144 118 90
2.41938962 -3.70951156 12.36420748 182 161 131
1.37530583 -2.80823291 9.69277326 96 68 38
1.36909667 -2.80886376 9.68529919 96 68 38
-2.47570100 -11.73003147 29.82152693 127 125 123
-5.14569283 -3.21239490 15.11566932 225 222 219
-4.79706593 -3.33418005 15.22595317 117 91 60
-4.58483826 -3.38521925 15.16684572 103 72 46
-4.59131981 -3.39406918 15.05561313 127 101 72
-4.11935361 -3.87083365 16.03521105 229 228 226
-4.24820942 -3.50615040 14.63806758 149 121 90
-4.75629005 -1.80030245 18.39560891 219 215 212
-3.21510294 -0.27395698 16.67465545 68 47 23
-2.34120810 -1.99647616 14.63415568 57 36 19
-2.54033118 -1.08039863 15.26688958 102 82 69
-1.88666636 -2.91066977 14.67149078 193 159 118
-1.61681173 -1.24668117 14.26590248 86 64 51
-1.03307619 -1.93639220 13.84565442 117 85 44
0.82607474 -0.02351495 13.85695931 103 80 61
0.35726210 0.12076996 12.64539717 125 110 90
0.35726210 0.12076996 12.64539717 125 110 90
0.45836414 0.17675562 12.65387801 132 115 98
0.75533076 0.08631798 12.44942447 70 53 30
1.12897863 -3.22692194 10.26223058 219 188 153
1.91478227 -3.70920584 10.88557587 207 180 146
3.26289827 -0.58779017 10.80786082 96 71 47
2.89860185 -0.92199913 9.41462784 95 69 42
3.99583798 -0.60621113 10.33845316 95 69 42
-3.11959792 -3.80649119 15.85036451 82 54 30
3.21578860 -1.39761080 8.39463960 130 123 114
3.26312518 -1.41063692 8.42547642 130 123 114
-5.30086529 -3.43131819 15.03282176 170 146 118
-2.56277830 -11.35461747 30.02755331 62 62 61
-5.01117585 -3.53583462 15.04302470 177 139 94
-1.53885557 -7.80233840 33.74329353 92 91 87
-4.33619047 -1.93763507 18.20676866 157 148 141
-3.15803536 -2.02490137 15.25070054 146 127 112
-2.90093775 -2.49570609 14.96618825 67 44 28
-3.10623453 -0.86289025 16.12602997 77 55 43
22.37759114 -27.85140746 112.85605523 113 110 103
-1.76351047 -2.97982468 14.75587542 185 150 110
-1.61852560 -1.42536445 14.12188097 138 115 96
-0.87981357 -2.32896310 14.27517938 192 156 120
-0.88286723 -1.59393196 13.65130117 160 132 97
-0.44331502 -1.91557056 13.58546433 87 58 29
-0.60006647 -0.93958129 13.29465351 133 107 78
0.40705948 -1.87351461 12.89763712 170 136 90
-0.20823569 1.25437093 14.00775853 127 103 86
0.28105677 0.31290447 13.05013375 136 113 95
1.54569797 0.24337564 13.13958308 118 97 68
1.47174137 -3.35208708 10.23671051 104 67 30
1.55402629 -3.37075279 10.16344661 231 197 162
1.57216513 -3.32147973 10.10887732 105 66 36
0.95114407 -1.79960589 9.75128453 53 32 5
1.43874487 -2.72941478 9.63825550 70 46 20
1.36794515 -1.56015429 9.64652014 80 53 26
2.80687700 1.86362038 13.73631231 138 127 109
1.54190934 -1.27104533 9.61006521 128 106 82
1.95286538 -2.27840983 9.44400430 121 98 73
2.39911896 -0.97839687 9.74308926 123 99 79
3.03879960 -2.53013476 9.46232840 189 157 119
3.32567473 -0.62388358 10.49866040 123 99 79
3.50135207 -2.14539125 9.13474071 231 220 203
3.18773413 -1.63184765 8.58409652 112 86 56
2.56673461 0.15100458 11.78228816 220 211 202
2.71880567 -2.35150430 9.26442874 72 38 8
-2.82002872 -1.76850853 14.79526802 147 132 125
4.48770325 -1.26546852 15.87330053 131 107 86
0.70501961 -0.51237079 12.84863821 57 35 14
2.26485908 -2.17329359 9.33819288 163 133 102
115.71236664 -49.76060782 154.60441597 53 49 20
0.90159034 -1.38054772 10.30627598 55 35 2
102.09956662 -22.25536495 97.74219574 104 101 94
3.39470102 -1.90177527 8.69662536 154 132 105
2.80314993 -1.62595287 8.76962419 91 60 29
-0.14646378 -1.33253488 12.90842181 78 49 22
-2.82453425 -3.82161644 15.56816014 73 43 17
35.59017405 -56.57668778 146.99393628 161 154 135
28.25550744 -33.28476870 127.67503871 94 90 80
0.62825405 -1.80318907 12.75371562 47 26 4
2.35774258 0.27686864 13.66125976 61 40 20
1.35826077 -0.97736329 10.01322441 57 34 11
3.00186152 -1.77001140 8.62915171 129 95 60
-2.01105845 -3.51478273 14.54581493 165 132 87
-2.01570966 -3.04746012 14.87415988 186 148 103
-0.24878747 -1.73279299 13.46224211 80 47 13
0.08837883 0.04298710 12.97479728 57 35 12
2.66011838 -1.87127092 9.02565909 165 136 101
3.28379581 -1.78805622 8.66089448 85 49 13
63.80228661 -36.18191032 129.10510357 47 44 32
109.27774290 -23.38974338 105.87730976 100 100 92
106.82972452 -21.79532598 102.45359988 40 40 32
3.12243571 -2.07399544 8.91911363 189 154 116
2.82842174 -1.58551902 8.84363636 173 146 118
2.86308444 -1.70398041 8.79103125 74 43 24
-2.43148337 -11.40853639 29.38754607 134 129 135
-3.73424013 -1.75817192 16.16590437 171 148 133
-2.22385612 -3.28978880 15.10062927 85 53 13
-2.80115751 -2.36910744 15.02599906 99 75 50
-1.05491186 -2.40236827 14.45088892 194 160 119
1.10737797 -3.17169899 10.38982123 98 63 32
3.19208214 -2.52734232 9.51650407 222 211 190
3.47972954 -1.82298364 8.70724427 173 147 116
2.99789802 -1.45436125 8.67575308 76 53 25
-3.59230223 -13.20155789 27.50636798 77 78 73
-3.85713086 -0.39989484 16.74676671 140 115 101
-3.85713086 -0.39989484 16.74676671 140 115 101
-3.84511688 -0.31496486 16.67532853 150 128 112
-1.99607997 -3.06575979 14.82775476 81 46 6
-2.33776378 -2.82083746 14.72210882 180 144 110
-2.92689859 -1.80612897 15.09877132 151 130 112
-1.83419838 -2.87360299 14.68015278 190 158 112
-1.71413029 -2.64328176 14.42975070 172 138 100
-1.60560107 -2.36824868 14.47721424 73 44 13
-0.54300027 -1.42460350 13.43142264 168 137 97
-0.77689303 -0.34820872 13.78337238 153 131 117
-0.57052238 0.02640865 13.59816184 135 114 95
-0.19566691 0.85243255 13.84343219 67 45 24
-0.50418156 1.68017855 14.28530905 131 115 106
0.49218554 -2.90457489 10.63559600 205 179 145
0.97578136 -3.16345549 10.32208634 223 196 167
0.33773963 -2.08901314 10.68597820 137 115 91
1.13036859 -3.18119193 10.17220124 87 49 15
1.13541397 -2.94404402 9.83036884 174 146 113
1.52092315 -2.03211939 9.72264468 3 1 4
1.60915208 -1.89323914 9.73313478 90 70 47
1.25849137 -1.04907985 10.01084890 55 33 12
2.40504094 -1.52515531 9.32576788 52 32 13
2.93834016 -2.07501611 9.03534876 202 168 130
-5.80905202 -12.77673898 30.29425708 96 90 94
-4.26563552 -2.20731357 19.24339827 147 142 138
-4.10507162 -1.70034016 18.80008507 146 142 138
-3.72809283 -12.85329175 26.69528526 74 73 70
-3.72809283 -12.85329175 26.69528526 74 73 70
-2.89512992 -11.22641148 26.07327217 67 68 68
-3.84195894 -7.12871088 25.00434724 37 36 34
-0.42697047 -8.61087876 27.25632639 48 48 40
-5.22339337 -3.36975308 14.82775251 134 100 65
-3.62415761 -2.39012549 17.73710792 154 142 130
-2.98307829 -3.95266862 15.62898013 65 34 3
-3.21170080 -3.60225439 15.68349263 173 137 104
-3.64333584 -2.83523930 16.10027327 144 125 111
-3.17457992 -3.58687559 15.63238786 173 137 101
-3.49469131 -3.14857097 15.81499311 158 136 113
-3.17860896 -3.54886409 15.49396461 177 140 97
-3.93456087 -2.04422176 16.66887035 82 59 39
-2.67735198 -3.96121045 15.50701069 134 100 53
-3.63011361 -2.40517807 16.06544460 99 78 60
-3.82728588 -1.86290266 16.07819558 158 134 123
-3.22894610 -2.96255601 15.28657587 106 76 43
-3.24994004 -2.57572658 15.35551804 171 144 120
-3.61159153 -1.67752038 15.74160988 166 145 128
-3.57516596 -1.56600589 15.90199728 76 56 42
-2.87264963 -2.81934235 14.98296222 168 134 97
-2.34843146 -3.30930028 14.93608350 187 153 109
-3.89666901 -0.40180283 16.77935455 99 73 57
-2.48279296 -3.03925361 14.86781727 80 48 22
-3.78157187 -0.32781509 16.64256643 81 51 39
-2.74640303 -2.61474270 14.84549299 85 53 15
-3.32078272 -1.40001805 15.71804250 65 40 27
-3.63325253 -0.40488990 16.62900756 81 58 43
-3.66078515 -0.50316305 16.45171107 144 124 113
-2.12078783 -3.12043710 14.85761033 197 157 110
-3.48551710 -0.67498070 16.35738364 75 56 49
-2.92101403 -2.17475972 15.08120469 142 121 101
-2.64520449 -2.61459534 14.84020062 158 125 86
-2.09932278 -3.02315676 14.90134873 174 137 93
-3.30497767 -0.92497861 16.10731885 90 68 56
-3.37192419 -0.63813067 16.30862404 82 61 50
-3.48404372 -0.53163420 16.28367604 118 99 85
-3.14422101 -1.29985359 15.69260922 97 72 55
-1.62808173 -3.20155009 14.97067956 192 156 108
-1.94857080 -3.01129673 14.82384999 78 44 9
-3.35526132 -0.42786515 16.35581745 118 96 79
-3.05409416 -1.00456605 15.94189286 118 97 80
-3.09819808 -0.67006637 16.14900025 68 47 28
-3.04659005 -0.38174226 16.34911611 53 29 6
-2.70037641 -1.58760440 15.11409699 71 45 27
26.90207032 -9.18574162 37.53781341 53 52 48
-2.30095352 -2.31167488 14.58063055 174 140 105
-2.48489227 -2.00177139 14.65524743 149 127 103
-2.62796717 -1.61236922 14.94125108 152 135 124
-2.09298000 -2.47661051 14.45877467 166 134 101
-2.36216741 -1.72969371 14.80348483 142 122 104
-2.27831920 -2.04451736 14.49972800 132 109 86
-2.39080192 -1.69574842 14.78325952 63 42 21
-1.13302406 -2.79821128 14.52714072 199 171 132
-1.13302406 -2.79821128 14.52714072 199 171 132
-1.98944706 -1.99769175 14.34439611 161 133 101
-2.14126862 -1.58810640 14.59163098 126 103 90
-2.00478847 -1.89184981 14.24322003 133 111 89
-1.78483075 -2.04489349 14.25780259 178 144 98
-2.19470298 -0.56624082 15.46179867 151 137 126
-1.78502810 -1.97037496 14.28507792 117 82 38
-1.80609877 -1.98276523 14.23895979 117 82 38
-2.14563913 -1.31786829 14.63938140 135 116 102
-2.14313998 -0.79871563 15.01783885 160 143 130
-0.52176494 -2.49777991 14.62221284 207 180 144
-1.96645636 -0.94158632 14.60503019 115 99 87
-0.52797820 -2.34696279 14.18581322 112 79 36
-0.00647223 -2.38610779 14.46267242 171 141 98
-1.71054986 -0.80843688 14.51720887 155 138 123
-1.70253350 -0.80309286 14.53387969 155 138 123
-1.63244998 -1.02713961 14.25231178 151 132 113
-1.44841937 -1.25391972 14.02347497 141 121 104
-0.85550117 -1.97830157 13.75111630 186 152 110
-1.46101867 -1.19442207 14.03715839 64 42 29
-1.60823163 -0.74400073 14.37444235 124 105 89
-1.32565971 -1.10382551 14.08186901 67 44 29
-1.31605155 -0.61203653 14.27031985 173 155 143
-0.35910147 -2.03409719 13.61582319 160 128 83
-0.60685447 -1.47211121 13.53128011 172 141 103
-0.44127905 -1.37248528 13.18466778 176 144 106
0.51865315 -2.11204721 13.12846906 214 185 145
-0.74847530 -0.53782661 13.66526169 80 57 44
0.01318107 -1.74399228 12.92861865 119 83 45
0.70816810 -2.14579484 12.97998232 125 89 48
0.30793976 -1.87464229 12.90367292 179 147 106
0.46282215 -2.00725431 12.83185314 125 96 65
0.45507109 -1.84743043 12.95817649 170 136 90
0.76490542 -2.13273671 12.90193342 112 78 45
-0.48223475 -0.82312689 13.20716263 131 107 81
-0.47901777 -0.82336392 13.21358809 131 107 81
-0.46391488 -0.73603753 13.19686310 120 98 75
0.58036363 -2.10685908 12.60758045 161 132 100
-0.44541398 -0.33208909 13.44722757 66 44 30
-0.38675230 -0.74914561 12.99526756 136 114 93
-0.51844725 -0.17942244 13.36927528 120 97 79
-0.46929605 -0.40426953 13.14766928 152 131 109
0.54612124 -1.85425054 12.45845371 134 111 79
-0.35078690 0.58610733 13.90123123 65 48 37
0.47657959 -2.45557243 11.78667590 93 72 45
0.44980096 -1.98176179 12.14372873 101 77 46
-0.27198725 -0.52238402 12.88038437 57 34 17
0.97012748 -3.04433450 11.49861951 193 169 133
0.29827634 -1.95058129 11.95517338 98 77 46
0.96939068 -3.39474740 11.14100775 205 181 144
0.41464979 -2.56358943 11.50703834 85 59 16
0.37229813 -2.50226664 11.48920441 111 86 54
-0.10774747 -0.96285167 12.47770731 165 136 108
0.85782752 -3.16032902 11.23562515 193 165 130
0.50498261 -2.75856927 11.34491683 200 176 142
-0.29373564 0.93802003 13.92006556 148 129 112
0.37542462 -2.62386720 11.33566708 181 150 120
0.26299711 -1.81898788 11.92332653 138 121 93
-0.15125336 0.59254692 13.66861789 152 131 112
-0.19018814 0.80644324 13.82973010 137 115 104
0.30735867 -2.46086900 11.40476284 76 52 24
0.32510708 -2.39367186 11.43288872 68 44 15
0.34492460 -2.37910343 11.45680386 68 44 15
0.34956920 -2.56231705 11.28500006 147 117 81
0.27049523 -1.16541441 12.37394453 71 51 30
0.29556459 -1.73890389 11.87141127 148 128 103
0.18950720 -0.96636808 12.45288237 110 89 62
-0.00451688 0.81572997 13.77997802 37 19 0
-0.46889722 1.69004517 14.17595325 120 104 91
1.42621176 -3.55869832 11.01017711 151 126 88
0.23082229 -2.44033551 11.20892476 91 65 33
-0.05164320 -0.19856433 12.77612606 139 118 99
0.53963478 -2.80444611 11.00463828 88 64 34
-0.03855968 1.30137957 13.91130982 120 99 79
0.55764284 -2.97389084 10.76963277 90 56 32
0.15350173 -0.25588126 12.60955629 132 112 89
1.19982101 -1.07779025 12.49003989 126 105 85
0.47271772 -2.86188621 10.69481523 184 156 119
0.47271772 -2.86188621 10.69481523 184 156 119
0.09712852 1.35011317 13.78647193 55 34 7
0.82983925 -3.15305379 10.65150199 93 64 30
1.95250448 -3.73198030 10.78586906 205 179 144
0.19968669 1.32167292 13.72572884 65 41 14
0.26010180 -2.39998977 10.83644575 147 136 110
0.69330064 -3.05396942 10.52160073 106 80 43
0.61724276 -0.91416900 12.15699915 43 32 10
0.50789666 -2.87148244 10.53619141 86 61 31
1.25320059 -3.39022725 10.49359129 90 57 21
0.86407577 -3.16322453 10.38553458 216 191 160
0.97863083 -3.14356656 10.42482971 211 187 153
1.11668537 -3.27098330 10.27248932 135 108 75
1.15327478 -3.28993237 10.26813090 224 194 163
1.34814468 -3.34332416 10.30989959 242 219 186
1.44369545 -3.39813205 10.28029389 237 207 177
0.98960291 -3.10303737 10.21739895 129 96 64
1.22545309 -3.30892960 10.16060872 207 183 149
0.72381535 0.08275732 12.45928069 84 62 35
0.73510200 -3.02797187 10.11165251 166 140 106
1.58140038 -3.42326176 10.21801675 232 203 165
0.73208706 -3.04534905 10.05268887 207 184 148
1.59225006 -3.38498284 10.22276932 156 122 84
0.34262137 -2.62227188 10.16647831 164 136 112
1.08294595 -3.06051643 10.00796303 217 188 158
0.47593398 -2.32449301 10.21015861 58 33 2
1.67645471 -3.27083804 9.97496066 153 114 78
0.39603418 -2.37688699 9.99881351 90 68 44
2.59901457 -3.21602337 10.29345064 172 147 116
1.24470478 0.12974788 11.99387516 124 104 81
1.23518782 -2.91878947 9.79475977 114 85 55
0.51930624 -2.15293124 9.86112430 138 114 93
1.23298127 -2.75003891 9.75937737 74 52 28
0.91724173 -1.23129131 10.25795693 75 51 24
1.55018498 -2.16775050 9.77846567 45 23 9
1.44891115 -2.08747209 9.72794148 86 60 35
1.60146070 -2.18618380 9.58153772 14 9 7
1.68879054 -2.06052806 9.66756732 105 97 102
1.84770222 -2.36605299 9.44554350 160 135 109
1.12121408 -1.53808347 9.66387965 76 51 25
1.34642632 -0.94329263 10.11039326 100 80 55
1.31530603 -1.81274630 9.52816279 198 175 144
1.86595304 -2.01354525 9.56511484 94 73 53
1.74628479 -1.87096538 9.61520040 67 47 25
1.39764465 -0.93905882 10.04909004 84 63 42
1.39113412 -1.24556063 9.74667256 130 110 85
1.96551809 -2.02089920 9.42031812 79 50 24
2.18198062 -1.88007375 9.27982431 201 173 139
2.27335534 -1.15709819 9.66691535 148 125 98
2.72417385 -2.12250546 9.02112108 169 135 97
2.37583592 -1.63222507 9.16479150 84 60 33
2.78000160 -2.07052106 8.94601692 127 89 43
2.45415671 -1.48714462 9.15807580 128 104 75
2.69849479 -1.90296698 8.95628750 108 82 59
2.94059521 -1.52866054 9.18998155 58 37 11
2.66787249 -1.69185522 8.97753493 126 102 68
3.00713203 -1.91900484 8.74282156 196 161 121
2.73378857 -1.36036760 8.95881433 69 45 19
3.25903258 -0.99474001 9.10116838 222 215 200
3.38484088 -1.62316536 8.64710771 171 139 108
43.22031185 5.20996269 21.52666691 62 53 18
2.47126848 -2.03507778 9.27018047 150 116 80
-2.73876883 -8.72909037 26.13655961 45 44 33
2.66323351 -1.38246361 9.00077255 60 40 16
-5.28839794 -3.44697693 14.94260194 164 143 123
-2.90205707 -3.89545897 15.59630214 79 52 19
-2.65380133 -3.57547083 15.24015042 179 141 97
-2.93795274 -1.89341483 15.04492734 153 135 121
-2.31000927 -0.65489146 15.45276089 173 159 154
-1.13412990 -2.25430219 14.19291429 170 136 100
-1.01690735 -1.69846113 13.81222584 88 61 32
-1.11828207 -0.81034766 13.86863254 115 96 81
-1.05152475 -0.77484534 13.77763551 149 127 116
-0.52129397 -1.25237564 13.21616655 125 97 72
-0.23106861 1.66394576 14.17723861 112 92 83
0.52132592 -2.52131321 9.95724339 80 59 34
1.10112273 -3.19432120 10.24883396 93 63 29
1.38826256 -3.40683477 10.40904016 209 180 142
1.39695018 -3.36474446 10.34834176 99 67 29
1.48537204 -3.41689474 10.31322618 136 103 62
1.40068031 0.04326299 12.01391482 66 40 17
1.02703462 -2.11605852 9.68004286 45 20 0
1.38313386 -1.80902330 9.54913597 69 46 21
2.33895782 -1.93563179 9.18809803 70 45 5
2.97289211 -1.83244793 8.70083805 109 73 33
3.42089881 -1.91717092 9.33534127 175 141 104
4.08972942 -2.19657299 10.01719291 219 211 199
-0.01337900 -1.51119570 10.12467538 205 202 203
-0.88786960 -1.77541025 13.68524972 90 66 42
3.34684932 -2.01546687 8.78900748 221 213 204
-0.44557601 -2.24493236 9.27175599 131 109 85
-4.39150368 -1.97599393 17.67753003 214 211 210
-1.68285202 -2.42005648 14.46733733 63 32 10
-1.75135227 -1.57680704 14.26445776 146 118 94
0.52692836 -1.45392249 11.19967788 58 36 12
7.10555903 1.10270852 19.30324904 144 129 119
2.81083466 -1.63669715 8.78795929 82 59 15
-1.02449238 -2.36590258 8.62812347 234 231 226
0.12845848 -1.18067487 12.56864654 145 112 78
1.58497236 -2.87255851 9.75129632 193 158 127
2.82259671 -1.63483797 8.78947279 85 60 30
0.38348350 -1.57416033 12.56381024 84 52 23
2.11783272 -2.46090260 9.48747294 126 100 74
1.90410848 -1.92412310 9.61292192 32 15 0
1.16062370 -3.17317115 10.14830605 128 97 65
3.06889446 -0.67808100 9.84137607 233 222 215
-3.30948615 -13.39004326 29.17295795 139 133 129
-3.31448046 -13.38355876 29.16434386 139 133 129
26.23188766 -41.91687654 121.00152358 60 56 46
19.62752451 -33.08589869 111.36485786 105 101 97
21.41393640 -24.99314026 100.96684286 111 108 99
-2.52907239 -10.39967486 29.28124229 137 133 134
25.29642837 -24.56224515 101.83252857 113 110 103
22.58215988 -21.63688263 97.22976249 45 41 33
-4.16963428 0.15281529 17.16840445 145 140 144
0.89824434 -3.17469456 10.51507785 88 57 27
1.94443966 -2.77698963 9.56417776 116 86 50
-3.72943081 -2.05676790 16.03547475 88 65 49
2.81984179 -4.50047019 17.11714525 228 225 220
-3.44952001 -0.36331023 16.47003125 74 53 34
-0.75172715 -2.36251685 14.20735744 177 141 105
-1.85230587 -1.15627025 14.47710072 140 121 107
-1.26787073 -0.96669674 13.95515213 90 69 52
-0.19580697 -1.69860928 13.28427748 75 48 19
0.36058761 -1.53307926 12.53954654 166 132 95
0.19057915 -1.23234897 12.55777301 159 131 94
0.57881128 -1.15637222 12.08240305 64 45 14
1.80832251 -3.36663586 10.19354881 193 167 133
1.05178262 -0.86232519 11.65386985 76 56 37
0.36283350 -2.72407159 10.09541094 181 152 119
0.78971354 -1.49469057 10.18674336 128 108 80
3.43429632 -1.83916002 8.68443104 157 142 116
1.25984115 -2.72407017 9.72067388 64 41 9
-2.02922506 -8.94768266 29.98233942 116 113 106
-3.67244035 -2.75271275 16.02623839 156 135 114
-3.43265806 -3.00834686 15.76326907 85 61 45
-2.48857368 -3.72074373 15.24108824 179 145 103
-2.97614408 -3.35730310 15.20274489 173 139 91
-3.76775514 -1.82208048 16.07225266 156 133 115
-3.79128986 -1.66441488 16.04231448 138 116 102
-3.25900018 -2.49646501 15.31828868 154 131 115
-3.70942019 -1.46256443 15.96702209 164 141 127
-3.54772831 -1.63308286 15.75108867 152 129 115
-3.91862087 -0.52842677 16.66813721 133 111 98
-3.84802601 -0.61747308 16.61634570 149 127 112
-3.90817275 -0.37342165 16.67379049 149 132 124
-2.01262473 -3.06956922 14.79643624 86 48 9
-2.59019563 -0.84271868 15.56952191 136 120 112
-2.21581567 -1.57570624 14.61324202 60 38 24
-2.05195504 -0.82024047 14.89512287 105 86 79
-1.69240130 -0.84237369 14.49586329 139 121 107
0.15478434 -2.06194798 13.54652232 146 113 75
-0.69148498 -1.35096413 13.45286799 81 54 28
-0.84973810 -0.88767313 13.74760489 72 54 35
0.48407757 -1.99553277 13.11421832 88 59 26
0.49353873 -1.97531408 13.04090538 89 58 30
0.08433607 -1.73448024 12.85366922 169 134 93
-0.49157028 -0.87389839 13.06270125 166 139 119
0.60746853 -2.64967426 11.99486037 113 92 63
-0.45362408 0.55216530 14.05817983 101 79 65
-0.47642869 0.15291588 13.63217338 138 112 92
0.07589992 -1.20933096 12.49874204 146 117 79
0.25886318 -0.81842884 12.35526381 54 35 2
0.51682832 -2.93735416 10.70931835 215 184 153
0.39722366 -2.72527612 10.81558784 80 54 22
1.07026419 -3.28642697 10.41498099 220 195 164
1.34835980 -3.37038854 10.38004242 118 89 54
0.27338039 -2.58063329 10.48775172 158 132 103
0.38843845 -2.86476863 10.29174027 189 160 128
1.11906687 -3.44168875 10.12858688 118 89 54
1.35692353 -0.68973708 12.03778429 79 54 33
1.03802008 -0.85814832 11.65497912 79 54 33
1.47576015 -3.31246002 10.10561103 232 205 170
1.16773538 -3.12939427 10.12175954 193 165 126
0.34295689 -2.28224545 10.36182656 128 111 89
0.81868100 -0.97226906 11.39348963 79 54 33
1.44523616 -3.20261091 9.86921536 204 175 141
2.75998103 -2.82118660 9.77001507 164 136 99
1.80827689 -2.69063964 9.59010108 73 44 10
1.44058641 -2.30895762 9.61696765 172 145 116
1.14002333 -0.81249830 10.44033839 97 73 45
0.90139403 -2.04423645 9.60544792 137 111 78
2.45939764 -2.02640228 9.19440408 152 121 87
2.50388986 -1.45166115 9.28912253 52 29 7
2.99981543 -0.98277349 9.59385125 126 104 80
3.40664491 -1.90795423 8.73618706 155 121 85
2.89173326 -1.51607385 8.75515014 82 54 30
-4.08012749 -1.66994808 18.75375078 153 152 145
1.68392127 -2.29409938 9.53229727 159 137 113
-4.33703834 -1.96588843 18.04198831 155 146 142
-3.16228950 -3.04246510 15.55043186 162 127 95
-2.84530187 -3.72869655 15.42440958 190 151 111
-3.05263796 -2.38333010 15.73467927 152 126 103
-2.81882930 -1.99057343 14.96583047 88 62 42
-2.23017777 -3.26207213 14.99014617 84 54 18
-1.87225241 -2.96628686 14.74660546 109 76 33
-2.36229793 -1.52993192 14.70435982 103 81 67
-1.17476593 -1.87727543 13.90353262 95 70 43
-0.29371260 -1.77366371 13.43818358 83 50 11
-0.42195083 -1.40442279 13.30166523 84 55 24
-0.36664247 -0.59108367 13.18676002 65 43 21
-6.24461615 -9.52287644 10.52603632 144 143 135
-2.66728593 -10.83838699 27.52429931 137 137 138
2.11326664 -14.47925661 31.04192104 44 45 40
-1.95925437 -8.55772406 30.23194846 132 129 124
-5.23731807 -3.51637535 14.99461253 180 154 123
-4.09357629 -3.83111899 15.89940611 224 220 218
-3.50705651 -4.09555357 16.05860522 232 228 214
-3.91910277 -3.86627076 15.78394210 179 143 101
-3.06458687 -4.03077667 16.17910893 169 137 104
-3.38922854 -3.81303631 15.52802118 182 143 94
-2.98524734 -3.88521439 15.67461363 163 130 89
-2.52818404 -4.05809856 15.89636180 188 153 112
-3.24025708 -3.70133000 15.57907428 55 28 2
-2.65571705 -4.04730553 15.68625045 209 178 138
-3.49880347 -3.46445518 15.56349181 86 61 35
-2.36447437 -4.01390233 15.89691379 182 151 104
-3.83644913 -2.36987023 16.55464343 132 111 93
-3.75951639 -2.42791537 16.57112029 175 160 146
-2.61832215 -4.04321550 15.49298294 165 129 84
-2.86428304 -3.85324059 15.47094306 84 51 20
-3.25905218 -3.53896772 15.48482147 169 135 95
-3.74205925 -2.65913110 16.15534991 180 161 144
-3.85026590 -2.00688267 16.91807151 120 97 71
-3.91843145 -2.09447478 16.56982378 171 147 132
-2.69102561 -3.84419463 15.32014855 112 73 32
-2.94397644 -3.64620109 15.32816910 107 71 38
-3.37535934 -2.91698319 15.85203263 110 85 69
-2.12815442 -3.82932709 15.59786390 155 120 79
-2.22353438 -3.79515079 15.49294207 196 165 126
-2.34745525 -3.75054343 15.26355207 155 112 70
-3.84482830 -1.96761231 16.09830838 147 126 109
-2.54692939 -3.79481971 14.95834435 189 150 107
-3.53567834 -2.24476640 15.96450727 113 87 69
-3.48483053 -2.45017670 15.60603949 183 159 137
-3.29862061 -2.64175962 15.35921361 202 176 152
-1.80261224 -3.57315949 15.54321070 167 132 90
-3.14125242 -2.69073273 15.32092837 63 36 5
-3.45811090 -2.27485599 15.46317418 147 127 110
-3.56338096 -1.99633743 15.64546840 167 146 134
-3.49407652 -1.85171260 15.86770826 81 58 39
-3.59326282 -1.58726565 16.07521787 87 61 48
-2.08827301 -3.40015594 15.15918042 185 149 104
-2.14483565 -3.43166264 15.05347533 185 149 104
-3.78938695 -1.18210002 16.28113827 161 139 125
-3.95867643 -4.64065069 11.82629545 155 112 70
-3.94051399 -0.63194117 16.64040826 91 69 55
-3.75265514 -0.76689584 16.61562398 76 56 45
-3.85523737 -0.60604122 16.70718879 160 139 133
-3.05068228 -2.43161872 15.11969603 189 161 141
-3.29751853 -2.06175543 15.34688110 74 52 31
-3.89074095 -0.36514014 16.87323214 155 142 135
-3.38866340 -1.86032849 15.47566672 176 160 144
-3.49670718 -1.59968095 15.67235086 158 141 131
-3.68550945 -0.83232020 16.43044352 167 145 133
-3.77030164 -0.46816862 16.73867650 76 53 35
-3.36079830 -1.64208628 15.59020407 128 110 100
-3.36079830 -1.64208628 15.59020407 128 110 100
-2.54683088 -2.85354429 14.78121859 174 142 104
-3.46419211 -1.01443121 16.16842607 63 45 25
-3.56832680 -0.80765604 16.31138437 155 137 125
-3.12468224 -1.91254784 15.33554872 80 59 35
-3.25250728 -1.74913782 15.42920574 161 145 136
-3.70872368 -0.26724885 16.68987923 106 84 67
-3.79636044 -0.29725201 16.57062646 138 117 103
-3.81513594 -0.32826297 16.51807136 138 117 103
-1.58711018 -3.21786921 14.95279893 157 120 74
-3.56027715 -0.45066358 16.42024308 74 53 39
-3.73262544 -0.10568076 16.58065472 147 130 119
-3.43260766 -0.52513069 16.33547733 126 104 90
-1.90895941 -2.92145581 14.74224843 197 160 117
-2.60728761 -2.41473703 14.73312487 96 65 34
-2.60081966 -2.41034707 14.73759443 96 65 34
-1.80525748 -3.00403054 14.67932453 181 144 104
-3.56495932 -0.11770495 16.52349661 87 65 49
-3.59061192 -0.16185522 16.45458152 87 65 49
-2.89240896 -1.72577782 15.22346154 75 52 33
-3.09014152 -1.35367377 15.48787108 176 159 151
-3.59727639 -0.85969533 15.54632327 117 95 81
-2.83088932 -0.29228878 16.60107127 66 46 32
-2.83088932 -0.29228878 16.60107127 66 46 32
-3.36924693 -0.06911421 16.41758422 61 42 24
-3.36924693 -0.06911421 16.41758422 61 42 24
-2.67515968 -1.95828311 14.81189574 137 113 98
-2.81649593 -1.12523257 15.58608475 101 78 62
-2.77008631 -1.71047803 14.93367599 165 150 138
-1.76528967 -2.79809968 14.48944992 190 153 108
-3.10098131 0.04639443 16.59887194 62 40 12
-2.24104181 -2.31090493 14.62834937 184 148 106
-0.73356295 -2.77701840 15.14543795 155 131 91
-1.01655887 -2.81474488 14.86553366 148 104 58
-1.01655887 -2.81474488 14.86553366 148 104 58
-2.55316087 -1.19454375 15.30897910 92 68 54
-2.40271844 -1.69345577 14.87821624 58 33 17
-2.63982043 -1.09176319 15.34020446 159 141 129
-1.74800088 -2.40523458 14.47961271 186 151 111
-2.52616871 -1.06877776 15.28425009 112 93 77
-2.32967524 -1.65650821 14.77183890 60 41 17
-2.41819924 -1.59233680 14.72378523 90 71 51
-1.71945943 -2.39762315 14.37056515 186 148 111
-2.01381510 -2.05031642 14.36206255 181 146 106
-0.59217508 -2.53341673 14.76429106 203 176 138
-2.28071797 -1.00480473 15.06205921 102 83 68
-0.52190734 -2.48583325 14.73265873 215 185 149
-0.31407140 -2.46850303 14.87901653 184 153 105
-2.25141237 -1.35157473 14.70679448 170 152 137
-1.46440041 -2.31972973 14.19778643 82 48 3
-2.27313462 -1.10719280 14.90156167 152 136 126
-1.79302919 -1.96987377 14.27558053 134 97 53
-0.25716961 -2.49978069 14.68871354 199 170 132
-0.33246540 -2.46073615 14.67975460 210 185 143
-0.96885232 -2.33527788 14.35332521 205 166 126
-1.80625005 -1.89211290 14.24262312 169 136 103
-0.86916556 -2.33644768 14.37330301 93 52 19
-1.54887369 -2.03046062 14.21383854 128 97 61
-1.84271629 -1.80638817 14.19620043 138 112 92
-1.30741441 -2.04483432 14.10921147 212 180 140
0.00090479 -2.36192939 14.56601587 159 126 85
-1.21798232 -2.04121012 13.93860984 185 149 106
-0.33129785 -2.31792248 14.21002087 163 126 82
-0.11244063 -2.35552015 14.25557250 199 175 132
-1.63494577 -1.26945050 14.36698611 70 52 35
-1.06914521 -2.00753903 13.97642862 128 91 49
-1.83121074 -0.62497238 14.82149267 162 144 131
-1.41176951 -1.63507422 13.95835458 193 165 131
-1.06507172 -1.89778130 13.82872387 196 161 116
-1.07388645 -1.91483316 13.79973220 196 161 116
0.30605910 -2.13999858 14.36036629 150 118 77
-1.45943635 -1.24947088 14.16044630 160 134 116
-1.47067753 -1.33461652 14.03689155 113 89 63
-1.44331649 -1.16749022 14.21942501 66 46 22
-1.54097386 -0.68535541 14.46438222 157 139 129
-0.86211276 -1.98528996 13.64517784 190 148 104
-0.42800538 -2.09348608 13.75716572 209 168 123
-1.43427474 -0.84975348 14.22768700 70 51 34
-1.38767857 -0.91017277 14.16062503 160 142 121
0.01596635 -2.11265924 13.78973799 186 153 110
-1.34013126 -0.84310416 14.16064135 165 146 133
-0.59312169 -1.77372133 13.55640367 197 159 115
-0.58327507 -1.77206231 13.56801140 197 159 115
-0.82787133 -1.55408510 13.62022779 183 148 109
-0.06396753 -2.01603151 13.57554331 92 58 18
-0.73892340 -1.44104320 13.50808186 120 87 46
-0.73537919 -1.41959838 13.51822767 120 87 46
-0.43826500 -1.74087257 13.35072310 143 100 55
-0.52677088 -1.47977984 13.52746816 61 36 7
0.02627030 -1.87795788 13.43243861 198 160 117
-0.51551014 -1.47675486 13.42146221 70 41 12
0.42210000 -1.95145935 13.27480223 191 153 108
-0.88413851 -0.69388257 13.69506859 148 126 103
-0.63633340 -1.23615731 13.33122171 139 114 84
-0.89958222 -0.11680364 14.14369191 157 137 122
-0.20031589 -1.63782803 13.18202642 190 152 106
-0.74089056 -0.19502615 14.05286800 100 78 65
-0.52634222 -1.14663595 13.29114224 136 109 80
-0.24481335 1.20119986 15.40774026 91 81 81
-0.60866116 0.32692375 14.44060643 160 142 127
1.37192798 -2.66086224 12.79939468 138 114 83
-0.39785617 -0.95605048 13.31030672 69 43 20
-0.63389151 0.10969919 14.07131718 126 104 94
-0.27178177 -1.21355244 13.07105452 175 135 101
-0.62196056 0.04603244 13.88423632 175 152 138
0.52129700 -1.82528662 12.86247996 186 150 105
-0.46779709 -0.66980902 13.30395811 79 57 34
-0.25195312 -1.19308887 12.97319213 180 144 109
0.55387808 -2.49265935 12.27074302 202 178 145
-0.47375964 0.32155384 14.07860007 138 119 106
-0.47375964 0.32155384 14.07860007 138 119 106
-0.48841382 -0.03678209 13.74034591 111 85 69
0.26521640 -1.64833288 12.75631572 190 151 107
-0.31763279 -1.00015825 12.96981411 130 103 75
-0.51876719 0.19928818 13.84258645 123 101 87
-0.51876719 0.19928818 13.84258645 123 101 87
0.79330363 -3.05142295 11.80763041 188 168 135
-0.40953439 -0.62090074 13.21384132 62 44 24
1.01187132 -3.21580103 11.76147187 112 80 38
-0.39886701 -0.66946175 13.12818474 132 105 82
0.76713210 -2.43953053 12.23929801 116 92 62
0.81982930 -3.21700783 11.61484164 190 168 135
-0.36383388 -0.25938853 13.45260227 68 45 27
0.75830827 -3.12108998 11.62621428 183 158 123
1.10805278 -3.43398317 11.50047274 134 110 72
0.49822574 -2.38118531 12.03485471 175 154 133
0.87862342 -3.23708077 11.52147460 192 168 141
-0.37840140 -0.66437507 12.96158708 139 111 89
0.79231298 -3.19478594 11.47165142 147 124 89
0.46788950 -2.34461894 11.99672100 115 90 60
-0.30577706 0.94625119 14.21095101 151 126 107
0.93486068 -3.30087821 11.41276959 126 101 63
-0.45354114 1.54556552 14.60274682 70 45 27
0.45093043 -2.42762629 11.86160930 148 126 97
0.58135442 -2.97898363 11.47186509 106 81 47
0.37265073 -2.28034016 11.91658530 201 170 134
0.91520266 -3.27604927 11.36023096 187 158 128
0.45674951 -2.55156657 11.72417237 166 142 106
0.48079122 0.67298056 14.24406440 147 123 106
0.54820689 -2.73414968 11.61593431 93 63 26
0.51558244 -2.42168397 11.83146582 95 69 39
0.57672616 -2.91523658 11.44741187 94 71 41
-0.42307284 1.78746937 14.65576556 138 121 111
0.44660578 -2.52230949 11.65711701 112 92 57
0.10469387 -1.18092787 12.53397698 182 148 113
1.08974231 -3.42455012 11.20445063 230 207 167
1.63319798 -3.71244893 11.19186621 176 155 119
0.78403505 -3.13674618 11.27681486 191 165 128
1.97619275 -3.83649901 11.23622325 130 101 63
1.04928250 -3.40254131 11.17786739 146 117 80
-0.15641393 -0.11872548 13.19834751 56 34 12
-0.26790671 0.02204782 13.25176546 147 123 106
-0.33594217 -0.03612811 13.16790739 147 123 106
0.26981279 -1.83152236 12.02548473 61 36 12
0.70228902 -3.11323411 11.20698283 228 200 161
0.76341447 -3.24655488 11.12005678 78 49 12
0.26014640 -2.06388134 11.76934331 80 57 24
1.16078574 -3.48218083 11.03842410 229 208 171
0.73071319 -3.14053878 11.11379874 101 73 36
0.70541082 -3.11209082 11.12131476 199 174 138
0.70541082 -3.11209082 11.12131476 199 174 138
1.50225158 -3.59667295 11.03512306 213 187 153
0.94161405 -3.28275176 11.01455360 104 74 33
1.84481977 -3.75047950 11.01699202 214 192 154
1.59653900 -3.65492966 10.98610882 112 88 51
1.22814663 -3.48697853 10.94787720 219 195 161
0.31343839 -2.58380203 11.25502909 169 135 98
-0.17939241 1.03708806 13.78696824 70 51 36
1.28243587 -3.51094553 10.93300906 119 91 56
2.16468038 -3.86336593 11.02241473 165 134 86
0.91584407 -3.32887936 10.92491862 90 58 19
0.63741564 -2.96008056 11.08548544 82 52 21
0.45653969 -2.78840874 11.11798184 104 77 31
1.21818579 -3.50209133 10.87673002 228 206 169
1.91800451 -3.88422609 10.85123609 176 143 95
0.79788245 -3.24430954 10.87795594 129 102 65
0.23662273 -2.46825697 11.23602178 207 178 144
0.83258313 -3.33007341 10.81616962 216 189 157
0.28794565 -0.79763097 12.49190251 46 31 6
0.55862904 -2.95637360 10.96911662 184 158 129
0.12712215 0.96658742 13.72507891 60 39 8
0.70764382 -3.05161639 10.93240507 86 58 32
0.02686634 0.21283656 13.08402179 154 131 113
0.47830522 -1.11484456 12.26947340 115 88 62
1.39364223 -3.52391626 10.81102398 119 89 52
0.58603682 -3.01635393 10.85440824 164 136 104
0.06066475 0.15871708 13.00755896 107 85 65
0.42526472 -2.71911762 11.01670483 160 127 92
1.83278131 -3.70250212 10.82238625 204 172 133
1.53185120 -3.57962384 10.79904626 150 117 78
1.07169565 -3.34585571 10.78371685 82 50 15
0.30240016 0.96309813 13.67503737 139 121 102
-0.04637658 1.66795040 14.00927030 110 89 71
0.55874240 -0.97862367 12.26065762 47 27 8
0.78197516 -3.17116508 10.73124685 100 72 42
0.49600330 -2.78807102 10.89699797 66 43 14
0.78071787 -3.12849210 10.75521735 78 50 17
0.19479042 0.28084073 13.01973085 114 92 71
0.31554310 -1.84777813 11.49314015 56 33 1
0.63668817 -3.08613009 10.70336007 179 152 116
1.17579607 -3.40711998 10.67085038 218 189 155
0.32700373 -0.07733821 12.78438764 56 35 6
0.43869145 -0.72214713 12.27609627 126 104 80
1.17570256 -3.37853362 10.59236747 93 58 28
0.42128819 -0.43029156 12.44497543 108 81 51
0.56548653 -2.94264045 10.61547231 77 43 6
0.56548653 -2.94264045 10.61547231 77 43 6
0.86801879 -3.17480269 10.54956130 80 49 18
0.38632556 -1.11751743 11.84181719 126 101 78
1.10788445 -3.31918519 10.51061390 156 130 93
1.31356881 -3.41551948 10.49246477 218 192 156
0.53270701 -2.99674303 10.49531209 197 169 131
1.74786822 -3.59179812 10.48580243 205 175 138
1.23712939 -3.39483768 10.43119780 91 62 12
1.13350437 -3.34834604 10.36935429 159 133 93
1.82875731 -3.60071576 10.40524365 198 170 131
0.54226184 -3.01863685 10.37556962 189 156 117
0.19975468 -1.57284733 11.26486148 152 128 104
1.46151472 -3.45895821 10.34136537 218 191 151
1.18275991 -3.34880295 10.29881007 207 177 140
0.59900207 -3.01652469 10.31723187 212 180 140
0.33556389 -2.68292966 10.46019529 128 101 69
-0.11018195 -1.75946602 10.95615437 152 128 104
1.45885641 -3.43221515 10.29878569 135 101 63
1.11169217 -3.27083252 10.27198216 127 96 61
1.72737363 -3.49787054 10.30517972 124 85 47
1.38596091 -3.36808013 10.27528021 90 58 31
0.27145537 -2.16971570 10.72810280 150 126 97
1.83287536 -3.46299284 10.31920025 135 101 60
0.33336520 -2.75289842 10.28558931 227 203 165
0.93352555 0.32740079 12.57989703 99 77 56
1.59987393 -3.42074471 10.18130880 212 180 141
0.60308626 -3.05716646 10.09861024 176 146 108
0.51855616 -2.90592146 10.15512538 97 65 25
1.55004994 -3.40010973 10.14862536 145 109 69
1.52561737 -3.37932681 10.14741335 191 159 117
1.70560224 -3.42441351 10.14600155 173 140 97
2.49930117 -3.39068140 10.41532875 184 159 125
1.63891667 -0.43907268 12.13020041 89 66 35
1.69267102 -3.40412109 10.11635977 221 193 155
1.23097080 -3.14711911 10.14174897 78 45 7
0.62183660 -2.98129598 10.01427470 139 101 54
0.95361313 -3.08679173 10.03287220 205 176 143
0.91735502 -3.05123299 10.05710206 73 46 3
0.45508688 -2.86014869 10.01183579 222 186 148
1.02061168 -3.05747691 10.05024314 236 203 161
0.41702122 -2.73827072 10.07243882 109 75 39
1.60276975 -3.30949774 10.04270395 106 72 22
1.09091496 0.07330066 12.15485812 84 63 42
0.68260492 -3.01067219 9.94289909 191 161 123
2.29993686 -3.31879306 10.24326326 183 152 107
0.49775848 -1.05165809 11.16111426 54 31 7
0.34288988 -2.49079124 10.13994408 147 124 93
1.40025860 -3.21924740 9.94509401 217 187 151
0.30565418 -2.53954265 10.02186378 80 56 24
0.40804965 -2.66561657 9.96925755 135 106 69
1.24497604 -3.07688086 9.88042958 141 109 71
1.50538648 0.45806889 12.28652583 120 103 76
0.53269752 -2.67295013 9.89361733 171 144 116
0.53491902 -2.67078957 9.89345966 171 144 116
1.29767871 -3.07495718 9.84802414 197 163 126
0.95082450 -2.68036855 9.92461657 76 51 20
0.69795620 -2.70593790 9.78389592 64 38 11
0.57696013 -2.45755368 9.87345445 181 145 107
1.28473031 -2.97867241 9.72983550 129 92 54
0.40243360 -2.29158748 9.86076163 89 58 25
0.56376655 -1.95278239 10.11385973 149 128 100
0.97041653 -0.92072251 10.77181887 130 110 86
1.45352454 -2.85189591 9.65518377 143 110 70
0.58104550 -1.89548619 10.01526364 148 126 100
1.57803120 -0.08619241 11.32875191 214 206 193
1.57803120 -0.08619241 11.32875191 214 206 193
2.43401425 -2.86182877 9.73089433 201 169 128
0.65948741 -2.02909433 9.73480811 154 131 104
1.44326090 -2.21060852 9.81743089 47 29 5
1.52904034 -2.60085809 9.58448601 153 129 98
1.47720630 -2.43095247 9.60344846 195 164 130
1.21677079 -0.83811057 10.44851916 119 94 68
1.45102869 -1.10839729 10.26187145 109 82 53
1.03674529 -1.75702166 9.75483794 55 33 10
1.11645080 -2.00316897 9.59040075 189 164 123
1.25424994 -0.75095975 10.37772286 223 214 202
3.59693152 2.01786645 12.61034523 215 205 196
1.02743554 -1.35336552 9.93431620 79 55 25
1.85388260 -2.40738921 9.48906520 196 166 137
1.08138839 -1.93955126 9.56595707 227 198 159
2.49109722 -2.48921157 9.57174984 203 168 127
2.28497703 -2.54705485 9.48431992 207 170 129
1.30086125 -0.80127520 10.28178042 226 214 193
1.76500422 -2.10425928 9.60894115 2 3 5
1.05871444 -1.50754090 9.78848560 145 122 103
1.09612264 -1.90054388 9.55956890 130 101 70
1.04396329 -1.88308120 9.54694283 210 183 149
1.23780512 -0.74376618 10.23983461 223 211 199
2.15276851 -2.34487121 9.49929406 69 40 6
1.83906040 -2.09925979 9.56528033 104 89 63
1.22410568 -0.73826549 10.23435189 223 211 199
1.12333146 -1.80098642 9.56362499 105 80 58
1.34978482 -1.82694376 9.57579102 199 170 138
1.98579845 -2.10027073 9.53548098 131 101 64
1.70424304 -1.73432972 9.65309510 119 93 61
1.40820185 -1.52752003 9.67462582 64 44 17
1.87922391 -1.74162797 9.53444381 176 152 125
1.45122623 -1.44576134 9.58909458 192 166 128
1.43328599 -1.18771810 9.72174579 234 219 197
1.38477984 -1.35168871 9.60383830 172 148 122
2.12562491 -1.46601230 9.69020474 51 27 0
2.14525292 -1.86310586 9.36553793 87 59 24
1.72687760 -1.09176945 9.66795201 219 209 197
2.50857878 -1.89952285 9.18541600 167 143 110
3.63625223 -2.10216750 9.24239872 175 157 127
2.57730667 -1.97786591 9.02398174 66 42 6
1.30446211 -1.07438928 9.17026117 204 195 190
3.11472077 -0.81107120 9.43847597 217 209 197
3.16345534 -0.97398884 9.33342102 92 68 40
2.82789231 -1.69025661 8.89135878 199 169 141
3.17216137 -0.97547915 9.22357211 93 72 45
2.92283931 -1.59138693 8.81335977 90 64 25
2.99121068 -1.56775830 8.68911428 50 35 10
1.89181183 3.21504474 10.97012624 132 136 137
3.05250034 -1.46375091 8.73620353 141 114 85
3.62215275 -1.59420484 8.72475094 19 15 9
3.47180826 -1.06849902 8.95405274 79 63 38
3.47694022 -1.57779092 8.68839178 179 150 117
3.28893922 -1.62477855 8.63094390 180 150 118
3.13330090 -1.39736730 8.67346855 76 54 20
3.53659229 -1.47270832 8.68138260 16 17 10
3.25046788 -1.48778929 8.61939755 164 149 126
3.49049344 -1.31699831 8.73444733 8 7 2
0.08383159 0.10798316 13.60141357 88 67 51
-1.30417267 0.25308104 16.62001850 84 74 66
-2.87309075 -2.34001856 10.55402760 130 95 54
-2.87309075 -2.34001856 10.55402760 130 95 54
-0.04868900 -0.98644488 12.71428150 174 143 116
-1.00951549 -1.66397869 13.83378361 76 50 23
1.39393475 -0.86485287 10.04435526 219 213 201
0.18411288 -0.17858455 12.74885745 60 39 20
48.73170431 -54.56876746 121.61160315 174 168 157
50.08455377 -54.53444308 123.07770515 103 99 87
50.08455377 -54.53444308 123.07770515 103 99 87
50.08455377 -54.53444308 123.07770515 103 99 87
52.06804760 -54.77308870 129.81663206 171 162 153
51.29786875 -54.24143254 126.23527984 111 107 94
42.22474385 -45.33122648 132.52421846 22 23 18
53.17407798 -54.97652275 124.72212950 175 166 161
50.79688141 -51.52671138 126.74898043 181 170 161
53.73196958 -52.54172792 135.14628314 101 100 82
42.84035499 -27.78707472 106.42135825 113 111 106
64.30478114 -35.87965594 133.13081195 53 48 29
52.03203066 -30.38087205 109.91734395 53 48 29
0.48106990 -1.54468479 12.36023507 70 50 26
1.94424304 -2.77975555 9.56102818 116 86 50
1.29901746 -0.79199550 10.37666235 109 89 61
-3.75662026 -1.82211003 16.07206437 152 131 115
-3.84262544 -0.37362972 16.73238014 99 76 59
-2.83994502 -2.09926855 14.94662362 132 109 90
1.11982522 -0.84910744 11.63869662 66 44 22
1.28466172 -2.79396146 9.70492110 162 140 117
3.45741514 -2.45018893 9.68517403 234 226 219
-6.77467649 -6.27557269 24.96451133 210 206 205
-2.81215026 -3.70105640 15.38122662 187 150 108
-3.62968277 -1.28632699 16.14257328 92 70 53
-2.84530637 -2.25154290 14.94487296 152 127 101
-3.50450639 -0.46461928 16.47521844 144 125 110
-1.77132342 -2.80976868 14.62772617 198 159 113
-2.46716065 -2.31221280 14.64796954 128 100 70
-2.79983301 -1.77010832 15.01942289 152 134 122
-2.79983301 -1.77010832 15.01942289 152 134 122
-1.40237399 -1.63947138 13.98274390 143 114 84
-1.59499147 -1.03800844 14.30098185 149 130 113
-0.69969998 -1.94374263 13.80911383 77 44 12
-1.05613105 -1.51024049 13.75240659 133 107 84
-1.10788264 -1.16358302 13.82548959 181 159 135
-0.25174945 1.33752162 14.19433462 71 52 36
0.34182419 -0.04972019 12.68108065 107 86 58
2.35772238 -3.53587541 10.66559671 189 159 118
1.13528622 -3.31778565 10.42680511 152 125 95
1.06953129 -3.29076101 10.41097341 220 195 164
3.16640734 -2.08705073 8.95502657 140 102 57
2.10648523 3.44455395 11.16978253 133 134 138
2.55738105 -1.95251281 9.14478352 177 141 105
2.30613363 -2.18540250 9.32978681 83 54 36
-1.93037898 -3.21296434 14.85250190 173 136 92
-1.11749648 -0.81123750 13.86949730 115 96 81
1.41432758 -3.04742438 9.84242342 183 151 112
-2.52249365 -4.06549640 15.95328452 161 133 95
-5.14111341 -3.36040465 14.68688809 193 164 132
-4.18969608 -1.11514052 18.54466374 152 149 145
-2.78984144 -3.77723143 15.47579154 85 50 15
-3.07528725 -3.45633345 15.42930915 165 126 83
-3.65050876 -2.59961281 15.93216496 146 118 95
-3.65050876 -2.59961281 15.93216496 146 118 95
-3.46575956 -2.76648928 15.43619540 156 130 106
-3.74791414 -1.82091610 15.88567539 165 144 126
-3.49332206 -2.02221816 15.64022983 113 88 70
-2.21544086 -3.25403957 15.05220348 83 45 11
-3.50090022 -1.87194002 15.70826369 92 70 53
-3.26627418 -2.19048522 15.33125049 174 153 134
-3.25601615 -2.18382612 15.35554146 174 153 134
-3.86044888 -0.44161756 16.86070134 143 121 105
-3.46010263 -1.68231919 15.61553417 170 155 148
-3.78993861 -0.39443649 16.57729737 81 54 36
-2.40183334 -2.58785540 14.75441097 123 99 66
-3.53463849 0.02620497 16.58436315 142 130 128
-2.83306517 -1.74580905 15.07209328 181 160 143
-1.96053716 -2.54025235 14.63386111 179 143 104
-2.41693661 -2.14102664 14.69491430 134 109 87
-2.75597053 -1.73003970 14.91732518 163 147 134
-2.81864203 -0.98060688 15.65618955 148 133 122
-1.18878891 -2.73572459 14.71567765 111 74 32
-2.90566529 0.07074308 16.62921095 106 91 78
-1.54768928 -2.65978206 14.51422094 195 160 120
-1.41116771 -2.54315133 14.59097680 177 142 102
-2.44697402 -1.92252963 14.64167700 191 163 141
-2.42462612 -1.90221297 14.69507848 191 163 141
-1.06187267 -2.68545267 14.62291761 149 111 68
-2.09864941 -2.20380321 14.53394087 172 138 95
-1.44808746 -2.30061085 14.39005745 78 47 8
-2.29372712 -0.67618687 15.37515095 163 151 139
-0.02606872 -2.48649754 14.69942233 218 215 200
-0.38041765 -2.26167999 14.22483918 202 169 128
-1.48184493 -1.76900483 14.14147158 152 114 77
-1.74734813 -1.09817838 14.46453178 160 143 125
-1.42251206 -1.30003303 14.00734541 125 100 75
0.03957508 -2.10370761 13.68255806 198 164 119
-1.12048042 -0.99602084 14.00711188 64 42 18
-0.31851311 -1.70914679 13.55205005 196 153 109
0.59085798 -2.10055660 13.51991179 198 168 132
0.59085798 -2.10055660 13.51991179 198 168 132
-0.96586656 -0.87503162 13.80338834 79 58 39
-0.92104664 -0.66803310 13.88336180 155 136 118
-0.10638172 -1.70886014 13.13808157 161 127 84
-0.33940864 -1.28390230 13.22279623 180 141 102
0.94324521 -3.29915154 11.41853901 126 101 63
0.77832220 -3.09542352 11.42854077 80 51 17
1.86609379 -3.74358349 11.23391326 112 87 45
-0.03625939 0.82538171 14.00550115 47 30 17
0.48856798 -2.72366264 11.46321621 198 172 143
0.69079156 -3.12029203 11.19568290 228 200 161
0.32057591 -1.35014704 12.40030821 79 53 26
0.27564572 -2.11272905 11.78801515 94 71 42
-0.11156332 -0.50091328 12.84356891 97 75 51
0.65835982 -3.07202491 11.10085928 86 60 31
-0.15000244 0.11028709 13.21414413 139 117 96
2.02193990 -3.77114165 10.93878912 112 79 26
-0.06827169 1.13980940 13.93686161 70 51 36
-0.30380513 1.92686527 14.43786950 65 51 48
0.25135665 0.73491522 13.71451895 144 124 104
0.55109355 -2.91751721 11.08990688 196 173 135
1.43034938 -3.53415145 10.88739441 202 173 132
1.53411888 -3.63589441 10.81952708 159 130 94
0.99136457 -3.32895992 10.87398952 102 69 38
0.27703831 0.84477036 13.73068666 91 71 46
1.52967320 -3.58414522 10.78805187 150 117 78
0.53690578 -2.99887994 10.81738697 196 172 136
0.76171835 -3.10901993 10.80259278 81 53 15
1.14357674 -3.36760073 10.65167763 88 54 17
0.33936290 1.84127814 14.08477985 101 81 56
0.59926851 -3.02053273 10.55244841 90 61 24
0.70293789 -0.88387527 12.08299450 145 121 93
1.12561894 -3.35784202 10.36069371 159 133 93
1.31980321 -3.38598667 10.36056884 95 61 18
0.95007587 -3.19908182 10.39048235 98 70 25
2.52171937 0.62293027 13.35397950 140 119 93
0.42152121 -2.83173500 10.44982798 87 60 26
0.40312023 -2.83406903 10.43970894 87 60 26
1.01071364 -3.20963449 10.29406319 102 64 26
2.24067964 -3.48140643 10.34690916 168 133 95
1.37311446 -3.35491243 10.12116098 227 199 158
0.93905258 -0.13281942 12.16719564 137 116 95
1.11209186 -0.59958006 11.84882745 55 33 10
1.21430374 -3.20592751 10.06722268 206 171 134
1.46221630 -3.32646755 10.01575531 221 190 147
1.21324730 -3.16214413 10.05686339 77 49 8
1.81286593 0.78434159 12.72043638 127 109 88
1.35409310 -0.19068435 11.97507357 59 37 9
0.43504926 -2.88170475 9.96225241 96 59 23
0.45231974 -2.87225743 9.97180090 96 59 23
1.22592635 -3.12512784 9.88655688 200 167 132
1.21223541 -3.07204538 9.91027748 204 174 135
1.21678112 -3.06832010 9.91308729 204 174 135
1.13355503 -2.72471618 9.82446379 168 139 107
1.19963072 -2.93491983 9.69827265 116 87 51
0.94335160 -2.41656309 9.80438392 89 61 32
1.01277297 -1.34296916 10.00645104 152 126 99
1.17563314 -1.23388942 9.80813440 76 52 27
2.72221343 -1.29849585 9.09955116 140 118 94
3.15465042 -1.38320888 8.75406517 75 49 16
-3.26422069 -13.40195040 29.01386071 30 34 17
-3.26520375 -13.33136416 29.05783768 50 54 48
-2.91263754 -13.52448693 29.14617726 42 50 46
-3.12176282 -13.22439599 29.21372247 117 114 108
-2.85136854 -11.01960373 27.56638030 130 131 135
-2.85136854 -11.01960373 27.56638030 130 131 135
5.58047013 -8.17939040 25.38747998 103 103 93
-2.92828746 -4.08122217 16.45056737 227 226 221
-3.31949389 -4.07766120 16.02629417 215 186 145
-4.64616369 -3.67856731 15.38157964 203 170 132
-3.03053292 -4.05897891 16.16983589 245 243 230
-3.41422006 -3.87437192 16.07047316 197 159 114
-2.95215731 -4.06287686 16.16061860 176 152 108
-5.26677068 -3.50880600 14.78160623 184 153 120
-3.28407456 -4.05250599 15.75423290 202 173 133
-3.17082817 -4.04670161 15.80337107 156 117 73
-2.76225593 -3.98991953 15.69368673 195 170 130
-2.57567895 -3.98927022 15.82306106 206 180 142
-2.90223934 -3.86013584 15.62787179 87 53 15
-2.67901057 -3.94623988 15.68212783 198 165 127
-2.68601588 -3.94689220 15.66671286 198 165 127
-2.57510233 -3.88801220 15.69707786 140 102 58
-3.80216152 -2.42767507 16.58229985 83 59 44
-3.46514215 -3.13501893 15.89708943 162 136 113
-2.98442301 -3.60611784 15.63364891 94 63 32
-4.28128070 -0.81124934 18.24318972 221 215 215
-3.46761406 -3.11998471 15.80217537 153 127 100
-2.44969987 -3.81887521 15.57947383 112 68 18
-2.90285269 -3.60687485 15.41537113 121 85 47
-3.34804162 -2.90563352 15.58639238 78 52 37
-4.05231564 -1.81103751 16.41193074 171 149 135
-2.02844451 -3.65341640 15.61140320 201 171 132
-3.91872970 -2.03753996 16.20327276 167 144 128
-2.56508144 -3.55376958 15.28513446 85 48 13
-4.07907358 -1.49558381 16.51906562 174 156 147
-4.07907358 -1.49558381 16.51906562 174 156 147
-2.41418324 -3.42211728 15.34878121 83 48 8
-3.86811087 -1.93832006 16.06292708 172 142 131
-2.35004893 -3.37449183 15.28854751 92 57 18
-3.81164115 -1.86100367 16.01566057 181 154 143
-3.79484204 -1.85148449 15.95628744 172 145 137
-3.65096345 -2.09052317 15.72567669 181 159 142
-3.53282011 -1.90439682 15.90495638 91 68 50
-3.70247060 -1.69678059 15.95210548 82 58 35
-2.27520641 -3.30154465 15.01737084 87 54 15
-1.90459102 -3.31180269 15.22776410 186 156 112
-3.78655767 -1.52184745 16.05358124 177 154 138
-3.19966514 -2.36460172 15.37703383 75 48 34
-3.96564265 -1.04560769 16.40786250 168 148 137
-3.67261591 -1.74528181 15.69262644 166 145 135
-3.70159780 -1.40914093 16.03498169 94 72 59
-3.45097985 -1.94141348 15.56400775 181 162 147
-3.55253651 -1.75904193 15.68801612 101 72 58
-3.96541118 -0.59693485 16.57579501 145 122 104
-3.38456422 -1.77917583 15.57578017 70 45 35
-3.56867297 -1.13497838 16.09247168 160 135 119
-1.48699132 -3.10417238 15.17285306 194 159 117
-3.82087071 -0.66374267 16.40887785 153 134 121
-3.43560371 -1.57826378 15.61148086 153 134 121
-3.81169293 -0.08147758 16.94137801 148 140 139
-2.83308836 -2.04844381 15.23038212 71 47 28
-3.30280430 -1.23203820 15.73955046 167 149 136
-3.11987603 -0.95423210 15.94997508 158 141 126
-3.15919371 -1.17164587 15.69077739 169 152 136
-3.59288702 -0.29031721 16.31320172 142 123 111
-3.00698334 -0.92717389 15.94923460 143 127 112
-2.92766055 -0.87335087 15.99018848 88 73 58
-2.76888141 -1.64988395 15.11231418 67 40 31
-2.83286172 -1.45743249 15.25225518 187 171 167
-3.25781171 -0.06308872 16.45270518 66 41 23
-3.27378137 -0.08592065 16.42435864 66 41 23
-3.17685641 -0.07670773 16.42911408 68 37 16
-2.00349728 -2.20619595 14.72479668 74 45 20
-1.59864501 -2.57187862 14.55519891 191 158 115
-0.57380384 -2.56241223 14.90826112 218 192 148
-2.48420340 -1.15464544 15.22110731 109 82 69
-1.95851955 -2.12364489 14.45718163 185 150 113
-0.96009254 -2.32113258 14.56021812 192 154 111
-2.07777349 -1.49881713 14.63366591 69 43 27
-0.83743192 -2.26499170 14.37471266 199 161 118
-1.89382942 -0.34420682 15.64631336 157 141 134
-0.45857855 -2.10195460 14.48400776 95 55 19
-1.18956824 -2.07225232 14.14520021 137 103 60
-1.10084306 -2.01122698 14.25034811 137 103 60
-2.02138958 -0.72537489 15.01812773 163 147 135
-1.94494674 -1.17452076 14.59793849 169 153 140
-1.89922695 -0.61216451 15.11945896 163 147 135
-0.21951446 -2.23548311 14.34924560 158 124 79
-1.77529767 -1.38993071 14.36669987 140 117 102
-1.28963438 -1.76557411 14.24187729 172 138 102
-0.87201814 -2.01152062 14.16207584 77 43 6
-0.45098462 -2.07323496 14.04126335 203 166 118
-1.68955329 -1.06724517 14.39235742 165 146 132
-1.70593689 -0.88864177 14.48911437 122 103 90
-1.56904070 -0.95967541 14.43359119 168 146 132
-1.36024103 -0.77467456 14.46436009 76 54 40
-0.52021573 -1.77182205 13.90080061 184 148 103
0.41336643 -2.10145503 13.98459062 158 120 74
-0.19734702 -1.96823845 13.80600098 187 154 112
-1.26237967 -1.11756201 14.08706465 137 117 96
-2.15681270 1.08539451 15.65378674 127 123 122
-0.01653904 -1.92969560 13.86105280 83 46 8
-0.06152527 -1.95862561 13.81013266 83 46 8
-1.34937780 -0.80237879 14.20145866 81 55 41
-0.40504128 -1.76443029 13.72971125 79 47 9
-0.67523794 -1.60098452 13.72099862 111 87 55
-0.42935674 -1.72986600 13.68860083 186 154 115
-0.38280256 -1.76916475 13.63740725 76 43 10
0.47715062 -2.10956055 13.56462717 195 162 122
0.48789124 -2.10494080 13.57538776 195 162 122
-0.82088457 -1.15874313 13.86368703 63 36 14
-1.16052595 -0.51174376 14.25517321 154 137 122
-0.61478661 -1.43577176 13.65559549 176 143 100
-1.06719244 -0.16377393 14.53920366 165 147 135
0.14702587 -1.80000052 13.47142989 189 153 111
0.24717146 -1.79894620 13.46693803 99 66 22
0.07553261 -1.84320723 13.33045733 196 160 115
-0.63611184 -1.11813931 13.66725385 56 40 14
0.50268344 -1.93684707 13.31890981 199 164 123
0.17610635 -1.77830418 13.33556405 198 163 124
0.90300888 -2.27230858 13.10002839 155 129 89
1.43818939 -2.66933109 12.82484747 212 184 149
1.58971272 -2.88050718 12.64112281 242 234 217
1.27989623 -2.47222971 12.85089420 228 224 212
1.32396686 -2.56512950 12.72514424 133 108 67
0.73295452 -2.08908198 12.88630267 189 154 115
1.28863714 -2.51255831 12.73150476 240 234 210
1.47840575 -2.73955275 12.59556723 103 80 36
-0.65851256 -0.46122475 13.69213852 81 58 42
-0.45457331 -0.65412943 13.57105741 67 44 26
1.38956310 -2.69760249 12.55087226 181 158 125
0.90877645 -2.42003727 12.59917357 131 103 69
0.99749784 -2.77801348 12.31277371 189 169 138
-0.28726775 1.33981282 15.06827699 134 116 107
0.69049665 -2.42358109 12.38948180 197 177 145
0.62652063 -2.30796370 12.43074533 113 85 50
-0.44332661 -0.31478696 13.63759600 80 57 43
0.95718676 -3.23184139 11.71680458 116 84 57
1.12303853 -3.44263322 11.56402459 212 188 154
1.12303853 -3.44263322 11.56402459 212 188 154
0.88998370 -3.15476348 11.72126466 209 188 152
0.87243238 -2.82289729 11.97723671 107 77 39
1.05301466 -3.24219034 11.66297420 112 86 46
1.65680472 -3.71767988 11.47443495 243 237 215
-0.36827500 -0.26342528 13.52678756 69 46 35
0.16824439 -1.30679580 12.88201292 170 134 91
0.59972454 -2.26753518 12.25160394 95 68 38
0.67864397 -2.87691174 11.78589958 223 199 164
1.25308162 -3.47438974 11.50912555 203 176 147
0.72332881 -2.79057745 11.87185044 189 165 131
0.81107217 -3.26083381 11.46850943 198 173 141
0.58543964 -2.28601413 12.16366002 184 160 122
0.69294824 -2.94372972 11.68376159 205 180 149
1.20055101 -3.53602322 11.34233694 209 186 152
1.65922800 -3.71118725 11.35214927 111 79 35
0.95324208 -3.33840231 11.41547658 213 188 152
1.41600078 -3.57183334 11.36468816 180 148 106
0.44870298 -2.13169648 12.14367423 85 61 25
0.76757201 -3.04907075 11.52496619 92 64 22
0.49033587 -2.03385893 12.19091379 164 144 111
0.17082106 -1.26193874 12.67779412 168 137 98
0.38184506 -2.05646955 12.14025187 170 149 119
0.58179197 -2.97681762 11.47984157 110 81 47
1.20173197 -3.39727162 11.32651526 105 73 32
0.40102516 -2.27165520 11.93472420 193 163 127
0.46162563 -2.02904643 12.12252401 96 72 36
-0.33173890 0.24301380 13.60137201 133 110 92
1.52723806 -3.59976046 11.22718664 140 107 55
2.04972058 -3.91892851 11.11971434 172 153 116
0.30656705 -2.18570327 11.91592397 98 73 37
0.08098962 0.12781486 13.60639440 81 60 43
0.46607020 -2.64769661 11.61478121 177 153 121
-0.30273753 0.00055985 13.38802978 137 119 98
-0.33283432 0.90138304 14.05356710 152 131 114
-0.12429081 -0.08557824 13.35978454 62 38 21
0.67636540 -3.07726021 11.33501514 181 154 111
0.68755907 -3.23419992 11.18264166 84 59 25
0.41852085 -2.33167329 11.79573759 118 94 60
0.45974164 -2.44007714 11.70905192 105 80 49
0.46020266 -2.66694760 11.51615006 155 131 96
0.32633529 -2.27584016 11.71571654 79 55 18
1.75165516 -3.75611480 11.01988856 210 185 148
0.30653187 -2.38620254 11.59854026 142 114 75
0.35427013 -2.38516056 11.63318429 142 114 75
-0.16258864 1.27308523 14.15685950 84 62 44
0.59122327 -2.76891102 11.35638699 192 165 134
0.95363288 -3.47602668 10.90807773 195 171 135
1.09802641 -3.49640388 10.93782332 215 191 155
2.40001996 -3.53232302 11.24393100 169 140 93
0.30143697 -1.13355606 12.41544198 79 59 35
1.49363050 -3.61198751 10.89229309 206 176 144
0.56986429 -1.00201632 12.55909097 56 39 14
0.32817006 -2.11455156 11.66692280 59 41 13
-0.34304328 1.80506121 14.34879172 125 104 92
1.67435752 -3.65003643 10.88637029 117 85 36
1.90099120 -3.75933459 10.84914719 211 182 142
1.42973632 -3.59585527 10.84022697 234 202 162
0.77536324 -3.32262100 10.84725543 193 167 131
-0.07346614 1.74752178 14.34805894 135 114 97
0.42231471 -1.65270317 11.97640726 153 130 105
0.32445585 -2.05047543 11.63700833 63 39 14
1.80211753 -3.75005056 10.78994544 191 159 117
-0.14483854 1.72090299 14.25034019 61 44 26
0.58459025 -2.95056469 11.02098375 198 169 128
-0.13754569 1.65076628 14.18252017 128 106 92
0.38176029 -2.65073200 11.14800371 62 36 0
0.43971489 -2.78276822 11.06816414 203 170 137
-0.00905444 1.75281019 14.23774688 130 110 93
1.23456495 -3.45698326 10.76105274 203 178 140
0.44789236 -2.79819284 10.99010287 191 165 131
0.58002657 -3.05169080 10.84277981 195 166 131
-0.22001745 1.93215715 14.23536335 64 49 41
0.00166430 1.95784267 14.28927625 131 113 103
0.38503976 -2.51067348 11.14282391 75 49 13
0.38247592 -0.35086975 12.69962866 53 32 11
0.58877756 1.68153703 14.17783630 54 33 7
0.42857399 -2.76165027 10.91266352 186 151 112
0.55612669 -2.90011367 10.85367788 202 177 141
0.48807531 -2.92653306 10.81341030 202 177 141
0.29171996 -0.14972403 12.75264579 137 118 98
0.70014482 -3.09404187 10.72307257 195 167 127
1.36980874 -3.54457895 10.56269017 216 191 152
0.30339137 -0.46967602 12.47472685 126 105 81
0.63115601 -3.17503807 10.60319999 190 160 121
0.50041854 -2.82118744 10.82167767 185 159 120
0.30856436 -2.40542922 11.04979114 70 47 24
0.22782089 -2.21587118 11.16952418 146 121 89
0.49353443 0.48046703 13.15616046 131 113 96
0.33025487 -1.83470600 11.41217117 148 127 99
0.88172849 -3.20607523 10.56835284 175 149 116
0.61179023 -3.04312421 10.60186890 115 87 55
1.94549122 -3.61515900 10.51356362 149 110 61
1.56898343 -3.41970987 10.54734446 188 164 126
0.58185507 -0.27232368 12.52336676 129 108 80
1.33288372 -3.46031681 10.46458270 159 129 91
1.33937044 -3.45150490 10.47285080 159 129 91
0.67683255 -3.11865770 10.52792599 137 105 60
0.72066841 -3.10184305 10.55194929 137 105 60
1.44739526 -3.57455456 10.37097637 125 91 51
-0.93994362 2.91283548 14.30331743 221 213 211
1.30001850 -3.38597421 10.40253438 103 66 22
0.30291727 -2.75629566 10.58094819 116 86 52
0.38132804 -1.98141879 11.11836417 136 113 82
1.20481749 -3.39012412 10.30963781 231 203 164
0.36234323 -2.18900099 10.92184943 59 43 14
1.14375107 -3.41786687 10.23284283 230 202 163
0.85459650 0.42968985 12.82233666 148 131 114
0.45788246 -1.58067040 11.29810306 65 36 7
0.96876190 -0.65813334 12.04682498 60 36 9
0.82890428 -3.10634470 10.32266550 197 165 128
1.13907790 -3.30131915 10.25939733 229 201 167
1.45250243 -3.45895859 10.20172926 214 184 145
0.76298092 -3.08257961 10.30134500 109 79 41
0.27144940 -2.22032010 10.76331234 137 115 78
0.68994200 -3.03234624 10.29193901 72 43 4
1.47705080 -3.42256579 10.14869861 161 125 92
1.06739537 -3.15706327 10.14655690 210 177 136
0.31720924 -2.40773206 10.46817398 88 66 42
1.51688900 -3.34066273 10.08359730 98 65 27
1.21442641 -0.21846618 12.10187786 56 36 10
0.36445147 -2.32693630 10.48126095 133 114 87
0.60276373 -3.14556946 9.96107836 220 193 158
0.60163416 -3.14511482 9.96045673 220 193 158
1.20193118 0.21289629 12.27117422 134 115 95
1.20193118 0.21289629 12.27117422 134 115 95
1.37529741 -3.25893688 9.88422671 169 142 105
0.63462019 -2.96883960 9.91002970 176 146 108
1.88277594 0.00743681 12.10685615 140 120 93
1.34156748 -3.12753947 9.88845319 87 53 20
1.37687044 -3.11376431 9.90821443 87 53 20
1.27044937 -3.07020758 9.89383140 145 115 74
0.66139701 -1.30465902 10.89453307 95 73 42
-0.44416991 2.49951996 13.16013574 129 121 108
1.39508216 -3.15885785 9.83089144 173 141 101
1.98068233 -0.03651007 11.95999809 151 130 101
0.56497565 -2.75970311 9.87848078 96 76 44
2.22482691 -3.19363353 9.91657973 183 153 113
0.95248596 -2.82937792 9.89913803 147 116 87
0.71394794 -2.68756547 9.79407297 57 36 11
0.46709098 -2.44463099 9.87302447 114 79 43
0.31434490 -1.61747234 10.27299523 128 105 80
0.85340560 -2.26182330 9.91140025 198 166 120
1.18293432 -2.52388114 9.78700073 76 52 7
0.53336543 -2.20345178 9.82090705 84 57 21
0.73115985 -1.99734930 9.97757894 53 27 3
0.69964654 -2.00182828 9.90672827 57 35 10
1.04505456 -2.12672224 9.82876793 55 31 1
1.13305432 -0.95324787 10.43811007 78 53 29
1.40115598 -2.38565687 9.53423136 213 188 150
1.55851467 -1.89769902 9.85850647 105 78 52
1.49193152 -2.22049999 9.57773180 6 6 4
1.59153332 -2.27418213 9.55448188 187 161 135
1.95506794 -1.85466399 9.74831468 3 2 1
1.37448457 -1.53992272 9.73731028 71 47 21
1.32831943 -1.37032741 9.82818365 135 115 88
1.43203950 -0.82109017 10.14988655 120 95 78
2.68293218 -2.35248111 9.38345729 201 163 119
2.19644932 -2.19982613 9.37176186 192 158 112
2.20732342 -2.19759258 9.37706283 192 158 112
2.79827050 -2.32928889 9.35360454 85 47 14
1.50177607 -1.46060108 9.64278494 170 144 107
1.32809934 -1.11179641 9.79505257 101 80 55
1.95381669 -1.59046825 9.54983038 133 109 81
2.30897528 -1.18543964 9.72690803 108 87 59
2.89374763 -2.20366818 9.22750859 205 170 126
2.54836507 -1.29898303 9.49298715 117 95 70
3.76291719 -1.99149963 9.18657267 230 223 209
2.59178965 -1.17253922 9.46644429 134 116 91
3.20505881 -1.98173908 9.08856812 94 63 28
2.74770898 -1.31332611 9.33961794 53 35 15
2.89061505 -1.19543489 9.24485838 55 36 13
2.62235352 -1.43616289 9.05573222 168 146 114
2.77271237 -1.73592433 8.90810024 194 162 129
1.40198336 -2.27762186 8.50345632 88 64 35
3.11366471 -0.78965222 9.43721166 215 209 197
3.71097670 -1.82199781 8.91618860 168 139 104
3.38110582 -1.76413898 8.91201021 205 169 119
3.25605845 -0.79718343 9.35653716 227 216 203
3.29734600 -0.84796150 9.31206070 146 129 105
3.25850368 -1.77593659 8.80129725 185 151 103
4.06439348 -0.77042097 9.33353791 112 91 61
3.80005625 -1.61774346 8.82050817 145 115 76
3.15061573 -1.43545879 8.80928143 168 139 107
3.76098457 -1.50550499 8.80990953 202 168 131
3.45435017 -0.99036577 9.01540705 128 113 87
3.40669475 -1.49276704 8.74885705 155 132 101
3.71097257 -1.36759529 8.71209245 236 226 215
0.80135975 -2.21575827 9.71438320 53 32 14
-1.93589049 -1.37956502 14.72403737 96 79 69
2.56141033 -1.98482587 9.05381672 70 42 13
132.05551093 -25.92981315 106.53783915 38 37 32
129.03807312 -25.29642417 102.38005945 105 110 88
0.33223546 -1.82294994 10.84000603 149 123 100
127.10271902 -25.56941058 114.07750060 115 108 104
143.97703051 -26.34586000 111.55672366 48 51 31
148.84897386 -25.45811313 114.59120143 40 39 34
-4.04053134 -1.68094023 18.35352129 215 215 219
0.35433034 -1.90855879 10.83605049 78 54 30
-2.69268982 -7.49416701 17.75539933 134 129 123
2.85156088 -1.55291477 8.73248667 88 62 36
2.68987690 -1.89834938 8.92957446 96 65 41
47.47201824 -53.26453790 120.28269255 132 128 118
50.81953906 -55.12320660 126.53233212 174 167 163
50.41490999 -54.82669386 125.63775757 174 167 163
51.94843401 -54.81195124 127.61055002 111 107 94
-2.06113019 -3.06957893 14.97063282 202 164 120
2.34040222 -3.73429091 11.08016124 193 162 133
0.54697753 -1.45566175 11.23700437 65 40 11
0.74720575 -1.21295632 10.96544728 133 113 92
0.52156805 -2.12736750 9.80817586 115 92 62
3.10945806 -0.86552033 9.58970948 111 89 61
2.28986298 -3.62699501 10.51867693 237 233 222
2.56848510 -2.99683442 9.86672952 234 230 224
9.00529818 -18.09040851 58.74781614 41 40 34
8.28097206 -17.48999191 56.37584265 41 40 34
-0.22638118 -2.10662544 17.23925160 175 141 102
-2.61405629 -2.58962631 14.77118659 174 141 98
-2.93848722 -2.11433402 15.02715448 73 51 29
-3.38209464 -0.39754410 16.38432912 67 44 28
84.02689244 -1.74276862 50.08143287 54 53 16
-0.93933732 -0.69756696 13.86338439 151 134 118
-0.89213809 -0.40190247 13.88996053 129 110 96
-0.37933288 0.60710190 14.18170341 101 79 65
-0.27085560 -0.84515173 12.75332943 60 37 18
-0.19588433 0.06200776 13.16968480 120 101 81
0.81501132 -0.76439536 12.01686679 53 33 6
0.43046092 -1.27743155 11.47190049 59 37 16
1.32178380 -2.93744214 9.69231854 207 180 146
0.60181094 -2.23028766 9.99605498 142 120 96
1.72197345 -1.92157925 9.67017767 2 1 1
2.37787581 -1.74869986 9.16782694 192 165 136
2.57681064 -1.93905342 8.96649770 68 38 15
11.35991370 -18.74277174 30.43068919 180 172 155
-2.16608626 -10.68509818 28.46494382 119 118 116
-3.68656909 -3.85177400 7.72498218 132 116 101
-0.03449883 -0.31319983 12.86077101 73 47 30
-5.20813186 -3.26437092 14.79640500 226 221 213
-2.34605475 -3.62898667 15.36651962 179 144 99
-2.93042704 -3.31873515 15.30415013 169 133 90
-2.99422815 -2.99212813 15.20081482 64 37 7
-3.34742742 -2.10497306 15.52496514 83 61 43
-2.28138846 -2.85487994 14.85618081 77 50 13
-2.81854640 -2.37773511 14.99475439 86 65 43
-3.10257303 -2.04257027 15.18239299 149 126 107
-2.69680251 -1.92133878 14.95528452 63 41 25
-2.16152179 -2.24331592 14.54439391 192 157 119
-0.85127268 -1.99748319 14.06088035 81 47 13
-1.23615248 -1.65273696 13.90395041 228 198 162
-1.23058351 -1.65006725 13.90835583 228 198 162
-1.47900259 -1.33810159 14.03811868 113 89 63
-1.30021177 -0.75952802 14.25847237 77 56 36
1.13141246 -2.04981287 13.60529717 167 140 104
-0.83010990 -1.20323423 13.66268629 63 37 11
0.88568345 -2.18961706 13.31761379 167 140 104
0.22701791 -1.75248755 13.25191807 201 164 118
-0.09626098 -1.61988573 13.19403888 91 58 15
-0.30410126 -1.05397989 12.94906737 99 66 20
1.31432271 -3.49315063 10.99957006 123 98 64
-0.18049961 -0.50908317 12.99319329 140 115 94
0.39678256 -2.61457105 11.23961261 161 130 92
0.30870782 -2.33739551 10.83528548 104 80 54
1.10142272 -3.09044294 10.01616197 152 119 76
1.40228658 -3.27696914 9.91332732 215 187 145
1.40510922 -3.24889075 9.89286083 166 136 95
1.25574956 -3.11427036 9.86535678 208 178 139
1.16265522 -1.66876504 9.63826268 58 33 12
1.74885516 -1.82219093 9.51616979 211 187 154
1.74885516 -1.82219093 9.51616979 211 187 154
1.98675876 -2.06527654 9.26007590 184 148 116
2.29944451 -2.10399610 9.18240294 189 157 111
4.60223047 -0.08170669 10.23584885 86 65 36
2.42654288 -1.63492316 9.01861815 88 63 32
2.66209853 -0.92922966 9.45581242 231 220 206
2.95383153 -1.98854466 8.79945842 199 161 116
2.53188680 -1.55079088 8.95390625 66 44 21
3.13101530 -1.93354911 8.65899495 170 134 91
10.78253743 -7.87841753 40.56164317 24 22 22
-4.35056074 -3.76539737 15.63176808 189 164 127
-3.96191014 -3.87158748 15.81706372 192 154 115
-4.06928091 -3.84347311 15.68522870 173 134 84
-2.83193340 -4.10780455 16.20412349 240 235 224
-5.30373890 -3.52515739 14.71357582 184 153 120
-2.83222715 -3.82377519 15.73855365 87 53 15
-3.84507733 -1.44638446 17.74398937 155 146 144
-2.92510883 -3.58387219 15.36627078 176 144 106
-3.68626479 -2.58443022 15.85672446 185 160 138
-4.03843741 -1.78062875 16.26563655 165 144 126
-1.92495232 -3.40616659 15.30940113 163 121 73
-1.92495232 -3.40616659 15.30940113 163 121 73
-2.55194505 -3.27899017 14.99907670 114 78 53
-2.54402900 -3.27357469 15.01546208 114 78 53
-2.41270103 -2.91208854 14.99955723 189 150 110
-2.60055124 -2.91558916 14.82839681 172 139 102
-1.96360626 -3.05102325 15.04718741 94 61 18
-1.60537214 -3.03970146 15.10525675 188 153 109
-2.44074308 -2.78693536 14.77803270 171 135 96
-2.38124843 -2.74780983 14.86629542 171 135 96
-1.27673879 -2.96786476 14.98058519 182 148 108
-2.64953224 -1.61139501 15.69578811 159 138 124
-3.82591761 -0.44414913 16.31497988 154 131 119
-3.75092421 -0.25885888 16.41661048 96 71 58
-1.63515640 -2.72137161 14.78667721 202 161 119
-2.83907929 -1.70149363 15.15427637 73 44 25
-3.29348294 -0.50949056 16.20945319 132 112 94
-3.23454209 -0.57071824 16.12481881 125 103 83
-2.93181658 -1.20850497 15.56549299 82 59 43
-1.71466310 -2.63783928 14.53936437 161 126 86
-3.14224568 -0.22589202 16.29225518 131 112 105
-3.17816393 -0.01460930 16.39365160 116 101 96
-2.34568435 -1.71860374 14.81098645 151 127 108
-2.13844813 -1.08217533 14.83065078 111 88 79
-0.99946309 -1.92341644 13.83103082 113 80 34
-1.58647050 -1.03786734 14.30003236 150 127 119
-0.99179510 -1.60414498 13.83998416 185 161 123
-0.52789337 -1.77746926 13.70947115 187 149 112
0.43277414 -2.07417301 13.72019439 194 162 123
0.05603424 -1.93653532 13.70756510 95 59 25
0.84022247 -2.17406020 12.77740868 206 178 139
-0.54089425 -0.71050543 13.57898799 76 51 29
-0.49467464 -0.85835209 13.41922025 139 113 85
0.83726336 -3.02530594 11.84602081 192 171 136
0.79493629 -3.05038889 11.75261131 118 89 54
0.56216220 -2.23101147 12.19850078 164 139 106
1.98304056 -3.82722070 11.21622175 135 98 53
0.56794886 -2.87326753 11.63632909 122 101 66
0.32179471 -1.57312505 12.63478708 189 151 106
0.57205334 -2.60020685 11.82760732 98 72 46
0.28343846 -1.32337788 12.77120881 118 93 62
-0.47275882 1.48469205 14.88708634 130 112 105
0.99960265 -3.37847646 11.14462657 234 210 176
-0.24687874 -0.50765420 13.17533916 54 31 16
-0.22245867 -0.53394653 13.06752186 137 112 83
0.43950505 -2.54075241 11.54376660 80 57 26
1.96627252 -3.84412237 10.84445835 200 176 139
0.91515224 -3.22170707 11.06688665 207 179 139
-0.02883005 -0.71457508 12.78178378 126 102 76
0.87341510 -3.23374644 10.94390345 133 102 64
-0.23222511 1.04957087 14.10107195 64 43 22
0.41685052 -2.68295322 11.26024180 76 54 18
0.41823889 -2.68228724 11.26093203 76 54 18
0.22034792 -2.44111049 11.20788556 111 82 47
0.35962943 -2.71335757 11.01766175 198 165 128
1.52271773 -3.52906880 10.61425436 130 93 53
0.45119317 -2.70485011 11.03256891 140 104 69
0.09369608 -0.08240207 12.93384498 143 121 103
0.67522293 -3.17009113 10.57847307 199 166 130
0.27282535 -0.16464323 12.80394761 135 115 90
-0.22495963 1.83687620 14.21675483 115 97 90
0.64790272 -0.94953302 12.24159470 121 100 76
-0.07068841 1.71339664 14.14089703 61 38 24
0.62531990 -3.04052379 10.53047980 111 82 49
0.60858973 -3.04398713 10.47872574 205 173 138
0.45057271 -0.31876010 12.43525982 59 38 15
1.08749612 -3.27534522 10.26222728 134 101 60
1.09841421 -3.27805356 10.22423091 129 102 63
1.08787848 -3.24961883 10.23823648 242 217 176
0.43018519 -2.08461642 10.93550135 58 34 9
1.09471779 -0.59142887 12.06212446 55 34 5
0.69693254 -3.03033855 10.07535108 160 130 87
0.45914899 -2.20509370 10.53960453 58 35 3
0.44656700 -1.92712965 10.72195450 63 38 16
1.05570519 -2.79438138 9.91389641 171 140 109
1.07546265 -2.77085520 9.75903138 73 49 23
1.25957085 -2.93142729 9.62321742 109 82 49
0.99254768 -0.90492638 10.86965118 135 109 88
0.70078450 -1.92941457 9.90872926 71 49 24
2.11240369 -2.24307941 9.26191486 186 157 119
1.44130030 -1.15610515 9.83563457 84 67 41
1.90645290 -1.73390021 9.41608540 83 60 28
1.58989114 3.74716863 12.52544765 134 135 134
11.55347148 3.30659732 12.60754293 117 98 82
2.58127479 -1.01620511 9.40958273 127 110 95
6.00680595 0.48000080 10.29768906 240 224 213
6.00680595 0.48000080 10.29768906 240 224 213
2.58263424 -1.84199707 8.68341251 67 41 14
2.69329133 -1.60928122 8.48964836 90 69 40
-3.80450475 -3.67670556 16.23089640 153 118 80
-4.19975679 -3.54699808 16.04892796 176 146 110
-4.49273739 -3.45656044 15.87261199 179 155 133
-3.01043313 -3.88586444 16.43845339 158 121 77
-4.68177253 -3.51570775 15.51271439 176 143 108
-4.98900185 -3.34135224 15.43936794 175 147 118
-4.06396001 -3.62526384 15.79633424 196 166 126
-5.06753266 -3.31956338 15.34365708 143 118 83
-5.60755755 -3.55279904 14.51032545 168 162 158
-3.07525974 -4.06725862 15.88306172 224 196 155
-2.52780722 -3.98670043 16.33083701 184 157 123
-2.67107913 -3.93088525 16.22719885 221 197 161
-4.77748875 -3.12796704 15.60577527 194 164 126
-4.89251542 -3.04077510 15.58206873 236 229 227
-2.65258999 -4.03610789 15.90122400 167 137 96
-4.95674538 -3.19210286 15.21606164 156 129 102
-2.38438279 -3.88847585 16.20850109 221 193 156
-3.21392243 -3.58152784 15.85443675 180 147 111
-3.33340556 -2.03572262 17.74594829 247 240 229
-3.33340556 -2.03572262 17.74594829 247 240 229
-3.25761514 -3.31803525 16.02098407 73 47 22
-3.41503174 -1.88576662 17.80718878 224 223 220
-2.42223085 -3.84168290 15.86092080 146 107 65
-3.37276381 -2.99158010 16.22577194 114 88 73
-3.72086346 -2.10925471 17.06395251 150 137 120
-3.11528879 -3.49234878 15.63407285 183 145 111
-2.12957069 -3.76859089 15.92289030 197 169 130
-3.91638361 -2.08664641 16.77968421 169 159 147
-2.78460809 -3.56511051 15.41243223 179 141 101
-3.99829894 -1.77884414 16.61718163 184 162 149
-2.21311442 -3.55002673 15.48425758 189 152 116
-2.37871838 -3.38673557 15.53965287 191 156 118
-3.02313406 -2.93538888 15.54357351 151 119 89
-4.03939013 -1.19046353 16.87570672 122 108 92
-3.89107685 -1.65890703 16.23182081 157 135 121
-3.78021294 -1.45747025 16.20679811 76 47 32
-2.36696052 -2.82814413 15.12698772 173 133 101
-3.96245009 -0.75252266 16.56030125 165 143 131
-3.30875469 -1.71704965 15.81239964 69 47 28
-3.48877633 -1.69449317 15.71314413 176 160 150
-3.70243714 -1.17619607 16.17747061 161 137 125
-3.88428782 -0.95035954 16.32678111 81 59 48
-2.25792112 -2.78741167 15.01830132 188 150 109
-1.85864025 -2.96000538 15.03083412 81 43 5
-3.66713453 -1.42451881 15.74454854 95 74 62
-3.66441978 -0.78988222 16.47425672 83 56 45
-3.86728102 -0.74149735 16.35245061 130 111 97
-3.67966006 -0.88752043 16.28474879 166 148 136
-3.50046389 -1.57855667 15.53565723 87 65 50
-2.46788314 -2.56672634 14.95358295 76 45 17
-3.59753815 -0.81206632 16.25188366 76 55 44
-3.28235698 -1.40365249 15.74514092 68 41 20
-3.68220639 -0.64741696 16.36727486 154 136 122
-3.71662487 -0.69942879 16.29287103 154 136 122
-3.43173907 -1.06912878 15.91990912 83 62 43
-3.32159863 -1.18720324 15.84354448 111 91 70
-2.96442512 -1.79507531 15.31890708 80 53 37
-2.12809553 -2.67147180 14.74493026 183 144 102
-3.97046817 -0.47056165 16.19527638 86 57 42
-3.32796513 -0.75197067 16.19293714 148 126 112
-3.18356943 -1.42636965 15.46613197 169 155 146
-2.88128149 -1.73048619 15.23717032 69 45 32
-3.14188968 -1.41485175 15.40585963 167 150 136
-3.11588568 -1.33301327 15.46728785 112 91 73
-3.80540403 -0.23890116 16.27934995 137 125 126
-3.50759385 -0.62011261 16.00880260 65 40 19
-1.70707736 -2.73926939 14.60011598 181 147 112
-2.68522742 -1.97422245 14.93767717 150 127 113
-3.08214766 -1.16036168 15.60196411 157 139 127
-3.47305999 -0.91516178 15.64934306 123 102 85
-0.91583683 -2.71199811 14.92445129 166 127 86
-3.03832531 -0.51263009 16.22684332 49 31 17
-3.28766854 -0.19992852 16.24993087 60 33 13
-2.73593363 -1.39640026 15.12932279 172 157 147
-2.55231171 -1.49543173 15.02609767 70 43 31
-2.10964824 -1.92289746 14.63724419 128 107 89
-1.44513672 -2.28125756 14.52350920 78 43 11
-0.57143993 -2.49693624 14.69162991 214 185 147
-2.43991871 -1.41807480 14.93414480 62 38 22
-1.17044234 -2.43673567 14.42707149 206 166 129
-1.44189779 -2.22468344 14.46141751 202 166 129
-0.07623678 -2.37040819 14.91716482 188 151 112
-2.43980989 -1.20171260 15.04379130 166 152 143
-2.22035336 -1.64898279 14.56877601 150 129 108
-1.84702942 -1.98889244 14.11951621 150 116 78
-1.82476313 -1.98153257 14.13632597 150 116 78
-0.05338917 -2.34417225 14.52486714 185 147 103
-1.05914575 -2.02750688 14.39328800 185 150 114
-1.57688734 -1.91687203 14.21155737 169 128 88
-2.18554209 -1.03999741 14.82636214 177 159 145
-2.02287959 -1.53576005 14.37225598 149 129 115
-0.66197254 -2.32176607 14.15946650 170 129 90
-0.70793936 -2.32337585 14.12975344 170 131 90
-2.15631168 -1.03727280 14.75869999 172 154 139
-2.08755075 -0.99647689 14.76435140 170 153 137
-1.49243653 -1.77201277 14.13122863 164 130 92
-1.00451182 -1.89696242 14.17562938 214 180 145
0.57889746 -2.01449254 14.52799870 221 213 199
-0.98153016 -1.84358238 13.92688966 189 156 124
-1.70385158 -0.72158857 14.68302021 97 75 61
-0.88948886 -1.97265997 13.75762730 186 148 112
-1.80223280 -0.85928235 14.45879592 157 139 126
0.24484959 -2.08627722 14.01516659 166 125 77
0.09712860 -2.16408477 13.88771068 166 125 77
-1.70703814 -1.02568982 14.29068960 67 44 28
-1.76899111 -0.84206906 14.41087021 157 139 128
-0.57723290 -2.04623797 13.66443229 195 160 121
0.15762335 -2.09171002 13.88872347 199 172 137
-0.48457511 -1.74511611 13.85144285 185 148 105
-1.28140753 -1.09238640 14.02916445 61 41 30
-0.07728018 -2.00469951 13.59092646 96 51 9
0.27289676 -2.12149849 13.55715775 142 105 64
0.73453963 -2.06319857 13.66257140 163 130 87
0.04342556 -1.85006969 13.55373630 194 156 119
-0.89648455 -1.44353242 13.56712554 192 163 133
-0.92522536 -1.07423232 13.64255533 194 171 145
1.83814038 -1.88126152 13.78312318 234 228 214
3.55331573 -2.31624112 13.96524328 225 223 211
-0.73791707 -1.18147199 13.57724645 53 32 14
1.88250517 -2.69234697 12.97400628 186 163 128
-1.12568580 -0.27348138 14.17723142 166 148 138
-0.22558965 -1.63161073 13.25764247 163 129 84
-0.16419031 -1.57628064 13.25179088 169 132 90
-0.16998618 -1.57859135 13.24586227 169 132 90
1.59558560 -2.69961695 12.73338300 199 168 128
1.35459773 -2.21117680 13.05698772 143 121 88
1.49350050 -2.72262074 12.60508980 91 67 32
1.40997363 -2.75546445 12.55166898 91 67 32
1.55418539 -2.69431820 12.64515125 91 67 32
1.71796268 -2.93032586 12.48749615 109 86 52
1.88850252 -3.21348683 12.28596066 219 206 187
1.01173500 -2.25715461 12.80978213 119 96 64
1.56891539 -3.15616474 12.18470340 204 181 147
1.31821794 -2.77965921 12.43073689 202 179 148
1.01840834 -2.12570192 12.91364982 87 55 16
0.25350313 -1.68881160 13.04778056 193 154 116
1.17165016 -2.93553262 12.22222734 195 172 141
1.93043770 -3.54241941 11.90972010 230 226 213
1.14919290 -2.55470765 12.53057124 186 162 127
0.75749785 -2.12005975 12.78654956 130 101 62
0.73256325 -2.15552136 12.74199814 107 80 40
0.80773198 -2.25516255 12.65638384 86 61 25
1.94772296 -3.43352255 11.93336161 141 116 86
0.98561485 -2.48753849 12.47313673 123 96 67
0.66792878 -2.09650457 12.69076264 86 62 24
1.17285994 -2.31852789 12.60214921 205 180 150
1.16367550 -2.94416273 12.05935349 102 74 34
-0.55886748 -0.78868864 13.37530006 136 114 97
1.98005084 -3.64770238 11.61970510 134 107 82
0.50617244 -1.78014595 12.74425901 164 129 89
1.07377786 -3.03218926 11.83862521 163 138 107
1.00446628 -3.30274332 11.54978187 99 70 38
1.01464071 -2.79627416 11.97342187 83 56 15
0.84379781 -3.17484936 11.59090303 113 87 50
1.08742531 -3.13876790 11.68883624 146 119 82
1.12583395 -3.29382520 11.55897176 91 62 24
-0.69840490 0.30416033 14.07693392 156 138 127
0.95674774 -3.18827438 11.58152491 160 132 93
0.95576418 -3.31296251 11.46858955 196 169 139
0.65423048 -1.99623057 12.48550648 46 25 2
0.67214738 -1.74089044 12.69659695 47 26 10
1.33989117 -3.27639786 11.55363266 98 69 35
1.79106779 -3.68950492 11.31414642 214 185 150
1.30110382 -3.31847903 11.47966025 102 73 44
-0.42966177 -0.63022419 13.22153970 58 39 25
0.69777550 -2.22363564 12.17050308 107 77 48
0.47661608 -2.33072750 12.02242318 107 77 48
0.79640712 -2.70473170 11.78963274 118 93 66
0.79640712 -2.70473170 11.78963274 118 93 66
1.36028102 -3.36651475 11.34427750 97 66 35
0.41285926 -1.55506738 12.60153863 69 42 15
2.02300758 -3.82075500 11.12929540 202 173 134
0.94016735 -2.95688465 11.55605980 176 146 109
0.47782579 -2.35820518 11.90010490 82 57 31
1.15666897 -3.42768865 11.15775220 212 185 152
0.46197152 -2.58919919 11.65126246 101 77 47
1.26880435 -3.46323925 11.12315401 107 75 39
-0.25527781 -0.56948625 13.10460738 135 114 93
-0.74592116 1.15427983 14.36868072 143 118 106
0.69613917 -1.65163810 12.42952141 113 93 67
0.78564849 -3.17833229 11.18069584 193 160 126
0.38766411 -2.50700912 11.61540123 90 65 24
0.43447973 -2.26711374 11.80170718 57 37 16
0.48804365 -1.81327169 12.17502700 141 119 87
0.53625776 -2.76777237 11.38113493 180 155 120
0.56830082 -2.27961762 11.76315007 188 163 129
-0.39229728 -0.07366011 13.31058964 139 115 95
2.14716917 -3.81271766 10.86420278 158 129 88
0.54635730 -2.06239175 11.83255740 61 36 6
0.52642139 -2.48298828 11.47976410 185 157 118
1.35860673 -3.52114767 10.82295463 128 85 43
0.43669063 -2.09864414 11.69936607 147 129 97
0.94010525 -3.28832058 10.82894431 222 193 159
0.97083499 -3.20828947 10.85644362 104 75 43
-0.29085755 0.03237070 13.14153169 149 130 116
0.49723529 -1.58610194 11.98386917 132 110 87
0.85014485 -3.17382809 10.78834440 75 40 0
-0.07705054 0.52977111 13.49093261 144 122 109
0.60596122 -0.96977095 12.43965542 39 21 0
0.46867952 -1.58308838 11.93174696 144 122 99
-0.47231894 1.02678595 13.76341818 123 102 89
0.79103110 -3.17045244 10.74168240 99 64 36
0.40514773 -0.76827822 12.51150831 117 97 75
0.73056285 -2.93229423 10.84656665 83 57 27
-0.60786453 1.30991893 13.86608761 75 55 43
-0.06747296 0.13637093 13.02196436 140 119 100
-0.04163412 1.37154424 13.95965011 61 40 23
0.12810439 0.81473014 13.54910043 121 106 86
0.12810439 0.81473014 13.54910043 121 106 86
3.36989615 -0.32006257 13.27618573 96 72 46
0.16760839 0.81779881 13.49308627 138 122 106
0.27997561 -2.28219876 11.11655257 67 42 12
0.46282444 -1.79207819 11.52735587 147 122 104
0.16630107 1.38281874 13.88308985 59 36 15
0.44235314 -1.73707914 11.53083924 62 34 12
1.65073014 -3.52431946 10.38750952 119 82 45
-0.18924482 1.88881300 14.15197290 111 98 90
1.67826051 -3.51523095 10.35596574 136 104 66
-0.03158119 -0.06185795 12.67029848 90 67 49
1.45780118 -3.51158294 10.26162376 219 193 158
0.67400774 -0.55771412 12.22133730 128 108 83
0.53875243 -1.58834682 11.34212932 136 110 87
0.70837495 -0.48920871 12.13122054 48 27 8
0.66039561 -2.97942480 10.24532359 91 63 27
1.49666542 -3.45647160 10.02930793 209 175 138
1.25512826 -3.25632802 10.08696796 199 165 127
0.62474496 -2.92822298 10.21567667 85 58 28
0.83703860 -0.18619648 12.20549236 139 117 94
0.51975237 -2.49489588 10.44789488 54 35 11
1.14024133 -3.15277111 10.05110745 212 181 135
0.49704943 -2.20776256 10.61526377 52 28 5
1.18299423 -0.60896801 11.85348908 135 113 95
0.69421392 -1.36003033 11.20260721 147 125 101
1.36193302 -3.38856977 9.83682515 138 100 62
0.64911788 -2.97461007 10.02367059 133 98 61
0.39839711 -2.61435066 10.24573496 91 65 31
0.46238207 -2.25500289 10.51158861 121 97 69
1.11185712 -0.61447733 11.77885818 49 27 3
1.21387829 -0.63575981 11.77137522 128 108 83
1.18055590 0.46666718 12.49997300 141 123 102
0.65218606 -1.34448683 11.09900161 139 117 94
0.49510163 -2.44562168 10.26161539 123 99 73
1.19062525 0.06045499 12.15411911 84 62 39
1.25230420 -0.63874334 11.65464546 146 125 100
0.94106740 -2.88831398 9.98324853 160 130 99
0.63129386 -1.57892275 10.84440118 137 117 92
1.47439806 -3.20361839 9.79891402 140 107 68
1.22224848 -0.29125398 11.82613543 71 50 29
0.60850584 -2.58177154 10.06226875 136 107 78
0.79166742 -2.80317555 9.88654084 70 50 30
1.70884134 0.52774474 12.36245150 116 96 80
0.99689594 -0.77228543 11.32637760 99 74 54
0.71881114 -1.43895475 10.81597778 53 31 11
1.49973540 -0.31916637 11.68464038 146 125 104
0.65221458 -2.74045452 9.85219327 186 162 131
1.44758771 -3.20967947 9.60688249 182 152 113
1.73821472 -0.06253131 11.85332360 103 82 59
1.94405713 -0.05187897 11.87426555 124 100 75
1.78117032 -0.19604265 11.72934929 237 224 202
0.83728667 -1.32376588 10.79351709 51 30 9
1.78806155 -0.10328384 11.76429498 225 217 203
0.60237710 -2.21385955 10.10940520 134 111 81
0.95721204 -2.72863787 9.79476305 176 145 117
0.63753008 -1.96322546 10.23762250 128 104 76
0.65639416 -2.41870662 9.91536227 134 99 61
0.86068364 -1.07611373 10.87189451 145 118 96
0.57001373 -2.48712581 9.83403955 65 38 5
0.71071404 -1.64510322 10.42898631 118 97 75
0.77850758 -1.31675570 10.66470741 47 29 14
0.67329796 -2.38319258 9.87387335 172 136 101
0.58386695 -2.37139100 9.86299276 110 68 28
0.53789492 -2.20350020 9.87392901 74 53 24
0.87513562 -1.51779438 10.35552433 137 113 89
0.70200343 -1.98231695 9.85044461 57 32 12
0.78821734 -1.50830354 10.13322870 109 90 65
1.17404533 -2.42759299 9.54550375 91 67 31
1.20168266 -2.35627666 9.54958019 82 68 50
0.96898450 -2.16521716 9.64914544 62 37 8
0.80028673 -1.90785695 9.80275743 44 23 2
1.78786295 -2.75001481 9.28027929 200 167 132
1.30338581 -2.17454214 9.61402423 6 2 1
1.72884843 -2.77026016 9.25480795 200 167 132
1.57263850 -0.74274840 10.54017280 145 120 98
1.55489981 -2.60960969 9.32986087 183 155 126
1.51385004 -2.54826366 9.33843712 185 153 125
1.39500173 -2.39160224 9.44254498 90 72 44
0.85217510 -1.65713166 9.87963986 115 96 72
0.76608915 -2.04320379 9.60801150 183 158 128
1.43564202 -2.61473930 9.29425565 165 136 107
0.90381238 -1.84041044 9.74869556 48 30 11
1.37220863 -2.13308126 9.51506570 0 0 0
1.50320453 -2.39687194 9.33482956 141 115 81
0.93696471 -1.35173589 9.95718807 121 96 69
1.11013392 -0.91763684 10.19348609 213 206 195
1.11013392 -0.91763684 10.19348609 213 206 195
0.89808781 -1.95763130 9.48797305 184 163 132
2.32777262 -2.47724749 9.17503660 196 162 113
1.15652506 -1.94960709 9.44367950 69 47 24
1.08811948 -1.89409961 9.43315042 182 153 111
0.97365588 -1.75850747 9.48555988 51 33 8
1.34283085 -0.85179341 10.06865071 216 207 194
1.61189586 -2.14527855 9.17912497 155 132 101
1.16817581 -1.60265276 9.48957589 164 140 114
1.19345861 -1.41602535 9.55399912 137 116 92
2.15157234 -1.12316954 9.69760651 103 80 57
2.08575934 -2.47027718 8.73620549 83 46 28
1.89500708 -1.49945179 9.29759435 51 31 7
1.96586642 -1.51191301 9.08006785 126 104 80
1.83009509 -2.12586908 8.61906862 140 114 86
1.86458128 -1.79394860 8.79486136 175 151 121
2.06683508 -1.58375497 8.90204885 57 35 6
2.10964149 -1.76536011 8.52607355 135 112 87
1.98550436 -1.84016057 8.42682729 109 86 56
2.11494157 -1.71988340 8.46041550 202 194 184
2.01114702 -1.85232946 8.37792106 110 89 75
2.03286159 -1.86405886 8.31943272 227 219 212
0.69703545 3.69912811 10.92710384 205 201 198
53.21822476 -40.54350790 97.64299224 75 73 57
-0.89788407 -0.89760386 13.87908631 69 48 29
-1.12211399 -3.30972602 15.92924667 221 218 220
1.87285831 -2.70584476 9.61045050 93 60 31
3.47029192 -1.87715725 8.69862327 52 45 39
109.37288732 -14.58299828 77.49551346 102 102 90
115.01104865 -12.10060796 76.36082230 111 116 102
169.31989109 -32.06048523 130.92764924 104 108 86
147.24562885 -14.69497831 95.38330058 98 102 81
151.07539821 -14.20186481 97.49590791 19 16 11
3.37851024 -1.96304396 8.77921531 195 164 134
-2.13722081 -4.06145697 8.61626356 88 88 76
-1.12181608 -0.80701436 13.87073319 124 102 88
-2.56462663 -3.21505740 15.72696082 190 155 119
98.89327208 -0.40639131 57.59074103 46 40 7
-1.16825224 -1.34455008 13.58631405 81 58 41
0.85267262 -1.10107968 11.93885198 37 21 5
0.77172504 -1.74706868 9.99077772 131 105 80
2.38413327 -2.40185490 9.32062605 139 105 69
100.99439540 -21.00144280 95.92215543 109 108 102
121.27058053 -23.23606305 97.60453941 115 122 100
109.71375600 -12.37422901 74.38291816 111 115 99
-3.59690247 -1.22379944 16.17760390 102 79 63
-3.20069880 0.39248273 17.86424639 80 75 80
-1.92890518 -2.92477867 14.83487488 198 165 116
3.95529216 -7.88614052 24.44025563 86 88 79
-3.54485470 -2.65546911 15.74513271 93 71 55
-2.29096875 -3.26234873 15.03039023 173 139 93
-2.92952133 -2.84977267 15.04827133 162 132 92
-3.50892221 -1.63362036 15.62963971 176 158 148
-2.42885872 -1.59490340 14.71806713 80 63 45
-2.15790249 -1.32979645 14.62729211 146 127 111
-0.60669679 -1.91265412 13.47795898 86 55 27
-0.85586310 -1.55577293 13.65361163 151 121 83
0.01999624 -0.39920415 12.69069096 118 93 71
147.41692495 -26.36542685 113.50092415 105 108 93
9.03150007 -0.42519604 26.03623732 231 218 207
1.18684603 -2.81827512 9.81170592 62 42 11
-3.42088318 -1.92012220 15.48433877 109 86 71
-2.62715982 -2.89639517 14.85235457 92 59 31
-3.56408438 -0.62176480 16.32781037 150 131 117
-3.36547186 -0.80550170 16.13697537 129 108 89
-1.28282107 -0.97797937 13.95245533 99 80 63
0.62883377 -2.20183384 13.13343808 149 115 75
0.42854701 -1.30751561 12.33003535 99 76 53
0.29998461 -2.41842076 11.04738971 104 82 53
0.76049906 -0.54877115 12.00839579 112 91 63
1.15781295 -2.53175145 9.77144767 77 51 24
2.11244184 -2.03001726 9.37116502 158 125 89
-2.27634846 -0.81494955 15.44651747 117 93 81
2.00848965 -1.95835078 9.38602167 69 43 20
3.43855828 -0.82119019 9.33174667 100 76 49
-0.58236807 -0.71897156 13.42829928 90 67 47
-0.31163036 -0.19085861 13.26104994 96 76 60
-3.13074802 -2.29865659 15.29614191 65 41 20
-2.94065034 -2.35945524 15.01787326 171 144 119
-2.10012387 -2.81750974 14.71874047 143 113 78
-2.87165384 -2.23107069 14.70907886 143 111 87
-2.25221542 -2.54590434 14.56442551 97 69 40
-1.91873175 -2.65808024 14.54306932 150 118 85
-2.26726329 -2.34036700 14.65015550 164 129 90
-2.57747948 -0.82691245 15.58981897 155 137 127
-0.88256440 -2.33997365 14.41575505 90 49 14
-0.76872797 -1.97925783 13.88444650 77 45 3
-0.12554988 -2.01032472 13.74505664 80 46 8
-0.43622079 -1.83709977 13.62991324 105 73 37
-0.93749315 -1.49841578 13.70419233 167 137 99
-0.94581451 -0.86611935 13.82592521 79 58 39
-0.19057599 -1.62240986 13.35578094 186 147 98
0.82326327 -3.15514109 11.64639330 146 120 84
-0.28082445 -1.04608704 12.96525054 99 66 20
1.26275298 -3.43022643 10.55558174 227 201 166
0.34004772 -2.63229459 10.11451638 80 52 18
1.40487698 -3.14450223 9.89120854 197 164 127
1.92770204 0.29681297 12.20595107 94 74 49
0.57661639 -2.50574802 9.98345174 72 51 10
1.99727500 -2.63963720 9.52383481 159 130 98
1.35058802 -1.08785450 9.74902438 218 207 195
23.76612441 -13.88305546 85.83680296 45 45 37
24.25358916 -14.09223763 85.96416473 117 114 105
23.61583686 -12.72928465 83.62677647 44 43 38
24.31606207 -12.82333798 84.23812725 117 114 105
23.73416446 -12.38009278 82.93595377 49 46 39
26.24628770 -13.10742689 85.01083364 67 70 58
26.24628770 -13.10742689 85.01083364 67 70 58
24.26270489 -11.85101523 82.34949190 123 118 108
-2.54858382 -4.08133284 16.10240783 241 240 226
-3.16176331 -3.34107786 15.45201917 116 83 42
-3.12868050 -3.02394656 15.35457332 158 125 87
-2.79280507 -2.76174771 15.03372080 157 123 87
-2.59225979 -2.47716066 14.74292352 103 71 28
-2.45241614 -1.98718322 14.70917207 167 142 118
-1.87614858 -2.46435105 14.45600592 178 141 100
-2.17414835 -1.81980811 14.55810401 81 61 40
-1.76906584 -2.09244711 14.41735983 75 48 10
-1.25299913 -2.02511425 14.09417015 133 100 67
0.06400804 -1.94273656 13.47348124 124 90 53
0.21713070 -2.00790046 13.35498578 121 84 41
-0.32679998 -1.28087854 13.22520614 177 143 107
0.23721194 -1.70314768 13.01785146 197 161 122
0.55328744 -2.35931932 12.14175741 84 60 34
1.01435925 -3.40536632 11.09552304 219 194 160
-0.29038211 0.93675375 14.00064457 150 126 112
0.73088275 -3.17900377 11.02230153 112 86 49
-0.19899890 1.05828685 13.95370571 95 72 57
0.83420785 -3.27421773 10.95350999 208 178 141
1.12794289 -3.43357610 10.87580449 214 191 153
0.43488844 -2.75732492 11.21172106 111 82 43
0.24055832 -2.18658148 10.99405468 75 50 21
0.44612627 -2.78005170 10.56516031 104 70 32
0.23516410 -2.13532906 10.97639147 81 56 26
1.01498887 -3.19221374 10.34497132 97 63 25
2.98955826 1.41964912 13.39811650 147 130 109
0.44924207 -2.86257052 10.01072769 219 187 154
1.21105990 -3.09883939 9.86356434 145 115 74
0.43364647 -2.72848921 9.91345456 109 88 59
1.11011375 -2.55686568 9.79327250 184 160 129
1.80839401 -1.89547437 9.66074354 98 77 50
1.99624078 -1.65333472 9.50366435 131 105 80
1.29726541 3.44906443 12.28913153 134 135 134
2.74595102 -1.77946653 8.94229865 181 150 121
-1.98484715 -3.26398915 7.76359588 124 105 76
-3.19590388 -4.01305869 16.08059266 172 136 94
-4.20359766 -1.15471380 18.47597880 158 156 157
-5.10658127 -3.39876354 14.75188907 191 161 127
-2.40464360 -2.38553204 17.89269282 80 53 34
-3.47303202 -2.63483711 15.83564462 80 53 36
-2.54154572 -3.52855092 15.24538832 80 42 7
-3.56900889 -2.28964120 15.86020532 100 74 61
-3.06535892 -2.96725444 15.22773307 164 130 99
-3.57438361 -1.60794765 15.86805317 78 57 45
-3.49150043 -1.61912667 15.67488140 162 145 137
-2.55772798 -2.88823688 14.81340246 120 80 43
-3.17491068 -1.97343561 15.42576655 78 59 40
-3.73194185 -0.53431446 16.53650156 72 53 40
-3.74311249 -0.36068050 16.65597507 74 45 28
-3.79688885 -0.41517303 16.57052157 74 45 28
-3.64101335 -0.27705115 16.43899708 143 120 102
-3.23895203 -0.61113606 16.20536081 72 49 31
-2.75396705 -1.97464650 14.99914898 65 42 21
-2.34129725 -1.99558060 14.63780493 59 35 10
-1.43116103 -2.23459115 14.31908203 191 156 113
-1.90222983 -1.82040678 14.42069974 122 101 78
-1.73593082 -1.31776125 14.37848381 65 44 26
-1.28219320 -1.93084343 13.96566440 107 75 50
-1.48731444 -1.52518265 14.10022512 68 43 23
0.09679318 -2.16511441 13.88562836 142 102 55
-1.52474505 -0.56998107 14.49358985 145 123 110
1.54087915 -2.70370346 12.92743944 232 225 210
1.38586162 -2.65689328 12.76797522 128 94 57
-0.74555551 -0.52464593 13.70953098 84 64 53
-0.63448935 -0.84321424 13.47612598 141 119 98
0.24043350 -1.73203300 12.97609087 77 48 16
-0.34544243 1.57995604 15.10560056 79 69 64
0.54014993 -2.21442901 12.26613961 83 54 21
0.58831376 -2.42937136 12.07216410 79 55 24
0.60673646 -3.01251209 11.43914350 116 92 58
-0.31666970 0.61752004 13.98519619 69 46 35
0.36443778 -2.27426984 11.91484594 198 169 128
1.08038816 -3.38943204 11.18655081 114 91 50
0.75794181 -3.14408369 11.18348305 126 94 56
0.35007683 -1.32661181 12.42503214 62 41 16
-0.32785560 0.91780071 13.91297093 142 123 112
-0.49909210 1.68744787 14.39928513 123 104 98
-0.02723526 0.80285367 13.79033830 45 27 12
0.59472384 -2.85738980 11.19962057 189 163 128
0.06167583 -0.65512580 12.63635115 133 107 90
0.22039223 -2.47239616 11.23087807 196 168 131
-0.06566616 1.27934572 13.90823198 117 97 83
0.58918976 -3.01645357 10.89012740 179 150 117
1.02995570 -3.31114191 10.75880255 206 176 145
0.13406365 -0.58364587 12.55162059 125 103 84
0.52174139 -2.93079990 10.86099934 87 60 32
-0.09886889 1.65188475 13.98585028 58 40 18
0.30229253 -1.84038501 11.50689296 56 29 1
0.16281382 0.24446218 12.98245303 136 115 101
0.66793403 -3.02691558 10.68731067 218 185 155
0.84322955 -3.18405595 10.56770869 77 49 11
0.30219759 -2.63027784 10.72063919 59 36 8
0.24900252 -2.09687831 10.93813356 79 55 29
0.31901495 -2.64598865 10.54578671 74 50 19
0.29818695 -2.65280104 10.54037750 74 50 19
0.64166656 -2.98260369 10.02272832 133 98 61
1.37725358 -3.16053430 9.97319861 182 152 117
3.78071396 1.68304248 13.35256875 228 222 209
1.72774264 0.30418549 12.05761125 228 222 209
0.90412223 -0.91713859 10.91273170 127 111 91
0.55234765 -2.34400783 9.87168508 205 175 147
1.61243240 -2.54019778 9.61641639 60 39 11
0.98273850 -1.32391561 10.24946098 54 33 5
1.81793937 -2.33930121 9.53048872 61 37 12
1.08494526 -1.25916010 10.12785518 135 115 89
2.58354037 -1.77109397 8.98148630 89 66 33
2.77336131 -1.47276847 8.93018447 49 31 4
-2.20496419 -11.61953283 27.76286570 163 156 165
-2.29733873 -11.52955695 27.39840855 163 156 165
-6.53234202 -6.08148940 25.79220770 213 209 209
-3.95167016 -3.91198436 15.82268514 166 139 104
-5.18111914 -3.99384498 14.31298799 203 168 127
-4.22262894 -1.16199495 18.42743704 164 160 159
-3.03566864 -3.96877977 15.63413637 182 152 118
-3.15454655 -3.61055899 15.73552906 59 31 4
-3.79614508 -2.49764127 16.60702274 172 151 132
-3.64762826 -2.84981572 16.20035282 119 97 83
-2.53288194 -3.92965363 15.66386890 175 137 88
-3.44987299 -3.38366529 15.63283865 93 62 36
-2.93638885 -3.67084895 15.48260335 106 68 32
-3.74621437 -2.32888941 16.30234975 168 147 130
-2.76083502 -3.63198265 15.40420111 214 181 135
-3.50667374 -2.81748169 15.59469126 181 160 133
-2.40209296 -3.69771577 15.29584783 140 103 62
-2.67441866 -3.54327361 15.25234610 198 163 124
-3.99282286 -1.38447499 16.46325142 160 140 125
-3.90994900 -1.00921986 16.49295567 164 144 129
-3.66037940 -1.66591614 15.88453449 87 61 48
-3.51974416 -1.87662180 15.65799570 101 76 63
-3.79149648 -0.90821265 16.47910009 162 141 124
-2.53438920 -2.93933610 14.90502269 171 136 96
-2.54951351 -2.94906897 14.88048578 171 136 96
-3.75458179 -0.90650169 16.36108806 166 144 130
-3.43116523 -1.55205857 15.66004289 182 162 151
-2.07516124 -3.03385280 14.83003084 192 159 117
-3.32349708 -1.73287155 15.50141652 90 63 43
-1.51724211 -3.07343815 14.90550809 136 91 49
-3.59721757 -0.28688063 16.64529891 94 74 49
-3.57431031 -0.13739041 16.58175202 85 58 40
-3.34992240 -0.21965490 16.33821737 138 116 99
-2.81643729 -0.10696455 16.58192844 120 99 82
-2.76351059 -1.35816000 15.30343759 102 80 66
-2.81180331 -1.21445476 15.40414882 176 160 150
-2.71491334 -1.32765473 15.22512833 102 75 61
-1.33163744 -2.69993929 14.52250535 139 100 59
-2.72118312 -1.14864650 15.38284937 172 154 142
-1.33993578 -2.55350994 14.51340417 85 47 10
-1.60049958 -2.32684868 14.35769438 188 150 107
-1.50459764 -2.32037615 14.33599109 88 53 20
-2.43329334 -1.06400520 15.10997106 159 139 129
-0.61920412 -2.47437511 14.47126674 148 107 55
-2.06411294 -1.56519251 14.45097083 155 131 107
-2.17633280 -1.11371509 14.78385177 105 86 72
-0.84318627 -2.28359473 14.25312682 197 160 116
-1.24743947 -2.17980307 14.15456905 90 56 17
-1.78832015 -1.40531944 14.27637448 133 111 98
-1.21109637 -1.72466317 13.89513745 173 145 106
-1.37886529 -1.60959002 13.89735829 202 176 142
-1.45181368 -1.30862196 13.98829908 112 91 69
-0.24734376 -2.00248298 13.70902296 195 158 117
-2.13077952 1.08431156 15.66152877 131 125 125
-0.07667350 -1.93847684 13.52217295 192 153 113
-0.70697662 -1.50181114 13.56512705 176 141 103
0.06686680 -1.89713950 13.32594193 97 62 18
-0.85243058 -0.37968930 14.22396908 137 118 104
-1.06367965 -0.16154722 14.33745808 120 96 82
-0.96597402 -0.79326852 13.75514666 95 73 52
-0.80751886 -0.95016189 13.56916560 145 123 104
-0.68958571 -1.03477167 13.40471919 162 135 110
0.48551737 -1.95788701 12.85781461 100 71 35
-0.43986874 0.51621462 14.57539863 86 76 82
-0.24137682 -1.45220242 13.01497779 157 124 90
-0.74828833 -0.57629968 13.57731275 157 136 121
0.10074181 -1.68100204 12.91851305 178 142 102
0.99135626 -3.15845600 11.94301137 188 159 130
0.91818685 -2.89414690 12.06351985 92 63 31
0.77210034 -2.71408494 12.14686601 97 67 35
0.76239234 -2.63401054 12.17432748 202 177 147
0.14342180 -1.60767493 12.77568282 160 121 81
-0.41879462 0.56486615 14.32018169 108 85 71
-0.41215699 0.57113244 14.32113590 108 85 71
0.57537290 -2.63803590 12.00651500 98 72 41
0.63093627 -2.00170255 12.48064424 57 30 8
0.51198546 -2.55654481 11.96715114 108 81 54
0.04399040 -1.37118574 12.73671910 185 149 109
0.49826031 -2.83912800 11.65266683 202 172 146
0.40440615 -2.14648180 12.12514214 84 55 25
0.28576871 -2.25348736 11.93968372 169 139 107
-0.35597813 0.03493748 13.52878534 69 47 31
0.40068878 -2.38648782 11.86168010 74 50 17
0.36960838 -2.33300943 11.88975973 145 116 83
-0.35135873 -0.14342241 13.29195136 88 63 41
0.54101900 -1.66332853 12.34795125 64 41 18
0.61412787 -2.75345635 11.51612614 83 53 17
0.12480077 -1.16978025 12.58251579 162 130 102
0.46249174 -2.68065374 11.51572152 144 119 90
0.62483784 -3.07640169 11.21072991 113 84 45
0.56995993 -2.81195486 11.37537636 86 56 25
-0.18575476 -0.20033844 13.12576994 134 113 96
-0.02340252 -0.89070778 12.62647819 179 150 120
0.70232076 -3.14580487 11.06244211 101 69 28
0.70635544 -3.14051550 11.06573501 101 69 28
-0.18558353 0.85683193 13.85254643 70 47 31
0.29952475 -1.15359062 12.43625566 76 52 26
-0.25996611 1.68589372 14.42106668 70 44 26
-0.35465684 1.87393245 14.53651127 75 66 69
0.83486629 -3.29431977 10.91398332 214 184 150
-0.16681661 0.08371527 13.19063655 130 111 93
0.54555214 -2.95102819 11.00409984 187 153 126
0.51362637 -2.96423382 10.99082715 187 153 126
0.06806113 -0.57025212 12.58187089 55 35 11
0.25367695 -1.98162275 11.57051359 60 34 6
0.72762698 -3.08736387 10.84915669 82 53 22
0.44666399 1.50551842 14.05514622 109 87 65
0.32552483 -2.50886972 11.12240551 68 42 8
0.46215775 -2.77495045 10.93344877 182 151 112
0.55207534 -2.95157553 10.81684894 80 54 25
0.51304529 -2.97021030 10.79469226 80 54 25
-0.01414009 1.65074173 14.03049703 115 92 76
0.50590212 -3.02164591 10.73467729 81 51 14
0.48148601 -2.79095919 10.88244721 64 40 14
0.53478455 -2.97956235 10.69120764 92 63 29
0.35238323 -2.70119835 10.80251523 77 52 18
0.20625729 -1.89574446 11.29653543 97 71 48
0.57352030 -2.97002652 10.58150189 68 42 10
1.63475157 -3.49086340 10.39291445 213 188 151
0.87012628 -3.16417951 10.41309193 198 166 128
0.32459813 -1.93870120 11.11922479 54 31 6
-1.42443778 2.39886644 13.85871227 219 211 208
1.55316692 -3.36338094 10.26648809 195 164 129
0.87173270 -0.72226434 11.98605169 55 32 12
0.32852740 -1.91567173 10.83016507 82 58 32
0.46487709 -2.86913754 10.20076311 190 157 120
0.79894230 -3.04495790 10.06158221 195 166 125
0.36516525 -2.48837823 10.29282885 65 38 6
1.82772296 0.21374284 12.06419728 118 100 76
1.17058538 -2.84764634 9.78972511 126 104 85
0.63416524 -1.54070954 10.50859441 90 66 41
0.72429294 -1.09139096 10.80374656 65 38 8
0.90546868 -0.92610898 10.65854459 219 210 198
0.93363396 -1.38939823 10.21866585 122 99 74
1.01829730 -1.32813639 10.13665842 132 105 83
2.34662448 -2.48467290 9.50754818 111 80 52
2.01094487 0.94878060 11.55740620 222 213 206
0.95544564 -1.96662424 9.63576416 194 170 131
1.31610358 -0.72348825 10.40446225 218 207 195
1.16581507 -1.90398557 9.59803800 194 164 130
1.32510973 -1.07821757 10.02322366 143 123 106
12.04919645 3.42805528 12.28735316 229 219 210
3.07401459 -1.88449288 9.02966153 151 125 90
3.02208745 -1.78965544 9.01660356 90 64 41
3.19680428 -1.50031829 8.85099461 92 63 34
3.51477316 -1.56038054 8.73147348 161 130 93
1.21251752 -3.97592336 21.00200099 201 201 192
95.06492603 -26.90267696 182.94645657 211 203 191
29.13284126 -28.29664231 59.81504562 102 92 81
29.13284126 -28.29664231 59.81504562 102 92 81
-1.03141400 -0.52768069 14.00603992 158 138 122
-0.20372031 -1.17986947 12.95640940 176 143 110
1.16289991 -1.47347006 11.60081861 52 30 11
-2.07597713 -1.46565399 14.54421863 103 81 68
0.13279058 -1.19861199 12.56139969 145 113 80
-0.98535383 -1.88051247 13.79123262 98 68 38
1.42938501 -1.24925293 9.60327173 62 36 10
9.26067234 0.21060415 23.75798446 121 100 74
1.98893772 -3.96175172 21.21811870 180 147 115
-2.47436074 -7.34123854 29.32682986 106 107 102
167.99721709 -30.09563038 135.70927201 46 44 32
-2.35842109 -2.00751718 14.64961559 97 75 50
-0.46447037 -2.35889909 14.47115965 130 93 54
0.30233681 -0.38363966 12.50663559 66 45 15
3.54146338 -1.48187768 10.61087773 49 30 2
0.75433946 -2.19657150 13.78201983 220 217 209
-8.81106844 -4.41878800 8.11201788 184 185 180
-0.35010481 -0.76641402 12.97062505 113 89 63
-0.09670915 -0.96376660 12.70232663 160 131 99
37.66897501 -19.59862296 121.72362911 113 110 102
-5.27186102 -3.37701036 14.67368700 113 83 48
-1.70329287 -0.97085903 14.48386100 115 93 81
3.41950252 -1.56572804 16.11234674 235 229 214
0.47770485 -2.82748409 11.18072863 185 159 126
1.43195348 -2.49702855 9.64477784 119 94 64
0.57416870 -1.02363526 10.07321573 206 198 187
1.30633724 -0.82440685 10.11621461 230 220 209
2.27527400 -0.56768985 11.39048250 134 111 92
1.18820684 -2.81653131 9.81215371 76 49 19
0.47720196 -2.22302803 9.84505826 96 67 45
0.13408399 -0.33054722 13.19072087 63 45 25
4.40750142 0.07873043 12.04130775 226 217 204
3.26923340 1.26107171 13.52935044 154 133 112
2.54199099 -1.64177480 9.11248545 165 140 111
-3.21281460 -9.22728548 26.93821163 128 125 120
-3.66445645 -2.57357088 17.10808597 236 231 229
-1.21433998 -1.53731903 13.79712711 213 189 152
-0.88422669 -1.77092248 13.68912208 91 66 36
0.52655603 -2.89792101 11.11697054 180 154 117
0.40103464 -2.67979522 9.95704865 158 129 90
1.20496131 -0.62215041 11.22013871 224 214 203
1.14300598 -0.80249191 10.39226117 111 90 63
-3.18613736 -3.25279480 15.52536811 132 104 78
-0.21021542 0.79547549 13.83707896 135 111 98
0.57902870 -1.09489128 12.09718767 125 104 80
0.30805147 -2.68591030 10.57409482 113 87 50
0.52086213 -2.92849344 10.08183259 166 138 98
-0.11923538 -0.75781740 11.09880857 223 213 204
2.91391274 -1.64803282 8.75843323 74 54 23
-5.18210510 -3.38300766 14.67763242 131 99 69
-2.95755927 -3.68378293 15.47489533 106 68 32
-2.85970142 -3.52072177 15.26253766 170 140 102
-3.48968516 -1.69160471 15.71460009 187 164 150
-3.04809728 -0.08450205 16.53803440 133 112 97
-1.54530675 -2.20827981 14.29588401 154 117 74
-0.18685296 -1.66117987 13.32341914 81 49 22
-0.65487860 -0.86025840 13.46877009 138 115 91
-0.36615384 -1.14934450 13.00502832 103 69 32
1.93247136 -1.76335246 9.54225172 86 65 37
-4.29486868 -3.73341795 15.70736418 172 142 113
-4.15558542 -3.77960726 15.76859072 182 154 121
-5.28472350 -3.45345168 14.86973798 183 160 127
-3.69430139 -2.19348682 18.07944032 104 96 92
-5.22618404 -3.46902080 14.82863161 191 159 121
-5.21892348 -3.42657550 14.79050116 194 164 127
-5.18274080 -3.38363630 14.76850034 109 75 45
-3.48952455 -3.98833414 15.59409070 151 114 68
-3.09441867 -1.73665256 18.33404844 232 227 224
-2.98356405 -3.83898948 15.66607853 169 134 95
-3.13009286 -3.70580084 15.65209943 125 98 70
-3.20073695 -3.56073022 15.72662883 168 137 101
-3.86538298 -2.02287262 16.74327133 81 55 40
-3.10504545 -3.47215082 15.51195974 169 134 93
-3.25984444 -3.35563285 15.52193063 88 60 21
-3.91496063 -1.84968691 16.61862890 94 65 45
-3.20386197 -3.34588869 15.47276177 151 120 81
-3.24326153 -3.35694473 15.43064286 151 120 81
-3.35853747 -3.07985775 15.57506059 169 140 108
-3.96359827 -1.22876842 17.01962546 163 154 146
-2.50335570 -3.69070194 15.27607061 194 159 119
-3.84077007 -1.69275704 16.35112931 101 78 65
-3.39197657 -2.69827109 15.53506079 153 128 106
-3.16566361 -3.01792831 15.32721148 161 126 94
-3.79068026 -1.69009783 16.26560393 97 74 60
-3.18617943 -2.93108931 15.33564407 103 66 25
-3.20403747 -2.94584182 15.31903314 103 66 25
-3.00620440 -3.21077106 15.15484586 183 149 114
-2.99482995 -3.20633140 15.16606765 183 149 114
-3.86261002 -0.95713776 16.93737520 90 61 45
-3.00188461 -2.93071221 15.16872842 170 136 102
-3.61264387 -1.52920932 16.03289665 95 68 56
-3.45248555 -2.03057752 15.60942579 186 162 148
-3.45123487 -2.02990310 15.61586901 186 162 148
-3.74579452 -0.82218124 16.66787435 87 64 46
-3.69130838 -0.78207877 16.64104063 79 57 38
-3.39602555 -1.91914657 15.62214661 169 147 133
-2.97754263 -2.70837504 15.06088958 84 53 22
-3.76835948 -0.14808637 17.16682406 147 135 131
-3.24895295 -2.18523844 15.36870577 148 126 103
-3.43262662 -1.55593042 15.78654959 171 148 135
-3.32708215 -1.72433023 15.67031396 108 86 74
-3.29371145 -1.70567506 15.71221173 108 86 74
-3.18553135 -2.16327874 15.29683220 183 160 141
-3.71209803 -0.01495209 17.13027260 93 86 98
-3.47495724 -1.00615625 16.26158107 73 42 20
-3.77422795 -0.32861856 16.70992365 165 145 131
-3.57699175 -0.56607601 16.50580373 152 134 120
-3.22194871 -1.37652638 15.81295216 68 44 24
-3.23842326 -1.48527206 15.64480618 173 156 149
-2.31674428 -2.87037605 14.80636176 68 40 11
-3.06616411 -1.61897107 15.48569871 170 149 140
-2.99036257 -2.00008049 15.10932472 181 163 145
-3.32819818 -0.42603067 16.44168438 138 115 98
-2.42335167 -2.71401224 14.69781214 98 67 31
-3.34261946 -0.33038826 16.50041547 130 110 94
-3.34261946 -0.33038826 16.50041547 130 110 94
-3.10279040 -1.20140823 15.72921759 106 87 70
-2.28171368 -2.56883263 14.59213152 96 66 37
-2.77613958 -1.71627994 15.12629326 157 138 122
-2.64364575 -2.03827448 14.78651748 135 114 88
-2.46664400 -2.25463146 14.62642793 92 66 41
-1.83080877 -2.64415645 14.46615320 103 70 36
-2.51327125 -1.61875548 14.84279845 166 150 135
-2.53385194 -1.62709763 14.80916850 166 150 135
-2.47533072 -1.35573897 14.97676163 145 125 114
-3.21107467 0.62859984 16.05342341 127 123 124
-1.12641458 -2.25925741 14.15468415 135 100 60
-2.01782550 -0.75744970 15.00502531 161 146 131
-1.63043660 -1.77396423 14.12237871 83 54 27
-1.61833951 -1.77441490 14.13638010 83 54 27
-1.24464004 -2.02261694 13.94313136 168 140 100
0.02088058 -2.40550132 14.11282663 226 222 211
-1.57924012 -1.04423130 14.28362073 136 118 105
0.29003764 -2.16455864 13.90517675 189 156 113
-0.87822298 -1.82303285 13.62583400 112 82 53
-0.82644704 -1.70076164 13.64558344 87 60 38
-1.22526834 -1.12915358 13.94849107 144 125 108
-1.18576206 -0.58510448 14.05816346 165 145 134
-0.77106472 -1.41107722 13.52192180 172 141 113
-0.92334546 -1.07394418 13.63998755 188 164 138
-0.75902178 -1.19598328 13.56350885 55 31 9
-1.05671910 -0.21484437 14.18752118 106 86 74
-0.99553888 -0.19168878 14.24453789 106 86 74
-0.92516939 -0.37145652 14.07298941 157 136 119
0.45971238 -2.00956261 13.22554261 118 77 38
0.19109650 -1.80905723 13.17555684 82 48 13
-0.74548452 -0.77793834 13.58978309 87 65 51
-1.92312373 -3.45668048 11.05000201 113 90 61
0.65673450 -2.11437303 12.93648694 177 141 101
-1.86010347 -3.43439157 11.07356383 113 90 61
1.38402202 -2.50284466 12.77767960 113 90 61
-0.59762277 -0.48573970 13.51158525 143 120 105
0.61484965 -2.06206229 12.69277432 173 143 111
0.61559243 -2.49211311 12.31323591 171 142 109
0.90361137 -2.62013897 12.29151884 91 64 22
-0.56362320 0.21559999 13.91031633 150 131 116
0.87816776 -2.75687885 12.11224351 96 71 39
-0.41825820 1.10228632 14.50609849 137 115 102
0.51234026 -2.18189897 12.28840720 75 51 16
0.54100419 -2.23195042 12.23051398 153 126 91
0.60934178 -2.91025720 11.68790379 122 92 54
0.36942653 -1.56621199 12.56350659 65 40 18
-0.45333833 1.28995416 14.40982110 78 59 40
0.42793938 -2.23437692 12.06181094 78 51 21
-0.36742131 1.19360253 14.34371100 139 117 104
0.42184915 -2.10895818 12.11053956 138 114 82
0.42184915 -2.10895818 12.11053956 138 114 82
0.44634142 -2.15923292 12.07336396 55 26 0
0.54907342 -1.63592759 12.45720477 91 73 52
0.59354068 -3.05226645 11.43526038 195 168 138
1.98899819 -3.83051884 11.23183738 119 86 50
1.98899819 -3.83051884 11.23183738 119 86 50
0.36587344 -2.06024856 12.08422021 86 60 26
0.57342535 -1.76890170 12.34292879 59 35 4
0.33550652 -2.28264452 11.90433322 191 160 129
0.32869211 -2.15188853 11.98732892 139 109 81
-0.16476666 -0.13876049 13.21593468 54 32 13
1.00729661 -3.39677529 11.13851905 179 147 118
0.40294737 -2.50019072 11.56599369 77 51 22
0.61701312 -3.02401526 11.25333876 77 49 15
1.59404010 -3.64791890 11.03428831 122 89 58
0.42417902 -2.49616071 11.47539322 53 20 0
0.32613843 -2.37371428 11.45808019 46 27 0
0.05360303 -0.32257890 12.81159884 130 110 83
0.27921077 -2.06291296 11.62598811 54 32 11
0.45883435 -2.74878818 11.15654116 88 57 29
0.35586241 -2.58829580 11.22429715 175 143 104
0.31018726 -2.29194561 11.41478215 91 67 41
0.51679203 -2.93360238 10.86186736 79 50 17
0.56198695 -1.14054668 12.10857690 58 31 3
0.42607168 -2.85760180 10.81881114 146 116 80
0.46586031 -2.94923967 10.74306549 177 144 113
0.43018992 -2.95884682 10.67140295 195 163 132
0.22615230 -2.45111823 10.83273094 160 135 104
0.22072828 -2.43937292 10.78350536 67 45 8
0.42026455 -2.94719438 10.47772795 190 160 124
0.28132519 -1.95422201 11.00875332 132 105 85
0.43093514 -2.92660849 10.38428065 101 70 37
0.28935392 -2.77185286 10.25317314 193 172 139
0.28258782 -2.76841027 10.25608734 193 172 139
0.74534202 -3.07833918 10.12598438 187 156 117
0.22728134 -2.39868983 10.35707604 79 55 25
1.49252720 0.26762883 12.10336571 118 101 80
0.30338774 -2.53769537 10.02263141 67 42 12
0.75112048 -1.34571899 10.60027207 126 101 75
1.35334916 -2.77735767 9.70673314 159 132 105
1.39403170 -2.73554612 9.61026686 68 44 12
1.19806753 -2.43421982 9.76659438 79 53 31
0.42213336 -2.23575685 9.78525898 72 46 18
0.60466141 -1.89306415 9.96851284 84 56 34
1.31392658 -2.36194500 9.71434902 85 62 39
1.69141014 -2.56908642 9.55883976 91 65 41
1.13405958 -0.84199707 10.40795799 147 122 100
1.52655625 -2.28386728 9.57058674 102 78 45
1.52655625 -2.28386728 9.57058674 102 78 45
1.27834448 -0.80068838 10.33547841 116 100 79
1.22074888 -0.74841672 10.36619951 228 218 206
1.85614266 -2.23563565 9.49827316 162 137 106
1.24237131 -0.84739557 10.24587664 235 227 211
0.97924662 -1.33123693 9.92433459 145 123 99
1.82592959 -1.79638718 9.57497748 193 178 146
1.30958176 -0.90447794 10.04623933 148 131 117
1.09217248 -1.51425517 9.64286570 150 127 108
2.06105680 -1.93842732 9.35406496 158 131 106
2.91666319 -1.53560510 8.80497300 83 60 35
0.94506299 3.98825284 11.08573802 204 200 201
0.89156556 -1.70262191 9.81808255 67 46 27
1.53289441 0.70620677 12.68427427 145 125 108
1.18230264 -1.77922004 9.53257701 96 69 43
3.23552487 -1.17673688 8.87037075 41 25 2
3.14351116 0.13622609 13.92595584 212 202 193
-3.86748064 -0.41578240 17.05554781 128 110 96
-5.95827197 -19.64842496 50.94700385 47 47 43
3.02369672 -0.61474853 12.75189930 197 198 190
2.38876760 -0.66508867 11.79749276 58 31 12
2.56352208 -0.80956160 11.72668018 150 128 106
-17.01767273 -7.74930714 28.41048685 128 120 97
1.90441790 0.62033078 15.87958496 59 36 12
-14.73666330 -11.94746410 30.46379857 39 38 33
-4.12874522 -1.71368245 18.40188094 152 148 144
-13.32335256 -10.57992278 27.78510558 139 146 164
-5.75264286 -13.75712750 30.68087265 109 108 103
-2.74698824 -14.47236427 31.40568151 93 92 88
-2.80564969 -0.68385054 16.53957980 49 26 8
2.44777726 -2.25604682 9.21703572 117 83 57
-13.68941430 -11.87263357 29.69498878 29 26 15
2.39510287 -1.97701530 9.23446605 83 56 32
2.96957247 -0.63578703 10.38168873 249 238 224
-5.46998369 -13.74339530 30.49946799 97 96 93
-0.05512397 0.97108019 13.72959039 75 53 31
-2.21657769 -9.57625157 26.02155089 137 131 131
0.36650056 -2.13860645 11.81105329 131 109 85
-18.12410898 -18.89288050 36.99846545 78 59 46
-18.12410898 -18.89288050 36.99846545 78 59 46
-16.80034377 -20.98531940 38.37365496 69 61 61
-16.28320139 -21.69888385 38.20812850 164 125 88
-16.34031025 -23.60934333 40.20193917 105 91 85
-12.81191729 -10.80633907 27.73925477 142 142 145
-15.04988366 -22.27997568 39.96825106 14 15 10
-8.43315035 -15.07325764 30.80629579 211 207 212
0.28643758 -27.58610607 50.59435329 111 105 92
-2.86870061 -3.87874790 15.76453646 88 53 14
0.28920275 2.22585875 13.95402020 119 119 119
1.32379320 -1.83888045 9.57651175 173 146 117
1.37096036 -1.83347350 9.56985275 65 39 17
1.98770299 -2.83430642 9.56952546 208 173 136
2.05674347 -2.71811196 9.49886955 203 170 131
2.02116367 -1.29168991 9.84699084 128 101 80
0.02782749 -1.29656414 12.78947444 144 114 80
2.40132775 -2.11567118 9.24536509 66 46 15
-19.40692176 -21.63401187 40.51795987 75 52 44
-5.34889338 -3.51760796 15.44225796 176 157 131
-4.69767842 -3.47204061 15.57396135 154 123 103
-4.62977437 -3.87532258 15.70749478 185 155 122
-2.70731258 -14.27793235 30.75927201 73 76 71
-2.97222464 -2.21001114 15.44632706 109 86 72
-2.99519938 -0.84334692 16.35317871 67 41 25
-2.92966070 0.13184513 16.82357839 67 48 35
-2.82400686 -0.85898871 16.36967294 59 39 15
-2.82755608 -1.44023020 15.45870894 151 131 121
-1.96720428 -0.68905483 17.99205870 98 86 79
-2.43737245 -2.68981010 13.73160919 200 163 135
-1.71199794 -0.42925278 17.98459075 105 98 94
-1.76105318 -2.10920303 14.42686549 67 38 17
0.08881937 0.54850273 13.29876471 143 119 101
0.54398571 -0.96426329 12.20049093 49 27 3
1.06792423 -2.11564386 11.46005987 66 41 19
2.15217608 1.45438399 14.88309146 72 58 32
0.98087827 -2.55679910 10.73095553 137 111 86
0.90692975 -0.93254488 10.76979452 71 43 14
1.04217531 -0.97264573 10.83043011 152 124 103
1.12384241 -0.85847900 10.84998601 164 137 120
1.25139553 -1.08651947 9.94921291 117 90 66
1.34224561 -0.95335598 10.00246047 122 96 76
1.56264675 -2.66766025 9.64474287 64 40 14
1.86987930 -2.54150837 9.52630813 190 157 132
2.02020700 -2.27378410 9.48306929 81 52 27
2.03509576 -2.27822736 9.37904008 199 166 138
2.46956799 -0.91703229 10.15781095 82 50 25
2.42765618 -2.04875707 9.18857625 68 45 11
2.56166127 -1.19147613 9.35400405 88 61 35
2.92701995 -1.15377921 9.08266363 136 108 80
-4.31508018 -1.92462076 18.25347505 157 148 141
-16.86191096 -9.57430700 28.52218075 63 64 58
-19.57441014 -19.57252319 38.11972767 95 70 47
-18.91649603 -19.57461206 38.29718216 74 53 34
-17.37056493 -21.59260787 39.06191207 3 2 1
-14.04867543 -22.47980704 40.87647796 28 24 20
-11.03606554 -14.61838982 32.47589873 44 43 43
-8.14265617 -14.63171407 31.80073794 4 4 4
-8.90873893 -27.55528103 46.65773293 166 157 150
-3.84814590 -47.86204525 73.68940758 114 119 125
-5.22045953 -3.39373719 15.44395450 183 162 141
-4.93541875 -3.78674533 16.80924854 61 53 41
-4.41672884 -3.40298839 15.45441554 170 141 113
-4.31821659 -1.99290417 18.42098056 167 160 148
-3.59677196 -3.72454446 15.62711526 124 89 60
-3.54081977 -1.69030541 15.95362280 118 92 79
-3.53895495 0.01510079 16.85531400 154 133 115
-3.39811196 -1.22114873 16.09747588 133 110 92
-3.05613301 -2.99891758 15.41961728 186 155 125
-2.85760051 -2.90892372 15.34611176 186 152 122
-2.75189572 -1.99740923 15.28037396 101 77 65
-2.17346354 -3.29565358 15.15684024 92 57 15
-1.98300398 -0.78903450 18.04263301 117 98 93
-1.83232418 -0.53658812 18.16495919 37 22 20
-1.86035590 -2.68080851 14.66037853 148 112 82
-1.21457789 -0.57434383 18.27684464 230 218 205
-1.62891721 -1.63733121 14.31837764 87 62 41
-1.36798920 -1.92019799 14.19728182 88 57 36
-0.88643540 -0.71675547 13.68592864 197 171 156
-0.75533380 -1.48622734 13.56599306 192 161 130
-0.31376788 0.56470341 13.96375327 136 118 108
-0.21734527 0.16437468 13.31582998 78 55 39
0.00477230 0.85657215 13.66512269 50 30 15
0.07823017 -0.39846469 12.62931099 155 133 115
0.42599844 0.43087703 12.95814671 138 116 102
0.71786404 0.91816705 13.54796033 59 34 18
1.59390317 1.33253673 14.86763026 84 66 52
1.57212548 1.33550665 14.83011055 84 66 52
1.13089458 0.87796665 13.32929660 119 100 85
0.52506723 -1.26775366 10.93684014 84 53 32
0.71749047 -1.39458640 10.75049732 70 43 21
0.69101759 -1.67775842 10.54473405 70 45 14
0.77954159 -1.34970188 10.72139794 79 56 34
0.81370469 -1.06424869 10.90881808 77 47 22
0.74801293 -1.57109088 10.46169929 65 40 16
1.01290373 -0.79464498 10.86831382 84 58 35
1.28967082 -1.07963940 9.87347338 83 57 32
2.46561512 -2.28702320 11.21748475 162 136 109
1.38712138 -1.56303396 9.60393383 83 52 24
1.82322840 -2.41953256 9.51135521 83 60 38
2.34564681 -0.93939360 10.01434271 144 115 93
2.42295108 -0.88233786 9.95340322 142 114 92
2.32714299 -1.33881953 9.40485568 153 126 104
2.98850873 -1.55965183 8.65363171 95 70 45
3.39494734 -1.36026146 8.71402744 0 0 0
-3.39002335 -0.62099433 16.27383841 122 104 90
-3.05151676 -1.20346805 15.50413228 140 121 106
-2.95649055 -1.99292438 14.89028562 89 69 58
-2.81744916 -0.81559593 16.22819685 51 33 11
-2.79036531 -2.07970460 14.79766725 141 116 100
-2.79036531 -2.07970460 14.79766725 141 116 100
-2.73239001 -2.50783382 14.77223022 135 107 80
-2.74339873 -2.55669456 14.90448456 135 107 80
-2.47157504 -1.36711604 14.72073823 148 129 117
-1.84507164 2.42710394 14.58712354 198 193 193
-1.85731199 -0.57284509 14.95186693 147 132 127
-1.55440502 -0.22430838 15.67022838 139 131 128
-1.45284394 -2.54577564 14.35112233 169 138 109
-1.23320458 -2.02742489 13.98324678 169 142 114
-0.92864721 -1.92730505 13.75254184 154 129 107
-0.80809090 -1.21881776 13.49659351 85 64 45
-0.73322861 -0.87126508 13.66915767 72 55 39
-0.57244638 -1.38160849 13.36395156 163 133 107
-0.49177571 -1.74884048 13.46356194 169 141 112
-0.27098806 1.72805970 14.56717249 86 69 61
-0.23306877 0.96452401 14.08743552 62 41 23
-0.26044780 0.30537205 13.65878948 136 119 109
-0.25507388 -2.05187535 13.64443531 172 143 113
0.08211802 1.93177059 14.24145661 87 76 59
-0.14398758 -1.09664937 12.81441589 156 127 99
0.19203205 1.12613063 13.92464342 42 24 3
0.36176604 0.69766268 13.77813700 46 29 13
0.40840020 0.60239654 13.44419994 124 108 91
0.68853103 0.62945988 14.20162598 117 104 82
0.36429272 -1.50394801 12.54323453 89 68 47
0.68696920 0.67140868 13.44546950 109 94 74
0.83234694 0.91627793 13.89650986 103 86 70
0.52292958 -1.46454641 12.26888719 65 45 26
0.78278628 0.23680821 12.76265719 80 62 39
0.37599736 -2.20680152 10.51261675 77 60 34
0.32841518 -2.53474234 10.20122868 158 149 133
1.20258591 0.83443965 13.76573669 59 42 17
0.45497094 -2.53596503 9.90730876 47 30 11
0.59992986 -1.54285802 10.52223513 112 93 76
0.55902386 -2.09037530 9.74244801 74 50 27
2.08872474 0.95617895 16.05381085 49 31 11
0.67983063 -2.04234439 9.99574799 52 33 16
1.38982924 0.66309995 12.80873807 124 105 84
0.92459906 -1.14095196 10.53730893 61 39 12
0.79265135 -3.01083358 9.91542078 173 149 121
0.84478093 -2.90314565 10.00529102 35 20 2
0.81552434 -2.64545232 9.88255265 4 1 0
1.71067656 0.75758457 13.29976034 140 121 104
1.65234310 0.41396835 12.90837504 51 30 9
2.36176327 0.65560995 15.50140094 53 29 0
0.97623851 -3.00535220 9.93492347 172 152 124
0.90065118 -2.04556567 9.60897125 115 88 58
0.97655376 -2.76840276 9.83328830 120 93 64
1.73022078 0.40086240 12.49741658 75 52 26
1.85232115 0.59910638 12.94335488 97 75 52
0.98971702 -1.71481760 9.69332107 48 27 8
2.66054929 0.71003944 15.84547938 202 182 162
1.85086882 0.64331585 12.66005031 121 102 78
1.20268531 -0.84847572 10.30568046 57 36 10
2.17403352 0.61036265 13.84423911 86 63 39
1.83344910 0.54957535 12.57403538 71 50 23
1.80870687 0.25765085 12.40469100 55 34 15
2.26011950 0.63542085 13.99427206 110 91 77
1.81571656 0.22797497 12.33770371 124 102 78
1.60493515 -1.00590323 11.42087765 48 30 9
1.63990429 -1.00435290 11.40155053 52 34 11
1.41047556 -0.88300557 10.58819423 130 105 84
2.03390699 0.88548615 12.79831185 110 91 77
1.71624239 -1.00458293 11.47302552 49 29 2
1.37586567 -0.83888824 10.31882380 78 57 31
1.23098413 -2.78858301 9.69773705 67 45 21
1.97798636 0.23606412 12.41413758 76 52 25
1.42894642 -0.88984876 10.09699191 123 101 79
2.61009938 0.40070140 13.89405671 130 108 92
1.39616161 -1.25638805 9.59779813 67 43 13
1.89186076 -0.95865459 11.11794301 136 115 94
1.41480742 -1.32150213 9.53928707 72 48 22
1.53366345 -2.29053171 9.50783523 81 55 30
1.67733990 -1.52538591 9.86589763 50 30 5
2.60463742 -0.05762873 12.67585586 89 65 41
2.39963383 -0.80330819 11.84366135 53 28 0
1.87266346 -1.17018422 10.24999715 46 25 7
1.72593111 -1.77763789 9.61961307 122 101 79
1.98312903 -1.05087106 10.40941947 83 59 31
1.89368531 -1.15744787 10.03791309 119 98 79
1.79757498 -2.69711003 9.55937872 64 33 2
1.78766232 -1.79696827 9.56011638 102 74 52
3.04696832 -0.34405013 13.20632614 126 102 78
2.41357711 3.50214632 11.53034985 128 131 136
1.93145879 -2.14088457 9.45967852 159 132 105
2.06093640 -2.74511986 9.51419923 170 143 114
2.25275349 -1.02387216 10.20032254 56 31 16
2.11731386 -1.72263334 9.42313057 51 35 12
2.10975609 -1.69825939 9.38657923 51 35 12
2.33839262 -1.32117285 9.52611735 116 94 72
2.57102184 -0.85738903 10.11372357 62 38 9
2.44988170 -1.00119612 9.67200179 113 94 70
2.90914139 -0.73553734 10.55341373 127 112 95
2.48866289 -2.31754800 9.19966925 169 138 110
2.50255011 -1.24037917 9.31500395 126 104 84
2.82084593 -0.74374497 9.89312611 139 121 101
2.70909585 -0.91358992 9.54138487 76 52 28
2.66134100 -2.05358086 9.01074780 156 127 101
2.93113099 -0.86044686 9.76039265 50 26 5
2.64318081 -1.81565153 8.97235947 175 152 121
2.66664748 -1.80828069 8.94469828 63 40 13
3.21010817 -0.76422161 9.94687105 147 122 98
3.01456854 -0.84661928 9.49958090 76 50 20
2.81499818 -1.26528249 8.95156459 61 40 13
2.92010969 -1.09149730 9.10958199 45 24 1
3.32307987 -0.92226834 9.40789323 64 32 12
3.42600979 -0.99079422 9.49237778 66 35 8
3.18895184 -1.26727698 8.71142251 94 85 75
3.13432004 -1.72522016 8.50342846 153 119 85
3.29308228 -1.14788176 8.87461705 121 100 77
-4.22183600 -1.00471866 19.07760101 163 162 168
1.77408480 -2.55945361 9.50686810 186 160 135
65.26068990 -57.66439382 126.79547695 81 83 62
124.11566653 -72.78459053 145.31521109 138 135 130
124.11566653 -72.78459053 145.31521109 138 135 130
-14.22371076 -13.89568239 32.85781782 142 140 141
-1.44313508 -1.30372577 13.99488567 115 94 77
3.28901311 -1.63044090 10.82333966 132 110 89
-1.71353018 -2.15280298 14.32296296 148 121 91
-3.96580832 -4.62667058 16.95118203 35 34 32
4.04033535 -1.72873128 9.22280109 242 235 217
-12.18404694 -12.42300007 30.15658077 83 83 83
-8.46196590 -16.08708024 32.57234019 10 11 6
-1.65415041 -12.54248615 30.56118815 121 115 102
2.63253491 -1.73914028 8.98716099 86 59 36
0.43930436 0.56124356 13.11360499 65 38 14
3.48772991 -1.61153526 8.60194914 214 209 199
-0.32771358 1.76113444 14.20594103 85 65 54
-16.17047211 -21.88288021 35.77850050 97 66 41
-15.94028522 -22.08120538 36.21650645 42 23 7
-16.21241909 -23.68141713 39.56321089 59 45 37
-16.12816878 -23.47344886 40.29971830 53 39 30
-0.71618633 -25.38196699 42.79346856 65 60 57
-0.73414072 -24.89878998 43.09600189 144 143 123
-3.24421733 -4.13820435 15.95343174 75 69 59
1.77997699 -0.77398269 11.49074580 57 27 2
-18.40262064 -22.88860497 41.41462335 96 74 72
-14.41363171 -12.17337342 30.86224039 132 139 150
-14.04396914 -12.13020770 30.70942916 116 118 117
-13.86274447 -12.53123449 31.00549621 127 125 127
-5.36720905 -3.75295083 15.62368269 183 162 134
-2.41468369 -14.15676281 31.49574710 82 82 75
-3.86584332 -2.21395068 17.40848288 234 235 231
-2.97641726 -0.41633122 16.58247741 101 80 61
-2.73334016 -2.85755697 15.31201654 175 140 111
-2.67857632 -1.11227812 15.78037564 74 52 37
-2.68701234 -1.13149008 15.59918648 150 130 121
-2.06240535 -1.84757557 14.82240492 163 140 126
-1.91794679 -2.52045608 14.58731514 178 146 114
-1.60814842 -2.71917797 14.66570428 198 164 129
-1.58859420 -0.44473851 14.88802379 88 65 57
-1.37649493 -0.08161147 15.00008343 152 130 120
-1.12268978 -0.18645950 14.31667281 158 140 127
-0.86974137 -1.55964495 13.63044667 170 139 111
-0.62630449 -1.94032263 13.69647687 95 64 33
-0.52651527 -0.86430818 13.14570828 139 111 89
-0.37968422 -1.37050039 13.21780219 70 45 14
-0.32824280 1.85582426 13.98862022 125 108 99
0.65148274 0.60043290 12.82981630 63 41 22
1.63299187 1.40580623 14.60257444 36 20 4
1.95863249 1.13369619 14.41610926 114 90 67
1.04572578 0.01289781 12.07634276 55 32 14
0.84472308 -1.48793652 10.39633982 62 43 20
0.92966019 -1.43547927 10.40253366 65 43 17
1.10784130 -0.86993932 10.69309555 140 115 95
0.97727406 -1.31954959 10.25855268 71 51 25
1.79932431 0.43032754 12.16212203 80 55 34
1.03931271 -1.24046396 10.20105415 61 37 8
1.40487653 -2.83762153 9.71356352 81 52 29
1.47983769 -1.69355606 9.62261331 50 28 4
1.54746753 -1.28477579 9.75379309 69 47 24
1.64198464 -1.24411161 9.78591575 83 62 41
1.78275168 -2.20276262 9.60902422 90 78 59
1.95686137 -2.61351812 9.59691508 68 41 2
2.42742189 -1.02244952 9.79979301 56 32 9
2.95105854 -0.96878578 9.45728271 56 30 3
3.03261625 -1.09647210 9.16589542 45 27 4
3.26433629 -1.21728297 8.87480636 109 87 60
3.23319694 -1.68240130 8.61992029 192 161 133
-19.56867257 -19.63795906 38.47502586 76 52 28
-17.24879330 -21.98832310 37.25742092 28 10 6
-16.29179615 -23.20211546 39.34548566 157 136 126
-13.28835905 -11.25111312 28.76124090 148 147 153
-16.47804670 -25.25448802 42.11244096 42 39 29
-15.02747263 -27.87821013 42.19347032 61 63 58
-12.37142979 -16.89429045 34.46957953 27 26 21
-7.23887571 -15.48092909 31.49566324 88 89 84
-7.09537637 -31.18497368 50.50484100 11 11 13
-5.20147155 -3.42333635 15.66982699 61 56 47
-5.06907914 -3.46254067 15.82045983 204 184 167
-3.26661245 -12.82401314 28.06777839 136 140 135
-2.76942678 -14.20224507 30.69130598 82 90 90
-4.29659733 -2.04303015 18.54191746 167 160 148
-1.09763987 -24.15411550 41.98674888 47 43 39
-3.92030388 -2.15325162 16.93066557 233 223 221
-3.86121079 -2.10642032 17.14448219 248 246 250
-3.84544484 -2.14834410 17.09243787 156 146 135
-3.92062934 -1.06965722 17.43522707 242 244 240
-3.39956299 -3.77894281 15.93806854 160 128 105
-3.54602627 -0.98434393 16.58023920 143 121 108
-3.15207691 -3.82738374 15.94428232 144 114 84
-3.40596786 -0.72981711 16.58967871 140 112 98
-3.22046673 -1.18000805 16.31282317 84 56 43
-3.05977924 -1.58840721 15.74501466 85 63 52
-2.98604383 -2.18966934 15.36105392 108 85 77
-2.98604383 -2.18966934 15.36105392 108 85 77
-2.69757064 -2.82828100 15.19472669 84 57 28
-2.76045737 -1.47536976 15.50090091 159 139 128
-2.62547372 -2.71648624 15.03208037 90 61 30
-2.09497193 -0.56372984 18.10363976 66 47 41
-2.37984126 -1.13787463 15.31162921 116 91 79
-2.16101358 -2.33609095 14.76355466 196 161 126
-2.10623512 -2.65299695 14.71252749 191 156 117
-1.92976626 -3.14307852 14.96678022 183 147 111
-1.88468400 -3.11727983 14.91918331 197 160 122
-1.57241695 -0.58555570 18.07715032 101 78 62
-1.82727282 -2.40029214 14.50593997 185 150 110
-1.65067629 -0.48386456 15.01042284 107 83 71
-1.66152456 -1.59507896 14.23521434 87 61 44
-1.23226899 -1.13765856 13.96595101 148 126 105
-1.04319770 -1.95407103 13.90847612 205 176 143
-1.15823017 -1.13338927 13.88312011 129 101 88
-1.01537136 -1.69478364 13.79924776 91 64 35
-0.62784005 0.27867044 14.28123784 106 80 71
-0.42033834 -0.78341753 13.04669682 181 153 135
-0.33833156 1.77407148 13.98193089 126 112 97
0.13520666 -1.24317726 12.53410674 199 169 140
0.32601355 -2.32556367 11.57420132 122 106 80
0.46381965 1.91377294 13.86723936 103 86 64
0.51319545 0.88367331 13.43981135 59 37 16
0.34918222 -1.80823109 11.49104434 67 42 20
1.25813825 1.32038278 15.04103054 37 31 35
1.30297109 1.36695355 14.96785142 31 28 24
0.53753099 -0.20135075 12.38130045 96 71 48
0.41140489 -1.85439953 11.07366822 72 46 18
0.43268899 -2.13740848 10.98499413 70 43 14
0.51728384 -1.49383621 11.25585355 77 50 22
0.49919672 -2.23580547 9.88940666 96 67 45
0.40891774 -0.85029323 10.31522702 85 55 29
0.58107822 -2.35603771 9.86693368 217 183 151
0.83603122 -1.02792073 10.74898277 153 126 104
0.96685344 -0.91476719 10.55294717 145 123 103
1.67382979 -0.20327012 11.78022883 64 36 12
0.99029726 -1.60534619 9.81591714 120 95 70
1.18005378 -0.87847365 10.21599674 151 123 102
1.92046534 0.01723399 11.83534668 155 129 100
1.52584411 -2.03934195 9.77527273 104 85 68
1.56265331 -2.43041473 9.60223858 168 135 107
1.40706628 -1.06583291 9.85246869 160 135 113
1.47582281 -1.19402073 9.78432400 77 52 30
1.75898650 -2.69314609 9.59580429 219 188 162
0.91574853 4.11587648 10.92511393 223 217 216
1.82130533 -1.91341817 9.63913189 108 87 68
2.38566172 -0.85021052 10.48099249 92 62 28
2.27842171 -2.56011337 9.50767922 185 151 116
2.44451136 -2.02625111 9.21989792 150 116 80
2.68119676 -0.89174015 9.73161866 69 38 2
3.57610086 -0.92079313 9.93396345 83 79 69
3.22427052 -0.88831581 9.44088036 159 128 105
2.88155412 -1.55115057 8.71975190 173 143 110
3.02282589 -1.36127436 8.72635932 145 119 93
3.17161149 -1.56134447 8.57307366 131 102 72
-5.01741179 -3.24111436 15.19123110 73 50 20
-4.97852392 -3.45170086 15.99077348 42 40 36
-3.53340941 -1.56147413 15.59550557 95 76 62
-3.26483092 -1.06166815 15.74681043 142 124 113
-2.69206992 -1.86053701 14.92803241 65 45 30
-0.28295082 0.52524706 14.12851159 125 106 99
0.29257538 1.03952949 13.93322694 99 81 57
1.67305219 1.22240341 15.53373653 15 7 8
0.61837815 -2.09287828 9.78434730 77 52 26
0.90608637 -1.13145548 10.58185694 102 82 58
1.64822648 -1.09346848 11.52866177 103 81 53
2.02416365 0.00498893 12.05143892 126 105 84
1.42603258 -0.89246689 10.08949743 123 101 79
3.09450710 -0.36508939 13.13735603 220 208 201
3.11860269 2.34814833 13.31974167 203 198 194
2.54283962 -1.94065864 9.11171154 164 134 108
2.60917734 -1.89918083 9.05103707 168 142 118
2.64017719 -2.02555083 8.96181754 156 127 101
2.95589373 -1.43636715 8.66994803 76 54 32
124.37842432 -76.30851821 153.98600142 146 138 135
115.93022444 -71.13308943 143.56747086 142 139 132
-2.15368201 -2.77315882 14.96168608 178 149 115
-15.89016382 -8.01691195 26.04489806 146 139 115
-16.00854558 -8.82878461 27.27557669 54 55 49
-16.00854558 -8.82878461 27.27557669 54 55 49
-18.99195190 -14.29139372 33.82035449 147 145 124
-15.61072425 -8.27369591 29.18892147 51 51 43
-13.05484874 -15.14979521 34.11618482 88 88 80
-10.31337091 -10.17773292 25.40765485 88 88 80
-9.71481793 -15.43311769 32.25280952 157 150 144
-8.97706542 -16.17515929 31.63933796 10 10 10
-8.52284547 -15.68910989 31.50282917 44 44 36
-8.19895336 -14.61845022 31.40295604 0 1 4
-7.66720337 -14.44282471 31.53372137 0 0 0
-7.80730260 -17.48124989 33.59523303 16 17 14
-5.29020266 -3.57735885 15.38826188 140 114 87
-5.19857297 -3.33600017 14.78536401 192 162 140
-4.96792224 -3.38770560 15.54729542 92 60 27
-4.96792224 -3.38770560 15.54729542 92 60 27
-4.86493365 -4.34938944 16.55916883 58 50 48
-4.64095276 -4.72324143 18.15414046 71 41 10
-4.27308548 -3.37434560 15.48901760 71 41 10
-4.16102252 0.09626912 16.94786532 137 140 146
-4.14051226 -1.65596407 15.71234964 206 206 211
-4.13200741 -1.61838792 17.40903377 152 143 134
-3.97571590 -1.64326136 16.68015166 226 225 226
-3.97571590 -1.64326136 16.68015166 226 225 226
-3.94854907 -0.26540681 16.88839535 208 206 213
-3.87846708 -3.48829328 15.30910363 104 72 44
-3.87796686 -1.74823375 16.58927637 135 121 112
-3.87181505 -2.76499199 16.97114398 45 45 47
-3.88110995 -0.62875469 17.36056441 119 105 97
-3.84273732 -0.37257646 16.89469721 127 108 94
-3.74499714 -2.88078652 14.12276225 104 72 44
-3.60072922 -2.64674838 16.28472031 187 171 150
-3.55100678 -0.65168326 16.29864748 137 114 96
-3.50796344 -3.68435176 15.77208634 136 102 77
-3.47884874 -3.00513815 16.36218491 174 157 141
-3.47884874 -3.00513815 16.36218491 174 157 141
-3.37032882 -4.10856465 15.94081169 174 151 125
-3.33199936 -4.14855514 15.93473337 51 48 40
-3.25878887 0.22487756 16.59769040 103 90 78
-3.19650928 -3.43244406 16.14426759 79 53 28
-3.20424936 -2.96606630 15.56202177 187 160 130
-3.16954837 -3.80255061 16.07886312 58 37 19
-3.16329294 -3.87248259 16.16500146 44 26 6
-3.17721163 0.58142970 16.21180006 129 131 146
-3.09366400 -4.01635923 15.84695416 197 163 129
-3.05993156 -3.41842767 15.59891971 152 121 91
-3.02081679 -0.39981818 16.24551476 113 88 65
-2.86259226 -1.67355632 15.23879048 87 67 56
-2.80749410 -2.18583023 14.97127500 124 97 73
-2.79221642 1.41980148 15.72403278 204 202 207
-2.70562267 -0.86815241 15.58660387 134 111 102
-2.61099368 -1.19270597 15.25297521 114 93 77
-2.50623296 -0.23916084 16.97254172 68 45 27
-2.51901950 -1.22874083 15.27797965 146 128 116
-2.23303697 -0.75107302 18.00963419 135 123 121
-2.02690013 -0.64189189 18.17520821 51 31 24
-2.05791989 -2.72295774 14.76879300 71 40 9
-1.91020402 -3.01717207 14.86079490 101 68 35
-1.91020402 -3.01717207 14.86079490 101 68 35
-1.67000690 -0.52973751 17.64838922 51 32 11
-1.82966427 -2.55592292 14.64072681 80 47 18
-1.68379681 -0.45457770 14.78601451 155 133 120
-1.58414410 -1.82283822 14.12853275 161 130 98
-1.14737319 -2.25377824 14.26692829 172 145 120
-1.08103299 -0.23874346 14.18128388 140 123 109
-0.87829044 -2.15275946 13.99672784 174 148 114
-0.80962532 -2.34730347 14.20889562 145 117 84
-0.69763289 -0.67244596 13.46277993 145 128 115
-0.45154033 -1.91603803 13.65300300 95 67 39
-0.46120632 0.58127113 14.30988178 140 122 112
-0.40014838 -2.08412235 13.66496568 177 148 116
-0.29585954 -2.14202700 13.68559603 193 171 141
-0.39794018 -1.36030911 13.30580931 180 155 127
-0.11203287 -2.09314580 13.66177377 117 80 52
0.03826822 -2.15663045 13.70165990 186 165 141
0.03029422 -2.08183295 13.64950108 173 144 117
-0.06562182 0.77068392 13.80005103 52 33 19
-0.09348631 0.21731497 13.30534398 76 54 32
-0.02952071 -0.31585824 12.86134332 69 47 29
-0.38002607 3.15955704 12.30154638 124 123 118
0.26761157 1.98198869 14.26161166 24 11 2
0.12546211 -0.28110379 12.95042822 93 70 55
0.12546211 -0.28110379 12.95042822 93 70 55
0.17875835 0.51342591 13.24885668 143 121 107
0.30693749 0.83728033 13.73933765 78 61 47
0.37123746 -1.91185669 12.93329078 185 164 142
0.21009540 -1.17399549 12.53504874 81 59 37
0.38517171 2.07786393 14.24047143 19 11 1
0.44272062 1.15689151 14.02381971 60 39 18
0.34823923 -1.59980676 12.70165291 165 139 114
0.35369409 0.37953427 13.22107143 57 36 13
0.54092555 2.05738187 14.25795858 44 29 11
0.42032829 -0.08926117 12.62249545 127 104 88
0.46143130 -1.08274067 12.34677483 53 32 11
1.29669182 1.09641128 15.36974044 41 28 26
0.77523299 0.70625340 13.37609941 116 99 81
0.35605641 -2.20959488 10.93855707 66 39 22
0.38985047 -2.47081288 10.72888543 65 43 24
0.35016274 -2.63766538 10.53444926 178 167 144
0.45061605 -2.26746810 10.46780823 117 99 80
0.55851460 3.28820621 12.15623984 123 119 116
1.23134023 0.84701788 13.31905133 67 44 30
0.55257384 -2.04606690 10.22660833 111 89 65
0.61283276 -2.92648675 9.93747104 136 103 70
1.12011508 -0.17047219 12.08338832 122 97 75
1.43715642 0.84443165 13.17815065 79 59 34
0.74998177 -2.54942406 10.03733198 56 31 9
0.80431972 -1.54839149 10.47389478 61 39 15
0.95291382 -0.93565286 11.07677226 138 120 97
0.87702200 -2.94448660 10.08893983 41 25 4
2.18212896 1.25318348 15.13033754 113 88 64
0.85888489 -2.72426157 10.02336108 24 16 3
2.12125657 1.11701901 14.85926544 103 82 58
0.85514804 -1.44232372 10.36922143 55 35 10
0.79914929 -1.77793892 10.11705717 123 99 81
1.44747855 0.69078180 12.74334681 121 99 86
0.97723230 -3.13503979 10.17029676 166 145 117
1.51938968 0.68480130 12.90820678 58 35 5
0.98325863 -2.93800244 10.14927474 132 111 84
2.20224823 0.92397229 14.74354532 91 63 39
0.99094009 -2.97356775 10.11938662 52 28 8
0.86560313 -1.71145574 10.14463334 58 37 19
0.81893734 -1.73606240 9.98468919 85 61 35
0.82781407 -1.75023852 10.01206046 85 61 35
2.44985129 0.97492998 15.01016980 198 180 169
1.06707037 -2.63480478 9.96172015 62 40 17
0.95095242 -2.18767447 9.77871556 176 146 118
0.95866955 -2.13866166 9.70328781 178 149 119
1.74174193 0.45636987 12.63312811 62 36 13
2.11117880 0.76880168 13.72130980 108 91 75
1.91114762 0.54221526 12.63818008 139 117 93
1.86860480 0.47796763 12.46764820 82 55 33
1.86860480 0.47796763 12.46764820 82 55 33
2.60015920 1.78022190 14.70723242 110 104 91
1.92545689 0.49382122 12.54185558 137 112 92
2.74471452 0.88816577 14.67953425 206 195 189
2.74471452 0.88816577 14.67953425 206 195 189
1.34575378 -0.81898202 10.46039963 145 119 101
1.30631121 -0.82627358 10.19693548 137 115 91
2.04153900 0.01475665 12.15049805 126 99 78
1.84840981 -1.00149295 11.21621512 139 112 91
1.59597553 -3.00253145 9.74296670 89 54 24
2.24628751 0.25315148 12.30419630 133 111 89
1.90011472 -0.98293737 11.07673287 93 65 43
1.82218870 -1.16755457 10.70408329 61 34 6
1.81407730 -1.17647083 10.64402574 120 93 77
1.83880771 -1.11928795 10.55498403 132 104 87
2.27607065 -0.92786912 11.59079072 135 114 87
2.34014529 -0.73556304 11.79020512 136 109 88
2.36430328 -0.94143436 11.68303802 62 30 9
1.92912663 -1.08063879 10.58142934 63 36 16
2.33898740 -1.03097679 11.54690339 63 33 15
2.15162836 -1.09319832 10.25932658 60 36 12
2.62563640 -0.86491188 10.05362557 141 115 90
2.93180369 -0.76587802 9.98206100 150 125 103
2.98629574 -0.73643757 10.02764026 64 34 5
2.64793690 -1.90733709 9.03689254 62 36 13
2.96890922 -0.73441430 9.93204324 156 133 108
2.90841642 -0.90356074 9.39976741 86 58 35
3.09559058 -0.86508743 9.20590018 133 107 75
2.94663401 -1.43144273 8.65798093 87 63 34
2.93829485 -1.44642128 8.61711795 154 132 108
3.28542971 -0.88923575 9.34932973 59 32 3
3.23596629 -0.92690677 9.21005173 83 57 31
3.20485700 -1.23024293 8.70883980 3 0 1
3.17087415 -1.62661025 8.52254485 173 143 118
3.21984842 -1.51077805 8.51856306 2 1 1
3.21550958 -1.50433203 8.51043894 2 1 1
3.06340588 -0.14426591 13.10245125 211 203 190
3.20175063 0.15465990 14.99371243 216 205 195
3.10918006 -0.33394193 12.73808599 209 201 190
-4.98728665 -3.38152124 15.82296468 37 35 34
2.23448274 -2.77752303 12.64384610 59 34 13
3.66611763 -1.28667439 8.85542340 219 213 202
1.70112498 -2.49789638 9.54469926 75 54 29
3.71174124 -1.65533490 8.87607034 25 24 20
-2.88956446 -2.96025372 15.28349793 70 45 13
1.90485275 0.14764024 12.01251019 86 58 33
3.10463862 -1.63026065 8.61810126 95 67 38
-11.33087250 -11.22432954 27.91029536 111 110 108
1.44694349 -1.48289902 9.56833668 81 59 36
-4.10251832 -1.99730674 18.45711644 116 111 107
2.83049300 -1.63122007 8.82629952 85 60 30
5.05552092 -2.23198196 10.48426312 47 44 38
-15.73265993 -25.37625916 42.43984404 95 93 81
-12.58714742 -11.00114848 27.85607663 94 93 89
-3.77231786 -1.34674103 18.67597526 139 117 104
-3.24616710 -2.52902870 15.32216519 197 170 143
-14.09546606 -11.52970316 29.29837702 107 108 108
-5.35239495 -3.75892137 15.44996316 57 51 47
-5.16560631 -3.48905819 15.31452700 163 138 116
-4.73000900 -3.50149300 15.71380529 79 45 18
-4.28896375 -3.99071359 15.80779999 58 50 41
-4.28941265 -3.57402160 15.81779261 85 55 27
-4.21649493 -1.94866596 18.35833609 98 91 85
-4.11862560 -1.97364057 18.40460503 94 87 79
-3.83547791 -3.74067539 15.71658822 110 79 51
-3.28005851 -3.88630965 16.08511203 139 111 86
-2.92552614 -1.20946319 15.77051134 70 47 31
-2.77990633 -1.37473436 15.45541676 88 66 54
-2.51313896 -2.18088873 14.92835650 69 48 32
-2.46009089 -1.16424257 15.27563568 92 70 57
-2.04285395 -0.43626506 17.90284081 102 98 99
-0.48112833 0.47064461 14.41714228 77 56 37
-0.37708333 0.61562613 13.96949642 77 61 51
-0.43298288 1.63154499 14.10258294 85 63 48
-0.19172656 -0.71386150 12.73673786 79 57 33
-0.19172656 -0.71386150 12.73673786 79 57 33
0.46262741 1.23557411 13.73581323 62 45 23
0.40970306 0.46907608 13.00106613 62 37 15
2.21600502 1.47051860 14.75718642 101 88 75
0.73156908 -1.13224443 10.82936739 130 104 81
0.81832464 -1.27277294 10.62125186 67 41 15
0.96060311 -1.38940828 10.06080033 76 48 28
1.85724785 -0.59439237 11.42748247 127 102 80
1.95631421 -2.82711611 9.56738842 195 161 127
2.36310493 -1.31539404 9.52443472 125 98 78
-16.91474804 -9.65681339 27.77550662 154 149 131
-7.22938152 -15.26114641 31.16647674 88 89 84
-5.29340609 -3.26850334 15.14365366 59 54 47
-4.96712154 -3.61086038 22.71336757 232 232 234
-3.93374664 -3.43460760 15.77448313 186 163 144
-3.92049764 -0.93379102 17.08335284 118 95 81
-3.11000794 -3.99248908 15.78545674 200 170 135
-3.09671884 -3.20779797 15.32059163 132 103 69
-3.24387781 -1.67033578 15.57684400 169 147 136
-2.84673759 -3.96865884 15.74248665 183 163 130
-2.86040456 -3.84204918 15.67708138 82 48 20
-2.82627980 -3.30956849 15.26957013 87 53 25
-2.71072472 -3.89733363 15.60984315 198 172 139
-2.97667793 -0.23860507 16.66089533 79 54 34
-2.77959395 -0.77375400 16.22893342 125 105 90
-2.80653184 -0.12530751 16.42120670 54 30 6
-2.51658551 -3.38067826 15.13139374 195 160 122
-2.39638331 -3.66073786 15.30869817 201 170 132
-2.34598008 -0.57434279 17.97115040 130 117 123
-2.26544555 -0.76175049 18.31031605 79 63 60
-2.58258670 -0.77204129 15.90188508 146 125 108
-2.43025261 -2.46726060 14.70545473 84 57 30
-2.26327943 -0.59884935 16.84246528 42 23 11
-2.11151697 -2.19239874 14.49353624 184 152 123
-1.92917053 -2.83201630 14.63934147 200 170 126
-2.02804736 -2.18230566 14.44003200 82 51 30
-2.08256129 -0.94793146 14.92170603 174 150 135
-1.84392859 -2.77508673 14.58934051 198 166 128
-1.58225133 -2.80722512 14.64477452 179 144 102
-1.77804684 -0.78536462 14.71946905 168 142 128
-1.57386451 -0.15643538 15.41936932 160 146 139
-1.02907478 -2.18939100 14.02513095 176 141 109
-0.96641717 0.15728429 14.74894566 158 139 124
-0.12766627 0.92380143 13.68278809 88 62 41
-0.01776050 0.61971837 13.56577814 119 96 76
0.33059119 1.02543332 13.70455724 118 97 76
0.25445005 0.53737964 13.15842939 89 61 42
0.42543050 -1.48641741 12.38967343 70 47 23
0.34505988 -2.17931407 11.76039697 121 101 77
0.48526202 1.90901805 13.91849104 103 86 64
0.61442836 -1.66226854 12.39078884 57 36 19
0.61499308 1.02035396 13.63370868 138 117 101
1.31907739 1.30587673 15.17925600 37 31 35
0.28754517 -2.03045852 11.08035248 162 136 107
0.86859264 0.93955334 13.46733486 137 118 100
0.83270622 0.38257588 12.73019780 71 49 26
0.62492930 -1.48191389 10.69216582 143 120 96
2.04194255 1.09253818 14.59629705 138 110 86
1.04207999 -0.88536489 10.68468839 165 141 116
1.63032679 0.50727889 12.28377410 154 130 110
1.64575686 0.31577599 12.10329593 157 131 109
1.06288365 -0.84022783 10.46574871 165 139 118
1.76843320 -0.24694082 11.71870264 149 124 101
1.39774362 -1.45807992 9.56779532 214 186 159
2.27726058 -0.45515312 11.29015033 247 243 239
2.11224698 -2.46881373 9.55863273 72 37 8
2.36666783 -0.94156626 10.12140599 80 53 23
2.32124482 -2.19388633 9.32969730 80 46 20
2.56090294 -1.93045476 9.09754685 189 156 123
2.73747344 -0.90072951 9.66380957 161 130 111
2.70149050 -1.80649293 8.99804054 191 156 129
2.89131466 -1.28683087 8.99802205 68 42 15
3.21667123 -1.69311278 8.61978863 196 165 137
3.37012637 -1.88143122 8.72287718 204 175 147
3.47729186 -1.13022842 8.73628340 148 143 140
-16.58868507 -7.29506154 26.93975969 124 116 96
-5.24932708 -3.37231973 14.64000416 53 52 35
-4.45252322 -3.26163514 14.97474634 92 64 39
-3.90019131 -3.75759952 15.68650708 93 60 35
0.96709130 0.93529028 13.62346432 51 36 16
3.20104845 -0.77045444 10.06044357 97 71 50
-1.57289513 -2.24099652 14.36066348 172 137 95
0.50122383 -1.59935960 11.35680920 58 34 7
-2.16679362 -2.71579067 14.82155834 146 116 87
-17.70352854 -9.61157886 24.58242731 114 116 102
-19.84742461 -17.19133209 31.30201487 109 112 91
-21.07599724 -22.30375374 37.43036795 21 18 14
-19.58512265 -19.65032793 38.38292356 59 34 0
-20.73595163 -23.14445763 43.09189849 46 23 9
-18.31834384 -23.41927027 38.56439562 29 13 6
-17.94475398 -22.88559420 40.46725391 65 54 48
-17.40808041 -24.71912898 41.68036104 50 26 9
-16.98975673 -24.66215272 42.51166603 112 100 92
-15.87272340 -24.85055723 44.12196269 4 5 1
-15.87272340 -24.85055723 44.12196269 4 5 1
-17.46030167 -30.27984317 50.84497352 36 40 39
-14.27359095 -24.31247325 43.29754913 112 104 91
-14.61415621 -28.87940080 48.42154424 99 90 81
-14.63680698 -30.04361529 50.71902377 66 63 72
-12.77791427 -26.74594487 46.01931150 103 99 98
-8.14148938 -15.03162021 31.08991911 34 34 31
-4.26826120 -3.46348197 15.53851304 147 116 95
-2.85074181 -14.19050272 31.22249464 128 125 122
-3.49864167 -3.77117314 15.70109368 87 56 27
-1.47991447 -0.62352962 14.49319223 157 135 124
-1.02321180 -1.86189079 13.78780477 166 141 111
-0.55050149 -1.51274699 13.47993664 78 49 24
-0.55155884 -1.50214309 13.46408030 78 49 24
0.15669053 0.58314181 13.26779028 132 113 98
0.35920158 -0.09960240 12.69979345 56 38 12
0.37674730 -1.89108947 11.08863049 60 38 13
0.52723367 -1.49595932 11.25690449 63 41 16
1.83616793 0.80107467 14.81385258 56 39 17
1.03716398 -0.13649802 12.01693968 83 60 36
0.66349035 -2.50098205 9.97044706 176 146 116
1.63368001 0.50397073 12.39361598 128 104 84
1.31102582 -2.68967061 9.80650144 62 41 15
2.05902074 -0.27866366 11.80490393 62 34 11
1.93025741 -0.89767768 11.37590788 66 38 16
2.31476834 -0.98768467 10.17927778 59 31 7
2.33341167 -1.09123425 9.87172799 53 28 7
2.43772864 -0.89529719 9.98764363 126 99 72
2.56831603 -0.96106638 9.78427011 55 29 5
2.60899290 -0.94342386 9.75774068 66 38 14
2.96729603 -0.93070975 9.40888736 57 29 8
3.16684720 -0.90340727 9.41888361 60 32 2
2.97754595 -1.49178928 8.69109560 154 132 108
3.25106057 -1.03282007 9.11502341 49 21 3
3.34890554 -0.97677197 9.18211824 69 37 14
-10.97314635 -14.68565498 31.80759784 25 27 24
-10.95334925 -14.52875083 31.91434802 22 26 26
-10.31227824 -14.85389316 31.28663068 185 182 177
-7.79312980 -15.14972880 30.38207722 25 25 20
-7.70793789 -15.37229970 30.74192400 48 50 37
-7.10950649 -14.56360507 30.02036593 74 72 64
-7.31634173 -17.17255992 35.40025815 13 12 8
-6.40227100 -15.86971549 32.42049563 68 64 63
-5.42008403 -3.71830806 15.78136018 61 57 49
-5.30101122 -3.73134938 15.66427091 139 115 79
-5.29803111 -3.70990027 15.59504057 144 118 82
-5.21829537 -3.60589909 15.54716496 123 93 60
-4.82838079 -3.59418260 15.82446195 159 130 104
-4.54477365 -0.08104823 18.20264777 217 212 218
-4.29903907 -2.26540935 18.81049636 238 234 239
-4.29264937 -2.16698148 18.80814893 161 151 144
-4.40612970 -3.43975036 14.86570029 56 53 47
-4.16985156 -2.13344936 18.85459347 105 92 84
-4.15091808 -1.97169061 18.41105382 107 96 87
-4.00693541 -3.62495835 16.23485564 169 146 129
-3.94235704 -0.96240997 17.61828205 156 137 129
-3.90573625 -0.61776398 17.81594583 139 121 119
-3.87892042 -2.17213881 17.42544390 143 128 114
-2.65386289 -14.13523890 30.71394260 159 157 153
-3.84651742 -2.46668591 16.97163466 227 223 222
-3.83538617 -2.31597802 17.03897135 148 130 118
-3.66544803 -2.75028463 16.96479106 51 47 41
-3.65328573 -2.81097835 16.94545752 182 167 160
-3.59507848 -2.92555178 16.89719486 186 164 153
-3.59267951 -0.04571584 17.68533558 94 86 92
-3.48725382 -0.90450602 17.19304358 91 66 53
-3.52272368 -1.78397809 16.15114708 118 92 77
-3.41184438 -4.24122455 16.12764146 49 45 34
-3.45201788 0.01622169 17.41472612 74 57 49
-3.39834358 -2.67585066 16.09636316 131 109 96
-3.21403831 0.07884400 17.22240036 50 35 28
-3.17985418 -1.70474433 15.93929944 107 82 75
-2.86659248 -0.91958025 16.45502027 116 89 70
-2.67984186 -0.92446112 17.40685438 64 42 23
-2.68851901 -3.76891358 15.64170744 92 60 26
-2.64262502 -1.38650734 15.51084029 169 142 130
-2.34756406 -3.03430170 15.09128759 83 49 25
-2.10955880 -0.51985784 16.21139609 97 77 66
-2.11527586 -3.20694204 15.01230099 107 76 42
-1.64554847 -0.57067820 18.12450709 50 29 2
-1.64607422 -0.56754270 18.11953853 50 29 2
-3.56800524 -0.61254635 6.83401303 160 157 151
-2.04722270 -2.28436188 14.62991730 77 50 30
-1.42035935 -0.67219631 18.20494661 124 97 70
-1.97729176 -2.18328193 14.60358662 179 147 113
-1.96987373 -1.83948391 14.59148599 82 61 44
-1.38265706 -0.76127908 18.08012568 151 124 94
-1.82260444 -2.82383639 14.69191050 199 169 135
-1.78413376 -0.39425611 15.57376376 96 70 57
-1.04930674 -0.75481029 18.53072287 129 105 93
-1.61229786 -3.01664314 14.90562900 191 165 136
-0.98815280 -0.59486935 18.10534174 219 206 196
-1.50969363 -2.91392148 14.74731648 203 176 143
-1.61417425 -2.05997500 14.38791114 80 51 24
-1.43102901 -2.58891949 14.52695439 191 158 123
-1.52073661 -1.90761582 14.25975406 196 163 132
-1.40963465 -2.42307752 14.46138382 184 154 122
-1.28128089 -0.33427275 14.67656049 165 139 124
-1.22338843 -2.19975796 14.20516737 130 99 70
-1.21821289 -1.65919157 13.96512820 164 135 107
-1.06712677 -1.89395233 13.83652662 183 155 126
-0.80417020 -2.03079980 13.86428122 121 91 65
-0.72541761 -2.01077157 13.82142296 109 78 54
-0.62178780 -2.26579454 14.04462688 190 159 131
-0.76610259 -1.47409931 13.53896570 164 135 102
-0.57480729 0.67263725 14.30959541 99 72 54
-0.49098677 0.63584196 14.38769824 90 63 43
-0.58628850 -1.05855792 13.33551957 102 79 55
-0.48602798 -1.29731390 13.18847738 184 154 125
-0.09709282 -1.85260249 12.42440475 138 143 120
-0.06765557 -0.31226175 12.83894699 90 71 57
0.22822924 -1.94283279 13.06354546 191 171 147
0.11898059 1.17740220 13.70081498 46 29 9
0.32903503 1.09002993 13.50043731 66 42 15
0.40358237 1.28409700 13.72195296 111 93 70
0.51999136 -2.01147104 12.83082354 192 175 151
0.59201078 -1.83625392 12.68723137 73 50 32
0.30866018 -1.82372922 11.91741103 95 72 37
0.20325940 -2.20555819 11.37393232 190 183 161
0.44877734 0.00788512 12.41727332 137 115 95
0.30149705 -2.50657438 11.16800800 206 191 166
0.68689592 -1.62177692 12.34169087 67 47 27
0.29186453 -2.35901702 10.97539729 92 72 45
0.65858011 0.59476317 12.77593247 131 112 96
0.37076000 -1.66478414 11.32276614 75 51 24
0.67922366 0.38872952 12.69469227 101 75 60
0.73814108 0.61556882 12.90066893 74 50 31
0.99574436 1.11840173 13.49511737 122 103 86
0.35838459 -1.90546222 11.01346825 132 108 84
0.78011871 0.64832221 12.69802260 132 113 99
1.20393497 1.11966955 13.71989083 113 95 80
1.00840999 -1.03272793 11.86050306 40 22 2
1.88998868 0.85096469 14.37522563 83 58 30
1.99132333 1.29720680 14.46891593 133 106 79
2.11800893 0.87084384 14.59838175 104 77 56
0.71610979 -1.01196143 10.69470087 146 120 101
2.25426113 1.31860387 14.71248962 137 109 76
1.44175034 0.93351612 12.83699884 136 119 100
0.54790881 -2.21515884 9.86580658 95 64 36
1.37281169 0.57835607 12.20960835 136 110 87
0.85627649 -2.62218317 10.04640100 28 12 3
1.43217439 0.57832958 12.21132177 135 112 91
1.87615088 0.91326810 13.18167581 117 100 84
1.60208328 0.57428874 12.33920390 73 46 28
0.99279750 -2.77093644 10.05740600 73 53 28
1.01389438 -1.07104596 10.50120074 67 46 19
1.06711758 -2.95119066 10.01999935 64 41 17
2.47894619 0.71888745 13.88603374 225 218 212
0.93525780 -1.36105242 10.03432285 74 51 20
1.52958176 -0.92926534 11.27519606 59 36 13
1.75873964 0.46189569 12.08790851 80 54 28
1.28362518 -3.09173725 9.93770962 219 197 167
1.87361813 0.42268577 12.05145171 152 128 109
1.85937906 0.29986493 11.89709965 130 104 80
1.88234477 0.24497117 11.90776403 140 113 94
1.25586993 -0.82949849 10.30875472 78 53 30
1.34760297 -3.02715515 9.82300066 192 161 132
1.89304576 -0.23617086 11.60274151 123 95 74
1.96295736 0.00539256 11.78317925 76 50 26
1.60108787 -3.27451740 9.95682203 193 177 147
2.26400281 0.04200672 11.96882785 101 74 49
2.09008682 -0.88386105 11.31102994 82 56 29
1.40040666 -0.88848087 10.04609980 136 114 93
1.48717307 -2.51589108 9.69600996 176 149 117
2.25943012 -0.30363810 11.70570635 74 46 27
1.58344601 -2.69639009 9.68444392 64 40 7
2.17615458 -0.91708741 11.28616054 152 128 105
1.74829080 -2.92275806 9.73557362 95 62 27
1.67035651 -2.40124397 9.62300472 148 119 93
1.75025175 -2.75970593 9.64924170 196 169 136
1.78052264 -1.27842168 10.01969926 95 71 46
1.92928662 -0.99038028 10.29551778 91 66 33
2.14999134 -0.97325346 10.48857561 76 45 14
2.09067440 -0.93492362 10.35337575 152 127 100
1.98857792 -2.58138864 9.62481328 196 169 140
1.86949859 -1.79537738 9.55785524 106 89 60
1.86949859 -1.79537738 9.55785524 106 89 60
2.29288114 -0.87579253 10.34013867 148 123 93
2.21712143 -2.28632453 9.46452249 196 165 135
2.32544123 -2.28606118 9.42864069 75 46 16
1.96767464 3.66552000 10.59645790 139 142 149
1.96767464 3.66552000 10.59645790 139 142 149
2.37218151 -0.83979712 9.89957513 120 93 66
2.43539257 -2.14992196 9.30861603 65 40 19
2.87435819 -0.86345592 9.74398004 63 36 18
2.76176401 -2.09618071 9.08839069 136 103 69
2.63803297 -1.31208966 9.12515618 125 100 78
2.68273003 -1.41182392 9.04803128 64 40 16
2.89063519 -0.75780237 9.50191352 152 124 95
2.91463386 -0.96311129 9.31296236 138 113 91
2.95293922 -0.96614894 9.27539628 134 107 80
2.99418544 -1.12603090 9.18940724 60 34 7
2.96762037 -1.12841511 9.05738845 136 111 81
3.00513033 -1.14141533 9.04615933 99 72 43
3.00513033 -1.14141533 9.04615933 99 72 43
3.28410641 -0.93502696 9.46950921 59 29 3
3.28410641 -0.93502696 9.46950921 59 29 3
3.30830821 -0.91126745 9.48868744 128 103 73
3.33935343 -0.97933257 9.38761620 150 124 104
3.37292944 -1.07104737 9.22876150 99 74 53
3.30871848 -1.98207586 8.87851758 137 105 68
3.26190889 -1.69184137 8.71447829 94 67 42
2.07392068 -3.11851382 9.74382234 139 94 57
2.11639567 -2.87369475 9.69982953 80 43 6
0.30548294 -1.59394560 12.54511986 178 145 109
1.80598180 -2.72517146 9.62321977 67 40 8
2.32813006 -3.20797501 9.43935183 31 32 24
0.20144365 -0.58781245 12.50814102 123 102 83
0.20144365 -0.58781245 12.50814102 123 102 83
2.10488235 -2.45417528 9.49075541 98 72 48
2.86701376 -0.65944541 10.12346369 139 115 101
0.84794344 -1.44971070 9.58962315 134 116 98
-1.35953157 -1.96275213 13.99230805 180 151 116
-1.41392024 -1.10638774 14.09136141 81 64 46
0.97241671 -3.02119988 10.02352869 183 152 120
1.59903019 -2.89293785 9.72270417 180 142 103
-0.72470521 -1.95621393 13.71212729 84 55 21
-4.24307382 -3.84051232 15.61175260 229 223 214
2.18342694 -2.52206548 9.48119449 87 58 26
3.31222876 -2.24340204 9.23578973 176 141 104
-2.49326194 -11.13873576 27.48536750 137 134 132
0.59858001 -2.74248274 11.71551356 124 100 71
1.01390182 -2.93153429 9.98531759 50 29 6
0.93604253 -0.88979521 10.64435460 75 54 28
-1.49586701 -1.96322013 14.16960957 82 56 33
-2.56728028 -11.30699450 27.84349311 22 21 17
-3.26541170 -2.38850457 15.49460241 129 106 89
-2.51664189 -3.46710144 15.21350600 187 150 110
-2.49004879 -3.49871248 15.22920263 74 41 5
-2.59325010 -2.41050262 14.70991108 94 58 22
-1.32911716 -0.61661959 14.17597458 128 109 95
1.54408563 -2.74701798 9.58635152 195 163 131
1.29645386 -1.70237290 9.55516194 102 74 52
-3.55770078 -3.37957400 16.60170039 230 228 229
-4.71690636 -3.65928156 15.32514482 155 125 88
-4.34994914 -3.64794370 16.60151994 164 130 90
-2.11598566 -2.12041124 14.34478062 183 149 119
-0.91814314 -0.93395052 13.68909763 69 48 27
-0.42427372 0.40931926 13.65803098 148 127 110
0.39738050 -2.77613090 10.98808757 206 181 151
0.89561155 -3.15912490 10.57599480 78 51 15
1.32408076 -3.12128431 9.96847511 80 48 16
-5.14403084 -3.57791872 15.06202013 182 148 110
-4.73224503 -3.68953889 15.32563413 232 228 219
-4.65636575 -3.67305194 15.19270180 164 125 82
-2.73827327 -2.60834244 14.87578701 85 53 15
-0.15824519 0.84283747 13.90844707 137 115 104
1.51353712 -3.34696687 10.10641538 113 79 45
3.21198054 -1.38259726 8.66444455 147 125 111
-2.22217336 -3.19682714 14.89990582 174 141 111
-5.00772164 -3.41648310 15.09500960 149 110 67
-5.00772164 -3.41648310 15.09500960 149 110 67
-5.06588157 -3.23080486 14.99892931 221 216 213
-4.89621523 -3.63234101 15.28322738 159 132 94
-4.45959986 -3.72544460 15.33985216 148 111 67
-2.75626644 -7.41966298 27.92018277 36 35 31
-4.14941569 -3.79890506 15.65361494 150 115 77
-3.98897082 -3.89095155 15.93790875 152 128 93
-5.42437497 -0.03717369 17.09262375 148 154 166
-5.44289508 -0.00854813 17.21987123 148 154 166
-3.80225910 -3.53800680 15.42512704 222 215 207
-3.72436636 -3.57041133 15.48909830 222 217 210
-0.63952533 -8.61694423 38.00231361 143 136 119
-4.16519251 -1.98325970 18.09784390 141 137 126
-4.12010665 -2.00811660 18.17546564 98 97 88
-3.57585896 -3.41131422 16.49465842 218 213 207
-3.39891256 -3.89537162 15.54422838 190 152 111
-3.36955656 -3.77454295 15.61333757 124 91 57
-3.62953983 -2.92498347 16.40966571 124 105 95
-3.32345635 -3.62965263 16.25214254 213 209 208
-3.57401873 -2.96519551 16.36588532 175 160 149
-3.37312518 -3.41616466 15.76886778 114 89 64
-3.04527034 -4.16970432 15.97682226 223 213 203
-3.00914790 -4.14930173 16.01632263 179 148 106
-3.37278885 -3.30243632 15.84725122 152 125 98
-3.26015134 -3.53614185 15.77258097 183 145 115
-3.36533903 -3.27313960 15.81639548 157 124 97
-3.16764701 -3.66361941 15.91190370 75 51 36
-3.81021989 -1.92478172 16.13323540 183 166 151
-3.41120844 -2.94164846 15.81067770 140 114 97
-3.27253216 -3.27653707 15.62506317 67 41 17
-3.87638918 -1.62719252 16.35722264 190 172 162
-2.94196381 -3.98329498 15.75025046 49 27 5
-3.76443756 -1.86841223 15.99965222 181 163 150
-3.76443756 -1.86841223 15.99965222 181 163 150
-3.63301449 -2.07338544 15.87789960 172 153 143
-2.94330003 -3.35270388 15.34648853 161 123 78
-3.28089921 -2.43367020 15.49062461 77 55 41
-3.62584964 -1.40854699 15.96222481 172 153 147
-3.44740130 -1.90479635 15.55007276 167 149 137
-3.20554134 -2.37803749 15.28960777 75 49 32
-3.64835234 -1.06125994 16.20560743 104 82 69
-2.53364533 -3.85772044 15.50165428 183 145 100
-3.60176757 -1.10755348 16.16670091 173 151 139
-3.41734597 -1.54367116 15.67763605 186 167 153
-2.90861840 -2.85364848 15.10466936 154 118 86
-3.08324792 -2.25994694 15.21538195 86 60 44
-3.57529654 -0.73090217 16.28163415 137 119 112
-2.64937406 -3.19073516 15.06427673 80 53 25
-3.05248937 -1.97039191 15.17333890 153 134 120
-2.59092655 -3.06697576 14.99358133 164 124 75
-2.82333116 -2.41482226 14.97632724 70 45 28
-2.79170457 -2.53930705 14.80970137 178 148 118
-2.79216702 -2.44898047 14.89183727 140 117 93
-2.81292061 -2.08459139 15.02015130 162 140 119
-3.09594364 -1.00465751 15.77771378 151 132 120
-3.06246187 -0.88159151 15.86566696 98 72 54
-3.00631179 -0.99090484 15.79777086 144 123 108
-2.45023389 -2.62898972 14.68698394 132 105 78
-2.92396204 -1.06445201 15.53590637 162 145 136
-2.54956435 -2.24518552 14.75635510 140 115 93
-2.30906375 -2.81687763 14.77572118 179 138 96
-2.48915543 -2.19811848 14.69343054 136 111 88
-3.12862551 0.16368562 16.49057434 63 57 50
-2.74589669 -1.08067784 15.41634148 116 95 87
-3.03047173 0.15512502 16.43923967 78 68 63
-2.26036711 -2.33337074 14.57141845 169 136 100
-2.45964361 -1.74850434 14.69389531 65 37 13
-2.33016307 -1.28170429 16.81245448 109 90 76
-2.44354701 -1.79401800 14.65719746 149 126 108
-2.07029575 -2.61933159 14.54124034 171 132 93
-2.47163045 -1.02601831 15.09435636 178 161 157
-1.61328042 -3.21236464 14.95343610 193 154 112
-2.43595668 -0.82354801 15.37947777 189 172 164
-1.74175643 -2.80457183 14.61035831 190 149 105
-1.99294845 -2.15100451 14.38374521 162 127 83
-1.76101311 -2.42466487 14.37249238 168 130 88
-1.26827050 -2.90620999 14.49564027 153 113 70
-1.13026859 -2.83355041 14.70096694 184 150 111
-0.92113852 -2.98135904 15.20575188 163 128 88
-1.71774837 -0.76034836 14.39400078 121 98 87
-0.69679246 -2.76470383 15.26812887 167 133 95
-1.53489056 -1.23727815 14.10348008 74 52 38
-0.99231310 -2.36979600 14.17889626 184 146 101
-0.93403586 -2.38028599 14.22341530 103 65 23
-0.71485869 -2.22740929 13.92048343 196 159 114
-0.55204314 -2.33487023 13.98680899 193 156 111
-1.09924982 -0.28622730 14.03315633 141 125 110
-1.09924982 -0.28622730 14.03315633 141 125 110
-0.77340880 -0.90988372 13.46239936 78 56 34
-0.62301321 -1.22552257 13.35034876 136 112 85
-0.32778550 -1.72233096 13.25964878 172 134 91
0.15582858 -2.16898773 14.02509608 202 172 134
-0.51413413 -1.26423435 13.07547735 137 109 78
0.33476861 -2.18555717 14.32046525 163 139 111
0.23753312 -2.19461810 13.99560516 196 165 126
0.19251283 0.05694528 15.94922502 84 61 40
0.06000531 -1.86362571 13.17546749 186 148 108
-0.51002947 0.53536623 13.89119933 154 135 128
-0.41449513 0.55840505 14.00002181 101 79 68
-0.27413370 -0.93762166 12.83063202 123 99 73
-0.47980303 0.67876775 13.80340226 166 142 131
-0.36701968 -0.25873919 13.02775662 96 76 60
0.47851464 -2.06041354 13.21157072 190 157 118
0.46053078 -1.99190334 12.90877279 89 57 18
-0.19030973 -0.27523391 12.82281374 133 110 95
-0.26150242 0.85379143 13.55609418 144 126 113
0.52216015 -1.89854093 12.83874579 84 48 15
0.53651080 -1.93902686 12.66407381 158 136 106
-0.11433254 1.15723025 13.58565638 128 105 87
0.76116897 -3.07829831 11.54733001 130 104 75
0.27851019 -0.81048529 12.32195411 57 33 5
0.53293518 -2.80316750 11.13219224 123 100 68
0.32895683 -2.61140089 10.69282458 97 74 43
0.43756578 -1.14781022 12.19110218 120 99 76
0.64318983 -2.99862761 11.02082303 109 80 47
0.69968374 -3.11812432 11.04505073 182 157 124
0.29082784 0.99488221 13.59549545 79 59 33
0.77154088 -3.17390800 11.14804393 193 168 134
0.56665753 -2.96157505 10.76907609 90 61 27
0.58396168 -3.03416360 10.72414258 184 158 130
0.30965074 -2.57184743 10.50518235 155 131 102
0.28046787 -2.49854277 10.47680349 190 169 140
0.13852532 1.77825997 13.59590831 103 88 69
0.81125642 -3.23590194 10.81513051 129 105 74
0.42836030 0.86230252 13.31181588 130 112 94
0.42836030 0.86230252 13.31181588 130 112 94
0.36550215 -2.72916621 10.22723100 187 161 127
0.36817926 -2.72744078 10.22960242 187 161 127
0.33846942 -2.61359315 10.19888793 168 145 120
0.74239068 -3.03901582 10.39423145 126 100 63
0.62287511 -3.01977950 10.13208686 198 175 143
0.74275168 -3.04591087 10.07422992 214 190 156
1.48364882 -3.67691752 11.01639529 171 148 112
1.01285038 -3.18530343 10.36605651 97 61 28
0.82517036 -2.96782319 9.97531066 50 33 13
1.15113638 -3.25944052 10.29167528 140 115 80
0.74779266 -2.55815196 9.99452694 72 46 19
0.79854963 -2.52095590 10.02278469 112 86 53
0.81047482 -2.45440354 10.04871196 129 97 67
1.10858014 -3.11913120 10.14150128 192 162 126
1.31773309 -3.35382307 10.27510712 208 183 146
1.09083808 -3.05773249 10.01647583 199 167 133
0.89282760 -2.27639706 10.03820324 44 22 5
1.47939793 -3.42127844 10.29093191 136 103 62
1.19869311 0.15626333 12.15233632 118 100 76
1.97042703 -3.76198496 10.82473130 204 175 137
1.25196608 -3.04909410 9.94184896 192 163 127
2.08503708 -3.82260740 10.87736534 198 167 128
0.98948436 -2.35061833 9.81453090 111 82 50
1.56663276 -3.40293924 10.17863558 141 108 67
1.24964185 -3.01724659 9.82936293 124 92 53
1.85221014 -3.59606144 10.48781924 188 159 120
1.48983866 -3.22543139 9.95016976 144 112 73
1.43324629 -3.02945634 9.78848151 182 149 111
1.35316420 -2.90201040 9.67416489 95 67 39
1.00526262 -1.80355496 9.70814208 133 113 89
1.49258779 -2.98184907 9.77849532 176 142 98
2.71451221 -3.76369966 11.28182947 218 211 196
1.52275891 -2.94339262 9.72800775 179 147 100
1.14109607 -1.45254839 9.79901592 127 107 83
1.17853003 -1.36547639 9.83023513 65 39 16
1.85896742 -3.12304824 9.85699686 88 50 13
1.66434476 -2.81222405 9.71458022 184 149 108
1.31526482 -1.86055897 9.64487895 184 157 120
1.88634206 -3.09486499 9.83714426 86 48 5
1.94000761 -3.04588008 9.82916799 97 62 24
1.42663787 -0.99148091 9.88220395 201 196 186
3.33804573 -3.19984207 11.29835965 174 146 115
1.80272347 -1.44772252 9.83482513 99 77 54
1.90366927 -1.25384009 10.14449309 84 62 37
2.34382323 -2.57760086 9.58043662 186 151 111
2.32488349 -2.52105498 9.53142814 179 144 107
2.05725544 -1.85802577 9.41364694 110 88 65
2.16976366 -1.72089942 9.46588486 55 34 15
2.75388391 -2.75244585 9.69943522 142 105 62
2.52109778 -2.48500963 9.41091170 90 53 9
2.78450548 0.71012755 11.18605224 216 207 192
2.50344337 -1.94363384 9.17157050 136 106 73
2.55192742 -1.36737170 9.24724391 66 46 17
2.65681705 -1.76049234 8.99366928 91 67 38
2.66068964 -1.12780300 9.27730393 132 111 91
2.67584964 -1.81060800 8.98234857 171 140 106
2.90196898 -2.17620197 9.06725789 85 50 20
2.78983483 -1.11310237 9.13013766 107 86 59
2.80939190 -1.45900974 8.93359650 57 33 4
2.76884319 -1.58282891 8.81497712 176 153 121
3.03057571 -1.95242351 8.88310776 185 148 103
3.08331486 -1.90247184 8.83067781 174 141 97
2.87519811 -1.56435542 8.71974691 168 144 113
3.29258932 -1.28631626 8.73218287 13 11 8
3.35943816 -1.17318006 8.84093951 228 223 204
-4.33041232 -1.96146329 18.02547355 148 140 131
-1.17921563 -2.46722418 14.40397798 186 146 99
-1.34129061 -1.99995567 14.05286814 123 90 57
-0.92337800 -1.64312927 13.75505495 75 48 20
-0.16553293 -1.08090648 12.88997893 192 156 120
2.43693508 -0.96548163 9.77064231 114 93 63
-3.42800864 -4.47718731 12.92921373 238 229 208
-1.60803867 -1.23388823 14.28206960 88 67 49
-0.93298652 -0.61004684 13.85348181 69 48 31
-0.04652941 0.79440486 13.81466040 46 27 10
1.08598240 -0.41883263 11.60868900 77 54 26
3.07243735 -0.72430456 9.66867397 236 227 213
-3.12793287 -1.18880280 15.72332690 108 90 76
0.63761986 -2.18262032 13.66015366 170 142 108
1.49413144 -1.41586919 9.55821278 108 87 67
1.51503380 -1.41122845 9.56713540 108 87 67
2.32524563 -2.13777284 9.32218566 176 145 120
-2.69997109 -3.66476596 15.35314030 83 44 17
-1.42788460 -3.43918582 16.38417972 162 131 95
1.45719952 -3.38671555 10.31127099 203 168 128
1.43199835 -1.67745777 9.58274112 160 134 111
2.34022541 -0.01209073 11.95918014 212 201 197
2.37379618 -0.15455198 11.85914944 94 76 60
-3.90978562 -2.38054618 18.32963755 217 218 220
-6.89136127 -6.35946427 14.82571497 144 143 139
3.26589100 -1.21241077 8.90664763 115 92 59
14.92911264 -19.20103617 52.56919967 87 84 77
18.29708538 -20.33711712 45.86264734 156 149 139
18.29708538 -20.33711712 45.86264734 156 149 139
-1.80605458 -3.71123221 15.80297686 161 139 107
1.40032187 -3.20140393 10.26334078 110 71 43
-5.53823309 -2.54733544 10.41088180 206 202 201
-0.79541939 -2.01037846 13.92154161 72 44 14
-1.02938626 -0.53041503 14.00414075 158 138 122
-3.39117851 -1.89859336 15.51411285 111 88 74
18.22068085 -21.20867503 47.04923881 171 167 158
18.29922758 -20.83428985 47.42616648 170 170 162
18.29922758 -20.83428985 47.42616648 170 170 162
18.27227905 -20.81140921 47.37125250 170 170 162
18.27227905 -20.81140921 47.37125250 170 170 162
-4.06024657 -3.13836012 14.53986766 136 107 77
28.70994746 -18.52875057 82.90655210 103 100 93
1.49134700 -1.13818414 9.77873920 135 113 91
2.65278234 -1.92719109 9.13410701 180 151 117
-3.97934361 -1.92400966 16.67969120 127 106 87
-7.00292191 -2.99629313 10.60765677 107 108 114
-0.86551260 -0.40506956 13.86269750 144 119 105
-0.96704687 -7.21830235 27.74675952 221 221 213
-3.93334630 -2.07968081 17.19646256 217 217 219
3.01333441 2.10544142 16.19072771 138 120 100
-2.76642402 -2.81640696 14.42497459 195 161 124
56.23946336 -60.35137434 94.49806864 156 147 139
-0.01867440 -0.27010686 12.77095651 50 32 18
0.60474585 -2.02848827 12.78334778 206 180 144
0.22754205 -1.81812249 13.23087870 100 75 35
4.42067417 -17.35395232 28.91452686 163 160 151
7.23250217 -19.13852953 33.43752207 163 160 151
-3.29745719 -0.91778890 18.94380309 137 131 135
-0.49838691 -1.02261854 13.24267955 74 51 30
-2.75612237 -3.68079278 15.41032742 86 49 22
1.16495303 -3.41101256 10.67400913 212 182 147
1.19377072 -3.16886629 10.04796609 76 43 10
-2.94705842 -3.50662646 15.21814773 104 72 35
-3.61062475 0.05923001 17.25314440 145 136 129
-2.38549829 -2.66277857 14.66400275 96 67 34
-2.37285312 -2.25601295 14.56085504 99 63 28
-2.18489188 -0.89469341 15.05478423 108 87 73
-1.28827807 -1.75824975 14.01237834 170 141 106
-0.75347416 -1.66794557 13.55384331 153 127 102
0.46264909 -2.32637632 12.03054931 95 64 22
0.26560549 -2.34651743 11.57875025 92 60 27
-0.19528879 0.97313444 13.91732723 98 75 58
0.42897335 -2.62688782 11.19333813 53 25 0
0.35612862 -2.73302124 10.96140792 156 124 86
0.94627456 -3.18860688 10.42476903 79 45 15
1.19405187 -3.16611470 10.02503018 86 49 17
0.43022924 -2.87962478 9.90888489 89 59 31
1.45318450 -3.14641831 9.81485184 180 146 109
1.10183904 -0.81411375 10.83068283 231 223 211
0.52805694 -2.15089391 9.70895297 162 138 111
0.99926654 -1.56425263 9.68189404 143 120 102
1.09331311 -1.55177305 9.66330334 81 60 39
2.69229674 -1.58154193 9.03756317 47 27 2
-4.04524991 -3.91985621 15.73991024 151 131 105
-3.55367344 -3.99748080 15.53192159 144 108 66
-3.55367344 -3.99748080 15.53192159 144 108 66
-3.34596719 -4.02134705 15.70090071 145 115 80
-3.70372506 -2.79644938 16.64598265 175 162 154
-3.65013898 -2.73420893 16.73838925 173 154 147
-3.40845221 -3.81444770 15.50772629 180 149 112
-3.78486215 -2.37976480 16.71071859 70 47 32
-2.99895277 -3.90719890 15.69706456 55 30 3
-3.98408556 -1.88527975 16.78281353 100 77 62
-3.10300401 -3.44597682 15.43862163 167 134 97
-2.80296574 -3.66667198 15.43340211 184 155 120
-2.95466416 -3.59006317 15.33778003 170 141 108
-3.94007373 -1.34930851 16.77713513 163 140 125
-3.88402151 -1.29832301 16.76903465 158 136 121
-3.90866070 -1.24764009 16.75231747 86 64 53
-2.63294225 -3.58388156 15.28476267 70 38 12
-2.71848621 -3.54927662 15.21534878 196 166 131
-3.96421433 -1.08395413 16.70189349 101 78 62
-2.66699765 -3.50422687 15.19672899 171 142 112
-3.24490512 -2.87323400 15.32853808 88 63 45
-2.51626988 -3.59047504 15.19177919 122 88 60
-3.80254566 -1.14890325 16.63846562 83 60 45
-2.67942701 -3.45986160 15.12303802 156 129 99
-3.83292344 -0.91517244 16.79470789 146 124 112
-2.20593811 -3.66299700 15.27075686 226 221 215
-3.49015050 -2.05478760 15.70802838 99 76 62
-3.49015050 -2.05478760 15.70802838 99 76 62
-3.71090534 -1.50302566 16.11016460 82 57 44
-3.71207491 -1.50373088 16.10795236 82 57 44
-2.54072371 -3.41629703 15.04830234 71 36 10
-3.48153764 -1.97639499 15.68498680 98 71 57
-2.95856081 -2.89292094 15.14060431 168 137 109
-3.55765517 -1.71249433 15.80386125 82 58 44
-3.63078597 -1.43242395 16.00716144 86 58 44
-3.53261964 -1.56153903 15.93514775 71 48 40
-3.54426498 -1.30499465 16.16385070 78 51 39
-2.78290356 -3.00974213 14.97402182 161 135 110
-3.52065562 -1.32528225 16.11199254 150 128 115
-2.97670291 -2.70947561 15.05455351 73 45 24
-3.33261112 -1.89308065 15.56718338 91 69 55
-3.35748702 -1.46926521 15.92426672 85 61 49
-2.85875404 -2.74373245 14.99281947 106 75 44
-3.36793515 -1.58839836 15.77488248 171 154 146
-3.45332509 -1.60920494 15.67596356 171 154 146
-3.42022782 -1.58974145 15.67382353 88 69 50
-3.47656175 -0.74947855 16.49849089 141 123 108
-3.35590309 -1.20238513 16.10701407 88 63 50
-2.76211855 -2.73905435 14.97573664 161 132 99
-2.45364648 -3.01243079 14.94815609 53 31 8
-3.40288645 -0.79355687 16.45307809 155 140 129
-3.46532076 -0.80521950 16.34984440 108 89 74
-3.51388939 -0.51826952 16.60994415 149 130 120
-3.26483545 -1.41084514 15.86834210 71 46 33
-2.76677352 -2.70349443 14.91043641 160 130 96
-3.11704702 -2.06309152 15.25294648 169 149 135
-3.30629174 -1.22146289 15.94622698 144 126 115
-3.20154697 -1.47862265 15.66861209 161 146 137
-2.71473447 -2.59993096 14.87076498 93 63 35
-3.06425149 -0.53070344 16.76249867 67 47 36
-2.89675008 -2.27305647 15.00901210 161 139 124
-3.04947503 -0.94911021 16.10323870 95 77 65
-3.13576796 -0.35544137 16.51946228 124 104 87
-2.77760305 -2.18032380 14.88684259 146 121 101
-2.89346256 -1.25156167 15.69816792 150 130 118
-3.04024772 -0.39419031 16.43562473 116 97 82
-2.56523749 -2.37260498 14.72498033 178 152 123
-2.86239246 -1.45074354 15.41787145 68 47 30
-2.68095178 -1.94420668 15.04001532 63 40 31
-2.55246020 -2.34915393 14.71681402 96 70 45
-2.75059732 -0.92271857 15.97236767 85 62 50
-2.77541301 -1.43554512 15.39017743 147 128 120
-2.74748191 -1.63371057 15.15919460 64 40 26
-2.81290183 -1.05018925 15.68151933 89 67 54
-2.69832798 -1.36457136 15.43802038 67 45 34
-2.36707081 -2.39818687 14.66159639 163 134 103
-2.69136564 -1.72503443 15.04045798 131 112 100
-2.52660765 -2.12908217 14.74624174 55 33 19
-2.63340624 -1.57253428 15.16043727 65 41 28
-2.65127149 -1.69097460 14.88578450 90 71 56
-2.50071435 -1.78323106 14.89047823 57 33 22
-2.54930420 -1.01847506 15.61101111 76 50 41
-2.60270920 -1.07076191 15.50572684 154 135 124
-2.35896244 -2.19027333 14.54250891 76 51 35
-2.54525542 -1.36182056 15.14811454 158 139 136
-2.50095573 -0.98120845 15.54069116 81 60 43
-2.14109870 -2.24068021 14.53812625 173 143 109
-2.46464398 -1.19153529 15.29099060 71 42 29
-2.51273487 -1.00951169 15.43142030 155 135 124
-2.04494138 -2.18996215 14.48785870 177 147 117
-2.37673618 -0.95516699 15.42987393 130 110 99
-2.33915939 -1.14212799 15.17690634 156 137 126
-2.12514518 -2.04059560 14.44623474 181 155 131
-2.12806651 -2.04472448 14.44393234 181 155 131
-2.33993141 -1.18816249 15.09673815 124 107 104
-2.33993141 -1.18816249 15.09673815 124 107 104
-2.27100847 -1.32485073 14.94843699 72 48 38
-1.72905345 -2.22651728 14.34163908 113 82 56
-2.09331200 -1.53059566 14.68881806 63 42 24
-1.41365699 -2.29942441 14.33861289 150 120 93
-1.88819674 -1.93992926 14.29281819 162 135 110
-2.17278631 -1.33615062 14.61946208 144 127 115
-2.15453219 -0.84756176 15.05469196 93 71 59
-1.28909245 -2.26393308 14.26002347 127 93 66
-1.21097017 -2.29352270 14.27752601 125 90 63
-1.55116434 -2.09617884 14.21627328 164 132 107
-1.99217399 -0.94551476 14.99953404 143 126 115
-1.95898858 -0.65232638 15.29136638 70 45 40
-1.02621796 -2.33476716 14.31145340 182 150 110
-1.81024242 -1.81755563 14.27140853 78 52 33
-1.35798263 -2.15542998 14.23859739 174 143 108
-1.61518787 -1.94993358 14.25281197 176 146 112
-1.25280905 -2.18014832 14.25099301 72 36 11
-2.05454528 -0.95038750 14.87598652 153 135 123
-1.11324980 -2.29968382 14.21726142 111 78 33
-1.78135091 -1.59146689 14.23602510 141 117 94
-1.32288174 -2.06269173 14.08408453 189 163 133
-1.79291735 -0.80165387 14.94569103 69 43 36
-1.02683135 -2.24301822 14.06915272 101 67 32
-1.69903595 -0.51166509 15.13788222 81 59 45
-1.78118115 -0.88889290 14.73134408 95 74 60
-1.58110274 -1.74635219 14.06885862 167 141 114
-1.09281801 -2.08262416 14.02898198 173 146 109
-1.76741268 -1.08768628 14.51514831 144 125 111
-1.71548921 -1.10309713 14.51003873 86 67 52
-1.20635393 -2.00448808 13.95692567 160 132 102
-1.04350824 -2.07521196 14.00379112 64 31 3
-1.43601291 -0.37335498 14.94920781 91 66 59
-1.34003808 -1.56201543 13.92968392 83 62 44
-1.40177079 -1.32253841 14.10814880 129 109 96
-1.10509704 -1.70401820 13.89384541 75 52 29
-1.00283218 -1.88113519 13.77974969 96 70 38
-1.40964364 -0.57746033 14.58438199 81 57 45
-1.03417991 -1.62984518 13.79082631 187 163 136
-1.46554284 -0.95780178 14.08035833 143 127 113
-0.40121485 -2.06060595 13.69208716 183 151 113
-0.40121485 -2.06060595 13.69208716 183 151 113
-0.91875341 -1.51834625 13.66404823 184 159 131
-1.27914905 -0.12178640 14.60324551 149 132 124
-0.45791473 -1.79526660 13.59682676 59 28 8
-0.51192921 -1.74334468 13.57257839 167 136 107
-1.12115472 -0.46668795 14.24705376 139 120 113
-1.08516024 -0.69425294 14.05200443 67 48 34
-1.11704418 -0.74696477 13.98148801 140 122 110
0.08976483 -2.00659225 13.52137239 130 95 67
-0.60657694 -1.56807815 13.51096495 100 78 56
-0.44066865 -1.71842949 13.44890349 136 101 70
-0.65386098 -1.47892136 13.53000376 163 136 106
-1.08568865 -0.18766448 14.38295565 150 132 125
-1.01974446 -0.70753371 13.96938955 131 113 103
-0.96434674 -0.35714521 14.24809481 76 54 43
-0.97445668 0.07889407 14.59161843 145 128 118
-1.00232751 -0.40483007 14.15086199 151 134 121
-0.16173887 -1.64341174 13.24471478 68 39 15
-0.14783071 -1.71450693 13.15205498 148 118 87
-0.41869151 -1.33169052 13.24778111 166 136 106
-0.50827650 -1.23610158 13.24283618 79 54 27
-0.60478885 -0.96356122 13.31391736 151 126 104
-0.44805150 -1.16550890 13.10445883 71 45 25
-0.57494323 -0.42437306 13.60394866 79 59 51
-0.42877291 0.66715883 14.46536134 142 123 116
-0.49181789 -0.81285710 13.23837320 72 50 29
-0.42457900 0.54501484 14.29455051 138 120 111
-0.55048988 0.11937876 13.89301162 150 129 124
0.37170842 -1.82322100 12.69812682 179 147 111
0.50802271 -2.04021127 12.49259974 45 29 4
0.58392333 -2.26973801 12.26698572 68 42 18
0.82293160 -3.18232706 11.59408715 102 74 41
0.45630643 -2.33221349 12.09356958 145 122 96
-0.05625972 -1.29567175 12.70195416 154 123 91
0.52367819 -2.00080058 12.37878362 113 89 63
-0.29323553 0.58903001 14.07459848 137 117 108
0.49022921 -2.37284941 12.04952648 155 131 103
-0.16385031 -1.06727083 12.77326354 171 142 115
0.51525365 -2.87951148 11.61792561 96 68 43
0.41122283 -2.11108047 12.15468722 70 46 7
0.68669266 -3.00814747 11.54877901 137 116 89
0.47588653 -2.34736096 11.96641704 76 53 22
0.42329073 -2.06784246 12.16449513 160 134 108
0.58382383 -2.92915910 11.53875730 122 96 69
0.33689748 -1.50874348 12.54868944 159 126 93
0.60280516 -2.96179717 11.50707409 83 54 30
0.25225375 -2.24895752 11.91791681 157 130 102
0.43199956 -2.53741488 11.74672298 150 123 98
0.49447578 -2.69066059 11.64836472 76 51 22
0.44684836 -1.94076036 12.20156733 64 40 15
-0.29060088 0.31356863 13.61586882 141 119 105
-0.26344054 -0.46182047 13.00099884 60 43 23
0.08007217 -1.18833570 12.55305393 152 120 96
0.30896711 -2.38950900 11.68849296 164 138 108
0.51579650 -2.76524042 11.46771061 68 43 18
0.41925783 -2.50801911 11.63111326 78 50 26
0.35615465 -2.39637056 11.68939310 168 140 111
-0.22576232 1.02391151 14.07067892 62 40 26
0.62415008 -3.02422747 11.25369323 74 47 26
0.62793932 -3.07925884 11.21050180 93 70 39
0.72565920 -3.11953316 11.21020747 196 166 139
0.23527994 -1.35992741 12.37821329 56 33 8
-0.07661835 0.79253767 13.86567162 32 15 7
-0.07614091 0.79232096 13.86396087 32 15 7
-0.29322688 1.15597316 14.06494734 66 43 29
0.60568973 -2.88615316 11.23506954 65 35 9
-0.03778731 0.82816306 13.82457271 33 14 8
-0.17337124 1.36006208 14.12502355 60 41 27
-0.09572197 1.10159468 13.92210587 50 32 14
0.42576471 -2.66062557 11.22707521 66 38 11
0.49473663 -2.82924515 11.06939123 88 58 37
0.12214702 0.86846882 13.72902993 103 86 70
-0.00587604 0.29275893 13.22374173 52 31 2
-0.00103724 0.42585880 13.19342535 136 119 107
0.95649845 -3.32967157 10.71264952 211 182 150
0.61004594 -3.05326151 10.79443146 188 156 127
-0.15306365 1.79740333 14.16737352 111 91 80
0.50092485 -2.86337450 10.86950938 54 35 13
0.64405606 -3.07079975 10.74443618 141 110 84
-0.12544547 1.96340890 14.24599132 96 81 73
0.44513115 -0.97725446 12.22686227 35 16 2
0.28396140 -1.84764246 11.49366147 54 29 9
1.11686485 -3.38491677 10.58567991 90 57 30
0.22540258 -2.30646624 11.06642553 48 27 2
0.28379983 -0.38984020 12.50911638 47 27 2
0.21443306 -1.91598582 11.31939769 121 96 71
1.14686056 -3.39310522 10.48334276 81 44 17
0.76480317 -3.11187878 10.55218608 118 85 56
0.76480317 -3.11187878 10.55218608 118 85 56
0.53353667 -2.89904685 10.61636058 170 137 104
0.24820504 -2.45048675 10.82959363 143 121 97
0.64875407 -3.07300935 10.49318903 89 57 27
0.34487395 -2.63539779 10.73387684 62 40 17
0.66734017 -0.98920577 11.97234040 70 52 28
-1.00928591 2.52070201 13.98749995 209 200 205
1.28352297 -1.21017237 11.99081329 49 26 8
0.97034326 -3.19700513 10.36580401 69 43 2
0.54835525 0.16355591 12.61697177 79 56 38
0.41608655 -2.92967371 10.34108464 163 134 105
1.02877071 -3.20150527 10.30861474 81 47 23
0.77093222 -3.08146280 10.29983903 98 65 43
0.75285631 -3.05292365 10.30868108 92 59 43
0.94439299 0.69283863 12.88480478 81 62 47
0.25447450 -2.43264236 10.40925786 58 34 9
0.69323751 -3.04085687 10.07740548 204 171 148
0.51215753 -3.00193810 10.03898230 162 132 105
0.62754937 -3.06255317 10.02734425 149 117 91
0.40964015 -2.53811799 10.30219740 59 35 10
0.30841584 -2.65392105 10.18179195 65 36 8
1.12981145 -3.12978534 10.02294928 198 164 136
0.47368512 -1.42705171 11.04572937 123 99 74
0.41343783 -1.77636206 10.74212339 65 43 19
1.14161300 -0.56783589 11.72733065 44 23 4
1.12616224 -2.97069813 9.86262972 178 147 121
1.15110628 -2.88465812 9.90713244 39 21 3
1.34207477 -0.49075684 11.60894290 81 59 38
0.41206454 -2.57337741 9.90999678 55 31 16
0.41538597 -2.42369191 10.00993382 115 89 66
0.54488300 -1.59273478 10.60245186 114 93 68
0.60618047 -1.40988001 10.68805643 43 23 1
0.52902577 -2.47677356 9.85069409 180 148 119
0.70768447 -1.16458038 10.75013966 72 45 26
0.53116900 -2.02276022 10.12462546 70 45 25
0.47982132 -2.41133152 9.84492049 191 162 131
0.66688799 -1.44815872 10.45457213 55 34 7
0.49138869 -2.23417911 9.82786167 55 29 10
0.53213079 -2.32416349 9.75049731 168 139 99
1.13988798 -2.54500136 9.71069610 107 80 52
0.51382147 -2.21727925 9.78688862 60 33 16
0.62146905 -2.03234033 9.91226160 44 23 2
0.90512832 -1.02777792 10.54262307 67 41 18
1.41830123 -2.60695756 9.56479379 120 95 75
0.80058908 -1.46008569 10.10654606 59 37 12
1.41572539 -2.39608539 9.56685528 97 69 41
1.49448664 -2.41915306 9.55705260 145 116 88
0.73482270 -2.01537123 9.62021069 93 65 41
0.85667170 -1.40649306 9.99994862 71 45 31
1.31003861 -2.12281539 9.56186499 28 25 21
1.75689203 -2.19587746 9.54503085 66 46 21
1.87998921 -2.40737371 9.43265344 65 41 1
1.58256364 -1.98446098 9.65496864 0 1 0
1.66430630 -2.04044620 9.53127236 75 60 45
1.07114072 -1.80927020 9.54272771 88 64 40
1.14030260 -1.66873179 9.63422300 51 36 14
1.16879684 -1.52703393 9.63131913 63 40 22
1.95014736 -2.00913252 9.42711548 73 50 20
2.02183931 -1.97849243 9.43515428 66 46 23
0.89812897 3.20487784 12.16155483 122 123 125
0.89812897 3.20487784 12.16155483 122 123 125
2.16361921 -1.44267250 9.41014334 63 38 18
2.37970375 -1.90841004 9.12697557 87 60 32
2.24048615 -1.24073718 9.50975470 49 29 14
2.45293476 -1.73803212 9.17431427 157 133 109
2.52749062 -1.54785360 9.09165982 110 87 63
2.75694887 -1.70267913 8.88569862 177 152 128
2.61369433 -1.64267250 8.73170276 178 153 132
2.84549580 4.14077535 11.26373647 123 124 128
0.18666185 0.65233287 13.66311028 100 81 61
-1.77719635 -2.08044670 14.37074290 80 53 26
1.32781602 -0.51909729 7.35666634 125 105 79
-3.04017509 -2.25066590 8.16340652 28 27 22
0.20039281 0.82498535 13.72953379 76 59 46
-0.12881997 -1.33716172 12.92508929 78 49 22
2.92288012 -2.54477031 9.35951599 64 56 37
1.91125774 0.75028597 13.02870357 102 81 57
-8.51817510 -3.92415521 11.13642412 142 142 145
-3.39592968 -1.54342922 15.51775500 160 140 130
41.73347142 -2.98644672 33.44989256 87 82 53
3.24672990 2.54658468 13.58179846 219 210 201
-2.25896611 -2.87528867 15.00119989 163 127 91
-3.74573066 -3.43798069 16.11461340 116 89 58
-3.25117462 -3.79653552 15.93142906 166 132 86
2.35436848 1.30324303 13.74244537 208 201 183
2.40104550 0.56147342 12.77327348 103 82 63
-1.14692564 -0.07244290 16.52343241 215 203 191
0.98288868 -0.91025747 10.85655143 125 101 79
-5.40056799 -3.50418808 14.72748756 238 233 228
-5.36894856 -3.47102417 14.81313871 238 233 228
-2.94532032 -3.81895478 15.71065326 180 140 98
0.25893091 -2.54691456 10.44069099 97 65 37
-4.13433841 -1.92085583 18.15531893 145 137 130
-4.13433841 -1.92085583 18.15531893 145 137 130
0.35287501 -2.63275131 11.38826120 122 95 68
1.16512851 -2.51308010 9.73493820 164 137 109
16.05059205 5.66988080 7.90465940 211 201 191
-3.38968747 -3.04375733 15.56922473 106 79 52
-3.84452765 -1.65585668 16.35787358 175 157 141
-3.37409957 -0.86047143 16.25719139 84 66 42
1.67098000 0.45611097 12.21589413 215 207 196
1.08277064 -2.52779081 9.80989933 80 56 35
-5.28066727 -3.46388849 14.78760511 117 93 61
-5.28378028 -3.43024873 14.79454928 168 150 125
-5.28378028 -3.43024873 14.79454928 168 150 125
-5.23756679 -3.40058878 14.76334893 102 81 53
-5.21429313 -3.42176275 14.71266501 104 79 49
-5.54876777 0.08646629 17.24791822 140 139 145
-3.95548521 -1.94104298 16.75829202 104 79 64
-2.67371236 -3.67702735 15.35280458 165 136 108
-2.92670330 -3.33023121 15.27962150 167 135 98
-3.32206855 -2.67160013 15.49524293 117 91 70
-3.76890602 -0.41821930 17.46541797 104 85 78
-2.88223254 -3.09521901 15.06030339 97 68 38
-3.75546385 -0.40368481 16.82704538 141 117 105
-2.52074124 -3.19373413 14.95153155 90 62 37
-3.54153735 -0.85442907 16.28327468 155 140 129
-3.14972959 -2.06268686 15.22371612 169 149 135
-4.33728286 0.82395361 16.92600645 212 207 213
-3.38999979 0.01123935 16.68095118 124 102 89
-2.65882788 -2.43829655 14.78002268 82 51 22
-2.83076342 -0.92249252 15.98806672 130 111 96
-2.79198463 -0.91188802 16.02979674 130 111 96
-2.07142139 -2.84446930 14.65714747 92 61 32
-2.78583146 -1.04883075 15.70176292 89 67 54
-1.85814355 -2.77982403 14.58846090 173 143 105
-2.09333525 -2.21625398 14.51665826 174 146 116
-2.40256550 -0.91059408 15.44708953 89 65 54
-1.96883510 -2.33156432 14.40951165 80 56 28
-1.68547760 -2.15798734 14.28149654 139 109 85
-1.67152895 -2.15311574 14.29524503 139 109 85
-2.14458027 -0.84934465 15.06126771 93 71 59
-2.14951398 -1.02435770 14.79620161 90 66 55
-1.91489226 -1.54207503 14.31569109 77 58 43
-1.66338212 -0.95636399 14.51482123 77 57 48
-1.62301563 -0.70860161 14.74937576 71 48 29
-1.31011282 -1.53825348 13.90097937 92 70 51
-1.20715590 -1.50296285 13.82734334 76 53 31
-0.84126541 -1.65053841 13.68253909 60 36 10
-0.95323729 -0.10849348 14.45070238 74 51 44
-0.94171046 -0.12031163 14.30129101 145 125 114
0.18395736 -1.77382277 13.00238194 64 37 5
-0.32608109 1.28509542 14.99190303 81 63 53
0.67206930 -2.08732855 12.70573720 75 48 25
-0.51024481 0.49485464 14.14996740 91 66 59
0.60439576 -2.31674576 12.22086192 71 44 16
0.44399294 -2.22322643 12.08542232 72 45 18
0.66429912 -1.67447052 12.52219024 27 11 4
0.69213100 -3.06759659 11.40660643 177 151 117
0.26933773 -1.59649897 12.29294059 50 33 21
-0.13211375 0.74300331 13.94205033 38 23 17
0.72672493 -3.07053595 11.33261493 139 111 80
0.39040331 -2.50771052 11.61589787 78 50 26
0.41781664 -2.60099676 11.50896762 116 92 64
0.85521205 -3.23887035 11.12941002 71 40 7
0.58096596 -2.85689425 11.28173782 66 39 10
0.26241897 -1.78469480 11.87710651 72 46 19
0.74705906 -3.13104063 10.75162138 59 29 1
0.23536791 -1.88518022 11.30174002 79 53 30
0.68223700 -0.98680178 11.97343573 70 52 28
0.24502575 -2.10030571 10.92860962 54 32 8
0.38406925 -2.73210273 10.31161594 96 71 41
0.49328096 -2.96018658 10.15199147 80 55 23
0.49328096 -2.96018658 10.15199147 80 55 23
1.10131049 -3.18454933 10.17487214 76 44 18
0.98743795 -0.33119367 12.07803773 51 28 15
0.25633701 -2.39187202 10.35679082 62 38 10
0.27194471 -2.68376781 10.10610524 68 36 8
0.44835086 -2.73363149 9.87907192 142 119 100
0.43093392 -2.22504545 9.85823804 110 84 67
1.52078638 -2.55950352 9.60135901 49 25 0
0.83177320 -1.70817658 9.81691603 123 100 79
0.81853957 -1.71038638 9.81293033 123 100 79
1.92203602 -1.92316498 9.49198508 85 68 52
2.49291881 -1.99405158 9.12883625 70 43 18
2.54814850 -1.35025325 9.24103500 35 17 0
2.52183641 -1.57070890 9.08828110 80 54 32
3.18752211 -1.43938926 8.62753107 0 1 1
6.27267903 -3.99812496 21.41236421 129 111 97
-0.40354248 -0.47608130 11.23417366 73 48 27
-5.07907027 -3.52466559 15.07815687 138 111 82
-5.10262506 -3.49559469 15.00838644 170 148 125
-4.94521812 -3.41360989 15.31690445 153 142 134
-5.08599679 -3.45129333 15.02315704 130 103 76
-5.05749155 -3.47230725 15.01472421 189 164 142
-5.02905647 -3.47723829 14.91878952 178 153 123
-4.35927216 -2.02691364 17.87686886 120 110 103
-4.37729299 -1.97212570 17.91506769 97 88 80
-4.40293624 -1.80565856 18.06650826 145 140 136
-4.97931144 -3.47551832 14.87601693 184 155 120
-4.96399392 -3.43204441 14.93802298 106 79 59
-4.92719937 -3.45073733 14.85421591 180 154 121
-4.95133175 -3.41952942 14.85030462 114 88 63
-4.05386979 -2.14544385 17.91622833 93 87 84
-4.00146486 -2.22207979 17.83010878 81 71 70
-4.89022631 -3.38156656 14.86509291 184 162 138
-4.87902787 -3.34246852 14.87997445 129 105 75
-2.86745740 -2.82252796 18.12374836 137 128 118
-3.82996766 -3.77904731 15.51236904 189 154 118
-3.10696487 -2.68447015 17.96717140 113 99 92
-3.58129387 -2.98454393 16.66142191 116 93 75
-3.59033652 -2.92710646 16.52026385 111 88 80
-2.84065636 -4.08059874 15.98325441 134 100 60
-3.00352990 -4.00343715 15.85492119 205 171 134
-2.90480911 -1.64105044 18.91703193 214 211 218
-3.67411284 -2.78783391 16.43628758 169 150 140
-3.85313542 -2.13057102 16.99006264 128 110 101
-3.83893426 -2.04611758 17.03066034 145 125 115
-3.94956330 -1.84489373 16.98040576 230 228 230
-3.02350477 -3.63103162 15.90416213 56 30 5
-4.03615961 -1.75614648 16.90440989 216 217 216
-3.94227457 -1.77657195 16.95062803 126 104 90
-3.34944339 -3.23569301 15.84947756 128 97 78
-3.99980000 -1.73034130 16.81026194 91 62 52
-3.99980000 -1.73034130 16.81026194 91 62 52
-3.99980000 -1.73034130 16.81026194 91 62 52
-3.26363991 -3.31494747 15.81811170 76 49 28
-2.61240125 -3.99336251 15.77888342 194 171 140
-2.52892267 -4.03644140 15.82019909 168 144 114
-3.97403306 -1.84728503 16.59988908 89 65 53
-3.81209906 -2.34357641 16.17520159 163 144 134
-2.50318045 -3.99275172 15.77065377 154 119 80
-3.24958944 -3.18745467 15.63487944 142 112 86
-2.43752720 -3.93595620 15.66966625 142 108 76
-2.48342840 -3.84772340 15.62107816 126 91 61
-2.34141769 -3.91497345 15.67102414 150 116 85
-4.02122990 -1.38190888 16.62148993 110 82 68
-4.18459700 -1.09778583 16.75952679 106 77 57
-4.12894697 -1.12409361 16.78872756 160 137 129
-2.71935617 -3.61895763 15.39317319 192 161 129
-3.11917569 -3.04068119 15.34645033 159 126 101
-2.36600040 -3.71810237 15.43245391 181 150 119
-2.79339700 -3.30146045 15.31654352 185 152 121
-2.45898455 -3.54803989 15.35183519 84 51 27
-3.36405668 -2.30498454 15.58236744 107 78 70
-4.20186746 -0.43902081 16.76683827 146 127 116
-2.94071688 -2.99227411 15.24346068 64 38 8
-3.69799127 -1.52313884 16.00855694 156 135 126
-3.77267111 -1.39628844 15.97202802 159 136 123
-3.94135392 -0.63182083 16.63302764 114 94 84
-3.95427254 -0.43332869 16.81372370 90 66 55
-3.81830726 -0.95270889 16.37708751 89 62 51
-2.91812289 -2.86711076 15.13274687 174 140 110
-3.65680639 -1.12606864 16.19369368 101 76 61
-3.64487591 -1.12499495 16.20660189 101 76 61
-2.57844594 -3.11418618 15.10382198 187 157 123
-3.76140060 -0.89776999 16.27450893 132 109 104
-2.35003001 -3.31514116 15.09069863 202 177 141
-3.84282653 -0.78130194 16.29764829 77 54 44
-2.23329497 -3.34640107 15.14266779 92 59 24
-3.36971160 -1.88059724 15.48131280 185 163 153
-3.15407893 -2.14251701 15.28372158 91 63 49
-3.47643403 -1.19577213 15.91841526 87 57 45
-3.56962330 -1.03816891 15.97516770 150 128 117
-3.37323783 -1.29687795 15.78302466 93 71 57
-3.61236653 -0.75247226 16.12232917 138 118 107
-2.90183893 -2.33997132 15.09639746 99 75 53
-2.94910538 -2.33862084 15.06288938 96 72 48
-3.24664336 -1.73654051 15.39514022 139 121 114
-3.34337577 -1.49671552 15.53576371 159 140 134
-3.97801103 -0.03499273 16.45518859 127 111 111
-1.89087459 -3.26820472 15.04806236 184 156 126
-2.12422118 -3.12534485 14.95154388 180 151 120
-1.73100660 -3.30029511 15.13616932 147 116 86
-3.97183369 0.04348769 16.47893578 83 74 93
-3.11797144 -1.75985268 15.37165984 97 71 65
-3.97108530 -0.06692924 16.30327353 97 79 70
-3.89306453 -0.05155771 16.33024090 151 135 130
-3.93453758 -0.00529635 16.33035589 130 116 117
-3.26116815 -1.09270554 15.80330505 79 53 28
-3.77708344 -0.24803270 16.17517216 132 110 100
-3.07414550 -1.54566155 15.46186430 105 79 68
-3.25211025 -1.10181272 15.71989551 149 131 118
-3.07034040 -1.63750645 15.32284586 100 80 72
-2.59905613 -2.56745340 14.78273416 177 145 108
-3.34186492 -0.64994520 16.07502084 66 48 31
-3.05639840 -1.25156205 15.63240429 74 48 28
-3.15903428 -1.07414407 15.73226738 151 132 117
-3.12552731 -1.02891810 15.78058287 92 64 49
-1.92084556 -0.86692358 17.03374877 150 131 120
-3.01776955 -1.48304412 15.37047299 93 71 60
-2.04683369 -2.94576000 14.74088345 145 116 80
-3.67208636 0.12003898 16.39795731 61 51 51
-3.67208636 0.12003898 16.39795731 61 51 51
-3.38170103 -0.40720316 16.11532569 57 34 19
-3.67808620 -0.04656580 16.20818296 119 102 90
-3.38111522 0.01523405 16.49549995 72 46 31
-3.04524715 -1.26641007 15.48112401 139 116 103
-3.02041460 -1.21893390 15.54536199 73 46 32
-3.02834844 -1.31590698 15.43363267 165 147 135
-2.27760861 -2.73286978 14.67784171 170 139 110
-3.28376557 -0.41850246 16.10852473 64 40 24
-2.95796269 -1.18831644 15.59632477 100 73 60
-2.38902086 -2.47446140 14.78333299 175 146 116
-3.58612634 0.05246388 16.27975929 123 108 100
-2.71322249 -2.12997506 14.83828543 146 121 102
-1.50911450 -3.07219775 14.94467058 137 100 61
-1.95042629 -2.84520768 14.76216236 103 70 42
-2.86522117 -1.41454178 15.36116017 84 59 51
-2.83603873 -1.40958819 15.39031792 84 59 51
-2.83812084 -1.15936178 15.59339053 76 48 37
-2.61847273 -1.90262036 14.99890394 69 45 29
-2.03617091 -2.68603914 14.69618146 69 39 14
-2.86956411 -0.87050643 15.79653225 145 123 110
-2.63608760 -2.06114252 14.77639731 147 126 105
-1.87888272 -2.82482350 14.66098221 174 143 112
-3.36912266 0.04205576 16.21470684 122 108 100
-1.71833345 -2.85213925 14.73042303 146 111 76
-2.23090292 -2.41282465 14.71213643 67 41 17
-2.73643979 -1.33570171 15.32344108 107 84 72
-2.75648410 -1.42749638 15.19480503 157 140 132
-2.45910172 -2.25528215 14.62955007 99 71 48
-2.81214201 -1.12648163 15.38611389 159 139 129
-2.76953951 -1.35798487 15.18887889 152 132 121
-2.73862416 -1.07490125 15.48413328 84 62 48
-1.97990583 -2.61151479 14.57228745 67 36 15
-2.77543621 -0.82759230 15.65934340 150 126 116
-2.65489072 -1.69066751 14.88319331 101 81 72
-2.71153818 -1.45285609 15.05028241 87 66 55
-2.71153818 -1.45285609 15.05028241 87 66 55
-2.71153818 -1.45285609 15.05028241 87 66 55
-2.53197333 -1.47113646 15.02841075 76 52 39
-1.78961362 -2.64283476 14.48925318 106 72 37
-2.44537427 -1.91946234 14.63082029 182 161 145
-2.63653841 -0.96819931 15.34303755 120 93 86
-1.70711369 -2.64187139 14.45354807 176 149 116
-2.49044975 -0.94594425 15.44624395 87 60 51
-1.67655544 -2.62904412 14.45851063 186 157 122
-1.72810273 -2.58872693 14.44078236 108 75 44
-2.55110588 -1.18388398 15.14037259 92 65 53
-1.27370749 -2.68341103 14.60360568 153 121 83
-1.95027557 -2.19733834 14.49578611 67 36 10
-2.48204245 -0.89015337 15.31221024 82 58 46
-1.83097885 -2.31771429 14.39008415 175 148 120
-2.42490986 -1.19801341 14.93904763 102 80 65
-3.39676030 0.64681126 15.82541026 124 119 125
-0.97226723 -2.65530585 14.56646924 233 230 220
-2.37053386 -0.80319077 15.21521404 93 70 56
-2.30786984 -1.40658107 14.66430873 104 81 67
-2.30886443 -1.40651987 14.65947891 104 81 67
-1.12775770 -2.51694436 14.40669202 145 112 78
-1.74207563 -2.04145876 14.36859487 183 151 121
-1.39939303 -2.26117536 14.33270546 74 42 18
-2.11674455 -0.71055944 15.23426944 80 52 40
-2.24743714 -0.99893451 14.84083830 152 130 118
-2.16827508 -1.02036515 14.83012127 161 139 130
-2.21014310 -0.94270224 14.86307843 92 69 61
-2.18631462 -1.04296571 14.72889961 169 149 138
-2.03884362 -0.68661847 15.11019202 153 131 119
-2.10997695 -0.90046954 14.82657686 82 59 50
-2.12677015 -0.97631731 14.73037503 130 111 98
-1.09191907 -2.29949014 14.23622710 120 86 48
-1.91429003 -1.61350349 14.27040061 143 120 104
-1.93517394 -1.09028113 14.59136763 82 60 49
-1.85061674 -1.35695314 14.39806064 77 52 42
-1.87180521 -1.36142646 14.37763887 77 52 42
-1.98218742 -0.59944880 15.00092652 84 57 44
-1.99119651 -0.96553146 14.64775712 103 84 75
-0.73712893 -2.37392940 14.25731555 173 139 106
-1.82667597 -1.48400668 14.24860923 156 134 120
-1.92626446 -0.35710540 15.21326621 103 79 69
-0.53014990 -2.41038099 14.30504500 233 227 215
-1.96462025 -0.61507884 14.85051312 141 121 110
-1.48799210 -1.78936286 14.09608125 167 137 104
-0.63242974 -2.31577614 14.21633834 201 171 135
-1.27695630 -1.96155467 14.07530160 193 166 139
-1.86946961 -0.77637787 14.70643935 92 65 57
-1.80878542 -0.80114029 14.70414633 153 129 116
-1.03869561 -2.09973362 14.02054054 70 39 18
-1.86587227 -0.52723015 14.84909791 94 72 58
-0.77749851 -2.20149153 14.03873520 189 160 124
-1.74326192 -1.17138367 14.27581933 91 74 58
-1.08362866 -1.95959984 13.94804005 130 101 63
-1.08362866 -1.95959984 13.94804005 130 101 63
-1.08362866 -1.95959984 13.94804005 130 101 63
-1.27557855 -1.73829404 13.95251161 200 175 144
-1.77231541 -0.49897414 14.71244305 144 120 111
-0.87174456 -2.02225770 13.94455352 74 42 11
-1.40138302 -1.57305509 13.93745096 89 64 38
-1.45540519 -1.36626014 14.01874628 160 143 119
-1.62073853 -0.39939415 14.72473654 90 64 53
-0.49364391 -2.15323402 13.89380398 159 123 87
-1.69275244 -0.49111276 14.53271572 104 77 65
-1.45456628 -0.33880335 14.72756219 92 64 53
-1.53173572 -0.84745641 14.21418549 88 67 60
-1.49184228 -0.08063767 14.88723834 146 129 119
-0.22644266 -2.19173274 13.82961271 157 127 92
-0.36404108 -2.14550409 13.78002069 144 111 78
-0.69270424 -1.85580716 13.71206602 172 141 108
-1.50118836 -0.32114986 14.54762196 87 63 56
-0.41950458 -2.00783514 13.70112400 135 105 68
-1.44642220 -0.57729122 14.30288739 150 130 117
-1.36507893 -0.00861972 14.81559495 146 126 113
-0.95156441 -1.51921983 13.64114758 190 167 138
-1.38020919 -0.61630623 14.16784539 147 129 119
-1.18146525 -1.16961515 13.77925978 138 121 97
-0.57134983 -1.79488137 13.59372771 189 161 137
-1.31505345 -0.23639982 14.44936561 91 64 53
-1.30174611 -0.51004866 14.20198577 152 135 123
-0.37858377 -1.84815205 13.59193435 134 104 78
-0.15580626 -1.98654707 13.58607631 82 45 15
-1.22237814 -0.20245173 14.43828469 87 66 55
0.25415677 -2.13298034 13.64142824 232 226 221
-1.04945538 0.13481124 14.77834127 140 121 110
-1.24704284 -0.56012312 14.05423446 92 72 63
-0.15748492 -1.91171927 13.47087169 169 133 105
-0.60252045 -1.50148280 13.50343570 63 37 21
-0.05324677 -1.86732688 13.42997299 154 121 87
0.57296644 -2.10139035 13.33326331 151 122 90
-0.91709766 -0.28646388 13.99265991 92 67 56
0.34249295 -1.96955230 13.26359751 192 162 128
-0.71862062 -1.01309035 13.46976420 151 126 103
-0.20431489 -1.60401942 13.23881902 183 152 113
0.01872862 -1.78098035 13.17660278 161 132 102
0.36555632 -1.95755805 13.15456111 180 149 117
0.41269472 -1.95566944 13.06830499 73 43 10
0.65313639 -2.14254914 13.02424765 133 102 70
-0.85502766 0.32111009 14.25368439 149 131 121
-0.75899256 -0.18449333 13.77964450 89 67 56
-0.53923814 0.50121415 14.45653901 62 41 35
0.42162698 -1.84607496 12.87144852 189 160 126
1.28277507 -2.73091782 12.59708824 92 71 36
0.95698937 -2.59780044 12.52681693 166 141 111
0.71779827 -2.12193004 12.79824550 133 101 74
0.71779827 -2.12193004 12.79824550 133 101 74
0.43916343 -1.83694722 12.85258879 189 160 126
1.24470281 -2.65686301 12.58493237 176 154 129
0.98821467 -2.77089901 12.34301613 161 139 111
0.80020285 -2.56270504 12.39758056 115 89 58
-0.76857624 1.22745853 14.66980878 80 56 42
0.61953188 -2.02196751 12.56966223 58 37 12
0.86235127 -3.07337237 11.84626142 182 159 134
0.29408150 -1.59770478 12.73935312 191 163 133
-0.17935490 -1.10751614 12.88344453 171 140 109
0.48585754 -2.03446665 12.44497734 83 64 44
0.49879009 -1.77343954 12.65400003 54 33 11
0.12071648 -1.33352889 12.75422752 176 149 119
0.43143523 -2.14635119 12.25212711 146 121 97
-0.86116000 1.18379518 14.27851769 134 108 95
-0.86116000 1.18379518 14.27851769 134 108 95
-0.52861457 0.05899364 13.51561252 142 124 109
-0.54798955 0.57948390 13.91566580 52 37 31
0.50974489 -2.23069168 12.17774260 92 65 36
0.55679998 -2.41399277 12.03422691 167 144 118
0.51538893 -2.10706202 12.21195496 75 46 19
0.44861428 -2.29494749 11.98186126 190 160 136
0.96495641 -3.35536239 11.37891172 204 176 152
-0.46550352 0.75408109 13.93901241 155 133 122
-0.42124282 0.76591143 13.97679158 155 133 122
0.45592605 -1.95650592 12.21534374 91 62 42
0.55451640 -2.74330203 11.63543782 93 66 38
0.54631438 -1.63046282 12.49760000 97 75 58
0.49157026 -1.92957016 12.22205649 74 46 24
0.51342429 -2.43189143 11.83854562 69 46 28
0.57427011 -2.35812033 11.90734239 64 36 11
0.52875611 -2.63974813 11.66804505 163 137 109
0.40039981 -2.46688867 11.72063716 89 64 39
-0.42240100 0.50818640 13.68217854 135 111 96
0.50543551 -2.33467239 11.84242907 68 42 18
0.44834696 -2.45555157 11.66164128 172 145 116
0.75867375 -2.79440153 11.51802682 72 46 24
-0.39911105 0.76266338 13.75833216 123 104 91
1.35583608 -3.56899367 11.15609784 208 184 159
0.58395488 -2.82024815 11.37973876 64 40 18
0.52078903 -1.77662911 12.14093313 68 41 21
0.36773783 -2.41414502 11.56564687 184 155 131
1.03682857 -3.42689999 11.07797877 179 155 127
0.95877920 -3.43260920 11.04923867 179 155 127
0.80834555 -3.19845321 11.13903130 198 170 142
-0.06618433 -0.81082553 12.58707846 83 59 42
0.71221850 -3.05059863 11.17530492 84 56 27
0.77869154 -3.14946652 11.09553421 114 84 56
-0.06278090 0.86482510 13.73689026 54 36 25
-0.77910472 1.69690132 14.06963908 120 100 92
1.20037348 -3.51460996 10.89761683 149 117 87
-0.25999482 1.05930045 13.78688978 61 42 28
1.14847186 -3.43638287 10.91203813 240 215 187
0.60161729 -2.91045370 11.09108424 163 135 109
-0.16116741 0.85506712 13.64874887 65 44 33
0.19054814 1.77648016 14.50936466 114 91 77
1.94724373 -3.79872636 10.94587303 207 179 148
0.58774475 -2.69648468 11.20832580 77 51 28
-0.17605464 1.08978844 13.77666679 51 34 20
-0.04264516 0.44590118 13.29837664 82 60 39
-0.19380206 1.09464900 13.70738216 63 45 25
1.21433088 -3.45944585 10.79997242 206 182 157
-0.69018598 1.67196658 13.92947466 96 76 66
0.04652223 0.66821601 13.45172015 117 101 82
0.44486160 -2.52999919 11.13877177 83 58 35
0.82943945 -3.19769399 10.77702340 81 53 15
0.48780739 -2.81657018 10.93211875 68 42 15
3.74620652 -0.55734884 13.80729514 79 59 35
0.19288926 -0.59902034 12.40973729 133 112 97
-0.04695840 0.48534084 13.13793528 138 119 105
0.60310896 -2.99944082 10.77539189 85 52 24
0.08971280 -0.06458800 12.75794042 132 110 96
0.51697795 -1.13599736 12.10829721 57 35 11
0.75788354 -3.11382562 10.71274500 207 176 149
0.97438730 -3.24281096 10.62610222 169 138 109
0.16339299 0.55543599 13.15568494 126 105 91
1.21427836 -3.43516106 10.55138883 209 181 151
0.26628418 -0.08125211 12.67616462 62 40 19
-0.36631685 1.72993474 13.77272548 109 93 78
-0.36631685 1.72993474 13.77272548 109 93 78
-0.47634519 1.84386398 13.79895392 99 89 79
0.67540027 -1.35481114 11.70498479 128 106 81
1.78256923 1.42236462 14.10986781 210 201 192
0.56083872 0.33131551 12.87444399 67 40 21
0.95892297 0.76500096 13.28652247 103 85 70
1.00359814 -3.16348078 10.40375834 217 187 162
0.54105670 -2.84280312 10.48673888 78 52 19
0.68459609 -3.02082945 10.33669997 232 208 173
0.28062410 -2.59993456 10.49867186 174 146 125
0.33665740 -2.61428565 10.47905484 138 106 86
0.89351813 -3.12203949 10.27701410 203 176 149
0.68843504 -0.25388359 12.16516389 132 110 90
0.68843504 -0.25388359 12.16516389 132 110 90
0.85842568 0.28928702 12.58875740 71 50 31
0.35110664 -2.79414061 10.18275013 114 81 49
0.47283409 -2.63380883 10.29256737 126 101 82
0.94675002 -0.03728405 12.26187211 66 39 22
1.02744969 -0.29964547 12.02073701 59 35 14
1.66019667 -3.35333885 10.00606832 203 180 144
0.49505841 -2.89559091 9.93442009 165 138 109
1.17716385 -3.07927467 10.00488467 173 142 113
1.85033815 1.99592444 13.85776065 116 104 92
1.85033815 1.99592444 13.85776065 116 104 92
1.45526852 -3.25500417 9.92061821 218 188 162
1.22637346 -0.64108865 11.68399563 106 87 69
1.26862877 0.58563386 12.55091453 111 90 72
1.27861369 -3.12982707 9.88562081 97 66 35
1.44694437 -0.49872785 11.75501867 61 36 20
1.20304278 -3.03073761 9.81908808 134 94 58
1.44492167 -0.74447537 11.49120138 100 77 58
1.33416148 -3.09177563 9.78412061 103 71 50
1.22630625 -2.98839705 9.81046521 194 165 133
1.13388435 -2.82484148 9.87951552 58 37 18
1.47814232 -0.13072337 11.86842102 100 79 58
1.37186837 -0.82903790 11.33925629 115 93 75
1.49630224 -0.20356303 11.79220925 96 77 61
9.89965219 1.44313108 15.22048966 95 76 60
1.24208675 -2.98282560 9.71646341 133 104 80
0.69841709 -1.20413792 10.76896440 126 102 78
0.58128728 -2.51155771 9.77392625 73 51 31
0.57881144 -2.41409900 9.85886301 199 173 146
0.84174971 -1.15193511 10.80084396 74 50 26
1.30517811 -2.94790038 9.64844405 200 174 148
0.45431802 -2.27344920 9.85490740 71 41 23
0.46962382 -2.31337545 9.80610358 75 48 28
1.24656016 -2.57132638 9.69986770 152 128 104
1.12917248 -2.46114676 9.74390520 83 56 26
1.50022858 -2.73900083 9.63525381 95 65 44
0.72464155 -2.26178864 9.72448349 196 171 139
1.32292065 -2.36720911 9.70807101 83 55 33
0.66709098 -1.85849242 9.89502019 73 46 27
1.53840047 -2.48585382 9.65064910 163 134 104
1.41935572 -2.56244397 9.54249143 111 85 70
1.43505233 -2.31799389 9.61885790 163 134 107
0.86539009 -2.04084150 9.62102330 184 162 137
1.43260005 -2.13552495 9.66388159 1 1 1
1.45460181 -2.34849846 9.52392372 180 153 130
0.98372224 -1.73024651 9.81559288 75 52 34
0.95707266 -1.39764732 10.03340099 74 45 18
1.19414291 -2.09808223 9.61293175 11 7 3
1.65506299 -2.30540766 9.56001704 179 154 131
1.79843288 -2.38198385 9.44548493 178 152 127
1.93306865 -2.38398996 9.48044656 178 152 127
1.12183408 -1.92131195 9.55791130 130 105 74
1.83014262 -2.32046952 9.44929159 99 71 49
2.18751509 -2.49008704 9.40364842 192 165 137
1.91984599 -2.10383312 9.55749154 67 41 18
2.25380077 -2.48319087 9.37317993 184 155 123
2.18116292 -2.48394690 9.35526902 184 155 123
1.65931966 -1.82061187 9.62233535 144 118 93
1.21427988 -1.74992334 9.54388113 97 76 53
1.33127706 -1.71083225 9.53829867 167 139 118
1.77642028 -1.74259289 9.59556624 82 57 28
1.19923315 -1.20257791 9.82912878 137 118 95
2.65102480 -0.66825900 10.38536322 8 3 2
1.42901217 -1.38132834 9.57706203 183 162 140
1.71100322 -1.25225846 9.71001274 141 120 99
1.89753052 -1.88441343 9.33161075 66 42 16
2.61055741 -0.80762450 10.06557371 152 128 104
2.82603514 -0.69578557 10.12151253 143 123 103
2.29405709 -2.02252931 9.14733660 56 30 11
2.62385465 -0.94268755 9.83057193 63 41 16
2.33600052 -1.75716503 9.19870569 144 118 92
2.78384873 -0.84828148 9.76385127 92 66 51
2.26743684 -1.66149797 9.14971391 175 147 123
2.84236444 -0.81420929 9.71149091 12 11 15
2.79349133 -1.73914643 8.88931240 67 40 19
2.91954966 -1.97979411 8.76560296 192 164 139
2.89274001 -1.97455535 8.71709312 19 34 66
2.72546799 -1.86459597 8.72918579 192 161 128
2.86375991 -0.94430419 9.28355356 146 131 121
2.80968622 -1.09344724 9.12998130 63 43 22
2.84017198 -1.04442577 9.11794022 116 99 80
2.53868774 -1.61382873 8.68684199 73 49 20
3.06247186 -1.07724203 9.07593265 139 120 103
2.79407276 -1.73611740 8.58365600 174 155 132
2.77678160 -1.69167785 8.56068272 185 168 143
2.83622481 -1.28492430 8.74655085 130 120 109
2.84648326 -1.54920338 8.57065436 188 171 143
2.82166427 -1.59166775 8.54146718 11 39 89
2.82166427 -1.59166775 8.54146718 11 39 89
2.85380611 -1.38943212 8.63427923 126 113 107
2.13283351 3.80588184 11.01878304 131 134 139
9.15704462 4.28948445 6.87826891 199 190 190
-0.29030841 -4.51941450 20.36616735 101 88 68
-5.99416743 -3.84392523 16.15624949 160 133 109
0.20271373 0.82321217 13.72286178 76 59 46
1.99954797 -3.20889532 17.61185622 132 106 85
-4.00144973 -3.48839632 16.00796969 217 213 208
-0.01158612 -1.48136894 12.98629962 176 142 107
3.21155906 -1.78998356 14.88677341 141 118 94
0.47084691 -2.71832490 9.88006497 178 152 127
1.48828683 -0.92754370 10.06738765 135 112 86
-4.06497881 -2.06388913 18.14602112 113 104 95
-1.31932650 -0.77500746 14.14960093 94 71 64
-3.59766036 -2.27908229 18.09426554 132 123 107
-4.02011379 -1.74371619 16.91688368 230 220 211
-5.99018956 -3.17696158 12.23580908 84 84 83
-5.96109433 -3.14495410 12.16422546 84 84 83
4.18481590 -3.08261944 17.36608139 208 207 208
9.03185476 2.09155972 17.69172149 213 208 196
-1.04902454 -1.47093124 13.71031123 168 143 116
-1.05239860 -1.47179092 13.70569983 168 143 116
-2.99218633 -3.56227560 15.37437103 92 61 35
0.41639336 -1.72181158 13.75422833 188 154 115
-0.16381001 0.91631184 13.84343292 72 46 32
0.27599950 -1.97711980 11.57899938 54 32 9
1.30527883 -1.60548132 9.60971053 60 40 8
2.71858932 -1.64974166 8.94807218 85 65 45
3.23478750 -1.52413996 8.59844222 172 147 127
32.71155388 -37.59644095 67.10402974 103 100 91
-2.78734931 -3.40074263 15.15394276 173 146 117
-2.83054727 -1.06459530 15.65812020 89 67 54
-1.40037095 -1.61450289 13.94436845 188 166 142
-0.99939934 -1.81890702 13.77775717 79 54 24
-0.94778451 -0.79323298 13.75859384 77 59 45
-0.80450121 -1.04432865 13.59140554 163 144 126
0.44661822 -2.10895806 12.16247893 70 46 7
0.40109223 -2.78771523 10.79282320 117 91 66
0.22241745 -2.45081512 10.82896698 143 121 97
1.44326610 -0.50099481 11.71995249 45 25 6
0.67063493 -1.40143283 10.47289042 127 103 78
0.40335926 -2.33662568 9.70442341 70 43 15
2.16045609 -2.50017843 9.53022946 93 63 29
2.17944090 -1.83586308 9.28214970 97 73 52
2.53514778 -2.02994238 9.26459568 180 151 125
2.72447025 -1.34928016 8.96480569 50 31 1
-2.96442257 -3.99705788 15.75879668 179 148 116
2.62251878 -0.85019235 11.58760681 132 108 101
-4.36850948 -3.31861436 15.49796707 219 217 213
-3.81979404 -2.21246036 18.10737453 81 71 70
-3.10047614 -2.69932992 18.16725337 132 125 114
-5.71120278 0.04765828 17.05292948 146 146 156
-5.68289512 0.05893963 17.10515971 146 146 156
-3.99370323 -1.67971947 17.02092923 210 204 203
-3.10809518 -3.33898763 15.50680984 150 119 91
-3.69111342 -1.52467765 16.02328605 156 135 126
-2.94780199 -3.09807528 15.15236784 69 44 14
-3.96245289 -0.41589692 16.71323763 82 55 41
-3.96245289 -0.41589692 16.71323763 82 55 41
-3.91491227 -0.07594369 17.05576320 78 74 91
-3.60614243 -1.23287848 16.11135203 147 125 114
-2.90448776 -2.83936598 15.06285747 161 127 94
-3.42912466 -1.58889762 15.66754570 86 61 54
-3.16587885 -2.13897917 15.27473553 91 63 49
-3.48891596 -0.35636240 16.40945590 72 48 39
-3.57679490 -0.18417405 16.41331502 132 110 100
-3.13057590 -1.62494984 15.42152465 155 133 126
-3.42434363 -0.29161470 16.33871234 128 108 97
-3.04675087 -1.61582376 15.29987709 170 153 144
-3.02982832 -1.31540558 15.43170347 165 147 135
-2.79595597 -1.42852029 15.15505689 157 140 132
-2.67309524 -1.66370687 14.91391680 160 137 129
-2.24224613 -0.89227709 15.00112612 109 82 73
-1.94253977 -0.39003612 15.46281035 104 83 69
-1.10509214 -2.30064004 14.22720302 120 86 48
-1.17403616 -2.00136709 13.98133657 200 170 133
-1.18794489 -1.69760592 13.87769523 198 171 142
-1.19354773 -0.44779132 14.32569751 88 64 50
-1.11300362 0.05447806 14.78366771 87 62 46
-0.50384734 -1.85820212 13.59862519 95 67 37
-0.47181109 0.23347037 15.29502190 87 62 46
-0.83984525 -0.29606291 13.90821784 141 119 106
-0.18253491 -1.61190048 13.14484599 89 58 29
-0.58390851 -0.87518678 13.14540808 128 106 87
-0.20261813 -1.13706642 12.89572490 172 142 112
-0.54032837 0.05977043 13.50544278 142 124 109
-0.51538738 0.74788591 13.89174858 155 133 122
-0.43136689 -0.44987443 13.03703213 105 83 72
0.50202597 -2.16423857 12.25071608 147 124 100
-0.05989483 -0.94800424 12.67232130 168 141 112
0.55752468 -2.91078229 11.44831077 79 49 22
0.64053514 -2.95312592 11.11056363 66 37 15
0.70420084 -1.49552202 12.17308478 56 35 17
0.82056735 -3.19701495 10.77721928 81 53 15
0.35252258 0.49204622 13.18622456 109 87 73
0.48213352 -2.75553357 10.90141800 172 143 113
0.31297613 -1.80488076 11.36203715 134 106 82
0.39902480 -0.46231242 12.34683015 134 116 96
1.68255876 0.81288509 12.78698028 210 200 197
0.69001724 -2.12707387 9.77142469 68 38 9
1.63324890 -2.45498753 9.57959977 53 30 10
1.06668077 -1.27109904 9.87346512 135 112 94
1.29018611 -1.41478633 9.58739184 101 76 56
2.26909455 -2.04874990 9.33947012 80 51 34
2.50907823 -1.65237316 9.12520408 142 116 102
2.87480190 -1.85341110 8.84693834 120 92 52
2.78146135 -1.35438485 8.99848827 79 56 39
2.85252557 -1.52563532 8.87393886 81 54 29
0.90387381 3.96816947 11.04920565 200 198 201
-4.04206503 -1.69192926 18.57942051 152 141 139
-4.04206503 -1.69192926 18.57942051 152 141 139
-3.88345504 -2.11747186 18.20883578 152 141 138
-3.87367561 -2.11885379 18.22393889 152 141 138
-3.56289387 -2.21162577 18.13281324 162 151 145
-4.61468303 -3.39280923 14.86527354 115 93 75
-4.21515255 -3.64162615 15.15805717 207 169 135
-4.50503331 -3.39852886 14.92902344 107 82 59
-2.96036668 -2.88993611 17.96819208 222 220 223
-4.27082420 -0.73819437 18.36795376 206 204 211
-3.40823460 -3.32173629 16.27134959 143 121 108
-3.97581667 -1.73299785 16.85856272 132 108 102
-4.01763131 -1.53567179 16.98072789 140 129 122
-3.23798515 -3.56455980 15.74772425 163 132 113
-3.11678470 -3.55848087 15.76641639 159 127 99
-3.94075328 -1.40240166 17.02035817 99 69 58
-3.96771206 -1.41565966 16.91850164 167 143 133
-3.31647361 -3.24922250 15.61633200 68 44 22
-3.71239584 -2.28974264 16.13913247 173 151 146
-2.91857168 -3.75068364 15.55102742 179 148 116
-2.82488809 -3.82229597 15.60235741 76 41 15
-2.79383229 -3.74107779 15.51160754 76 42 16
-2.91543757 -3.62253617 15.41791532 120 83 56
-3.83143288 -1.68268149 16.23650934 93 73 62
-3.83143288 -1.68268149 16.23650934 93 73 62
-2.68714812 -3.65671162 15.41009390 71 36 11
-2.92184798 -3.38540963 15.31193749 71 45 16
-3.90979618 -1.00677526 16.59804182 96 72 61
-3.52004772 -2.36410464 15.61682573 126 97 89
-3.81995765 -1.28015011 16.34299802 77 53 46
-3.89399795 -0.62927961 16.67960742 105 82 76
-3.10985002 -2.94618583 15.17024961 157 126 100
-3.77848752 -0.95314425 16.42582081 85 59 46
-3.82028589 -0.20068016 17.05758074 137 117 109
-3.82028589 -0.20068016 17.05758074 137 117 109
-3.71983407 -0.94466144 16.34972118 85 60 48
-3.82781552 -0.03558704 16.99291075 71 65 78
-3.83581545 -0.29823511 16.70636396 89 61 50
-3.46933446 -1.65039840 15.71928115 178 161 154
-2.52495380 -3.34151297 15.04129257 187 163 137
-2.56440293 -3.27805379 14.99973420 112 80 41
-3.74910450 -0.34795548 16.57486993 158 135 130
-3.13615707 -2.11043633 15.21454832 103 80 66
-3.28738347 -1.01718503 16.01865925 157 140 133
-3.10165110 -2.08577627 15.12387897 151 132 118
-3.20941264 -1.33612214 15.72225089 89 67 56
-2.55858517 -2.92963915 14.83887781 171 136 110
-2.67937868 -2.65979431 14.91286677 172 143 118
-3.14226726 -1.29252914 15.65589066 90 67 51
-3.28285855 -0.34019178 16.43160238 70 45 30
-2.94500393 -1.90810153 15.04466450 98 74 66
-2.11779042 -2.98832947 14.76048854 173 142 111
-2.00102292 -3.04393234 14.82446252 99 67 44
-2.78246302 -0.84687529 16.05397423 65 39 12
-2.80960651 -0.94123200 15.89770703 83 55 43
-3.00564845 -0.02769290 16.55466491 54 32 15
-2.87257744 -1.61508792 15.03760794 100 77 63
-2.01109839 -2.89535279 14.69749346 173 142 113
-2.20633672 -2.62287661 14.56298456 176 146 122
-2.66809991 -1.29837121 15.30179866 81 51 40
-2.60266582 -1.03224680 15.55002612 85 56 42
-2.57374429 -1.97020329 14.67479648 95 68 53
-2.31921576 -2.19514689 14.57789275 84 53 35
-2.39966639 -1.88497463 14.61091660 176 153 139
-2.36332636 -0.68770729 15.76820189 150 124 111
-2.45266990 -1.59052836 14.78756211 97 77 68
-2.48609781 -1.01219921 15.16860680 158 139 137
-2.48051720 -1.01186690 15.17235489 158 139 137
-1.87425305 -2.42426566 14.41903824 180 151 118
-1.84989541 -2.39625426 14.43463825 144 114 80
-2.33664578 -1.07435245 15.11081869 85 59 42
-2.28308003 -1.07552267 14.82974148 92 69 61
-1.24955487 -2.42718834 14.39825774 162 134 105
-2.02811473 -0.67395833 15.22000955 74 50 41
-2.18659590 -1.01506557 14.76645083 89 60 47
-1.66416677 -2.02182790 14.27310746 65 37 13
-1.97362774 -0.64496646 15.20553266 82 57 43
-0.80713193 -2.53195919 14.47659467 236 233 228
-1.98044675 -0.63247514 15.11865745 81 54 45
-0.76002227 -2.48350484 14.45297915 222 215 206
-1.02921435 -2.30596754 14.20044372 181 150 121
-1.87335621 -0.56253872 15.01396865 90 62 53
-0.57671779 -2.46725805 14.38241888 232 228 225
-1.29953498 -2.08186313 14.09121614 196 166 137
-1.73149579 -0.30257460 15.28124802 109 82 71
-1.30934696 -2.07105481 14.08991559 203 174 146
-1.32904468 -2.03919810 14.09989805 98 66 43
-1.73577552 -0.51200080 14.99068832 84 55 47
-1.71013182 -1.28585095 14.28670431 80 59 54
-0.98552585 -2.18957454 14.02053596 100 70 41
-1.50412161 -0.21941292 15.28434460 140 119 111
-1.60290486 -0.37556263 14.93905726 90 63 55
-1.74177990 -0.78768997 14.43654716 163 143 132
-0.96448980 -1.97118628 13.86008984 178 153 123
-1.03397202 -1.92884957 13.80767468 113 84 50
-1.46586184 -0.94913512 14.13054490 89 69 58
-1.49039932 -0.94923211 14.10720039 89 69 58
-0.89757862 -1.90641277 13.75888842 139 116 78
-1.36486741 -1.29991945 13.88301947 120 97 80
-1.33075465 -0.01515325 14.90447579 139 119 108
-1.36564552 -0.52196238 14.39272356 81 57 44
-1.44257112 -0.66915701 14.17916459 155 139 126
-1.11502529 -1.47826212 13.75426572 181 159 137
-0.81693650 -1.69908991 13.64746349 85 61 35
-0.18788766 -2.04368908 13.71018297 101 66 34
-0.77867775 -1.50265499 13.55874557 168 140 117
-0.89615510 0.22357301 14.86925605 81 54 45
-0.94740517 -1.08353119 13.63328696 165 139 122
-1.11243023 -0.53374696 13.94820611 146 127 113
-0.61796872 -1.44099843 13.49342110 181 151 123
-0.71399085 -1.35995063 13.48119742 85 57 35
-0.78953944 -0.03530227 14.30307019 84 60 48
-0.64465330 0.24893040 14.50595684 94 67 56
-0.64465330 0.24893040 14.50595684 94 67 56
-0.86556678 -0.26730754 13.93547941 89 67 60
-0.42476266 0.47319818 14.72503627 127 109 97
-0.44894183 -1.29561662 13.16427906 164 137 109
-0.20499381 0.68436097 14.72731274 121 102 97
-0.62598267 0.46741759 14.20492452 147 127 118
0.34780717 -1.88107006 12.95602193 184 150 125
1.59937547 -2.70500810 12.99842357 185 162 131
1.59937547 -2.70500810 12.99842357 185 162 131
0.88943475 -2.33005926 12.80284933 171 163 142
-0.37339769 -1.06402143 12.90701159 94 63 38
-0.43329766 1.68561431 14.92956231 59 47 52
0.66419345 -2.02517444 12.59526938 66 43 25
0.11927850 -1.36273105 12.71535223 64 36 15
0.48240395 -1.72145557 12.63292815 132 103 82
0.14067894 -1.33087674 12.67261443 65 39 14
0.43066224 -2.27087423 12.12497466 153 128 116
0.63725913 -2.84345495 11.80466306 177 154 137
-0.16836390 0.60994278 13.89646307 86 59 47
-0.09719331 0.66593532 13.92472539 125 103 95
-0.23351587 1.01149045 14.05280186 61 38 30
0.16353788 -1.22675439 12.56417963 172 143 120
1.44323500 -3.55680560 11.48945007 185 162 132
0.82176154 -3.14215333 11.43721943 104 72 49
0.55869602 -2.90875696 11.45232660 75 49 27
0.58799330 -2.79431205 11.52512894 78 49 24
0.31863326 -1.34399810 12.42551008 61 42 22
-0.12754290 1.07969816 13.95213935 73 53 43
-0.25673038 1.86864401 14.29814046 113 94 82
0.57145612 -2.81687285 11.30380253 176 150 125
0.25218507 0.75474079 13.73133073 55 36 31
0.33105927 -1.73988268 11.87443233 80 47 23
0.56340697 -2.87612717 11.14631201 165 135 111
0.20673962 -2.44045799 11.19707577 74 44 17
0.98431407 -3.31253845 10.80641673 199 172 142
0.16255881 -2.39200455 10.99266499 68 46 23
0.76186842 -3.15836932 10.70538808 86 58 31
0.76524832 -3.13038346 10.68282284 184 157 128
0.84400428 -1.08366834 11.97030545 25 11 0
0.67948670 -0.48937531 12.23508268 54 28 11
0.34685201 -2.62793552 10.49991779 117 88 57
1.20912041 0.94275941 13.37343626 88 67 48
0.72189748 0.36480650 12.72157441 134 113 97
0.70559348 -3.05423492 10.30171850 95 76 44
0.70040480 -0.40863841 12.09807018 57 35 18
0.73219495 0.17267205 12.46622974 64 36 23
0.99286344 0.13706358 12.53092660 124 105 88
0.43373510 -2.88251941 10.12870820 88 62 31
0.55675466 -1.40655869 11.17325562 57 35 16
0.30001668 -2.65385848 10.17603179 70 46 15
1.79453776 -0.47917107 11.74895997 50 25 4
0.48417449 -2.29469897 9.86263609 90 68 43
0.66836343 -1.40111926 10.47331847 136 109 90
1.05212422 -0.84866578 10.47672582 151 128 112
1.32030966 -2.11219611 9.68723151 195 176 152
0.90604989 -1.95308066 9.61561017 107 85 62
1.81792052 -2.23865291 9.50133992 168 145 125
1.97039059 -2.17181789 9.47402609 171 143 121
1.26007316 -1.53684379 9.57016281 168 142 115
0.77751958 3.14847397 12.11303971 133 134 138
0.71335848 3.12329321 12.07292665 133 134 138
2.21381632 -1.95218069 9.32566636 180 149 124
2.73636105 -2.02406087 9.01017920 120 86 59
2.48975765 -1.86407453 9.03105248 158 127 100
3.19633761 -0.89761830 9.42756875 3 34 80
2.87835163 -1.70343204 8.81881991 65 43 20
3.41004485 -1.83761716 8.71116835 193 162 139
2.90186306 -1.55167097 8.72190590 151 129 107
3.08177360 -1.67969995 8.64215689 119 94 62
2.96716469 -1.37116709 8.75215915 68 44 17
2.96716469 -1.37116709 8.75215915 68 44 17
3.25220380 -1.06667740 8.94659270 110 107 113
3.22110818 -1.52307052 8.59480545 190 171 149
3.15552930 -1.30973388 8.69291196 3 17 47
0.77140253 -3.09439023 16.47134186 82 61 42
12.00665432 -17.12158068 55.23005377 208 201 198
36.58016912 -32.11857738 95.31871745 30 28 19
0.40770260 -1.53110833 8.40184209 42 45 39
-3.09965578 0.72813083 16.13667074 130 128 131
-4.02527785 -2.23627443 17.78078993 154 145 140
-3.90757086 -1.86854663 16.74025166 145 122 106
19.93405068 0.83144729 21.05187693 24 22 5
0.66248691 -1.89084945 9.99721910 77 51 25
0.78223810 -1.18730944 10.65699137 121 95 75
-0.49968292 -1.85965728 9.33476799 225 204 182
-1.08493854 -0.89767224 13.63808401 73 57 45
-0.07411221 -0.67082662 14.37341936 67 44 10
-0.29747343 -1.20091565 12.97761077 169 138 110
1.21034030 -2.75202917 9.75946158 46 26 1
2.14938819 -2.31325320 9.43270397 60 34 1
-0.62466214 0.51962194 15.37835614 234 221 209
1.21270632 -2.85038640 9.81809682 129 107 84
-2.43446664 -1.28581951 19.17474207 126 103 87
-3.61161894 -0.23467353 16.37050991 82 60 41
-2.94941820 -2.33752610 15.05956895 96 72 48
-2.76021008 -1.10506404 15.56942368 85 58 44
-1.69515348 -2.44025671 14.48307534 66 34 9
-2.13881635 -1.39180793 14.51103936 90 69 57
-0.82164093 -1.53107003 13.59166384 165 139 108
0.08194183 -1.18350946 12.55399260 128 98 65
-0.47662356 1.10519596 13.93907960 82 58 46
-0.03559546 -0.88818907 12.62699079 138 113 88
-0.63333028 1.76278086 14.29009479 119 99 90
-0.63333028 1.76278086 14.29009479 119 99 90
-0.40427785 1.77891687 14.01407467 79 60 49
0.72811316 -1.46137578 12.14291966 56 34 20
0.19531997 -0.60113478 12.40915347 133 112 97
0.49259954 -1.52486102 10.97593842 118 95 75
1.57685125 -0.75389494 11.53913645 59 36 12
0.56327970 -2.02752640 10.13048868 78 51 25
2.34032186 -1.87799712 9.25170933 175 149 129
-3.39557249 -3.24480448 16.62782935 113 93 87
-3.64749266 -2.83296790 16.57763872 159 141 137
-3.64749266 -2.83296790 16.57763872 159 141 137
-3.98110534 -1.59173668 16.98898259 139 116 105
-3.95979114 -1.84918513 16.61021878 89 62 50
-3.62366650 -2.54094895 15.91723410 109 81 67
-3.83182190 -0.06130121 17.03287632 145 130 136
-3.81808313 -0.06018725 17.06374036 145 130 136
-2.88869023 -3.09552379 15.12031899 90 64 42
-3.80299657 -0.00364367 17.02049931 80 76 95
-3.64464912 -0.86503819 16.30162722 93 73 62
-2.86374831 -3.01070565 15.10919098 71 46 26
-3.37041101 -1.90528526 15.53969552 95 70 63
-3.41163162 -0.95554127 16.18679133 76 48 37
-3.16334410 -2.08123591 15.26559173 91 65 50
-2.22895279 -3.25048320 15.00846295 83 52 23
-2.93643423 -1.18924056 15.61452033 109 82 70
-2.59861986 -1.06751443 15.28206613 91 67 61
-1.93353488 -0.40099922 15.45191576 94 75 61
-2.01810528 -0.73245372 14.88818803 95 75 66
-1.72661616 -0.30611151 15.28140476 109 82 71
-1.57520907 -0.25708307 14.81805317 137 114 107
-1.59427650 -0.47329515 14.59300026 106 78 67
-0.86124045 -1.71562917 13.67362895 82 58 33
-0.96241716 0.18214183 14.67388581 141 122 114
-0.98436330 -0.91280086 13.69064218 81 60 43
-0.79021235 -1.08414046 13.46749706 142 118 101
-0.07309394 -1.60114975 13.06169709 90 62 33
-0.14989700 -1.58681959 13.01768733 90 62 33
-0.36941137 -1.06527177 12.90861333 94 63 38
0.43357124 -1.78580999 12.72519129 176 147 122
-0.48311781 0.41758983 13.62421996 140 117 103
0.53621413 -1.92258422 12.32652535 129 104 84
-0.29911658 0.97596931 13.93860924 143 120 112
0.85298973 -3.23266941 10.98391580 137 109 85
1.31285277 -0.53795398 11.81459489 51 30 9
1.23755244 -2.94431352 9.78086901 110 83 55
1.25993142 -2.44830665 9.72375563 193 167 145
1.13698181 -0.79861023 10.42607313 84 64 38
2.46095874 -2.01930547 9.22295075 185 156 131
2.94139394 -1.45553328 8.71377402 144 120 96
3.23408072 -1.37754374 8.67111142 122 97 82
-4.23428225 -8.24166446 19.59885838 153 149 141
-4.23428225 -8.24166446 19.59885838 153 149 141
-4.16581640 -7.90396466 19.95118546 151 147 140
-5.10310250 -3.55814059 15.01656892 121 95 71
-5.05284371 -3.52478824 15.13735939 113 87 62
-5.10354621 -3.52639805 15.02866079 177 155 127
-4.96508269 -3.48398270 14.90519941 115 85 61
-4.08384247 -1.92592440 18.29676977 159 149 140
-4.92954658 -3.44189740 14.88113709 172 144 121
-3.91061163 -2.17320745 18.09175334 91 80 77
-4.11358184 -2.38925282 17.45807254 217 215 220
-3.79374788 -2.21121824 18.09670173 103 92 90
-3.77499398 -2.11735002 18.16396721 161 150 145
-4.26535700 -1.01115797 18.57814953 149 143 153
-3.58706386 -2.29408974 18.01047738 150 137 128
-3.54048797 -2.21987144 18.09267108 160 148 138
-4.36251826 -3.44857387 15.17305917 161 134 114
-3.46896439 -2.26766754 18.07397442 149 136 127
-4.23099485 -3.50259034 15.20108848 113 86 67
-4.17438644 -3.48776599 15.24837359 161 135 116
-3.12410542 -2.77343286 17.83864040 142 127 119
-3.20065576 -2.58200048 17.93386245 147 128 126
-3.04757647 -2.64506976 18.05283474 114 97 89
-3.18463700 -2.47539283 17.97705023 145 130 126
-3.51163183 -2.99168523 16.73366525 93 73 60
-3.42853566 -3.03252299 16.77959645 149 131 121
-3.60828182 -2.74316263 16.81480114 181 164 157
-3.60479201 -2.70155982 16.85834014 176 162 153
-3.69134547 -2.44899500 16.92293140 107 84 76
-3.51186734 -2.34524007 17.28889176 166 153 145
-3.49315190 -2.95517265 16.61758141 111 87 83
-3.74798774 -2.38598835 16.83164623 109 85 87
-2.72712495 -2.36687637 18.52129032 229 226 222
-3.26586195 -1.60073339 18.49042159 213 211 216
-3.98535516 -1.88615217 16.79439827 111 88 74
-3.91066351 -1.74995970 17.04748244 226 218 223
-4.01222114 -1.59971025 17.04143357 225 222 229
-3.59635232 -2.75332166 16.24447710 105 85 76
-3.99266835 -1.48837072 16.98067801 146 132 137
-3.94375963 -1.27025266 17.17440877 216 206 216
-2.94594773 -3.69278183 16.03000184 55 26 8
-3.32220140 -3.20331210 15.96073492 98 67 47
-3.19951000 -3.28995474 15.87609393 158 126 106
-2.99406115 -3.57683080 15.81950332 172 137 107
-2.54794421 -4.05354920 15.86538340 198 173 148
-2.64632363 -3.88865956 15.80808195 76 42 15
-3.93041901 -0.75354733 17.19323331 76 53 43
-2.62943867 -3.77287580 15.64919438 66 36 8
-2.86147510 -3.44773820 15.56133493 175 143 113
-2.66178311 -3.62801589 15.50773098 159 127 101
-2.72731191 -3.60528911 15.45036088 159 127 101
-3.84893403 -0.33194657 16.69502140 85 50 41
-3.41401432 -1.99182541 15.58207029 124 101 93
-2.72177039 -3.21829026 15.24839702 168 136 111
-3.64815066 -0.86434254 16.30007420 87 66 57
-3.91984033 -0.27938440 16.52775711 145 123 112
-3.69942243 -0.76633234 16.32297370 137 115 101
-3.65738806 -0.69815061 16.37911060 112 92 82
-3.32077431 -1.89331466 15.53915881 173 155 146
-3.50858308 -1.34489742 15.78657575 77 53 41
-2.50807873 -3.21054435 15.20355512 64 36 14
-3.19706259 -0.33755233 16.97269463 114 94 87
-3.46903550 -0.69861423 16.24583037 113 94 84
-3.36776941 -0.65825176 16.32530015 57 40 33
-3.65878644 0.07345004 16.66994786 129 114 111
-2.47379503 -3.07246947 15.02645236 64 37 12
-3.22520992 -1.59148604 15.48458922 100 78 67
-3.24521706 -1.61009955 15.47066274 100 78 67
-2.65965227 -2.78078634 15.03506224 69 41 19
-3.67126875 -0.22780541 16.28416896 76 52 42
-2.50670858 -2.99877495 14.98631184 176 146 114
-2.99349857 -2.17028069 15.18308765 79 56 48
-2.04014872 -3.40453916 15.15043404 140 109 83
-2.40082817 -3.04323050 15.02008205 71 39 23
-3.30924726 -0.64967107 16.16461522 116 97 85
-3.16672238 -0.60643980 16.22934496 56 36 25
-3.09696733 -0.86523565 16.02192128 138 118 106
-3.05425495 -0.82590067 16.09610737 63 41 27
-2.46708002 -2.71234262 14.88149772 68 42 15
-3.11446189 -0.34456928 16.38316537 44 19 2
-2.29073244 -2.84836463 14.85481760 192 162 139
-3.29966151 0.01774172 16.31373585 61 37 19
-3.21170880 -0.01975766 16.30871984 57 29 10
-2.13158551 -2.81596935 14.81468964 75 45 22
-2.86261350 -1.33468140 15.33741117 129 109 102
-2.80531938 -1.42835403 15.15096971 136 116 108
-2.69759141 -1.57647425 15.10738726 74 54 39
-2.70577559 -0.79214809 15.71453528 132 112 102
-2.17373932 -2.55789025 14.63560376 86 57 29
-2.69832092 -1.31852519 15.18586504 146 124 113
-2.66925278 -1.38623295 15.07875050 97 76 67
-2.57055361 -0.71794605 15.78581570 88 61 43
-2.48028472 -1.88412547 14.74440840 98 73 61
-2.53198864 -0.70220585 15.75965312 74 45 28
-2.62278188 -1.03264623 15.30688450 145 126 116
-2.44110831 -1.90077107 14.68485120 100 71 57
-2.43179857 -0.51482521 15.96667856 79 57 44
-2.58597155 -1.02091830 15.28545194 91 64 52
-2.01837331 -2.47599964 14.54114170 156 129 105
-2.21188920 -2.13988323 14.57086166 89 61 40
-1.68379804 -2.70715808 14.55177116 182 152 123
-2.30970430 -1.81694930 14.56241380 177 154 139
-2.41043247 -0.65049088 15.51475203 101 82 68
-2.48109916 -0.99618006 15.06534522 138 118 111
-2.48109916 -0.99618006 15.06534522 138 118 111
-1.60344556 -2.38582281 14.45106660 80 49 22
-1.90767496 -2.03925653 14.36103790 150 120 94
-2.22822774 -0.71973653 15.14874095 80 57 39
-2.11660212 -0.43994081 15.45961211 93 66 55
-2.11660212 -0.43994081 15.45961211 93 66 55
-1.67736341 -2.15254502 14.29437582 160 128 102
-1.95775724 -1.67265425 14.35221789 159 134 116
-1.60949979 -0.08362510 16.10180517 223 213 209
-2.10255421 -0.69105367 14.93625338 94 71 51
-2.01259429 -0.60846570 15.05025318 87 60 51
-1.22462724 -2.18231639 14.26672686 86 55 35
-1.30733587 -2.13193947 14.22901913 171 140 109
-1.88526977 -0.35474678 15.26025545 134 115 105
-1.63182148 -1.80198224 14.13792132 147 118 87
-1.45012306 -1.88551625 14.10648335 69 42 16
-1.86181110 -0.54363471 14.84556378 135 111 101
-1.76398102 -0.25575481 15.11711477 142 124 114
-1.72570222 -0.20168744 15.15890579 91 67 53
-1.48164060 -1.75706901 14.00486936 148 122 95
-1.79015178 -1.09065016 14.28082216 134 116 104
-1.78061692 -0.33010290 14.92690588 83 61 50
-1.67229983 -0.17176525 15.10236648 72 45 28
-1.20872636 -1.78678900 13.95808713 64 37 17
-1.48249238 -0.06505274 15.00025983 86 62 54
-1.50898979 -0.31279202 14.60110101 96 71 60
-0.92363174 -1.83820004 13.69644457 114 84 58
-1.45963122 -0.28355260 14.53914484 86 63 55
-0.93069073 -1.75163527 13.74109223 87 60 39
-1.41098361 0.01476963 14.84687202 139 119 110
-1.45617440 -0.90700465 14.00316931 89 66 55
-0.47002163 -2.06492153 13.73670266 184 154 125
-1.40911734 -0.49600466 14.28068149 80 53 42
-1.48581741 -0.28225095 14.39367553 148 126 112
-1.34352765 -0.23800493 14.48054460 87 60 49
-0.96096483 -1.37874405 13.64962574 81 56 34
-1.29177003 -0.57607829 13.97884801 140 122 111
-1.12213119 0.18280820 14.63600399 148 125 112
-1.01337618 0.41251745 14.85608034 79 56 49
0.10211459 -2.01200315 13.52925123 114 78 47
-1.05711457 -0.06245137 14.15861886 87 60 51
-0.93717876 0.33839049 14.44566952 81 54 37
-0.79342066 -0.76758639 13.55050133 81 63 49
0.52194294 -2.03485770 13.33590851 181 153 127
-0.60668807 -1.22205608 13.17733223 109 82 57
-0.23971506 -1.61437334 13.11080717 78 46 20
-0.62899812 0.49150938 14.39108299 104 86 76
-0.87268438 0.19240385 13.98414429 117 94 86
0.59472053 -2.08857354 13.09116849 186 159 129
0.70639203 -2.12417916 13.08759154 190 170 145
0.51172960 -1.95335835 13.02150949 88 56 31
0.77157722 -2.10534650 13.03027827 179 148 120
0.22454468 -1.71095024 12.90064793 82 51 31
0.34142457 -1.84154790 12.87215516 188 160 133
0.50520073 -1.94659122 12.86545717 89 58 32
0.83927298 -2.11436038 12.92376520 181 151 123
0.78875536 -2.27278267 12.71607643 118 93 66
-0.33597286 -1.06364321 12.93320809 100 69 41
0.59054097 -2.02094280 12.76354005 151 116 92
0.69733721 -2.05575029 12.75561079 153 123 103
0.87619029 -2.69146742 12.29032287 115 89 56
1.18330708 -3.17594437 12.07230400 190 172 156
0.75310683 -2.61944190 12.22570646 169 144 118
1.02319910 -3.01835587 12.03466524 170 143 117
0.74280245 -2.80632443 11.99249189 186 160 134
0.68109435 -2.47458375 12.17773229 86 64 40
0.52392697 -2.13447279 12.33306173 71 44 22
0.13935097 -1.44039377 12.63316224 97 69 45
0.91148964 -2.97532155 11.90937150 112 83 52
0.88352825 -3.02837972 11.82695033 96 67 41
0.65145032 -2.84702179 11.80833708 186 163 139
0.53114150 -2.51937998 11.98299480 73 49 26
0.52583044 -1.96850066 12.38533769 112 88 64
0.09422477 -1.27773424 12.63252851 176 148 122
0.41500852 -2.06802430 12.16841340 167 141 120
-0.17700161 -0.94412569 12.65520825 153 125 103
0.58895443 -2.48610664 11.91304335 125 101 77
0.45815599 -2.14645362 12.09118652 53 26 7
0.37583689 -2.20477689 11.98038389 91 61 37
0.44325794 -2.28184828 11.96284093 147 117 91
0.45078898 -1.60789341 12.44189981 73 50 38
0.42864290 -1.60500989 12.42801188 73 50 38
0.73625290 -1.68000765 12.55801454 41 24 6
-0.37583173 0.72602245 13.72483874 56 39 37
-0.38450861 0.57271546 13.51844956 134 115 101
0.49201000 -1.70079940 12.26499854 109 86 69
0.71095413 -2.98473193 11.23956876 83 49 21
0.55336804 -2.82471858 11.26477611 196 166 143
0.41483804 -2.48922712 11.43501305 126 99 76
0.41646664 -2.59640855 11.33301060 143 113 84
-0.30987804 1.08675876 13.71260617 51 30 13
-0.30987804 1.08675876 13.71260617 51 30 13
-0.33414306 0.97670789 13.59726522 77 51 36
-0.33414306 0.97670789 13.59726522 77 51 36
0.71938786 -1.56655575 12.25269464 107 84 64
0.71889918 -1.53557193 12.18916829 114 91 71
0.01906466 0.75416907 13.49914386 49 26 17
0.84345389 -3.12235749 11.01879348 88 58 30
0.57921444 -2.68764767 11.19091975 117 93 69
-0.03451968 1.17907040 13.74041530 64 45 28
0.65483907 -2.97904753 10.96365123 172 145 120
-0.07202081 0.58353792 13.23197901 129 105 86
0.10388519 1.84314395 14.30616815 109 90 83
-0.04115162 0.22279575 12.91368086 134 113 97
-0.04115162 0.22279575 12.91368086 134 113 97
0.55949468 -2.78204090 10.97668753 166 134 100
0.89152648 -3.21622301 10.81439859 85 55 20
0.20766976 0.83235875 13.46346532 54 31 17
0.41402856 -0.95377340 12.21342659 42 24 5
0.27836033 -1.92750500 11.35136049 123 96 77
0.62620448 -1.16552678 12.10633502 85 66 51
0.16895323 -0.21689455 12.45854348 125 104 87
0.11238730 0.07817704 12.62240721 122 103 84
0.30023220 -0.45601001 12.28944315 132 107 91
0.55224951 -2.95544955 10.43478389 115 85 51
0.40968238 -2.64859118 10.51808381 132 101 80
1.02835711 0.79457967 13.28627980 107 88 72
0.72246272 0.87170239 13.20382529 71 42 17
0.62347892 0.40004832 12.72918154 66 42 18
1.05366091 1.03216351 13.35624434 128 110 99
0.80044440 0.67569654 12.91423507 67 43 33
0.69447037 0.56077368 12.68434496 78 58 41
0.85903607 0.47979575 12.65334699 72 47 27
0.83820371 0.67560596 12.77265316 131 111 93
0.95433146 0.73030934 12.81661544 56 36 24
0.84168468 -0.45107915 11.85207278 117 99 79
1.19937144 0.80214441 12.74640539 108 86 68
1.30592145 -1.05931104 11.46345865 65 43 30
1.11223600 0.05874919 12.09925872 57 32 14
1.29019656 0.62386390 12.49565004 105 83 60
1.79558701 -0.74992781 11.55590841 65 38 19
0.76948119 -1.16708863 10.77493667 74 47 27
0.46116888 -2.23599743 9.83553624 68 37 25
1.22548040 -2.62035467 9.77266195 181 150 129
1.22548040 -2.62035467 9.77266195 181 150 129
0.72132864 -2.29041565 9.74615503 214 186 159
0.72957205 -1.85235946 9.97451977 80 51 30
0.73220717 -2.13162957 9.75866294 78 48 26
0.74798206 -2.20888889 9.68198558 202 175 148
0.94514991 -1.46919244 10.14733260 74 49 28
0.95608076 -1.73016981 9.88560071 63 38 14
1.00926440 -1.40797713 10.04933831 63 35 16
1.54330443 -2.13456434 9.60950353 13 12 15
1.85976502 -2.45372388 9.49152545 201 170 149
1.23282942 -1.06751572 10.05193984 83 60 40
1.19294496 -1.50114871 9.69658040 78 54 29
1.53620292 -0.83888863 10.21720708 143 119 98
1.20228051 -1.32617720 9.79965184 67 47 20
1.20228051 -1.32617720 9.79965184 67 47 20
2.24049271 -2.16088139 9.35511481 174 142 118
2.93354010 -0.62229754 10.58610911 17 32 71
2.09025925 -1.87326052 9.36274635 78 50 27
2.38424501 -2.10316942 9.26921259 55 34 15
2.14092434 -1.80358835 9.29828091 84 58 35
2.43938277 -1.11433290 9.71014346 73 46 25
2.78453911 -1.80498565 9.26846553 166 134 110
2.60352541 -1.79933203 9.00020524 165 131 103
3.22543979 -0.79028214 9.74235817 2 32 80
2.69576959 -1.76519249 8.93420700 177 148 128
3.25006695 -1.01894316 9.10731040 6 7 21
2.93807110 -1.44515051 8.64768938 55 39 16
3.07657664 -1.55132162 8.54845396 6 19 41
3.12636870 -1.43149243 8.61918747 3 6 13
3.17192125 -1.30496547 8.68650242 6 10 13
2.02553089 3.79419313 10.88466963 132 131 136
2.02553089 3.79419313 10.88466963 132 131 136
-3.71660618 -0.29182731 16.69695534 152 132 123
-5.43510943 -3.42567640 15.57666910 218 215 212
2.87747109 -2.92913353 14.22581151 62 33 3
13.53291793 -6.16091236 22.82556492 89 85 79
-7.51746207 -12.43808371 28.53828882 114 110 107
-4.03200481 -1.27951594 16.84016808 225 226 230
-1.89113303 -7.18991400 27.52702475 103 102 100
3.35102010 -1.55354516 8.48570055 27 23 28
-1.16450475 2.47165370 13.96437324 205 200 204
12.81031278 -5.53591091 20.72858478 85 81 72
1.75905667 -3.22783714 9.86131267 133 93 57
-3.98585615 -3.53277059 15.32303059 135 114 85
-3.56608548 -3.36688994 16.57008973 218 217 213
-4.72149807 -4.06878145 13.48349120 233 231 227
-3.14645716 -7.66682600 30.03021306 40 39 37
-4.40092392 -3.40608237 15.22704312 151 121 89
-3.48245034 -4.04584639 15.75662449 194 161 118
-3.81952043 -3.04314696 16.61908036 222 221 217
-2.14854433 -0.57721977 15.34846278 142 128 119
0.63323991 -3.04944361 10.71072953 149 120 83
1.28859587 -2.56312106 9.71597718 155 131 102
-3.17402377 -3.59896456 15.82058664 163 125 86
-3.09928089 -3.60215458 15.69431251 68 42 17
-2.72331509 -4.00891759 15.67967995 183 149 112
-2.78716536 -3.78086184 15.55779989 91 60 16
-3.08694440 -2.98384659 15.30025554 161 128 93
-3.39805091 -0.90620700 16.17149416 90 68 49
-2.59129093 -2.58104107 14.81632364 151 116 76
-2.67398529 -2.05448350 14.81438860 159 132 112
-2.99402838 0.09762090 16.45740279 125 108 100
-1.90929440 -2.96996796 14.84258179 89 51 8
-2.44926199 -0.92244801 15.57626882 150 132 128
-1.28621601 -2.71809100 14.51326024 126 88 43
-0.54833798 -2.51244174 14.58686300 203 168 131
-0.54731705 -2.37217117 14.09554898 139 99 58
-0.54218139 -2.37087191 14.12786013 139 99 58
-0.41809378 -2.34560605 14.17683880 199 165 124
-1.01295390 1.75420500 14.51323433 126 122 123
0.09348518 1.34753237 13.81291287 68 47 25
0.25336005 1.70958289 13.83739412 52 32 7
0.47030946 -2.71191671 10.11482776 105 75 43
0.88985741 -3.16428291 10.56214790 82 57 26
0.68486782 -2.74891710 9.87813749 161 137 101
1.43161867 -3.45468604 10.38533783 209 183 144
1.66900025 -3.62536980 10.70857711 145 114 73
1.19029444 2.31829176 13.39444834 140 151 171
2.74074586 -3.66367086 11.14575810 161 138 96
1.79621128 -2.71857314 9.63294339 72 45 13
1.90910233 -2.59757247 9.57478387 79 50 16
2.11312256 -2.86140210 9.71867149 79 43 9
2.35725392 -2.40429559 9.32555588 116 84 47
2.32112984 3.53437912 11.43755576 134 138 147
2.69618090 -2.13500643 9.01848639 175 139 103
2.67239250 -1.39940899 9.01368218 78 54 28
2.67239250 -1.39940899 9.01368218 78 54 28
44.74908049 6.44452600 29.27757508 39 39 37
-0.84777579 -6.92631381 32.44046778 209 207 205
-2.54561249 -3.97723709 15.51558750 182 146 97
-2.39810620 -4.10432227 15.96247140 232 227 214
26.80438234 -13.65526775 86.02873150 77 75 62
-2.32277778 -2.76334858 14.70260846 178 142 98
1.40357282 -3.47493545 10.95558192 117 87 49
1.30411992 -3.38783506 10.35575886 101 67 31
2.34534623 -2.14706302 9.27753328 77 54 14
1.26211285 -3.07612321 9.88857573 147 114 67
-1.06845822 -1.90114594 13.82938379 201 172 133
-5.32916799 -3.36653217 15.09178449 213 213 211
-5.26102288 -3.38267795 14.96961798 105 80 55
-3.84940126 -7.86594111 27.70753264 35 34 32
-4.87423818 -3.66735719 15.39849014 214 209 206
-4.97784767 -3.23377068 15.04598963 213 213 213
-4.77209633 -3.66318026 15.33903014 152 119 76
-4.89169458 -3.24470249 15.09847600 214 212 215
-4.48629980 -3.40449567 15.16223065 104 83 54
-4.20307446 -3.73712181 15.42841543 162 125 81
-4.23386776 -3.38691786 15.35209628 217 213 212
-4.05998577 -3.66070919 15.36743814 181 146 106
-4.65870077 -1.86467370 17.18251404 208 207 212
-0.96117824 -8.97963644 40.77895469 28 24 22
-0.92712663 -8.69876751 40.92494068 150 135 116
-3.87072381 -2.95457037 17.06247971 210 211 213
-4.21718053 -1.94819778 18.23426979 118 114 106
-0.59479677 -8.62139960 40.72639167 181 168 152
-3.57482556 -3.63853122 15.56785994 217 213 208
-4.19901625 -1.51560343 18.73395907 213 211 213
-4.19901625 -1.51560343 18.73395907 213 211 213
-3.61137496 -3.15339237 16.40516415 215 212 205
-3.89028460 -2.22792538 18.14612851 154 145 139
-3.62599322 -2.99936351 16.65380266 214 213 203
-3.55379932 -3.05360225 16.60563500 132 118 105
-3.24428990 -3.61921908 15.96206142 88 66 42
-3.53023223 -2.90857042 15.94327349 174 155 143
-3.46007869 -3.04220975 15.91666976 108 89 75
-3.52646122 -2.82095977 16.02665833 171 154 144
-3.83849224 -1.96017922 16.27596937 175 158 149
-3.38529937 -3.02183125 15.75377127 165 138 116
-3.46683362 -2.80066113 15.64503540 160 142 128
-3.57233476 -2.50417252 15.80497623 170 148 129
-3.57233476 -2.50417252 15.80497623 170 148 129
-2.77147240 -4.16905051 16.27819405 213 209 200
-2.90240604 -3.79396803 15.49784552 167 133 94
-3.14592714 -3.21920105 15.44775155 122 98 70
-2.71747823 -4.12469975 16.15702337 157 130 89
-3.24051461 -2.91321649 15.39425951 168 143 114
-2.80105823 -3.72145092 15.50262644 166 127 86
-2.74546413 -3.74225174 15.48919644 82 53 10
-2.73718128 -3.75013027 15.42084044 82 53 10
-3.47559977 -1.92171831 15.67547771 173 158 151
-3.61201985 -1.25828877 16.07402233 108 88 77
-3.87225266 -0.32840100 16.95991051 110 90 81
-3.16566632 -2.31705335 15.40008004 70 42 19
-3.05476996 -2.60875686 15.29892146 65 42 24
-3.08285923 -2.42963002 15.16093842 147 122 99
-3.75470840 -0.33083178 16.76302082 149 130 120
-3.75470840 -0.33083178 16.76302082 149 130 120
-3.35249814 -1.48951741 15.69650972 166 160 154
-2.57152533 -3.52425386 15.23096336 160 124 79
-2.34089025 -3.88592821 15.52786123 127 91 46
-2.93377662 -2.47791294 15.27700491 68 43 21
-2.99460056 -2.23981215 15.21629908 152 131 112
-3.46783713 -0.75709890 16.26871937 154 140 129
-2.32922689 -3.72277707 15.41875406 120 84 34
-3.23705800 -1.41353529 15.63544521 163 149 145
-2.30301706 -3.65003789 15.26783152 169 134 97
-3.17460605 -1.38537321 15.57374433 168 154 143
-3.09902019 -1.53879480 15.47298425 77 60 43
-3.34284134 -0.55584841 16.39554755 80 60 50
-3.34133399 -0.59893796 16.31201676 80 60 50
-3.48156814 -0.15374924 16.49205090 139 121 111
-2.81690770 -1.98626119 14.98381447 90 70 55
-2.82366023 -1.76619862 15.06677462 140 123 113
-2.52648930 -2.51728063 14.78239463 149 113 78
-2.61997184 -2.20951569 14.88284834 62 38 10
-2.83169752 -1.45018275 15.24568701 165 151 145
-2.31151628 -2.88591540 14.80518935 67 44 2
-3.04900479 -0.34382104 16.38947153 58 34 11
2.36929679 -8.45778258 31.64391538 2 4 3
-2.82822369 -0.65026245 16.43486034 71 48 29
-2.98711095 -0.06460216 16.52230911 117 96 76
-2.52805558 -1.74294591 14.93942443 61 38 24
-2.33880888 -1.22982243 17.00079971 140 118 94
-1.65381657 -3.48817052 15.57759167 191 161 123
-1.65381657 -3.48817052 15.57759167 191 161 123
-1.78811680 -3.21236125 14.99656195 173 139 97
-1.41905902 -3.41522531 16.30104254 175 152 115
-2.36242409 -1.40285113 14.78654857 166 150 144
-1.47987141 -3.06806043 14.87847304 167 130 86
-2.28476250 -0.64063656 15.44578787 172 161 155
-1.99685322 -1.13111395 14.58073054 105 86 70
-1.27161628 -2.73897687 14.65084966 167 134 93
-1.39662893 -2.26466827 14.30531058 90 58 27
-1.70724120 -0.95543726 14.40771608 96 77 63
-1.41234161 -1.61459253 13.97043929 165 140 112
-1.54069800 -0.33455988 14.79581662 160 143 136
-0.90995003 -2.31609479 14.21183157 185 148 101
-0.80241221 -2.26495795 14.04742952 180 143 94
-1.30694724 -0.87305348 14.06609742 144 127 114
-0.61002026 -2.44644432 14.32372247 181 149 111
-1.03094481 -0.72743681 13.87335949 144 127 111
-0.85088197 -1.22850972 13.55556762 67 46 23
-0.42125027 -2.06636071 13.77575494 182 147 101
-0.51609947 -1.48527683 13.33849662 63 37 12
-0.60917916 -1.11462726 13.48912529 64 39 19
-0.51815628 -1.41886838 13.33029576 146 116 78
-0.01799445 -2.12161082 13.80647714 182 151 110
-0.36757833 -1.37283932 13.27650189 70 46 6
-0.24173144 -1.59272918 12.93731421 148 114 74
0.02523648 -1.87330659 13.44141904 177 143 98
-0.08775235 -1.67329908 13.20937085 129 99 61
-0.49155783 0.88873887 14.40183943 141 123 116
-0.53974152 1.17910126 14.54520908 148 132 123
-0.40336029 0.77736474 14.43151777 152 133 120
-0.37636561 0.65138029 14.17717405 108 89 80
-0.46394474 1.09504640 14.27126007 152 133 126
-0.39236674 0.73556980 14.11006922 136 116 105
-0.35712940 -0.12353905 13.28371640 88 67 50
0.41128196 -1.96414605 13.12926462 175 141 96
0.53826129 -2.08603988 13.12525603 185 156 116
0.68948124 -2.08846139 13.27719552 128 98 59
0.14999567 -0.90481154 12.57637567 51 33 9
0.02086562 0.86702746 13.82819285 54 32 15
0.08687751 1.39814431 14.00583114 118 97 71
0.24786671 -2.21811418 11.17993808 139 121 95
0.24882163 -2.53079135 10.88859393 92 69 39
0.24882163 -2.53079135 10.88859393 92 69 39
0.63174968 -3.03856409 11.37427208 139 121 95
0.53656554 -2.79337263 11.26446562 183 164 132
0.64664455 -3.04279901 11.22272406 175 152 118
0.15237679 1.81889762 14.06554392 57 39 20
0.36538075 -2.74865890 10.65861984 184 160 131
0.70372316 -3.11414844 11.16563736 194 172 136
0.24962464 2.00663812 14.00363558 103 90 76
0.50451365 0.02885383 12.61771506 73 52 27
0.55886448 1.89335715 14.11503419 59 37 14
0.63617625 -2.99669465 10.43396110 171 149 107
0.53088816 -2.92359134 10.06427001 208 181 139
0.69517954 -0.48113004 12.28230432 54 36 14
0.63473522 0.18950968 12.64278022 87 65 41
0.91271478 -3.14174452 10.43278127 190 162 130
0.54926599 -2.74626078 9.88711515 127 100 72
1.12903823 -3.35845546 10.56593150 193 167 131
0.59903295 -2.70404421 9.86769620 74 49 21
0.70028079 -2.89618676 9.91996738 151 125 86
0.55174764 -2.37784036 9.87488492 111 76 39
0.85954232 -2.65324455 10.27065619 65 40 8
0.80484668 -2.51556900 10.02331341 116 83 58
0.74486295 -2.39433995 9.93353417 67 38 10
0.11577271 3.38110303 12.52621780 125 125 123
0.11577271 3.38110303 12.52621780 125 125 123
1.37346201 -3.40724315 10.39027111 200 173 128
1.76959326 -3.73586768 10.90014794 171 142 99
1.24501420 -3.19357731 10.07597656 177 148 114
2.07583442 -3.91590311 11.12113638 156 133 95
1.30454068 -3.08787434 9.92947654 181 153 114
1.45839171 -3.33446859 10.05657108 198 174 134
1.69428052 -3.50969552 10.39014173 106 79 40
2.25803014 -3.87122317 11.06131820 177 148 107
1.60246339 -3.34752667 10.10159958 173 143 107
1.59107998 -3.28162022 9.96551350 186 158 116
1.74227422 -3.46589636 10.14253334 183 154 113
1.85152465 -3.44063359 10.15108833 112 81 38
1.11728416 -1.92998990 9.55755854 178 153 118
2.67995784 -3.63847445 11.05307271 165 136 92
1.30557047 -1.41180239 9.69728178 113 93 64
1.56429799 -2.06467849 9.77000975 3 5 2
1.55136220 -2.22139641 9.63216583 130 110 78
1.36265490 -1.31645656 9.65713249 145 124 98
2.03067959 -2.96498305 9.75463893 102 69 32
1.77278999 -1.82522991 9.71021580 65 46 21
3.14707140 -3.35032410 11.22679771 158 131 89
3.12584505 -3.28844730 11.17166759 74 47 7
2.08012582 -2.74289364 9.59908011 127 90 47
1.88114125 -2.12227654 9.54022161 81 58 26
3.27226856 -3.17430121 11.18701891 72 44 21
3.38867988 -3.23865180 11.24419233 155 133 103
2.23878227 -2.73078696 9.62553642 88 50 12
2.86232211 -3.00902213 10.48106864 187 164 124
3.78508434 -2.95324280 11.70097640 209 206 193
2.31914475 -1.59887501 9.41714157 57 36 15
2.43972599 -1.05306802 9.71558441 133 115 93
2.49208498 3.86440057 11.78981513 131 135 139
2.71198911 -2.35609977 9.27660352 78 43 4
2.45049829 -1.48716789 9.21174264 42 22 0
2.79601943 -2.29748231 9.17293020 84 47 3
2.80984877 -2.18702282 9.09403090 180 145 103
2.77977723 -1.78976628 8.89878296 65 41 13
3.27430566 -2.06176921 9.22455706 143 106 64
3.16912040 -2.14608083 8.92179788 126 87 39
3.17621086 -1.88756209 8.74150598 84 51 7
3.16420022 -1.33831897 8.69961095 129 111 87
3.17777415 -1.63873559 8.58107906 80 57 26
3.21595868 -1.45431743 8.61639315 10 4 3
3.32718319 -1.65903138 8.59269738 114 91 73
3.65264372 -1.39581859 8.93908038 15 14 12
-3.41115113 -4.07450353 16.27597955 180 163 141
-3.40751613 -3.50015526 16.55104736 207 191 187
3.08904246 -4.51684893 25.68176289 218 215 213
-4.28090822 -1.17074728 12.69152233 68 50 34
5.81022523 0.11369262 14.18635410 70 47 20
-2.94751080 -3.86005601 15.83361992 204 169 132
0.02087646 1.98845845 14.54473840 27 13 5
2.64674374 -1.82314433 8.91834898 77 55 32
2.80534131 -1.77300045 8.85329166 79 56 33
1.04275387 -0.94838250 11.74379755 44 25 10
0.94332189 -0.96111332 10.84673449 72 44 22
-3.72898423 -2.21949849 18.10711821 158 143 142
-3.85953205 -1.68974468 16.33787534 85 65 54
-3.33377296 -1.91243224 15.48461598 95 71 63
-3.34988727 -1.01287429 16.06460311 148 129 122
-2.29552905 -2.11946321 14.52627497 77 49 28
-0.80183353 0.25452204 14.40579751 149 129 122
-0.04366961 -1.53827230 12.93130994 69 41 20
0.94195760 -0.96274292 10.85500713 74 47 21
1.31267085 -1.00421598 10.00025425 70 46 24
2.21924494 -1.95267906 9.32377916 180 149 124
3.30120922 -1.03432363 9.11505192 13 29 66
-5.40650431 -7.05073146 17.53518624 112 108 100
-3.97928823 -8.51472120 19.98723197 112 108 100
-3.96981795 -2.08519335 18.21075536 114 102 101
-3.67964823 -2.15348827 18.11719526 157 146 142
-3.24544866 -2.42039738 18.04083114 150 136 127
-3.58887890 -2.75764496 16.25689233 105 85 76
-2.80248165 -1.11078095 18.86410614 137 128 132
-3.97173324 -1.08218033 16.69758394 84 58 51
-3.97173324 -1.08218033 16.69758394 84 58 51
-4.29856285 0.06825876 16.99075368 129 129 140
-3.11403457 -3.21993745 15.61722529 76 47 23
-3.91867470 -0.42863494 16.84612589 79 52 45
-2.64690563 -3.58150430 15.40059104 189 158 131
-3.62808726 -0.56462980 16.41304966 153 138 133
-3.48713319 -1.11121876 16.09572017 88 61 54
-3.28173165 -1.93348966 15.53177335 76 53 47
-3.00641796 -2.46485277 15.22202913 179 157 136
-3.25573798 -1.46519167 15.63586481 115 96 83
-3.57221522 0.04442470 16.53200566 129 111 105
-2.66899293 -1.32331236 15.13398955 95 72 61
-1.99489921 -2.20472495 14.47072405 59 32 10
-2.36333882 -1.13830039 14.85440361 94 66 52
-1.78604119 -0.32604611 14.91840340 83 61 50
-1.26189551 -1.71741563 13.92364646 189 168 144
-1.56643225 -0.17460648 14.73017904 94 72 60
-1.24403428 -1.54721810 13.81281714 166 144 122
-1.25085622 -1.49895718 13.78992680 81 54 37
-1.00358171 -1.37268358 13.61237982 81 56 34
-0.58609552 -1.44321266 13.38161698 67 40 20
-0.49837020 0.98245485 13.83580685 54 33 15
0.19036513 -1.25123927 12.51721002 62 39 22
0.49104973 -2.52257802 11.53895382 83 57 33
0.58661844 -2.79769702 11.21728660 101 75 51
-0.08038145 -0.07797639 12.67534182 86 64 44
1.21076666 0.34782339 12.23299735 63 38 15
1.83599434 -1.79582822 9.57693861 168 141 126
2.01744802 -1.92810929 9.51917459 96 74 50
2.41947438 -1.65126524 9.16494092 150 122 106
2.62929025 -1.88167720 8.97310126 77 49 27
2.72294363 -1.62739693 8.88738878 104 76 54
2.99283888 -1.14696558 8.91579542 70 51 29
1.93387385 -14.47855586 31.85683132 162 149 140
2.32909424 -13.36467048 31.68817029 176 167 158
0.85711447 -4.88306932 26.67919534 238 231 239
-4.96048466 -3.59866851 15.29366991 127 96 70
-5.02307077 -3.51832501 15.07122599 111 79 56
-5.00198200 -3.55426827 15.02190500 125 96 69
-4.98653746 -3.51556651 15.02695133 101 74 61
-4.12428155 -2.01494793 18.17618956 101 90 85
-4.04190560 -2.01058287 18.24470370 175 161 158
-5.56866145 0.02165238 17.32821826 152 154 167
-3.99088036 -1.99983674 18.20765259 166 155 151
-3.89760994 -2.04719496 18.24266424 170 159 156
-4.83099321 -3.47364490 15.03771417 134 100 73
-4.74618264 -3.38745412 15.20572985 162 134 111
-3.85654791 -2.12149841 18.14419135 97 85 85
-3.78477535 -2.15301416 18.11228717 98 89 84
-3.78477535 -2.15301416 18.11228717 98 89 84
-3.71700192 -2.13966662 18.13138130 173 161 158
-4.31119347 -3.48825779 15.30102577 120 89 67
-3.24689974 -2.55525813 17.87145394 161 148 140
-4.17391077 -3.49876282 15.27750694 176 148 127
-3.09830713 -3.73031854 16.45017826 77 48 28
-3.92571573 -1.69668814 17.03009838 150 132 131
-3.87645734 -1.74759214 16.94878531 112 76 66
-3.93376718 -1.44764536 17.10015386 232 230 236
-3.90346716 -1.34272058 17.19988990 244 238 240
-3.89650028 -1.41415215 17.06568200 137 109 98
-3.92427174 -1.27044934 17.10489581 127 100 90
-3.16519739 -3.82416367 15.74478202 204 173 152
-3.91839288 -1.42345995 16.78171439 169 143 128
-3.16252204 -3.56497432 15.87285814 183 148 121
-3.55609922 -2.66018093 16.09991987 147 117 106
-3.26945304 -3.27503618 15.77438536 80 46 25
-3.31809164 -3.18507517 15.76538674 171 135 111
-2.97779040 -3.75218259 15.70114914 120 86 56
-3.06256576 -3.52226880 15.71181570 184 149 121
-2.87527032 -3.76973672 15.66175014 194 165 137
-3.86423647 -0.73453829 16.78312172 103 81 70
-2.93433247 -3.43274609 15.45546087 77 42 20
-2.57371087 -3.84331194 15.57692986 149 114 81
-3.67205360 -1.15181364 16.40523781 157 129 117
-3.64429708 -1.54149775 16.07155922 172 153 146
-2.83810209 -3.42258711 15.44549704 74 42 21
-3.16392538 -2.96160212 15.39799521 103 72 44
-3.83903483 -0.35127751 16.81596282 97 71 53
-2.86257998 -3.37028499 15.35121602 78 44 19
-3.59968044 -1.45163690 16.05481985 102 72 62
-3.06203312 -3.01099978 15.35777949 178 146 120
-2.90556601 -3.25611681 15.27717022 189 156 121
-2.98625046 -3.03229091 15.31544175 70 40 24
-3.76170728 -0.34197762 16.73537721 163 140 135
-2.69620105 -3.43223350 15.20771236 162 129 101
-2.61004159 -3.47785733 15.26252219 187 159 133
-3.39670627 -1.87211208 15.62852515 114 87 78
-2.87324019 -2.97312371 15.25421714 70 42 21
-2.71175328 -3.24145690 15.18719028 71 42 14
-3.63911474 0.00397798 16.72229721 143 125 115
-3.63911474 0.00397798 16.72229721 143 125 115
-3.39599250 -0.72621103 16.34337396 133 109 99
-3.32324284 -1.23162552 15.86105727 111 83 68
-3.64267858 0.05614968 16.58489653 136 120 112
-2.56540549 -3.11235049 15.06604303 74 38 16
-3.25600567 -0.64804738 16.35153708 53 29 23
-3.19915746 -0.63634940 16.34557139 53 28 24
-3.45839813 -0.01922718 16.58020307 143 120 114
-3.14407038 -0.63026224 16.34292943 62 34 27
-2.58557844 -2.96876092 14.91273003 207 171 152
-3.07611409 -1.56042401 15.49536100 85 56 48
-2.48042157 -3.00697160 14.91423578 107 75 51
-3.01423548 -0.91877001 16.02519031 147 120 109
-2.46224186 -2.87855371 14.85855231 203 172 146
-2.02446244 -3.29023628 14.99145445 184 158 131
-2.81727668 -0.85781932 15.95163294 145 117 105
-2.39062871 -2.72129671 14.74873184 114 83 56
-2.67285331 -0.71808061 16.15653257 131 108 95
-2.70185554 -0.81997320 16.01765202 72 40 20
-2.32858092 -2.74739663 14.73182698 192 161 132
-1.62768344 -0.36481880 17.64875728 138 126 114
-2.66269633 -0.80541661 15.97481866 76 45 21
-2.42149499 -2.50005358 14.73576618 72 45 20
-2.36338974 -2.47167427 14.72051563 73 40 21
-2.69662974 -1.57776986 15.11090308 90 62 51
-2.37197807 -2.43542459 14.73276062 194 160 133
-2.29284220 -2.42351871 14.69081236 77 44 29
-2.49536886 -0.62807602 15.91592785 156 134 121
-2.04653346 -2.60543794 14.55285627 100 70 45
-2.35489284 -2.02209590 14.64450622 90 61 46
-2.20952550 -2.26430386 14.55956329 178 144 118
-2.48273818 -0.68374143 15.57320983 121 91 81
-2.39848277 -0.65491317 15.63392448 147 120 107
-2.33138550 -0.62104808 15.68714038 81 53 32
-1.98049641 -2.45605283 14.47878467 155 125 94
-2.25264883 -0.44575890 15.86149217 88 60 44
-2.14836706 -2.00802319 14.41601925 91 58 39
-2.25846878 -0.56149589 15.50009585 150 122 111
-1.88124089 -2.33355399 14.37062628 183 152 123
-1.77750977 -2.21309470 14.30920158 127 93 62
-1.61381281 -2.30932243 14.33760090 95 62 37
-1.58756700 -2.25743421 14.26635157 91 57 28
-1.84319923 -0.20361719 15.59968069 88 63 47
-2.08582875 -0.65879224 14.98062961 158 130 115
-1.94000639 -1.61217787 14.26161767 159 134 115
-1.92395620 -0.37578584 15.29099421 160 136 123
-1.42993060 -2.19423746 14.21508002 93 57 34
-1.66706581 -0.12700602 15.44969490 139 119 112
-1.60252350 -1.82148489 14.07871415 192 158 129
-1.67712822 -0.16794792 15.36798367 146 127 122
-1.36317538 -2.06551626 14.05417807 213 183 156
-1.32063760 -2.02269547 14.10068624 113 78 53
-1.79868514 -1.27803580 14.21332885 99 71 60
-1.19521023 0.14385999 15.86472421 110 91 84
-1.65602134 -0.23008442 15.11414493 158 132 126
-1.76523119 -0.49793466 14.79199714 160 134 121
-1.26709140 -2.03174819 13.97512890 225 196 165
-1.64148572 -0.19356364 15.06021462 153 129 118
-1.23515434 -1.98324760 13.93867010 186 157 125
-1.23515434 -1.98324760 13.93867010 186 157 125
-1.76438717 -0.78287541 14.41334569 162 142 135
-1.66774742 -0.24714628 14.86222900 101 75 58
-1.65212205 -0.46189685 14.54399898 104 75 60
-1.54244266 -0.13437991 14.88685809 104 76 64
-1.44176152 -0.03454151 14.87953387 157 134 124
-1.18502132 -1.46257487 13.70518190 197 169 148
-0.85754002 -1.83183170 13.59612676 191 163 137
-0.78082582 -1.89480085 13.61698237 111 75 47
-1.28312434 -0.41145375 14.13163986 89 61 51
-0.74188598 -1.76246170 13.49357893 193 163 135
-0.59095327 -1.87845424 13.50621495 116 81 53
-0.67648312 -1.81840773 13.48198689 99 65 37
-1.02443119 -1.07724527 13.58174955 179 155 132
-1.02575412 0.25051728 14.62035100 93 63 44
-0.52740441 -1.76179379 13.42396835 114 78 54
-0.96134076 -1.11830026 13.55723551 81 56 37
-1.17236383 -0.19686103 14.09574261 97 65 49
-0.64631916 -1.44249648 13.39758561 72 41 22
-0.98713835 0.27153580 14.45451855 161 137 125
-0.40709547 0.61145651 15.08392843 109 89 80
-0.90454153 0.23715123 14.28285384 114 84 60
-0.39759028 -1.58243896 13.19563127 180 150 112
-0.08764553 0.68993822 15.16505163 241 224 210
-0.75514949 0.45082716 14.44783300 152 124 112
-0.58141487 0.52266040 14.50694538 69 47 33
-0.70122789 -0.96877197 13.23726008 142 113 92
-0.34972241 0.64130933 14.65208488 72 51 39
-0.51795864 0.64253581 14.45779163 132 108 104
0.46406559 -2.05369269 12.97626488 180 152 124
-0.73722221 0.10831577 13.73546279 146 119 108
-0.69428164 0.34034440 13.90672863 154 129 117
-0.65620015 0.50746540 14.03985619 105 76 61
0.97526664 -2.56039040 12.60243744 198 174 143
0.54320598 -2.05110837 12.65141579 97 68 39
-0.54904568 0.55977954 13.86569463 129 105 95
0.15718466 -1.58103054 12.69237658 190 157 125
0.29259255 -1.77215396 12.60621118 68 39 21
-0.57843261 0.66681470 13.88452819 152 129 120
0.28201805 -1.72295767 12.60352657 200 168 145
-0.49329060 0.65820820 13.82818039 69 50 46
0.50188617 -2.01902417 12.38734081 81 49 27
-0.41396233 0.67973782 13.79762776 83 62 59
0.60287993 -2.78106117 11.81263507 121 91 66
0.82142196 -3.05329776 11.72865570 127 97 62
-0.63411831 1.71042921 14.36973572 127 108 98
0.16467112 -1.44250683 12.45958647 186 152 124
0.40320490 -2.12980671 12.07033039 64 35 6
0.64623030 -2.95896181 11.59484826 179 147 122
0.64623030 -2.95896181 11.59484826 179 147 122
-0.49601877 0.97946834 13.83452337 69 44 31
-0.51436339 1.03077023 13.82313198 129 105 92
-0.40176381 0.77761653 13.69807791 147 122 112
0.43942767 -2.41140773 11.81366345 82 52 24
0.46799476 -2.32319105 11.82756512 77 49 26
0.80016705 -3.10557076 11.38899859 190 160 135
-0.18554573 0.69771748 13.62030626 127 104 98
0.41237558 -2.47693598 11.50718801 50 25 2
0.69855522 -2.98227452 11.24047656 84 53 33
0.48051625 -2.70124362 11.31900042 95 63 38
0.48051625 -2.70124362 11.31900042 95 63 38
-0.04824618 0.72334721 13.51377691 47 27 18
-0.18611116 1.05754529 13.64738169 81 56 36
-0.42808415 1.77637541 13.99797757 131 109 99
-0.49688994 1.80790144 13.97853360 88 68 59
-0.49688994 1.80790144 13.97853360 88 68 59
0.50255707 -2.75678885 11.15721695 193 163 136
0.02403621 0.75601531 13.49417667 48 30 17
0.09624687 0.91236772 13.48399437 92 69 55
-0.27597974 1.67533698 13.82583097 82 55 34
0.12049591 1.45455583 13.76424435 200 187 175
0.69620581 -2.96729347 10.70248674 207 177 148
0.02947349 1.76200100 13.80978141 72 50 33
0.77123959 -3.06304273 10.63511767 102 70 45
0.60530092 -1.10680501 11.95258335 43 26 16
0.72140131 -3.00723126 10.59634144 178 143 117
0.64452466 -2.98344922 10.57188276 178 143 117
1.17972103 1.39325647 13.94548299 217 203 197
0.90027335 -1.21025360 11.64555143 61 32 17
0.46475462 -2.47289762 10.45345234 134 106 85
0.64096161 -2.87487626 10.24040453 198 168 142
0.82232149 -0.44620084 11.84840449 135 108 87
1.21253827 0.93142915 12.98850344 242 235 226
1.14306737 -0.82467065 11.57892023 62 35 18
1.59974952 -3.28800154 10.02222732 239 215 191
3.27368858 -2.80475696 11.04757078 124 93 74
1.25229286 0.79631937 12.62776000 113 91 75
1.12125283 -0.19626404 11.83156895 69 40 17
1.35011735 -2.92851307 9.92007835 67 42 22
1.37623833 0.70083535 12.49925680 103 79 59
0.69361584 -1.17364985 10.71711565 135 107 86
1.48094225 -0.20058190 11.73834053 151 126 107
1.47436623 -0.20010345 11.73558251 151 126 107
1.40309498 -2.72480762 9.85380656 162 132 109
1.44911397 -2.74235009 9.78328451 79 48 26
0.77409180 -1.92156462 10.02270806 78 50 30
1.60810714 -2.72350666 9.64043474 97 66 40
1.44715958 -2.48733448 9.71091115 187 157 135
1.79904006 -2.67232319 9.61566648 121 91 66
1.00159953 -2.06873179 9.69304408 93 60 37
0.97821034 -1.73729768 9.89275766 76 45 27
1.08982823 -0.82407024 10.44307693 83 53 29
1.74931758 -2.36590956 9.56588502 67 38 16
1.23826078 -0.88099865 10.34493608 80 52 31
1.93342258 -2.30410444 9.53630123 71 38 12
1.93055755 -2.22750760 9.58266867 83 56 36
2.08580569 -2.23382634 9.50514506 81 47 25
2.08920745 -2.18345126 9.49547772 199 165 137
1.35978857 -1.60555309 9.60212416 80 55 29
1.90741394 -1.91082553 9.49676647 101 80 58
1.55749238 -1.61736612 9.55955155 100 72 49
2.35098390 -2.25628959 9.38536386 78 49 29
1.41635706 -1.03572615 9.87024250 161 135 112
2.38281740 -1.72258856 9.27118757 106 75 53
2.79671647 -1.55784373 8.81597345 179 146 123
2.87336384 -0.97752387 9.20028978 95 65 40
3.14715431 -1.04863020 8.92693291 151 133 117
3.16430692 -1.26053119 8.75053955 138 118 96
6.20761874 5.54612982 7.04443109 180 171 180
6.20761874 5.54612982 7.04443109 180 171 180
-2.93426444 -2.40579536 14.60326128 144 121 103
1.23162657 0.84359203 13.23390269 116 99 81
2.78411685 -0.91337251 11.67669932 236 224 214
1.75738921 0.87735092 13.10622931 229 219 202
6.16768087 -2.99084602 15.81703862 174 138 105
2.52952715 0.47847028 12.77974953 207 200 190
0.95015743 -8.29720060 21.30311709 150 138 119
-3.55221143 -2.33068029 17.91572460 153 139 128
-3.91312917 -0.72276922 17.44197554 229 224 225
13.12434118 -4.01131743 9.40763621 69 64 52
-3.89051272 -2.13413384 18.17614962 93 87 84
-3.38043874 -1.29599793 15.78396824 93 71 57
-0.64772030 -0.52796590 13.29893402 85 61 45
-3.62414379 -1.82608080 18.51935410 219 216 225
-3.75174511 -0.12897234 16.80083958 89 62 53
0.67190379 -0.44580887 12.14933734 54 30 13
2.66788156 -1.74291327 9.00879867 87 62 45
3.69774927 -16.31512932 33.04853463 111 108 99
-4.23069339 -1.79246941 18.31514238 136 128 129
-3.03566332 -2.30154379 18.10670491 229 226 222
-3.96674300 -1.44546879 17.07118318 222 217 226
-3.93363898 -1.34404375 17.13976204 138 119 114
-2.56757424 -1.24292397 19.12078750 217 212 220
-3.96358332 -1.08643679 16.72663576 84 58 51
-3.86173734 -0.98748341 16.51996725 90 66 56
-3.47992807 -2.15345569 15.76267953 97 74 65
-3.84946102 -0.07331781 17.11932314 71 62 79
-3.33308174 -2.39729873 15.61380088 128 105 91
-3.80132963 -0.30848305 16.64098058 73 43 31
-3.57812678 -0.73382107 16.43812861 74 50 45
-3.62532173 -0.56528804 16.42310590 153 138 133
-3.25757829 -1.46528273 15.63465848 115 96 83
-2.18489964 -0.59071914 17.24625164 94 74 58
-2.65872132 -1.66877038 14.93031079 166 147 140
-1.48078350 -0.66155570 14.15086653 150 133 125
0.46306997 -2.08916927 12.27447233 134 107 86
-0.21552484 0.64310783 13.59816655 51 31 16
0.21135954 0.58161936 13.05330078 65 42 22
0.88469298 0.95152193 13.17355658 96 74 51
0.89120031 -1.76130750 9.96116795 73 43 21
1.26347679 -0.91137494 10.09256806 139 114 92
2.55221367 -1.69811385 9.11805065 55 33 10
-1.74223894 -10.66545694 25.38706542 90 84 62
4.18270094 -17.16421205 36.16002182 90 84 62
-4.09164596 -1.92541850 18.28808767 174 161 156
-4.09090846 -2.02786463 18.17451389 171 157 154
-4.85695035 -3.48301089 15.11913045 116 81 53
-3.91708704 -2.04982384 18.24229718 170 159 156
-3.85241703 -2.08812732 18.13968548 175 164 160
-4.74737392 -3.46045561 15.07876190 182 154 132
-3.48776193 -2.02062235 18.28181631 153 142 146
-3.93041730 -1.69694717 17.09542136 244 236 233
-3.98451858 -1.54644658 17.08941309 239 232 233
-3.08827497 -3.73413010 16.46106882 77 48 28
-3.24999190 -3.47675334 16.29086960 90 62 39
-2.87038391 -3.95605619 15.93165166 50 24 2
-3.29309783 -3.07870074 15.72020373 99 66 47
-2.97741197 -3.46007421 15.57661925 192 159 126
-2.55857060 -3.84967684 15.59283074 149 114 81
-3.73532643 -0.09949149 17.23282643 72 64 79
-3.80692447 -0.37164305 16.80540781 151 124 113
-3.76372797 -0.31594891 16.78632941 96 69 52
-3.69098953 -0.13635705 16.90480145 150 124 111
-3.69098953 -0.13635705 16.90480145 150 124 111
-3.67120496 -0.14582337 16.87318244 99 72 59
-3.56899150 -0.00422105 16.75678713 98 74 64
-2.61528282 -3.22171671 15.19724715 76 42 20
-3.47665362 0.04801085 16.68411258 98 79 75
-3.45780589 0.08939473 16.70776111 138 123 120
-2.49512070 -2.96647881 14.94656664 208 173 145
-2.36079015 -2.94979307 14.89217486 81 45 23
-2.44769696 -2.57459952 14.80219286 79 52 26
-2.74072244 -1.19287276 15.35953372 116 87 82
-2.34933221 -2.36720528 14.66503102 194 161 131
-2.49985663 -2.02663951 14.73099887 152 126 108
-1.94062116 -2.32751800 14.39286131 102 68 42
-2.02236334 -2.09228278 14.43708073 192 157 130
-2.20757847 -1.74650992 14.49107756 167 144 129
-2.20482411 -0.52513031 15.46809110 156 128 117
-2.18258955 -1.74543501 14.48047337 155 132 117
-2.23189957 -0.75202041 15.23647199 100 72 58
-2.15384069 -1.38913990 14.50194716 96 74 62
-1.98207469 -1.72946322 14.35652322 95 70 53
-2.09280221 -0.69429011 14.94628860 103 74 61
-1.54040841 -1.89081062 14.12165214 73 43 17
-1.77737169 -0.89001888 14.41432871 109 90 76
-1.13354142 -2.07631484 13.95698073 103 67 45
-1.61036771 -0.22171425 14.95411002 146 123 108
-0.92872615 -1.03006671 13.51283776 192 170 154
-0.75704758 0.30137928 13.91724198 107 79 68
-0.73367366 -0.54282619 13.28447909 135 109 96
0.43962373 -2.03603088 12.81292111 202 170 144
-0.51577467 0.61364837 13.92153848 68 48 41
0.25643170 -1.62875380 12.67620149 78 48 22
0.49731732 -1.96857653 12.43796101 73 46 24
-0.51657155 1.10887174 13.87423748 91 65 50
0.01156645 -1.20039996 12.51258667 177 143 117
-0.28847546 0.38075931 13.22676316 76 48 29
1.10187520 -3.42582568 11.32990019 230 209 182
-0.19022564 0.53655351 13.36847429 80 51 31
-0.19022564 0.53655351 13.36847429 80 51 31
0.43303435 -2.62952690 11.38653265 215 181 159
0.43303435 -2.62952690 11.38653265 215 181 159
0.44081387 -2.63087430 11.38782810 215 181 159
0.27274048 -2.11987837 11.49795659 126 100 74
-0.11590403 1.37275561 13.74601653 92 62 38
0.28102831 -2.08714344 11.47587499 86 58 32
0.28102831 -2.08714344 11.47587499 86 58 32
0.37901538 -1.12963336 12.13019571 72 45 26
0.01897309 0.51046442 13.08196876 91 66 46
0.41538451 -1.11119597 12.05390897 67 38 17
0.87304359 -0.74852403 11.67701187 131 105 88
0.71420894 -2.56609655 9.98487007 197 167 140
1.44598907 0.75092513 12.54205918 242 234 220
1.28719770 -2.74018355 9.91831707 154 120 101
0.75051317 -2.29356342 9.87453251 88 60 37
0.74705090 -2.29020148 9.86731719 88 60 37
0.78665559 -1.05024722 10.65541089 123 94 76
0.78665559 -1.05024722 10.65541089 123 94 76
1.09181940 -0.82328994 10.44170365 83 53 29
1.12347100 -0.79619438 10.42335238 98 68 44
2.04564479 -2.24130973 9.53347165 189 160 137
31.47269043 -2.19336811 15.68035104 157 154 133
3.02402541 -1.45460485 8.65268151 69 43 20
3.13332691 -1.18809213 8.80930038 132 103 82
27.45586028 4.58160385 8.70875061 62 64 52
28.57579169 4.63667041 8.49323551 138 137 116
-4.23956177 -1.94307369 18.15700082 104 90 86
-4.18989391 -1.89615445 17.99489132 161 154 151
-3.76461887 -2.06152393 17.12028288 173 154 147
-4.14327574 -0.52920875 17.82590861 144 143 151
-4.00874871 -1.55982595 17.01272667 147 128 117
-3.91085404 -1.11654371 17.15579439 135 111 105
-3.88097963 -1.02036454 17.29419490 143 125 113
-3.72251950 -2.06578006 16.49480226 143 119 107
-3.92657848 -0.83083269 17.27781631 217 213 214
-3.65859409 -2.32186077 16.21579957 177 153 142
-3.66384125 -0.48198429 17.59602174 93 74 60
-3.47373637 -2.56043475 15.88804449 191 163 152
-3.71062544 -0.28086628 17.52845001 90 70 66
-3.58272137 -0.02818124 17.06109068 143 122 114
-3.14698319 -2.34834155 15.55632075 205 182 172
-3.57655232 -0.32805901 16.65421489 79 55 45
-3.35266311 0.04674248 17.29274342 49 41 46
-3.46605347 -1.85616328 15.36355834 82 54 41
-3.46160486 -0.03535279 16.87795891 90 68 54
-3.40327872 -0.76666075 16.29860984 94 70 58
-3.28903015 -0.90395205 16.15523921 86 57 44
-3.28903015 -0.90395205 16.15523921 86 57 44
-3.24149491 -1.14283438 15.99248699 86 58 44
-3.24149491 -1.14283438 15.99248699 86 58 44
-3.40054429 0.00267085 16.71603444 129 109 102
-3.28523010 0.12404981 16.76744660 63 44 39
-3.09230591 -0.56113373 16.36720220 83 61 48
-3.09230591 -0.56113373 16.36720220 83 61 48
-3.04845530 -0.36254705 16.45325722 53 27 15
-2.77811295 -2.33824786 15.09429679 169 143 128
-3.16950737 0.01782993 16.59920732 113 94 81
-2.73201718 -0.79306580 16.39237766 61 39 27
-2.92610304 -0.49488818 16.39444967 84 62 49
-2.56531841 -0.62899566 16.69551353 227 214 213
-2.90421136 -0.94622353 15.90336733 143 119 107
-2.90279372 -0.05702326 16.63046432 57 34 15
-2.82338933 -0.94091440 15.88495529 87 59 46
-2.82338933 -0.94091440 15.88495529 87 59 46
-2.58815611 -0.78662727 15.93517948 75 47 33
-2.44765402 -2.14047072 14.86280716 169 144 122
-2.62218384 -1.34220837 15.24491600 145 125 117
-2.57194514 -1.02492411 15.29684366 103 75 64
-2.49045005 -1.64555832 14.84331620 167 150 140
-2.38736143 -0.64759345 15.73529799 92 62 47
-2.38736143 -0.64759345 15.73529799 92 62 47
-2.19639865 -0.41384013 15.86373737 89 61 50
-2.26600472 -0.57267665 15.61651836 86 60 43
-2.23686259 -1.74847876 14.61216924 94 65 53
-2.09109165 -0.32210546 15.65724078 131 113 105
-1.95521527 -0.29713424 15.74424259 81 55 42
-2.00451426 -0.39623381 15.30847254 140 115 103
-1.95116790 -0.36536813 15.36308570 84 55 37
-2.09154167 -0.69265873 14.94141516 103 75 61
-1.54737459 -0.10730858 15.76559014 117 98 93
-1.84484402 -0.35797064 15.27512012 135 116 106
-1.66490820 -0.14086842 15.54574354 95 68 47
-1.78820964 -1.45736059 14.23700452 94 68 55
-1.77051883 -0.29167783 15.18422317 155 128 118
-1.57797011 -0.07027298 15.47599475 89 67 54
-1.78343741 -0.83006448 14.51981611 96 68 57
-2.83539054 -2.59543672 12.08295335 159 170 148
-1.61531978 -0.19510992 14.99359051 89 60 47
-1.44740126 0.05112519 15.30910581 83 55 39
-1.24580347 0.09393545 15.34516300 77 50 36
-1.38844018 -0.25578479 14.49236557 98 65 48
-1.06353705 -1.33818810 13.63707241 125 102 84
-1.03516293 -1.36163210 13.59164110 109 84 62
-1.12402312 -1.12754508 13.63949915 178 153 133
-0.64057285 0.51394020 15.24216278 94 74 63
-1.09061545 -0.57499920 13.72235654 100 74 63
-0.87771954 0.30566013 14.52589799 88 58 42
-0.06016185 0.68302897 15.20110730 207 192 181
-0.82549877 0.26727733 14.23835723 98 68 53
-0.73094153 0.30753321 14.13620495 91 60 44
-0.30100181 0.63827301 14.67648513 66 46 39
-0.48358501 0.56208119 14.41818214 64 42 37
-0.67293875 0.32040103 13.99262003 149 124 118
-0.45168177 -1.04175404 12.85960378 106 72 47
-0.54520971 -0.01138502 13.23361741 94 68 53
-0.39194412 1.49503252 14.25370983 87 59 45
-0.07245936 1.12052806 13.75082006 61 39 28
0.05046324 0.89445401 13.66616412 79 53 35
-0.29209650 1.69232578 14.00250470 132 113 105
-0.52531293 2.07397816 14.04466241 140 137 144
-0.25572398 2.08237968 14.17910828 140 137 144
0.29595710 1.85427614 14.25726398 121 99 87
0.62601077 1.16849449 13.92317223 232 220 209
0.62601077 1.16849449 13.92317223 232 220 209
0.63110555 1.13087855 13.88857319 103 83 72
0.21049870 1.41970799 13.84003640 218 202 193
0.25851069 1.12856733 13.63525098 105 83 69
0.44341473 0.92862229 13.48465984 64 37 25
0.44341473 0.92862229 13.48465984 64 37 25
0.32961319 0.78346581 13.26072745 126 102 84
0.74531303 1.00059258 13.60673051 92 70 53
0.42831920 0.46392949 12.87632279 90 64 49
0.76717560 0.88677395 13.18263212 79 51 27
0.79291082 0.70719823 12.81187719 77 51 35
1.02766955 0.90180842 12.99117840 154 132 118
0.89987359 0.73992134 12.62280723 142 118 103
-5.27818929 -3.59419320 15.05508318 154 119 79
-3.19193683 -3.82471913 15.74742166 90 68 47
-1.05846101 -0.75561497 13.75537356 151 133 123
0.65826262 -2.96694039 9.92546923 162 129 100
1.49850349 -1.36664188 4.78457534 220 209 196
11.76712869 -5.72864023 19.97461887 86 84 77
1.24878291 -0.30960707 11.79680591 123 102 83
-3.29442755 -3.27936026 15.65858362 73 51 22
0.71015715 0.53707082 14.16031479 121 103 89
0.71015715 0.53707082 14.16031479 121 103 89
1.72336976 -2.19374850 9.59492770 0 0 0
21.21367897 -34.01652873 84.51504489 151 142 133
21.91199144 -33.62925519 86.50289322 62 61 43
22.72551647 -31.96336549 87.27585990 42 38 27
21.35223376 -32.55334427 80.50013574 159 150 141
-19.87351414 -9.14366584 31.89672067 124 116 97
-5.10724321 -3.65963005 15.20642233 136 97 60
-3.96841477 -1.48696297 16.39709896 209 211 226
-3.25023647 -4.28189029 16.08099316 173 140 118
-2.62179795 -1.97741763 14.80035516 140 118 104
0.72091821 -2.37934685 9.91114454 170 136 102
0.65750493 0.92947592 13.45261497 70 50 29
2.34918738 -3.16512242 9.92393944 128 92 62
2.70778055 -0.73133458 10.88423922 160 139 122
2.99177780 -3.50624864 11.14731804 123 87 45
3.08122606 -1.61139562 8.59968113 86 58 34
-3.95877190 -1.13644982 16.58832601 209 208 221
-3.44956580 -4.24580155 15.97637998 167 140 110
-3.22229530 -3.08660581 15.52052983 160 132 103
-1.43163745 -2.26138945 14.23449682 174 139 106
-1.33594511 -2.02504181 14.01473147 119 89 64
0.58141944 -2.65813438 9.81313913 96 73 54
0.34658469 -0.80532913 12.32257249 117 95 80
0.65734347 -3.01309081 9.90921619 170 143 115
1.10585669 -0.30291204 11.95405031 54 36 16
1.35634389 -1.80608375 9.60366320 165 138 115
1.59058075 -1.28396402 10.34094902 97 73 53
1.70096458 -0.25081647 11.75943650 129 104 82
2.16347543 0.83448374 14.62658043 99 79 55
2.24374619 0.71403140 14.90711992 71 44 16
2.33478098 1.03509469 14.69800786 143 112 81
2.69269504 -1.85650083 9.03787214 73 46 16
3.46971138 -1.09752782 9.06107512 62 32 10
3.50562594 -1.07364924 9.21860276 145 117 97
-4.98779676 -3.58097005 15.18180013 175 142 107
-3.72297469 -0.24455585 16.63379535 95 78 65
-3.78013292 -4.15475021 15.79764886 46 47 39
-2.64461523 -4.02167857 15.67665740 182 153 118
1.23891371 -1.13089119 26.17145433 120 101 83
1.47566948 -1.11163955 9.80876120 116 95 76
1.47566948 -1.11163955 9.80876120 116 95 76
1.19805715 -2.85223573 9.79304920 115 93 70
1.71479801 0.04400845 11.85491136 127 105 82
1.52606570 -2.97893488 9.70358143 176 145 114
1.57196618 -2.99874608 9.71759460 76 46 15
1.81675270 -1.92418839 9.67221514 85 70 46
-3.00778053 -1.44966811 15.44491200 93 75 65
-0.63590784 -0.40321766 13.53030771 105 85 74
-0.63590784 -0.40321766 13.53030771 105 85 74
3.00483601 -0.54405445 12.74552765 123 107 79
3.50617996 -0.86642273 9.86282294 105 84 64
1.07722461 -0.54983176 5.68934230 220 211 203
-11.01249516 -3.79056728 26.95152657 210 213 230
-3.33778092 -1.38471805 15.68443501 111 94 87
-3.26095289 -1.13256031 15.87294060 158 140 136
-3.14704570 -1.25920685 15.68206205 99 80 72
-2.67032415 -2.25032231 14.90481087 73 52 39
-2.71884944 -0.06065147 16.04696890 76 53 39
-3.21028221 -4.31654054 16.27406179 158 129 98
-3.10888236 -4.10832607 16.05745468 67 41 12
-1.08038102 -1.22686331 13.70724330 165 143 129
-1.25743276 -2.05918635 14.01292339 170 144 111
-1.12791396 -2.59202519 14.38963200 170 137 102
0.52112318 -2.50813069 9.91560698 56 34 16
-0.02000156 -1.14411890 12.59262818 131 108 89
0.69112282 -2.12379621 9.72172678 107 80 54
0.70350886 4.55374456 12.40363557 194 187 181
0.25712686 -0.83789988 12.34702578 59 38 17
0.68191670 -3.05317018 10.01018245 169 144 117
0.74640754 -2.44005820 10.01724809 106 74 51
0.31550444 -0.84309312 12.30054076 116 95 78
0.34722210 -0.75182312 12.31345119 52 31 12
0.79724879 -2.67445737 10.15298489 19 11 7
0.34223276 1.20825936 13.75097455 48 27 10
0.51144636 0.84501249 13.46405881 48 28 5
0.78786232 0.33368340 12.56565608 136 118 107
1.21448343 -2.68122225 9.78454175 140 116 92
1.39200430 -1.33592010 9.63414125 90 65 43
1.44613511 -0.98007667 9.87323880 143 116 94
0.78767269 1.95921893 14.41290002 44 31 16
1.48907901 -1.63950565 9.98162438 82 63 48
1.74951454 -2.80041850 9.64464869 71 43 12
2.12471275 -1.88298525 9.32644569 128 102 79
1.99888576 0.46772708 12.34090087 130 104 83
2.01820304 0.44059617 12.56184372 69 42 20
2.16448434 0.58144698 13.13972883 65 39 13
2.43937761 -2.55918954 9.53995357 83 47 12
2.55143769 -1.71631310 9.09577503 73 50 31
2.30010703 0.39246993 12.66265347 73 45 23
2.40035302 1.05414041 14.92131166 65 36 12
2.79956707 -1.74204348 8.85051579 76 54 30
2.61412448 -0.02139016 12.39600048 149 123 103
2.62493925 -0.09122515 12.24210330 134 111 89
2.62440342 -0.39900312 11.99377020 135 111 85
2.63633251 -0.29136759 12.05129518 137 111 88
2.47434728 1.11202149 14.95556509 168 138 111
2.61392087 0.13146054 12.74150366 92 58 31
2.63197250 -0.01283092 12.58884452 79 48 27
2.64289153 -0.59269686 12.05749395 63 33 7
2.47454802 0.82439020 15.23121987 125 97 68
2.91805054 -1.63227439 8.77586897 63 41 20
2.75475329 -0.02914571 13.25659072 123 98 76
2.83094350 -0.13020385 12.66003535 152 132 105
2.85634281 -0.19478986 12.72108072 84 51 23
2.99265022 -0.14422129 13.03448152 120 100 81
2.88223186 -3.48105171 11.13222690 155 120 88
3.23770916 -1.20791376 8.86712630 94 70 41
3.19928842 -0.74366119 11.09949030 207 203 204
3.08501009 -3.32104234 11.14538874 140 106 73
3.14129896 -3.27719907 11.16500934 125 95 67
3.15410279 -3.30458679 11.15099068 60 34 8
3.20711730 -3.26909241 11.17074138 66 37 8
3.34934876 -3.16703942 11.18323770 79 48 27
3.34775299 -3.23383867 11.18354413 101 70 33
3.53503715 -0.94667459 9.62675972 106 74 45
3.57602402 -0.94664458 10.17566099 209 205 204
3.59746423 -1.09806609 9.32833950 93 61 36
3.66534082 -1.14566029 9.30978444 139 116 94
3.66637697 -1.27255665 9.17663946 15 5 3
3.91832615 -2.36063715 11.79604966 190 163 138
-0.05345289 0.72871740 13.86552276 111 94 83
3.09038206 -0.77945015 12.38512137 232 221 207
0.98725900 -0.50828328 10.85204373 62 40 17
1.33898744 -1.17625253 8.94024229 148 123 100
1.62410024 0.02106849 12.10593681 125 97 79
0.59062874 -0.07213268 11.85351512 54 31 14
2.79702703 -4.29051876 13.18469492 119 88 61
0.16569986 -0.88782790 12.51586407 57 35 11
8.84374825 -8.52943465 26.29136601 104 104 93
-0.88464959 -0.00117674 18.21124299 162 146 130
0.76925093 -8.39722841 38.96486776 109 108 106
3.68952301 -4.40332175 12.89362518 29 28 8
-2.61025624 -2.01838923 14.51050392 147 125 108
0.52328002 -0.58903108 12.33078939 62 39 14
3.39448105 -4.48722557 25.98964551 225 220 230
-1.00170063 -1.78978978 13.75132466 155 131 105
1.85564194 -0.76862850 10.02912669 132 108 83
-0.27786831 -2.50397820 14.35477993 151 125 98
3.15532258 -0.68145579 15.81622860 219 208 198
-0.86618529 -1.63585046 13.49153916 77 51 26
-0.59564390 -3.45438602 8.89970766 22 21 17
1.65905616 -3.17143165 9.57720367 55 51 44
3.03976133 0.48007959 11.08438880 207 195 182
-4.22175162 -3.13581858 12.75936955 182 147 108
2.92647419 -2.25153416 8.90119342 187 159 124
0.22713926 -1.22884685 12.52568933 76 52 28
-2.58693101 -2.41293603 14.70461920 94 58 22
-1.08860591 -3.10928890 15.36086306 164 142 112
-2.22427126 -2.82090426 10.63947448 220 219 210
0.99071239 -0.99653012 10.98658937 70 43 20
-0.72298545 -1.36130443 17.20681329 125 100 80
-2.85266196 -2.09204083 14.84788920 151 128 111
1.91560810 -0.41873567 10.30758986 223 218 215
2.36884967 -1.92697451 9.21996135 86 53 33
-2.59631827 -4.15063936 15.45907639 232 216 201
-2.46661135 -0.67922063 15.65007617 89 76 59
-2.12892664 -2.07908707 14.41821038 98 64 32
-1.87480148 -1.20340777 14.27124204 168 147 134
1.12292835 -3.36369080 10.56937113 222 195 156
0.99114063 -3.19977533 10.36588361 89 59 21
2.11082882 -0.25058287 10.88007407 115 92 69
1.63119015 -3.34427778 10.04475654 205 169 126
0.97161231 4.14599990 11.08631815 209 203 203
-5.18076612 -3.45951769 14.73394692 202 172 132
-2.93064079 -1.84516440 15.06607714 147 129 114
-0.34066928 -1.31450548 13.12662464 74 47 17
0.97519603 -1.37958016 9.91135477 70 52 27
1.81907909 -1.89331703 9.37823188 37 23 1
-2.96940263 -3.27875731 15.30904460 177 140 98
-2.36672395 -1.31723334 16.05780253 75 49 37
-2.22349796 -3.21918951 14.97515295 78 46 14
-2.54198115 -2.52411387 14.74945924 182 148 110
-2.12071912 -1.85303468 14.49722551 61 37 11
-0.36558642 0.65009745 14.21362750 108 79 67
0.16835658 -1.82170772 13.17570567 97 59 23
-0.14622367 -1.72885014 13.13066429 162 130 100
-0.39976596 -1.30985689 13.18501939 179 144 107
0.24839546 -1.74414910 13.06490133 80 47 18
1.41761518 -3.57362364 10.99875063 135 107 70
0.43978375 -2.76732792 11.14503457 91 64 37
1.30170755 -2.79077956 9.65965285 168 143 114
1.30296686 -1.34461932 9.57699475 121 103 87
2.38586024 -1.97235642 9.22049042 82 53 25
2.38586024 -1.97235642 9.22049042 82 53 25
-2.34490388 -3.36895874 15.10528349 102 64 22
-2.56255028 -3.30270758 15.02761234 200 169 132
-2.05425361 -3.11045400 14.90208000 83 50 4
-2.46667360 -2.80928796 14.73360892 186 153 114
-2.75355495 -1.77658182 14.91833289 168 151 137
-2.10955139 -2.02422683 14.36338985 188 162 134
-1.00820759 -2.39412668 14.40877035 80 40 10
-1.13317198 -2.15316803 14.12359573 94 59 24
-1.02397163 -2.23015465 14.03169648 176 146 108
-1.05347295 -1.94413024 13.80694994 112 81 50
-1.05649404 -1.30533112 13.74421457 61 40 16
0.09853224 -1.87220268 13.41625061 85 50 11
0.50791963 -2.00054271 13.18475713 97 59 22
-0.32888153 -1.23085467 12.95775040 170 139 104
0.75930591 -2.16817647 12.66043712 124 96 62
0.58508548 -2.86543059 11.64639640 102 75 38
0.26767274 -2.34386537 11.58160717 92 60 27
0.34220534 -2.60682208 11.19713467 172 140 103
0.74852275 -3.16740235 10.56486274 199 166 133
0.27499400 -2.08515008 10.67223246 134 110 84
0.70597105 -3.02387571 9.88323285 49 27 6
0.42315303 -2.24236013 9.83835150 72 43 10
0.60352564 -3.35254111 9.25088337 204 178 144
2.41715565 -1.92472081 9.09997781 95 68 39
3.35496572 -1.89898235 8.65638925 186 156 130
3.00780489 -1.44888644 8.64007067 124 106 84
-2.08324555 -2.85262696 14.67928819 144 115 87
-1.42183260 -2.31361524 14.31959721 150 120 93
-0.43463307 1.38969586 14.97854016 77 58 51
0.71365118 -0.48467993 12.22914954 40 21 4
0.21365007 -1.88736157 11.29109111 79 53 30
1.11992461 -2.90401163 9.82559485 50 28 11
-4.19022625 -1.01428865 18.87425642 156 151 157
-3.82226746 -0.37110858 16.85853950 141 117 106
-2.60740066 -2.38047534 14.73626463 199 171 144
0.35333110 -2.78091793 10.65256063 103 75 50
0.19301797 -2.07143054 11.43457590 86 58 32
-3.30368396 -4.32933619 12.21887681 126 112 100
-1.22656611 -2.05642397 13.93905615 173 141 100
-1.27212092 -0.17636999 15.55815299 110 92 78
-1.49059358 -1.86537668 13.41404252 158 129 97
-4.20162583 -1.36642591 18.45971570 206 207 213
0.03019712 3.34828835 12.35692478 119 119 116
4.56176211 -0.86188579 11.11022324 116 93 78
1.29383280 -2.65840763 9.72374417 69 44 22
-4.04006202 -3.90906903 16.15430101 217 211 202
3.33152838 -3.34591040 11.23303652 162 142 111
1.82144796 -3.69425930 11.57957408 242 237 229
0.95861280 -3.02458501 10.08322062 76 46 18
2.88640965 -1.59504060 8.75948086 157 133 109
-3.47978045 -4.10769689 16.21698099 235 229 217
-3.45319067 -3.16169090 16.59773416 131 113 99
-6.69919197 -11.92375773 28.27904336 80 74 74
-3.50364899 -3.72238585 15.61189909 110 78 50
-3.38701192 -3.67888232 15.61812656 213 209 208
-0.18572886 -0.80835303 12.72453722 63 40 9
0.45004256 -2.77334032 10.56187253 105 73 41
1.74358574 -2.12084558 9.65350756 10 10 7
-3.39141444 -4.07302436 16.05427643 183 146 105
-1.94979866 -3.01789902 14.82590194 88 51 9
2.60618907 -1.91277166 9.04428683 182 148 111
4.54832623 2.65193091 14.57610777 84 63 41
1.47814734 -3.13254262 9.83786076 172 137 103
1.32818432 -2.16638867 9.00149392 73 49 21
-5.32697781 -3.44751918 15.06314488 161 141 117
-5.32697781 -3.44751918 15.06314488 161 141 117
-5.24044651 -3.30814921 14.99115269 141 125 103
-0.16714242 -10.24216249 41.77455850 239 222 239
-3.34637202 -3.18572635 15.91216693 148 119 85
-3.08751523 -2.98604298 15.31161958 151 118 84
-3.54709336 -1.69304050 15.78293972 114 93 79
-3.08254869 -2.43270395 15.14426763 147 122 99
-3.37630929 -0.81180649 16.16845225 103 84 70
-2.46123656 -3.02613905 14.93238019 80 50 13
-2.22264467 -3.29880781 14.97485339 79 48 11
-2.05615268 -3.53119297 15.22751552 160 127 75
-1.84775591 -3.29463031 15.08946783 101 63 27
-1.98269394 -2.63672850 14.56210775 75 51 17
-2.00136454 -2.56094797 14.57671082 175 140 104
-1.89124737 -2.32046358 14.32857936 152 118 85
-1.90727673 -1.56565081 14.30381657 129 106 90
-1.51867341 -1.94820367 14.16650064 71 42 11
-0.22925960 -2.37866427 14.34563532 184 154 112
-0.62001176 -1.12450716 13.29044957 75 49 32
-0.62328257 -1.13526743 13.25954400 75 49 32
-0.17574683 -1.98737885 13.57172985 176 144 97
-0.12782754 -1.62762595 13.11941519 82 56 23
0.19600433 -1.73597428 12.92408051 181 148 104
-0.13165965 1.31684261 13.83800164 72 53 38
0.47001268 -2.60868976 9.93840432 147 128 105
1.32302233 -3.12348377 9.96853898 75 44 5
0.85535339 -1.86195542 9.68815693 74 52 29
1.50821619 -3.18788421 9.86496064 177 146 108
2.29720863 -2.86014674 9.67485349 173 140 95
3.89120336 -2.72649983 11.71347369 216 213 197
2.74111991 -1.81318986 8.95961451 72 45 16
3.08357054 -2.20906191 8.97592526 129 92 48
3.57998164 -2.04711259 9.11392300 162 138 105
-5.29476952 -3.53731978 15.12201279 160 136 108
-5.25864711 -3.30452280 15.01334589 132 119 100
-5.23679952 -3.26271223 14.98903642 216 217 223
-4.99740334 -3.37602747 14.83014411 125 102 73
-3.40402799 -6.83751020 27.19259746 184 182 167
-4.80622698 -3.31121134 15.14833052 130 114 105
-4.00085504 -3.89838111 15.92785240 136 108 67
-4.20659011 -3.47113304 15.34242399 117 89 61
-1.28181088 -8.07896225 35.36274708 33 29 22
-3.87721378 -3.55859786 15.48973423 103 82 56
-3.79046655 -3.61072249 15.48032354 110 84 48
-3.62646750 -3.67780471 15.51208630 108 83 54
-4.16472344 -2.15200071 18.02824243 147 140 130
-4.17553894 -1.98058027 18.16542963 113 108 101
-4.12460520 -2.00896245 18.19791134 105 101 97
-3.09172751 -4.23565410 16.39122165 204 205 199
-3.15212945 -4.12147307 15.79588801 135 102 58
-4.27053030 -1.08789537 17.46317971 205 205 206
-3.16611651 -3.68149495 15.84946889 69 47 30
-3.05770176 -3.88900401 15.85201406 68 44 20
-2.92760034 -4.11357787 15.95437565 185 160 121
-3.13769043 -3.64621499 15.85371678 58 33 8
-3.27701126 -3.27746703 15.66161764 66 43 10
-3.27701126 -3.27746703 15.66161764 66 43 10
-3.22868500 -3.21782962 15.56887262 69 44 18
-3.22868500 -3.21782962 15.56887262 69 44 18
-3.56892853 -2.37491207 15.59116950 123 101 87
-2.89252636 -3.90461038 15.69163381 76 46 17
-4.58268525 0.48337389 16.68853762 203 203 205
-3.13854019 -2.80935100 15.27572573 151 125 95
-2.69490106 -3.68612298 15.43678171 82 51 7
-3.66661062 -1.16827355 16.17144341 162 147 133
-2.54335844 -3.92941730 15.54626765 104 69 27
-3.24676633 -2.19535488 15.27042734 159 139 123
-3.00515284 -2.59179149 15.15732668 65 41 25
-2.73128168 -3.19409109 15.09868983 160 125 74
-2.95178282 -2.52061276 15.07153786 94 71 47
-3.26535257 -1.37536189 15.61305937 95 78 62
-2.92970179 -1.88768615 15.05704608 156 140 125
-3.38886569 -0.06281253 16.42304201 89 70 57
-3.00402070 -1.32184423 15.46526065 168 151 143
-2.37967827 -2.96464097 14.83272181 74 47 13
-3.32337592 -0.13298524 16.39380565 140 123 113
-2.05863895 -3.47886183 15.21168459 101 66 23
-2.10320754 -3.44395343 15.07089965 165 131 83
-2.91055717 -1.05919130 15.57307042 154 140 126
-2.24503744 -2.54870960 14.52773572 95 70 40
-2.90865407 -0.21432380 16.30605827 110 88 65
-2.10298761 -2.65721900 14.62650192 170 133 89
-1.57594469 -3.44082990 15.48212521 191 161 119
-1.40425592 -3.28344401 15.43546091 187 158 115
-2.27920718 -0.78314679 15.14334859 166 154 148
-1.29267269 -3.02112200 15.01132172 185 152 107
-2.07332655 -1.29718995 14.45908129 150 130 117
-1.82184315 -1.79111560 14.20337356 145 120 98
-1.20112362 -2.69277215 14.50341212 128 92 45
-1.08572046 -2.78730268 14.76882661 187 154 108
-1.25325975 -2.50453211 14.41364148 180 143 97
-0.88062787 -2.82299546 14.98099509 184 153 109
-1.72153092 -0.86014312 14.38633258 162 145 134
-1.23950853 -2.12136067 14.22528897 179 147 103
-1.47116602 -0.91583381 14.01084157 93 74 60
-1.42169395 -0.89101256 13.96105526 110 92 78
-0.98477774 -2.02150196 13.90252310 177 144 102
-1.31658332 -0.83386340 13.91175911 96 73 58
-1.11641523 -1.49077164 13.65290366 150 124 98
-0.70680280 -2.22184495 13.99200600 187 151 103
-1.18413502 -1.09962526 13.72521894 63 45 20
-0.62814617 -1.92823272 13.53253896 87 53 8
-0.84088517 -0.66052486 13.50163330 88 69 54
-0.14467776 -2.23313594 13.80460947 186 156 116
-0.75534699 -0.67010458 13.42015815 162 146 129
-0.23640427 -1.75235852 13.23267226 83 57 24
-0.64578115 -0.62569162 13.23308764 133 112 93
-0.49823329 -1.07063983 13.05153964 89 67 43
-0.15573545 -1.78576942 13.15485065 153 122 86
-0.37336598 -1.32357031 12.92444388 177 144 106
-0.46146971 -0.36627078 13.12005865 80 62 43
-0.36908842 -0.54127981 13.06314777 61 43 23
-0.39439942 -0.65370107 12.87977302 61 43 23
-0.44665926 0.53633112 13.73476851 141 120 103
-0.04169746 -1.52035194 12.65894896 165 126 86
-0.22984977 -0.27701184 12.81145837 81 62 41
-0.37005484 1.50578358 14.08384038 80 62 42
0.10574258 -1.32678481 12.55057746 156 124 84
-0.28653041 1.40299882 13.71807627 94 74 61
0.08164495 -1.11847131 12.32788989 126 104 76
-0.06375239 -0.45557741 12.52396551 71 51 27
-0.11227351 0.88078270 13.60122886 80 61 42
0.83072993 -3.17454810 11.67521250 218 210 193
0.27631175 -0.87673380 12.26334194 108 89 64
0.22815896 -0.31375147 12.37840454 143 125 101
0.27286789 1.33397217 13.79250685 101 84 56
0.20275453 1.58415820 13.71848684 105 88 65
0.31753860 -0.55465748 12.24191816 120 99 75
0.30303821 1.33052730 13.70629294 54 36 12
0.79009559 -3.02244738 11.26514805 108 79 45
1.12136828 -3.39575761 11.58956724 143 122 90
0.72971426 -3.06831574 10.88726530 74 46 14
0.48442158 -0.69754122 12.10065920 53 31 9
0.78456902 -3.12201386 10.65629381 192 169 128
0.62331917 -3.02520408 10.13782664 200 174 136
1.22304418 -3.44684394 10.94017274 159 135 101
1.19835311 -3.36620235 10.73354684 179 157 115
0.59480283 -2.71559392 9.84795565 78 50 16
0.62294300 -2.83448739 9.75230215 142 114 77
0.65817188 -2.73611719 9.83333342 132 110 76
0.86815433 -2.48159178 10.12487296 54 33 8
0.86102025 -2.43902163 10.03766756 53 31 8
0.89989430 -2.33223344 10.02455580 41 24 8
1.57371254 -3.49558774 10.50036721 200 176 135
1.89630510 -3.70586250 10.95802463 164 135 93
2.13256536 -3.87662109 11.25795560 165 144 104
1.47097900 -3.33859106 10.24241473 87 50 6
1.49788222 -3.36676262 10.24023135 198 167 121
1.00486933 -2.13447434 10.02712655 52 32 12
2.24576754 -3.87027680 11.22862552 157 136 98
1.36579094 -3.14838102 9.95142936 174 142 101
1.47589345 -3.24334360 9.97269054 192 164 124
1.26787303 -2.94222000 9.73535225 204 177 138
1.69195956 -3.42253794 10.18147143 207 178 137
1.69429167 -3.41931847 10.19356703 207 178 137
1.43434623 -3.07998792 9.87462573 81 49 10
2.25849192 -3.71596711 10.91168018 60 36 9
2.29792159 -3.72628838 10.93620659 68 41 16
1.31592710 -2.78210674 9.67082656 176 147 109
2.39842638 -3.81034053 10.99972828 164 137 104
2.56019368 -3.59742800 11.06682301 53 28 8
1.42553592 -2.32388333 9.58616975 166 137 107
1.60707337 -2.66460379 9.54786652 174 143 100
1.55137853 -1.92513173 9.72453075 100 80 47
2.93784864 -3.38962870 11.24315882 142 108 75
1.62281749 -1.87775037 9.74366509 97 73 42
1.70375608 -2.41735620 9.54815581 64 42 11
1.69295986 -1.89500892 9.75752747 33 21 13
3.10004045 -3.33438601 11.25868435 81 52 20
3.14847375 -3.27450618 11.31003535 65 39 5
1.82674540 -2.38148214 9.46323852 62 41 9
3.33123261 -3.32247901 11.37830453 147 120 84
1.79601076 -1.80695988 9.56680887 111 87 58
1.91584759 -2.29267599 9.47147425 57 31 8
2.25415581 -2.66382209 9.59203164 168 132 84
3.33832663 -2.92051537 11.25528259 94 70 36
2.03387823 -1.85020656 9.40323174 49 29 6
3.23947460 -2.66482709 10.81050887 211 208 189
2.35590651 -2.40544165 9.31658112 118 82 37
2.63002724 -2.41953454 9.32879227 84 49 9
2.74091318 -2.50970207 9.34205185 133 94 45
2.74151165 -2.51020024 9.33551829 133 94 45
2.88281381 -2.10661832 9.03484019 173 134 86
2.73586508 -1.69778155 8.89707249 155 126 91
2.71380615 -1.56708453 8.88266401 63 42 17
3.01697245 -2.04953227 8.91630902 85 49 11
2.80362919 -1.59096420 8.71893027 90 61 37
2.92142819 -1.64737265 8.68493996 74 50 22
3.13064241 -1.32824434 8.69560814 139 121 101
3.22142806 -1.55260431 8.54949864 191 168 144
3.31457786 -1.66752315 8.62913708 161 128 88
3.63651829 -1.78573239 8.84882667 32 26 29
0.87099212 -2.29854200 10.03894444 19 6 0
1.19548633 -1.64049998 9.61248255 48 28 8
1.81655013 -2.69186877 9.88232559 67 41 12
-1.17937715 2.55820204 13.97990222 236 232 232
-3.06280755 -1.31563958 14.51725130 158 143 136
-1.11829838 -1.78739828 14.78871930 170 143 111
-1.33061618 -1.15211599 13.89711158 141 123 119
0.16571933 -2.32039370 14.54235365 162 140 109
-1.27666637 -1.93597587 10.13857110 231 225 218
180.58344078 -19.53150824 119.42584298 109 112 99
-0.52020827 -2.63292275 14.57249265 211 210 205
239.48157405 -22.20165686 150.50912457 107 108 91
-2.48196898 -1.65782827 14.36156126 101 75 60
271.08474071 -47.63703100 209.62233262 31 29 17
1.75844191 -3.75111002 10.79016139 201 181 155
214.28169517 -20.76679947 137.99722694 22 21 17
40.11536576 -4.18358446 26.45113823 103 107 93
8.42579337 -8.28426786 26.06553797 213 211 198
211.77445288 -38.41811248 164.69178877 114 121 105
13.23843604 2.16459660 18.38050996 220 213 200
38.96504243 16.35256620 54.23503268 93 68 45
-6.37351395 -6.01308786 12.30725984 10 22 39
3.80481489 -1.70164269 13.22789447 150 133 115
-1.76808752 -0.82257623 14.64464475 169 151 144
2.27469239 -2.19705240 9.27324432 76 51 20
9.05766266 -6.12430685 13.48815835 93 89 52
-0.88446426 -0.38341043 13.85905443 116 97 80
0.25041551 -1.23316741 10.71352715 229 217 201
0.25041551 -1.23316741 10.71352715 229 217 201
1.84442873 -2.12324450 9.52428124 70 48 24
-3.92320561 -0.86501107 19.06521579 164 160 159
-0.28658471 0.67117891 14.17968798 79 56 40
-0.00746131 -1.75109889 13.11870206 169 130 91
-0.36089284 -1.14317558 13.00495455 103 69 32
1.60391685 -3.61883062 11.36204866 131 101 67
1.12115920 -3.42437793 10.99165980 210 184 150
2.23857264 -0.46752972 10.45477536 86 64 40
-3.82051199 -1.78188116 16.75967561 94 65 45
-3.62744750 -1.44475251 16.20682061 100 71 57
-3.52890307 -0.76100186 16.53971911 137 119 104
-3.38066278 -1.56405339 15.72226164 108 89 74
-2.88063423 -1.86647430 15.02072687 113 93 82
-2.09562916 -2.89098805 14.61484667 162 130 91
-2.60303604 -1.88664328 14.75101707 151 131 117
-0.94348275 -2.37767468 14.25299544 93 51 9
0.28752888 -1.99953158 13.17191392 179 143 106
-0.63312222 -1.31563773 13.39116733 91 62 36
-0.47069609 -1.20422308 13.10598077 154 124 93
0.25059574 -1.42763169 12.48011555 149 119 87
0.53560124 -2.83202279 11.66973845 205 179 145
2.29709494 -3.73391426 10.86775112 53 47 28
2.31416126 -3.64628093 10.65706467 216 181 146
1.09923870 -3.35892171 10.74911611 75 48 19
0.25173480 -2.47951634 11.11454396 77 52 23
1.23665254 -3.37292038 10.41338651 231 203 173
2.61034802 3.99226492 11.35134531 128 131 136
2.51967804 -2.01852709 9.13799002 51 34 2
-3.58136945 -2.65728433 16.78215562 100 74 61
-2.43126450 -3.86057868 15.50083760 162 126 84
-2.36481740 -3.62126892 15.24662054 177 148 116
-2.83802133 -2.79894193 15.04493605 166 135 105
-2.46222118 -3.11246720 14.91631451 76 49 22
-2.98670388 -2.13683850 15.13214362 93 71 60
-2.50963638 -2.93128815 14.81990709 170 138 106
-2.42367009 -1.39609864 14.95454590 62 39 31
-2.44269782 -1.56174768 14.73036551 136 116 105
-2.17363131 -2.05628624 14.38150767 194 168 141
-1.48136772 -1.61819413 13.95913439 91 70 50
-0.96672595 -1.60005787 13.73011428 188 164 139
-0.27784437 1.56434306 15.21050993 61 49 48
0.09163980 -1.89147442 13.34462141 70 40 7
-0.81425287 -1.47947934 13.46410410 140 112 77
-0.78827771 -0.34871127 13.77650712 136 116 107
-0.66461159 0.01469590 13.86915752 154 136 126
-0.30745640 0.53931247 14.05425763 69 44 30
0.77518685 -2.14347617 12.82772098 120 87 51
-0.29030112 0.96269716 14.06197406 123 100 86
0.06362381 -1.40560627 12.74621744 53 27 14
0.48161206 -2.34469701 11.92686209 68 40 13
0.65742768 -2.96761629 11.57715371 103 76 47
0.54652221 -1.00006084 12.31802610 28 11 0
0.37715596 -2.62779954 11.38646062 80 54 27
0.47596655 -2.79756789 10.99681454 194 163 133
0.39012996 -2.84424816 10.73066122 172 143 113
1.88475045 -0.13076779 11.34863799 210 201 194
0.74355737 -3.05774250 10.31059961 92 59 43
0.43457888 -2.88570155 10.17376508 174 140 114
0.33565588 -2.72458194 10.04570140 178 147 118
1.35459123 -0.97848546 9.95649261 208 197 189
20.67438550 -9.58083199 30.70187621 124 122 114
4.96675436 -1.35293692 18.06183637 240 232 223
-3.83915521 -0.37552359 16.90012954 82 55 41
-2.65841120 -3.17140000 15.03167765 71 40 20
-2.60057112 -2.89406728 14.84777967 101 70 45
-2.60090130 -2.38075840 14.73528539 199 171 144
-2.04691566 -2.03401147 14.36851528 93 63 42
-1.06628060 -1.53572767 13.59394013 170 149 120
1.05166360 -1.25176627 11.78040799 136 110 92
0.41148571 -2.68723793 11.25466346 95 68 49
1.51938037 -0.53761102 11.72960481 128 106 88
-0.15857752 -1.71868979 13.14125708 144 110 80
5.45029239 -0.55005430 19.76604439 100 91 79
3.13066967 -1.39619395 16.24862532 208 203 199
-2.15696771 -1.87759340 14.51781012 59 37 23
-1.34182778 -1.06749052 20.29038805 213 206 204
-3.52282554 -3.11949865 16.77795092 183 171 168
-3.52613284 -3.12767454 16.72587450 100 84 79
-3.51947965 -3.12480333 16.72564908 100 84 79
-3.58934390 -2.64736360 17.00161794 161 138 125
-3.50817583 -3.11729967 16.71339921 182 167 160
-3.53349453 -4.02858773 16.03864347 218 186 147
-3.61775586 -2.70925643 16.82882013 176 162 158
-3.72868705 -2.58685284 16.82146820 93 67 64
-3.75604796 -2.49154631 16.86872329 170 152 142
-4.28561891 -3.71478901 15.73259867 188 154 123
-3.64979295 -2.70573707 16.74390255 110 86 75
-3.75079608 -2.37949968 16.88528779 105 83 71
-2.75321990 -4.13062108 15.98537786 200 165 123
-3.39568078 -3.97098544 15.67863206 151 107 58
-3.39568078 -3.97098544 15.67863206 151 107 58
-2.86226216 -4.02991841 15.73700637 156 113 70
-4.09194299 -1.56905656 16.75446920 119 95 74
-4.03097100 -1.82279318 16.55970342 178 161 145
-2.94795619 -3.92410114 15.64709138 98 64 18
-4.01747254 -1.81633940 16.53507710 110 88 72
-2.84256147 -3.96788829 15.64468914 145 104 68
-4.01603339 -1.81890380 16.49577248 182 161 147
-2.82494069 -3.93214537 15.67307297 217 180 139
-4.03860749 -0.95988029 17.02280459 167 145 132
-4.03911501 -1.25214636 16.82734803 175 148 140
-5.21378425 -3.45908060 14.85258505 199 168 131
-5.18384292 -3.46559841 14.84434878 145 107 65
-4.02468776 -0.96905628 16.93797124 171 148 132
-5.21663980 -3.43471615 14.82847961 136 101 66
-3.94932122 -1.69479672 16.50070945 163 144 136
-3.07141271 -3.57277985 15.64152812 88 55 14
-3.02111131 -3.77060688 15.55599183 201 160 115
-5.20049627 -3.36511038 14.83816244 114 90 63
-4.02963279 -1.41686309 16.57418844 120 97 81
-4.52380509 -3.51857573 15.01863646 155 109 52
-2.63151718 -3.88935619 15.56519868 172 129 80
-2.96522448 -3.68260696 15.54704578 124 85 48
-5.18262855 -3.38001136 14.77521856 111 74 45
-2.99641216 -3.63550639 15.55485530 99 66 26
-5.11277410 -3.41182770 14.76506269 140 97 45
-5.15075146 -3.36158451 14.75795277 198 170 134
-5.13426529 -3.37544787 14.74908890 141 103 55
-3.91299132 -1.18636887 16.59964899 92 65 48
-3.84416751 -1.70004481 16.27044660 102 75 64
-3.31458281 -3.06773236 15.56825767 110 70 37
-2.56905518 -3.80765659 15.41653214 168 125 75
-2.72993261 -3.76644101 15.36733591 210 177 135
-2.94119905 -3.57459452 15.39089553 104 66 27
-2.90225200 -3.59511481 15.36378222 191 156 124
-3.32312259 -2.98803687 15.56465540 120 90 68
-3.72135761 -1.92015143 15.95922190 99 69 56
-3.06951484 -3.29931796 15.33924480 164 132 90
-3.59239681 -2.17689868 15.80141483 103 76 59
-3.59239681 -2.17689868 15.80141483 103 76 59
-3.52275685 -2.44667983 15.66027562 130 101 82
-3.73043197 -1.88371140 15.90374359 114 87 74
-3.76931622 -1.55643767 16.09020487 193 175 161
-3.52557217 -2.43148922 15.63476175 217 194 173
-3.11174007 -3.09242202 15.37843759 73 45 13
-3.24145444 -2.99168588 15.36547432 112 78 39
-2.92591762 -3.24227600 15.32735782 164 129 89
-3.68497702 -1.25738559 16.19773050 114 89 72
-3.71897252 -1.55754515 16.00067379 105 83 69
-3.49058407 -2.09742919 15.75121682 108 80 68
-3.35396174 -2.47779042 15.57964368 166 144 132
-3.83222042 -0.28317845 16.68094783 152 134 122
-3.60118378 -1.11576942 16.26890085 174 155 143
-2.72712432 -3.45862160 15.18304528 224 190 154
-3.51634721 -2.08038011 15.66874146 125 99 84
-3.73999602 -0.15110187 16.71703387 115 93 72
-3.76194720 -0.23641783 16.65097297 169 148 137
-3.28474993 -2.43771226 15.50769129 85 58 46
-3.70935431 -0.34424406 16.57540876 110 85 72
-3.57659194 -0.14972878 16.76040271 194 172 161
-3.71703889 -0.30642190 16.59224851 194 172 161
-3.62749057 -1.46820957 15.93732561 119 95 81
-3.64615502 0.02519696 16.75333132 163 159 162
-3.69164975 -0.00936484 16.71516142 163 159 162
-3.16790641 -2.68621005 15.34614942 137 116 93
-3.56278419 -1.74992566 15.74215104 115 92 73
-3.56278419 -1.74992566 15.74215104 115 92 73
-3.48809990 -2.06261062 15.57439700 107 81 64
-3.13548068 -2.68480596 15.33390900 73 42 16
-3.07013226 -2.89449840 15.20754939 109 66 35
-3.34589126 -2.09639055 15.56553929 89 64 43
-3.45950513 -1.65121155 15.76942338 189 177 172
-3.57148903 -0.31291928 16.49992057 108 86 71
-3.49680842 -0.35616019 16.48725162 167 147 132
-3.49680842 -0.35616019 16.48725162 167 147 132
-3.53279667 -1.65890025 15.71778500 199 188 182
-2.38636715 -3.40283136 15.11874253 103 67 16
-3.59640144 -0.01868843 16.61486183 90 75 65
-3.19614485 -2.59481840 15.27740714 219 191 170
-3.08567561 -2.64349848 15.27674159 74 47 18
-3.28589878 -0.75280973 16.27308512 160 143 123
-3.46574705 -1.61366430 15.71464519 181 167 161
-3.18121964 -2.54133391 15.27186139 230 204 173
-3.05990118 -2.83041410 15.10965361 132 93 57
-3.03810567 -2.82077105 15.11837084 132 93 57
-3.18775365 -2.34065036 15.33821770 76 51 31
-2.52812501 -3.28650466 15.00043956 146 111 71
-2.54985165 -3.29751529 14.98282989 146 111 71
-3.42425005 -1.31664839 15.80842794 125 101 85
-2.56022104 -3.26007181 14.99141876 188 157 112
-3.23271330 -0.93678742 16.07600333 93 78 67
-2.75213211 -2.96475817 14.96608268 112 83 52
-2.41709232 -3.18075100 14.90861998 199 168 124
-2.66000500 -2.87345010 14.85377317 192 163 131
-2.57220969 0.20928374 16.56315579 116 114 117
-2.16068738 -3.05513173 14.89662355 208 176 135
-2.90237213 -2.23660434 14.98939768 143 120 103
-2.91511823 -2.27110647 14.95308491 208 186 168
-2.65716850 -2.42891737 14.77776249 129 95 65
-2.42945520 -2.65794075 14.70563677 109 83 50
-2.42945520 -2.65794075 14.70563677 109 83 50
-2.70456747 -1.91635070 14.95219020 77 50 22
-2.80142122 -1.86961267 14.95070006 112 96 78
-2.66289712 -2.05146252 14.81970247 227 205 180
-2.44049229 -2.44314826 14.68644522 212 177 139
-2.57917919 -1.98425043 14.69183323 130 104 84
-2.17076627 -2.50450489 14.50127121 203 173 138
-1.80758945 -2.65055101 14.45994993 130 93 52
-2.30893023 -1.96938168 14.65345215 67 45 18
-2.40782046 -1.54007802 14.69794006 124 106 90
-2.22625915 -1.56798144 14.63027280 67 41 18
-1.93062626 -2.16944096 14.40303194 94 61 25
-2.15571199 -2.11847535 14.36671325 211 183 145
-1.57287163 -2.32956216 14.38519636 201 166 121
-2.05893187 -2.07291752 14.37378766 229 197 157
-1.46361535 -2.31441179 14.36566262 105 69 36
-1.73315366 -2.00650706 14.26308649 194 157 115
-1.21001426 -2.18656291 14.11561342 97 65 28
-0.67050083 -2.31122210 14.14093202 194 159 117
-1.68969169 -1.70018719 14.13425889 162 143 122
-1.77924023 -1.51819759 14.20143980 230 209 182
-1.16206948 -2.16725304 14.01892612 111 73 34
-1.65045531 -1.12478316 14.23675999 188 171 161
-1.61635830 -1.05826369 14.24613527 149 133 120
-1.10725145 -1.92020048 13.82437127 182 152 117
-1.47756968 -1.36778246 13.98242206 223 205 183
-1.35285526 -1.41011085 13.94018256 92 68 49
-1.03777177 -1.94580301 13.75064630 207 177 139
-1.31972678 -1.58058446 13.86406184 229 202 173
-0.87860301 -1.87013246 13.63411605 195 164 126
-0.37128858 -1.99333175 13.60474155 181 146 101
-0.93335977 -1.60392299 13.67466561 206 177 143
-0.47110172 1.29794715 14.91323558 110 85 77
-0.43693746 -1.78454806 13.48290671 210 172 127
-0.90520918 -1.45163652 13.55216370 216 192 158
-0.70453136 -1.35170630 13.46446286 117 90 65
-0.54124661 1.29512096 14.41205190 106 80 65
-0.54124661 1.29512096 14.41205190 106 80 65
-0.78124813 1.27796845 14.39722325 96 70 55
0.65895245 -2.16493879 12.98986156 140 98 46
1.32780349 -2.72974479 12.77055725 221 189 154
1.43482332 -2.74962816 12.74503495 140 104 68
1.32382562 -2.69814286 12.74881752 112 78 42
1.34935491 -2.72384431 12.67839970 111 74 26
1.34520075 -2.72417225 12.67759051 111 74 26
0.66525904 -2.13320843 12.84917532 186 147 104
0.84876922 -2.22262145 12.82529004 87 56 33
-0.26074577 1.05930419 13.96075568 115 92 74
-0.49166708 0.06225984 13.54595654 163 139 127
-0.49166708 0.06225984 13.54595654 163 139 127
1.24647238 -2.62162001 12.65436614 96 63 30
1.16310929 -2.26434751 12.75643652 121 90 69
0.71892303 -2.16555890 12.75422794 108 77 42
-0.23033545 1.79575157 14.14863585 160 142 127
0.69572551 -2.09022105 12.68155557 87 58 20
-0.43105169 -0.12316442 13.29904204 171 154 134
0.02482665 -1.41594014 12.83102718 206 172 131
0.86386800 -2.54258489 12.39414886 87 57 17
0.85313576 -2.54048333 12.40210427 87 57 17
0.67588093 -2.52654234 12.36216207 191 164 133
1.46454987 -3.23759863 12.12757152 188 162 129
0.65346884 -2.51444682 12.28993506 91 58 17
1.01281618 -3.04313432 12.11188755 95 65 35
0.84685262 -2.75553994 12.14000759 125 95 63
0.81424314 -2.65489620 12.15068466 162 135 104
1.02702247 -3.13261263 11.99605719 101 70 39
1.04341743 -3.20841393 11.95099914 117 79 39
0.80562865 -2.80494322 12.04385894 99 67 39
0.88472981 -3.08720353 11.89182578 85 52 27
0.49842258 -2.37102969 12.03352436 175 149 119
0.44061936 -2.26876210 12.05117541 84 58 30
0.48056880 -2.31613709 12.02127987 110 81 57
0.41569567 -2.16456792 12.08126600 81 53 30
0.36944688 -2.05320760 12.08597436 86 57 27
0.67387942 -2.89185657 11.80214839 205 176 144
0.29774202 -2.19004842 11.98511830 150 120 94
0.63684018 -2.88757234 11.74250675 116 82 51
0.65272619 -2.95085139 11.71154010 184 153 122
0.72640332 -2.99290068 11.65949070 81 52 21
0.80926961 -3.20314566 11.58716959 98 68 35
0.63616687 -2.98364822 11.64918473 206 178 142
0.95858937 -3.29278828 11.54475302 220 186 158
0.46278348 -2.45046576 11.81774496 75 49 22
0.88097267 -3.23617633 11.54320523 162 132 105
0.66729655 -3.00668593 11.59811015 200 171 132
0.95602321 -3.34194007 11.48034721 202 170 140
0.72811895 -3.03199233 11.57767069 80 53 27
0.98978661 -3.35781608 11.43405578 216 182 154
1.95771630 -3.87045866 11.26756999 128 94 61
0.53246329 -2.72331744 11.59950291 89 62 34
0.43205545 -2.59644558 11.64023647 92 63 33
0.39749116 -2.46736986 11.67654250 79 49 22
0.59253152 -2.97059332 11.49891509 95 62 28
0.60124404 -1.12212415 12.10872553 90 66 42
2.48327730 -3.85263064 11.18180897 49 33 10
0.39946949 -2.50062978 11.61467058 73 45 17
0.39823249 -2.50084172 11.61586122 73 45 17
0.81262811 -3.14354361 11.36620329 96 59 30
0.53685188 -2.76749359 11.47879165 95 63 35
1.17810165 -3.44723470 11.24102092 113 78 48
1.20863261 0.48860662 12.44823266 241 238 241
0.51341099 -2.77716531 11.37209941 190 156 125
0.61720546 -3.04980278 11.28611176 206 171 139
0.98812146 -3.41488845 11.15611660 203 172 134
1.79798840 -3.75634578 11.02183570 233 199 162
0.79576451 -3.18674202 11.18742437 172 137 99
0.49637968 -2.82177941 11.30089322 165 132 100
0.63306490 -3.07465663 11.21110261 115 76 42
1.45930016 -3.61486263 10.99768618 210 181 146
0.31095031 -2.29007315 11.40744160 104 75 52
1.49103445 -3.62903942 10.95743270 222 188 152
0.38497490 -2.63680794 11.15586216 88 58 32
1.02768320 -3.34276901 10.83908378 96 54 16
1.19713521 -3.48724799 10.74408963 194 164 126
0.32577094 -2.72439018 10.98920028 199 160 122
0.35475749 -2.74454013 10.96249294 126 85 45
0.27588421 -2.13182050 11.15979299 146 122 100
1.07814354 -3.38328086 10.70569009 95 57 18
0.53281046 -3.00125757 10.81645517 220 187 156
0.72669679 -3.09304041 10.78105472 217 181 142
0.32562673 -2.31867070 10.99985353 92 66 42
0.82622871 -0.88503754 11.38054039 238 234 225
0.46055667 -2.89317235 10.79728916 124 91 56
0.78571076 -3.14429900 10.70531975 102 67 30
1.16340887 -3.37458179 10.48076067 228 194 157
0.34740958 -2.78337528 10.65203066 105 69 36
0.58947031 -2.95226871 10.57575388 94 63 35
0.55348077 -2.92746960 10.55397722 81 51 19
0.66957872 -3.06737765 10.50250879 106 60 22
0.98415899 -3.18297108 10.41688307 125 87 51
1.55379253 -3.45530613 10.22781586 233 202 166
1.48241737 -3.39637698 10.20635115 241 204 155
1.63452192 -3.41703746 10.17530085 251 218 180
0.38847205 -2.83852706 10.43028713 110 84 58
0.34932383 -2.67947442 10.46316297 207 173 136
0.62392886 -3.00516407 10.30573260 225 190 148
0.80557046 -3.10420372 10.13115683 239 206 169
0.60686846 -3.03048917 10.14858220 170 137 102
0.83541181 -3.08979926 10.09777684 239 205 166
1.23831992 -3.20810869 9.99186911 216 182 145
0.35143313 -2.77712412 10.18993041 124 86 54
0.56175794 -3.05534609 10.06233665 227 188 152
0.62342562 -3.06738477 10.02660129 170 133 99
1.18669058 -0.76705197 10.43530645 136 118 93
1.16951970 -3.00285286 9.80928542 222 188 150
0.42670733 -2.27658380 9.89202323 100 66 38
1.23640834 -1.01714733 10.07487199 123 102 69
1.88697024 -2.29970570 9.48798259 90 62 19
2.22145948 -2.10801079 9.32509419 127 91 58
1.18076797 -1.49919069 9.62111311 128 106 75
2.13630325 -1.86638934 9.33509147 127 99 66
2.56858008 -1.95508858 9.09756333 221 189 148
2.79773695 -1.71647872 8.84822329 204 171 135
2.92171630 -1.48749974 8.79219821 127 98 67
16.34037401 8.84968564 2.46077797 56 51 45
-0.63709514 -0.79362002 17.38258055 71 53 42
-0.10096193 -0.10420762 13.49616166 128 110 96
-6.61152760 -6.06022927 11.13918348 16 15 15
0.25083704 -2.03060778 9.84997792 56 35 6
3.81521804 -2.21593381 9.52769636 208 173 137
1.52833617 0.50710098 12.58581262 130 109 88
2.82457226 -2.43876737 9.08342915 189 163 132
3.36251810 -1.41784600 8.66353723 3 3 3
2.82187950 -2.61810498 9.36039738 202 177 148
0.11264329 -2.05914872 10.38708544 50 29 1
0.21734917 -2.14479056 9.92036355 132 112 87
3.30764581 -3.15278762 10.62452617 204 173 143
1.71074787 0.41535590 12.13103138 224 213 203
1.37806947 -3.11227045 9.88813361 85 51 19
1.65245620 0.09096832 12.11170850 134 115 95
-0.36546913 -0.13780540 13.29590486 88 66 52
-3.50818704 -0.24908070 16.56368137 72 51 35
-0.10881815 -0.77748964 12.69210270 125 103 79
1.06483882 -2.83961757 9.83753921 63 42 14
0.36314113 -2.09063845 9.86493633 89 63 35
-1.60433776 -1.04305747 14.17612975 155 135 128
-0.10851508 -1.04205282 12.79953850 166 137 102
0.71411620 -2.26922085 9.83126605 144 106 61
-1.48837448 -3.47413504 15.82881553 231 231 221
-3.53982082 -1.76943302 15.69322888 85 60 45
-2.77736437 -2.06225290 15.35479922 147 130 119
-2.32922242 -2.89123415 14.76806425 75 41 13
-2.41440515 -1.48918425 14.76381420 160 145 132
-0.22511472 -1.17186073 12.95732059 176 143 108
0.62011800 -1.78154817 12.75206784 44 26 12
0.41736108 -1.48276082 12.60559684 160 126 88
0.29931184 -2.68895699 10.95855582 189 158 127
1.37414010 -3.45131705 10.51306006 206 177 147
1.22781173 -3.17043135 10.00606118 80 45 14
1.29479936 -0.73549527 10.27629592 209 198 189
1.36472824 -3.12231728 9.77966776 80 45 17
3.15778108 -1.02759750 9.22355813 58 33 2
-4.49503697 -3.38366358 14.84155306 119 97 83
-2.61921058 -3.57287268 15.20830552 85 48 21
-2.43740397 -3.41638525 15.05001143 93 53 17
-2.23843398 -3.22090804 14.88348646 88 54 17
-2.70618583 -2.95711294 14.79661015 173 142 106
-1.74103099 -0.84289699 14.47767899 166 144 135
21.01390881 10.46637296 21.49043432 229 218 209
1.00063991 -3.26647756 10.42671649 210 184 147
1.00063991 -3.26647756 10.42671649 210 184 147
1.11752233 -0.74108322 10.78170264 212 204 193
1.52542473 -3.18415530 9.81250637 142 110 72
2.59236528 -1.93823418 9.04366384 179 145 114
-2.60083458 -3.91070836 15.52885141 135 99 45
-2.80772073 -3.49736824 15.18491782 188 156 120
-3.21462386 -2.18918654 15.24184747 183 160 141
-2.78364521 -2.54190170 14.84108520 192 167 135
-2.44403503 -2.73488844 14.65578749 98 67 31
-0.42066881 -1.52581791 13.27735719 132 104 77
0.71217421 -3.13873441 11.06587715 94 64 28
0.24641696 -2.49229874 10.55397669 130 106 75
0.40055289 -2.75029948 9.98307573 78 49 20
3.22874910 -2.11516377 8.88409738 188 157 126
1.21053605 -2.88571761 9.75161879 63 38 10
2.47225486 -1.89399152 9.24834380 48 28 0
-0.20936918 -0.16503310 13.45490647 133 114 93
4.17099488 -2.59212264 12.32950751 96 67 28
1.11040927 -3.19102197 10.16006646 87 59 33
-3.44365179 -2.79580466 15.64237495 168 142 127
0.08686375 -1.18524841 12.57035675 163 135 111
3.78500822 -1.69542313 8.63881608 195 179 167
3.78500822 -1.69542313 8.63881608 195 179 167
1.33356259 3.60083298 20.36603704 137 116 96
2.63321705 -3.33619466 10.38861789 192 169 133
9.00357542 -5.68009889 14.59559274 113 84 60
4.95165053 -1.41081924 9.16784755 131 121 127
-1.34724590 -1.59334365 13.84532339 176 155 128
-1.55876006 -1.28647105 12.61834107 141 126 118
-3.81343422 -1.83941758 17.33704742 123 121 134
-2.87955670 -3.88381970 15.69980530 98 64 18
-3.04632104 -3.78480998 15.66058023 211 176 138
-3.04378241 -3.69447826 15.65507637 88 54 15
-3.11898482 -3.63558686 15.53923400 99 67 29
-2.81140109 -3.80937148 15.57064131 106 66 32
-3.16937334 -3.20541533 15.69830850 88 57 27
-3.24924935 -2.81803371 15.81191405 127 101 85
-1.69130632 -0.77333882 17.63246151 96 69 54
-3.40664946 -2.18329144 16.05920783 96 69 54
-3.08287284 -3.17725486 15.47430514 138 110 80
-3.26971850 -2.70040552 15.64238196 102 74 55
-3.40169924 0.14146472 17.05984384 128 100 86
-3.40169924 0.14146472 17.05984384 128 100 86
-3.40820948 0.20760080 17.07425504 174 154 143
-2.76925134 -3.57186993 15.36748726 212 177 136
-2.62455831 -3.68239038 15.35923057 208 174 134
-2.62977443 -3.62873854 15.36089286 97 59 18
-3.36631078 0.19795035 17.03466950 164 144 133
-2.63434163 -3.63074115 15.35560170 97 59 18
-3.44908740 -1.18406867 16.27428476 189 170 157
-3.27796556 -0.29897688 16.74200887 100 77 63
-3.31174359 0.21632319 16.98371547 173 153 142
-3.27249344 0.49294132 17.13153152 163 159 162
-3.25677138 0.08656178 16.87595490 101 79 57
-3.34787176 -1.93269139 15.79348763 125 99 84
-2.54319923 -3.56278471 15.29000510 95 56 27
-3.29171506 -2.19514667 15.64162034 131 104 87
-3.15402694 -0.36192619 16.61038890 107 85 68
-3.12241302 -0.15920603 16.69389841 177 160 148
-2.93846877 -3.19365678 15.20546046 201 166 126
-3.07255610 -2.64561740 15.41562006 90 63 36
-3.24896440 -1.67039811 15.81805544 185 164 151
-3.06768111 -0.18673572 16.62773701 157 140 122
-3.28583166 -1.79145467 15.72457906 195 179 167
-3.12998588 -2.48688857 15.43946062 221 194 173
-2.99307913 -0.29924692 16.56838048 110 88 67
-3.00589038 -0.52803189 16.42678188 154 139 119
-3.15736693 -2.00228845 15.57261423 177 154 141
-3.08061421 -2.25521897 15.47166915 76 54 31
-2.66800020 -3.18049305 15.14121854 96 67 32
-2.65317924 -3.23679178 15.09635398 153 123 87
-3.10342605 -1.53368176 15.68704741 84 60 44
-2.69506691 -0.13704082 16.49637233 103 91 79
-2.74948648 -3.06694733 15.04996308 199 165 125
-2.61394967 -3.10157593 15.08068310 196 158 115
-3.02811731 -1.82877859 15.41107762 92 60 35
-2.57682463 -3.05018175 14.99753472 189 154 104
-2.73774966 -2.72416541 15.03756381 185 150 110
-2.18378255 -3.23135919 14.97794408 95 55 22
-3.03188708 -1.99995810 15.21667994 190 165 152
-2.36953356 -3.14442514 14.90824015 200 168 126
-2.41485297 -3.08641689 14.91053887 110 81 35
-2.85221709 -1.68438200 15.31390695 84 57 35
-2.54646566 -0.70934228 15.79670746 108 99 92
-2.70357601 -2.54390581 14.88728270 224 198 164
-1.90020914 -3.15846260 14.89773005 141 101 61
-2.02031448 -3.09031743 14.85464937 109 69 33
-2.47456962 -2.83110220 14.80869502 230 198 159
-1.59513590 -3.20397648 14.94848907 158 114 65
-1.50629594 -3.14385094 15.01428956 158 114 65
-1.47010726 -3.07579532 14.90216938 153 109 59
-1.46567944 -3.00912865 14.93553930 230 192 147
-2.50710365 -2.38678413 14.75497952 218 185 148
-1.98214652 -2.83694804 14.65671930 201 169 128
-2.05296720 -2.68341634 14.66835458 96 64 18
-1.95026017 -2.78851813 14.56439212 209 174 132
-1.36432953 -2.78942897 14.62594778 211 176 136
-1.84195258 -2.51061904 14.53909930 105 73 34
-1.73005449 -2.64295604 14.46165192 192 157 113
-2.12503944 -1.84609534 14.60412180 76 55 30
-2.12503944 -1.84609534 14.60412180 76 55 30
-1.50162950 -2.55552120 14.49399824 179 143 98
-0.42833327 -2.55332910 14.75329459 216 182 131
-1.98746502 -2.12613671 14.43693916 192 158 112
-2.08978798 -2.00502737 14.42399252 223 201 163
-1.02048610 -2.57673762 14.45664529 199 164 123
-1.01289251 -2.61836336 14.43579785 144 104 55
-1.11427442 -2.41417464 14.42987661 209 172 129
-1.91565541 -2.00357012 14.31668681 215 182 147
-1.35470793 -2.23044986 14.37768382 102 66 30
-1.90330335 -1.91560708 14.33656491 201 171 142
-0.95171841 -2.35011757 14.42920754 106 63 27
-1.73280608 -1.98770348 14.33585456 200 164 127
-0.95371180 -2.37735458 14.34170547 93 50 17
-1.48041393 -2.17046955 14.24431987 180 147 109
-1.50401485 -2.19093245 14.22807135 180 147 109
-1.32179440 -2.21937239 14.27865784 97 60 16
-1.02879494 -2.37454416 14.27952555 208 173 125
-1.16440371 -2.13207382 14.26369389 85 51 3
-1.68870274 -1.87495365 14.21588489 225 191 156
-1.34678929 -2.10405652 14.08857057 143 105 66
-0.46911589 -2.29362344 14.22165122 134 93 51
-0.47559421 -2.35463411 14.17207369 211 177 136
-0.62011214 -2.19311914 14.10715288 101 62 7
-0.97909216 -2.06160299 14.03034199 96 61 21
-0.59437725 1.03087643 15.26076051 111 108 115
-1.11189010 -2.03333815 13.92914118 142 106 67
-0.95594864 -2.05571473 13.96096202 91 58 13
-1.08034108 -1.97565813 13.93117709 244 214 177
-0.93405641 -1.98659555 13.92499104 200 165 125
-1.39231034 -1.27630163 14.05909555 200 182 162
-0.38444824 -2.26290231 13.84945856 198 162 124
-0.96426161 -1.81865091 13.88079049 182 152 117
-0.17301173 1.66182857 15.28282760 147 136 140
-0.49282140 -2.10763784 13.87168503 228 189 148
-0.90397900 -1.84887885 13.86293689 123 85 43
-1.07930367 -1.66063236 13.82726347 221 195 160
-1.09993504 -0.43329243 14.25470592 176 163 155
-1.13542177 -1.23511185 13.96023086 109 88 64
-1.25421237 -0.85986943 14.05310769 132 116 108
0.02309845 -2.21175870 13.83517215 155 114 63
-1.04726011 -1.65941736 13.76838445 197 173 137
-0.14072231 -2.22986847 13.72092555 197 162 125
-0.69749429 -1.94153070 13.68097809 102 68 36
-0.92270075 -1.74662965 13.69368856 150 127 93
-0.40878100 0.99821513 14.71309177 170 149 143
-0.13298660 -1.98101104 13.74189596 99 54 4
-0.26750697 1.21146664 14.77171103 175 153 150
-0.25059782 1.64627850 14.90268130 170 148 137
-0.05715844 -2.16635426 13.63942920 219 186 143
-0.47979875 -1.82994881 13.58597758 90 54 11
-0.03846476 -1.98641662 13.61721831 97 65 27
-0.70118825 -1.81117852 13.52522734 166 132 89
-0.20960320 1.76607081 14.76226954 168 143 131
0.13255796 -2.11546423 13.51984362 226 187 148
-0.91725525 -1.06365303 13.64852970 197 172 144
0.33806547 -2.04807327 13.54852947 121 78 28
-0.65591328 -1.49129029 13.50559028 187 152 112
-0.75375117 -0.83742200 13.64744939 120 99 82
-0.10519084 2.16210975 14.65382014 148 131 120
-0.09657819 1.94361736 14.54949022 90 63 43
-0.30104357 -1.59426084 13.37609580 166 131 91
-0.08118920 2.15217947 14.52566322 144 127 118
-0.36536982 -1.59591383 13.29246793 194 158 122
-0.67036144 -0.86344355 13.45541188 172 149 130
-0.11853980 1.15992800 14.12194731 179 158 143
0.05192226 2.13486416 14.31199216 112 95 79
1.78133590 -2.04481268 13.30038578 94 76 52
-0.05593899 -1.56382706 13.11144128 102 69 43
0.34031104 -2.00490816 13.01555555 206 167 126
-0.46898333 -0.32976723 13.38871936 75 51 31
1.84002283 -2.74985807 13.01677302 196 174 140
1.51214118 -2.63934607 12.95196120 149 121 85
0.67496811 -2.24084018 12.91619685 148 108 66
0.18261260 -1.77516803 12.96088473 96 60 30
1.06244849 -2.27217889 12.92084556 201 163 126
1.28876209 -2.68522174 12.83075960 139 105 72
1.29335766 -2.52138451 12.80990549 242 238 231
1.45149105 -2.43892936 12.85585266 242 238 231
0.74852344 -2.14542664 12.82761259 111 73 37
0.19787091 -1.69792816 12.83452672 205 166 125
1.50151130 -2.73878309 12.68901033 214 183 145
0.56677533 -2.04396138 12.74066297 184 149 111
0.89429412 -2.44411533 12.65225054 118 83 57
1.29318127 -2.52430925 12.67560163 172 146 116
-0.19488956 -0.85212966 12.92032235 154 132 110
-0.04536468 0.21411841 13.24810372 169 151 127
0.94449346 -2.58110852 12.57035493 222 192 159
1.15740068 -2.55207643 12.59996116 107 78 48
1.37312237 -2.75289219 12.54759442 74 46 16
1.48186563 -2.92889155 12.49094356 187 151 114
1.47208247 -2.93395838 12.49075671 187 151 114
1.18593567 -2.59765511 12.51307574 99 69 41
31.35791404 1.13907288 17.25839578 1 2 7
1.68398009 -2.96927797 12.44518927 73 46 22
1.25167892 -2.81729225 12.42639511 188 159 129
0.65298384 -2.42378276 12.44152228 207 183 143
0.61102660 -1.79840249 12.50945720 138 113 87
0.81717968 -2.81585558 12.23091784 162 131 101
1.30497039 -3.14598976 12.18919759 216 189 163
0.69004363 -2.57943169 12.27472883 168 142 107
0.89804459 -2.65252887 12.21837693 101 73 46
0.95351842 -2.95468157 12.13960232 109 81 51
0.94980030 -2.95650521 12.13902823 109 81 51
0.87205850 -2.70846771 12.16819363 97 68 38
0.33439859 -1.55150252 12.41042729 86 61 31
1.01389355 -3.17275044 11.97540926 166 136 105
1.00881492 -3.17731235 11.97582264 166 136 105
0.28062625 -1.14651384 12.41902174 88 67 33
0.17730632 -0.93398987 12.46851991 148 126 102
0.50119453 -1.46515347 12.34892211 90 70 43
0.53291666 -1.71238823 12.27858039 115 91 65
0.87340844 -3.05259553 11.91154610 79 50 23
0.55500497 -2.70394205 11.93595415 138 113 83
0.52706722 -2.55570056 11.97061977 87 59 31
1.48763666 -3.53705435 11.74324017 228 199 168
0.98494642 -3.20945462 11.77666781 101 68 43
1.49377516 -3.56711878 11.69434022 196 163 130
0.91456049 -3.24069855 11.65327556 230 199 163
0.96877925 -3.25995745 11.64440942 89 57 19
0.36788511 -2.44964687 11.73722595 168 138 109
0.24745919 -1.80372619 11.87079126 101 67 31
2.04714675 -1.19518422 12.10640701 112 88 65
0.80679797 -3.23879492 11.51909595 127 93 64
0.80679797 -3.23879492 11.51909595 127 93 64
0.71027860 -0.03205899 12.24965569 155 140 118
1.07302907 -3.32878872 11.48226526 86 52 25
0.28209692 -2.37668067 11.59868013 117 84 53
0.39688470 -2.49448860 11.56809446 76 51 28
0.88949009 -3.31710557 11.40030704 117 82 50
1.92585045 -3.74406685 11.36733023 209 172 132
0.96206148 -0.21519020 12.11478188 128 108 81
1.55571526 -3.63501785 11.34309258 129 92 49
0.38191736 -2.56570441 11.50775896 80 51 23
0.29749408 -2.41040628 11.52903792 173 147 111
1.21875543 -3.52539455 11.30882014 134 99 59
1.94279505 -3.87856254 11.26791311 128 94 61
1.08641243 -3.41083601 11.27949761 224 196 159
0.81953778 -3.23151701 11.12992938 218 183 149
0.19803108 -2.48555440 11.22757371 227 198 164
0.95204809 -3.30875510 11.06722110 206 170 143
0.38563658 -2.65121083 11.15819583 88 58 32
0.21498275 -1.89169428 11.29167094 115 88 59
0.31826418 -1.75479676 11.31378168 166 141 112
0.83328569 -3.30388353 10.98154418 200 162 123
1.31067907 -3.49761541 10.95872516 109 72 33
0.97492826 -3.30136970 10.97000530 101 63 25
0.26043525 -2.55085405 11.10150970 81 53 25
0.61447943 -2.97635618 11.00029405 189 154 115
1.22619516 -3.52419778 10.89490608 241 210 171
0.31889946 -2.01648689 11.19905365 83 59 27
1.48770566 -3.59390350 10.88070922 247 211 177
0.41002393 -2.82247449 10.99101409 220 182 145
1.30547851 -3.50282598 10.85975577 237 207 169
0.26827468 -2.65495650 10.99054248 95 68 41
0.42383964 -1.59447120 11.20388155 159 136 105
0.52824227 -1.44951260 11.22764871 79 50 21
0.59967528 -3.05859497 10.87689714 200 165 133
0.25024283 -2.21294300 11.03010483 77 47 20
0.50987007 -2.90768277 10.85795211 86 60 33
0.81559999 -3.18719131 10.76594924 78 45 15
0.81559999 -3.18719131 10.76594924 78 45 15
1.56465557 -3.55153177 10.65123946 231 196 156
0.40306431 -2.81870567 10.76831102 91 60 32
0.35720524 -2.86398448 10.73239201 176 142 114
0.30995144 -2.13440552 10.86463470 80 52 19
1.02927486 -3.40021117 10.62082427 232 197 160
0.38307452 -2.89098728 10.69440568 125 85 40
0.63246113 -3.08325617 10.60263970 222 191 157
0.71094851 -3.12158126 10.57272410 155 116 77
0.67209378 -3.12221804 10.52540144 129 90 51
0.62561571 -3.00992832 10.52800032 208 174 139
0.64761817 -3.08059897 10.50073126 106 60 22
0.53171238 -2.99207215 10.47641459 202 170 132
1.13178967 -3.32027927 10.41462086 171 137 99
0.81327055 -3.12694372 10.44257428 220 185 145
0.52612198 -3.03464524 10.44023864 148 110 74
0.52652187 -2.96837501 10.43667494 136 96 60
0.52652187 -2.96837501 10.43667494 136 96 60
0.54416625 -2.99841444 10.41587612 210 176 141
0.33991896 -2.27130790 10.53001483 79 54 24
0.44699065 -2.16508145 10.45629259 82 55 25
1.21549353 -3.24649391 10.21595286 233 199 165
0.40441045 -2.92466951 10.27027684 113 76 31
0.44045413 -2.88841456 10.16786352 188 153 113
0.33496359 -2.75506325 10.18092737 112 77 44
1.23659237 -3.29633659 10.05207522 197 160 120
1.21492357 -3.21600021 10.05550667 214 179 140
0.58577942 -3.04109564 10.06108456 227 188 152
0.40253338 -2.99166183 10.06034711 230 199 157
0.78169078 -3.05008891 10.02650550 223 190 149
1.11777399 -3.08572285 10.00562747 163 125 83
1.24612173 -3.22074879 9.93962898 187 153 112
1.45508962 -3.20036323 9.93509556 246 215 177
1.51595823 -3.20285865 9.91076038 202 170 129
0.55664180 -2.97515483 9.96152859 194 160 121
1.22569086 -3.06376134 9.89228101 216 181 140
1.22569086 -3.06376134 9.89228101 216 181 140
0.38711464 -2.61634872 9.97386700 108 77 47
0.40749127 -2.60816376 9.97861180 108 77 47
1.05025480 -3.03159823 9.87635895 253 223 179
0.42853450 -2.55224902 9.91482304 88 60 21
1.43140518 -3.03989778 9.80112646 228 195 154
0.53809610 -2.68629277 9.88338734 201 177 141
0.41796682 -2.51179503 9.90472832 185 148 109
0.56375047 -2.74949881 9.84383021 135 109 74
0.61258979 -2.65504824 9.82055073 225 201 169
0.54084723 -2.62570198 9.82280645 186 166 135
0.98559954 -1.33214514 9.93243004 173 152 123
1.25158528 -2.58479358 9.71694008 162 134 99
1.26390760 -2.66675472 9.67543412 103 72 29
1.32507577 -2.46864863 9.63525961 177 146 103
1.24616467 -1.09607241 9.80340510 251 241 233
1.61455107 -2.55602705 9.56348067 172 147 114
1.74510724 -1.86474927 9.64327229 86 55 29
1.78183044 -1.85725120 9.62527531 85 55 26
1.89358253 -1.73722270 9.50535735 207 178 145
2.01816184 -1.97894640 9.39624201 116 87 52
2.01685270 -1.98003476 9.39697415 116 87 52
2.19751455 -2.21370156 9.33152022 219 186 150
2.07481706 -2.02398763 9.33895539 225 192 155
2.54429193 -2.08121343 9.15869655 89 61 23
3.24022703 -2.17369015 8.93290110 207 180 141
2.60998594 -1.44445316 9.00988159 201 176 151
2.88809306 -1.71278728 8.76394866 99 73 50
-4.44582962 -3.31351546 14.93133029 117 90 71
-3.60371762 -1.84478118 16.01804368 92 69 61
-3.42391634 -2.36888292 15.68163120 219 194 174
-1.19371244 -2.00866961 13.94503030 179 150 116
-1.21717446 -1.22743876 13.80932645 201 178 152
-0.43370533 0.68785485 14.47527865 165 148 142
-0.26738641 -1.72633424 13.40770562 87 53 15
-0.26571288 0.78654235 13.98727068 148 129 118
0.00038165 -1.74840831 13.12447266 151 117 79
38.60512279 2.38305877 20.01097359 175 170 163
1.11575921 -2.30661380 12.85537189 91 62 41
1.12657218 -2.29804550 12.85692807 91 62 41
0.80227524 -2.31483461 12.60943399 95 60 40
0.56713257 -2.06739396 12.62094254 95 68 47
1.33189728 -2.84766326 12.43331685 129 99 65
0.82815957 -2.62736013 12.26157739 81 56 27
0.27363794 -1.36923824 12.39867544 91 72 40
0.51436474 -2.33960829 12.10311891 129 102 74
0.34847502 -2.28667297 11.91582633 185 154 123
0.33051003 -2.28561684 11.91056418 189 160 128
0.35857449 -2.41874434 11.71067323 93 66 37
0.40665323 -2.61106283 11.63320790 90 61 31
1.88720649 -3.75714341 11.28850277 96 58 20
0.33107964 -2.46365717 11.39215563 125 98 74
0.31575597 -2.68160660 11.01825826 94 63 27
0.98413978 3.31900906 12.24619390 153 154 156
0.49419254 -2.89411979 10.53038484 83 58 34
0.92536620 -3.19137444 10.46326662 95 58 29
0.92793542 4.06840066 11.13042751 224 219 215
0.98922272 -1.52723996 9.95027863 43 25 5
0.43498718 -1.80896741 10.45952853 55 32 8
2.43443155 -3.64948446 10.64524080 39 35 26
-1.60206699 -3.56665950 15.68637097 224 226 222
1.99972838 -3.82074108 10.72061581 67 62 35
1.41139409 -0.93244010 9.97133859 226 214 203
-1.14171509 -3.18133348 15.62886373 175 149 115
3.09444536 -0.78055346 9.27930124 239 229 218
0.11007871 -1.81877204 13.33675883 204 167 126
147.82192687 0.38260178 84.66336537 53 49 21
-2.19245241 -3.97959478 15.66191145 228 222 208
-0.30775819 0.04669159 13.64036095 133 111 90
1.14971211 -3.19159638 10.07265020 78 45 7
-6.79127247 -7.46612874 8.25316514 19 18 13
-3.86805658 -1.66412860 16.34312276 174 154 140
-2.69643783 -2.29137356 14.74346910 63 39 15
0.98345524 -1.01800069 11.80727954 39 20 2
-3.65784303 -2.31370079 16.82744254 98 64 46
-3.21279715 -3.09241384 15.43160228 175 141 107
-1.00901376 -1.53255589 13.65143474 187 160 129
0.83317125 -0.39993495 12.22682968 47 27 5
2.14913288 -3.67889576 10.45896897 23 16 2
0.97810205 -0.86201076 10.89611449 121 99 79
-4.66136596 -4.68766285 13.32827188 110 101 88
-2.30166711 -2.16230327 14.91759200 156 123 86
-1.06777840 -0.97399802 13.83782593 65 47 27
-3.82628345 -2.62175642 16.64555934 170 152 138
-3.78742918 -2.43493867 16.72991408 81 55 32
-3.91611334 -3.97284985 15.83853441 203 172 133
-3.86034214 -2.09692930 16.87989056 78 54 29
-3.99158734 -1.94959691 16.89370332 159 143 136
-3.02177970 -4.14193749 15.91699017 235 203 163
-4.15727663 -3.81027717 15.72352581 131 91 49
-3.98041703 -3.86729623 15.74713389 209 170 126
-4.09498718 -3.87658278 15.69867916 137 97 61
-3.98179842 -2.11166851 16.68437707 72 46 30
-3.98179842 -2.11166851 16.68437707 72 46 30
-4.08351257 -1.98273749 16.71249693 123 101 81
-4.05907135 -2.03622232 16.68976866 109 82 65
-3.97007564 -2.05001494 16.61245711 80 51 33
-3.46741342 -4.01213327 15.64660261 204 168 126
-2.77330513 -4.08125655 15.79697696 243 212 172
-3.93713273 -1.97253913 16.50358648 87 60 49
-2.85275551 -4.05636988 15.70487530 232 201 163
-2.91765637 -3.99909071 15.68911905 109 71 32
-3.76951914 -3.90902338 15.45467042 202 164 115
-3.89693560 -1.94694611 16.33875816 110 88 77
-4.02468613 -1.46991668 16.48479162 112 87 71
-3.23894764 -3.73555716 15.56622673 206 171 128
-2.96434652 -3.71401619 15.44567348 131 85 41
-5.18953925 -3.57619825 14.90446487 153 118 81
-5.15405622 -3.56258523 14.82897887 199 160 121
-3.55048720 -0.84553819 16.34680048 149 132 117
-3.55048720 -0.84553819 16.34680048 149 132 117
-3.48700248 -0.37485534 16.57125446 90 63 51
-3.11505495 -3.03734959 15.31732465 145 112 69
-2.99254808 -3.23616013 15.17593847 201 166 126
-3.01977875 -2.94539424 15.15826464 209 173 137
-3.25403781 -2.02076759 15.48840654 94 68 52
-2.30870892 -3.35467624 15.04205412 108 67 27
-3.08606526 -1.68542726 15.40351186 172 158 149
-3.01419629 -1.56528534 15.35845171 193 180 172
-2.54591596 -2.86059170 14.77898068 184 155 115
-2.10273684 -2.96850258 14.72148809 155 121 80
-2.68105484 -2.51531768 14.71157669 222 191 151
-2.68593616 -1.96970685 14.90113042 169 151 137
-2.56606268 -2.32676912 14.69767277 145 119 94
-2.37005588 -2.36022099 14.65366294 193 157 121
-0.47817222 -2.45642536 14.78403676 225 199 159
-2.37675955 -1.54191233 14.76530547 134 113 93
-0.90138262 -2.51331389 14.35754397 219 186 145
-0.96310324 -2.33863035 14.38697980 207 169 119
-2.22841396 -1.36882587 14.58954738 192 175 165
-1.84244487 -2.06352828 14.37529853 194 159 117
-1.42606186 -2.22358552 14.33425358 207 167 127
-1.69519372 -0.73323498 14.72376723 199 185 177
-1.19396425 -2.10496080 14.21312623 205 173 131
-1.67749845 -0.75097206 14.62967918 174 159 152
-1.67749845 -0.75097206 14.62967918 174 159 152
-1.70854166 -1.32177443 14.39211374 184 160 143
-1.68933610 -1.26439812 14.39698983 79 50 29
-1.49857186 -0.63578604 14.44678170 172 158 149
-0.82453850 -1.98127562 13.93791794 100 62 18
-0.00057069 -2.16833604 13.86745811 225 189 152
-0.13021722 1.32043982 14.91951644 100 71 53
-1.24571349 -0.79468356 14.09066525 187 170 161
-0.68494630 -1.93029640 13.68975103 108 76 50
-0.66324787 -1.86482462 13.69445897 211 172 127
-0.65215678 -1.76148665 13.56523415 166 132 89
-0.11203864 -1.90873504 13.49549120 180 144 99
-0.62107578 -1.71233969 13.50610203 202 172 136
-0.01658368 1.02262357 14.46350960 121 99 85
-0.85714910 -0.61735927 13.81948858 182 164 153
0.02123825 -1.87440211 13.40555391 212 173 132
-0.62119877 -1.52757242 13.48122690 84 55 19
-0.42161104 -1.67272630 13.33238200 166 131 91
-0.44348097 -0.24765952 13.79338222 97 79 54
1.81993857 -1.96955810 13.29914599 91 71 46
-0.14859390 0.81771495 14.11506690 102 83 69
0.38187079 -1.98946400 13.10690683 210 168 127
2.16855070 -2.62686955 12.92164775 252 243 227
2.01424324 -2.75944339 12.82334367 154 123 95
0.16828931 1.18373831 14.04272655 163 140 124
0.74698027 -2.18690404 12.88098057 179 141 100
0.60233343 1.81703209 14.11093837 105 86 56
2.17164999 -2.86357849 12.62658148 251 241 222
1.23429080 -2.67245405 12.61965778 193 164 129
0.84415666 -2.34331295 12.72368519 103 70 35
0.90848758 -2.50337344 12.64994045 180 153 122
0.76478861 -2.24125314 12.69998622 90 63 29
0.77088463 -2.19038691 12.67629933 201 171 139
1.42365524 -3.03668528 12.27332819 188 162 134
0.71963606 -2.00642440 12.51830424 123 97 70
1.55580649 -3.36867657 12.02128549 134 102 63
-0.31867435 -0.86134133 12.77863202 78 52 26
0.21947434 -0.10862867 12.88470088 76 54 30
0.13585149 -0.56907683 12.66350179 154 132 109
1.65885397 -3.44803515 11.81703932 213 184 155
0.70065358 -2.81158188 11.98795430 211 181 155
0.82751330 -3.11862518 11.78481709 127 93 64
1.65018269 -3.60022248 11.59607575 215 185 153
0.73861902 -2.93123262 11.79243585 84 56 28
0.56523895 -2.84929251 11.70323267 113 82 54
0.56007426 -2.85262499 11.70387208 113 82 54
1.56101868 -3.63275182 11.34556701 129 92 49
1.13419280 -3.39448292 11.36478280 90 52 16
0.68359601 -1.36570398 11.85071783 157 133 110
1.97786103 -3.86833984 11.12532628 229 195 158
0.75575099 -1.36861942 11.80086868 142 113 82
0.38413070 -2.56360305 11.51314794 80 51 23
0.28798527 -2.06807263 11.63461259 101 75 40
0.37269796 -2.49444030 11.48440999 80 51 20
0.55910776 -2.82480924 11.36125972 93 62 36
2.39583753 -3.81637085 10.99189924 218 189 152
1.39227917 -3.55428142 11.02209042 244 210 172
0.91113136 -3.31227683 11.11133598 210 172 140
0.64681102 -3.12612145 11.17274049 163 125 88
0.73422424 -3.19339101 11.10097400 209 176 139
1.37085901 -3.53940874 10.83652780 143 108 68
1.59486446 -3.62640765 10.76633013 225 190 152
1.79450730 -3.61708667 10.72944676 229 195 158
0.97636315 -3.38737041 10.70544154 234 199 162
1.83347219 -3.56527675 10.53554170 221 187 153
1.83347219 -3.56527675 10.53554170 221 187 153
1.21514719 -3.36952113 10.58438084 124 84 49
2.00553712 1.04273455 11.51343575 238 235 231
1.39194701 -3.52387051 10.45119502 209 175 141
0.80018640 -0.95580180 11.00109043 156 137 121
0.37216990 -2.07140167 10.74931246 161 134 113
1.57830380 -3.49717040 10.29691706 248 217 184
0.69997102 -3.06076297 10.36836599 155 118 91
1.15474553 -3.29851083 10.25680541 243 214 170
1.59300364 -3.40063602 10.16266362 174 136 85
0.76850631 -3.07222735 10.30008907 85 51 32
1.23241531 -1.66381223 10.52539146 130 106 78
1.42898680 -3.33084581 10.15807025 239 206 168
2.12868781 -3.36557146 9.99623382 64 49 32
0.59094340 -2.99761787 10.19839360 86 54 23
0.50857451 -3.04386528 10.19851268 86 54 23
0.61564249 -1.70498677 10.44348966 166 142 114
0.30960188 -2.26653649 10.32709741 140 114 89
0.53796807 -3.08653384 10.08071140 155 114 86
1.25996083 -0.81525332 10.37734013 127 102 71
1.04264284 -2.79934410 9.88520769 202 175 142
1.25086390 -3.09776540 9.79443882 224 191 150
1.38064392 -3.01020671 9.69068952 234 206 167
1.15815229 -2.91217040 9.72797985 108 80 40
1.21579398 -2.96621655 9.71270837 223 194 154
1.23040874 -2.91569848 9.69690132 145 114 80
0.41241380 -2.46263698 9.85291129 142 98 46
1.30236922 -2.79032295 9.65681561 211 182 151
0.39094181 -2.43060680 9.85246353 231 203 170
1.52790427 -2.71564348 9.51987315 215 189 154
2.39329413 -2.51475349 9.39617933 229 197 162
2.19658518 -2.31613332 9.39623601 95 65 33
2.54689746 -1.60953281 9.01407958 196 171 141
3.42485960 -1.87819347 8.64224495 222 194 154
-2.48973867 -4.06889393 16.27317017 205 204 194
-2.93657249 -1.93868847 14.92245859 153 134 126
-2.64695588 -1.54642536 14.62132420 165 150 147
-1.18351101 -1.14668324 13.80051363 140 120 96
-3.35206326 -3.45298713 16.66086200 203 186 170
-3.28052872 -3.47805934 16.63350042 179 163 147
-3.60911342 -2.82905723 16.71099634 147 132 126
-3.73971553 -2.59533963 16.76579526 163 144 137
-3.47343245 -4.01314391 15.64955273 204 167 126
-3.90545632 -0.86652900 17.10845890 165 138 127
-2.95762132 -3.79346983 15.55204656 189 148 102
-3.81350208 -0.31971608 17.01598737 87 60 33
-3.23130646 -3.35529163 15.58552313 83 52 21
-3.22233771 -3.36119369 15.53963481 89 55 24
-3.06382185 -3.47125117 15.52288965 174 135 93
-3.23584409 -3.23335566 15.58980344 83 51 25
-4.08883944 -3.17539366 15.25320771 202 174 135
-5.17679042 -3.42558765 14.83037509 133 103 66
-3.35009709 -2.67524848 15.49465957 157 131 110
-2.59331907 -2.91418298 14.82206958 204 173 135
34.11903646 -2.20492609 21.32972886 35 41 57
-1.52461235 -1.84984597 14.08156847 179 144 111
-0.32825259 1.45538798 15.15508273 138 127 125
-0.83191384 -1.29040553 13.56616370 146 128 108
-0.67074505 -0.96862499 13.30551364 157 132 103
0.81590863 -2.29755794 12.73950717 149 122 95
1.30327413 -2.79398581 12.55662076 75 50 20
1.11048272 -2.80628718 12.35682155 109 82 53
1.10760664 -2.80533133 12.35562096 109 82 53
0.82935600 -3.10348292 11.80755590 176 146 113
0.51591163 -2.84269315 11.66802133 206 176 147
1.43360755 -3.57802019 10.99605142 138 102 60
0.94464677 -3.28909830 11.02394876 90 54 27
0.70571249 -3.04768460 10.93520206 97 61 32
0.32822438 -2.72314919 11.02792794 159 128 97
0.83026869 -3.27161896 10.76893766 143 110 73
0.53432814 -2.99186861 10.73015807 99 70 42
0.38507613 -2.78826301 10.78005266 132 105 77
6.47752029 -8.12664309 27.08202872 56 55 63
11.94976781 -7.74594683 28.09343995 236 226 216
13.23375663 -8.60781847 27.29951384 71 65 56
-4.06549433 -0.92989958 18.87821340 159 156 165
-2.94175676 -3.29072867 16.98341097 117 93 79
-3.21405819 -3.04968986 16.96215656 197 179 179
-3.30395960 -2.93462595 16.92972468 188 172 165
-3.12197043 -3.94748328 16.20330916 227 193 155
-3.34160069 -3.87134242 16.16459517 203 166 131
-2.82612588 -3.81792016 16.36839080 215 181 144
-3.59500336 -2.42041766 16.86994504 120 98 86
-2.86228087 -3.97892307 16.07981765 163 131 88
-3.93834771 -3.62022863 15.89166548 117 78 36
-3.85684044 -3.67613364 15.88173126 128 84 41
-2.91025843 -3.94684180 15.97878909 215 186 146
-3.03902944 -3.89279203 15.91631741 217 179 142
-2.75158450 -3.95240271 15.95646437 227 194 152
-2.98910086 -3.95005787 15.84636658 157 113 52
-2.72578348 -3.94070498 15.91858437 223 188 148
-2.69379610 -3.92629291 15.89701560 164 121 77
-2.62459999 -3.88305678 15.94096358 164 121 77
-2.15010826 -3.89373604 16.08097944 188 153 114
-2.58674066 -3.81652111 15.78354766 209 177 138
-3.78508190 -1.32367296 16.68287715 165 143 129
-3.82394640 -1.25863885 16.64194139 118 95 81
-3.82363023 -1.19385636 16.65529545 195 173 161
-3.75692371 -1.34801088 16.58246539 117 92 72
-2.82846883 -3.57533877 15.66791942 110 73 33
-1.73848147 -3.58374136 15.90168589 197 164 125
-2.64149667 -3.66060786 15.60825560 100 61 19
-2.21967644 -3.74789815 15.66810390 170 128 82
-4.90996453 -3.41238332 15.06908884 119 84 44
-3.65275210 -1.35572380 16.42219446 193 174 160
-3.65358012 -0.94164449 16.61899214 127 106 90
-3.67386802 -1.21321923 16.45085851 175 150 135
-3.53328129 -3.51533920 15.31831643 87 56 24
-5.10838938 -3.30820508 14.98844877 199 173 146
-2.44556600 -3.69347166 15.49112920 163 122 73
-2.69904745 -3.45969709 15.51739999 132 95 50
-3.15386581 -2.92151712 15.65917773 128 95 59
-3.68822578 -0.15892942 16.85671422 183 165 151
-2.52776245 -3.47222877 15.53083492 227 193 155
-5.04879830 -3.28094700 14.89416296 198 168 132
-4.94819153 -3.31324768 14.89253497 225 178 124
-3.35961568 -0.37693547 16.56411164 170 152 142
-4.97266320 -3.26672116 14.80349051 211 181 143
-4.97266320 -3.26672116 14.80349051 211 181 143
-3.43266977 -0.08678817 16.65443870 184 167 160
-3.06800459 -2.71263466 15.49450534 157 131 107
-2.45157391 -3.45125991 15.22559579 103 64 13
-3.15044271 -2.31626372 15.58696728 80 54 31
-3.25082402 -0.16715206 16.56954953 167 147 137
-3.33708508 -1.47881108 15.89515354 143 121 108
-3.37890821 -1.53055606 15.85609326 143 121 108
-3.08971300 -2.25893247 15.58065084 74 47 24
-0.50532451 -0.05395868 17.20326093 121 96 65
-1.84984580 -3.30809391 15.35817890 128 80 21
-3.26476831 -1.72622186 15.67133361 179 164 153
-2.88086381 -2.71389375 15.29310728 209 177 136
-2.63188491 -0.06813333 16.54444621 103 89 78
-2.09231647 -3.18789166 15.16546600 103 67 19
-3.13058941 -1.20380412 15.84659525 115 93 82
-2.85485244 -2.40802679 15.34545848 127 103 77
-2.91651796 -2.10263386 15.36809503 77 50 30
-3.04820503 -1.91173631 15.38562704 173 157 141
-2.90213697 -0.95576219 15.82460052 185 170 161
-2.84184008 -2.10912426 15.26976754 170 148 137
-3.01374487 -1.89714392 15.32981905 176 159 143
-2.90819564 -1.71591615 15.40641637 81 58 37
-2.73924582 -2.40743703 15.07099867 155 133 111
-0.90808369 -2.03130425 15.55113840 204 170 124
-1.36465879 -2.95672435 15.06030368 150 103 49
-2.83949853 -1.48855949 15.38698893 181 164 154
-1.80726580 -2.90435455 14.94284999 106 68 27
-2.71283582 -1.99291441 15.11612601 171 152 136
-1.29860444 -2.91604661 14.96244100 207 171 122
-2.55947919 -1.79284609 15.03178123 80 52 35
0.23743478 -2.18772160 15.32316070 198 165 122
-2.62430384 -1.65952392 14.98955872 194 178 161
-2.20178879 -0.65003800 15.43851036 148 134 130
-2.40200062 -1.66004813 14.91050855 69 43 19
-2.04401644 -2.26500341 14.67882519 143 115 87
-0.19969047 -2.31975164 14.78602993 226 199 159
-1.49684719 -2.46610392 14.48778263 129 90 49
-0.38415006 -2.32591984 14.59132867 176 130 79
0.32403448 -2.10409788 14.76591424 198 155 107
-1.75161996 -2.22623659 14.44461139 190 158 111
-0.99650410 -2.30360613 14.49864135 191 153 106
-0.80695053 -2.20885471 14.46525887 205 169 125
-1.72518571 -2.03062698 14.41707519 95 65 27
-0.18365151 -2.29326506 14.47153307 211 182 143
-1.81340649 -1.27901286 14.60524154 75 52 24
-0.75058471 -2.18056178 14.33387197 216 182 139
-1.16094316 -2.05776174 14.31168510 204 168 126
-1.43577483 -1.88999785 14.34511588 200 171 136
0.06273454 1.30352364 15.67948863 187 170 163
-1.38298780 -1.88043858 14.30345012 166 133 94
-1.46784610 -1.88161026 14.28743383 105 73 23
-0.47446318 -2.15287169 14.23124011 190 157 114
-1.28633403 -1.69501619 14.30298063 194 155 112
-1.63504708 -1.45299559 14.32849137 207 182 156
-1.34666425 -1.77458907 14.18939562 195 158 117
-1.44993295 -0.57057924 14.54709826 179 166 157
-0.81790453 -2.05665021 14.02984997 171 139 107
-0.85034444 -1.89846660 14.06046599 201 167 123
0.04163714 1.86984555 15.49287098 91 80 88
-1.33975493 -1.04559680 14.26017093 78 50 38
-1.34229611 -1.11968096 14.18906771 189 169 158
0.59026317 -2.10348777 13.97058108 217 186 151
0.41730855 -1.98864632 13.98893464 217 178 135
1.19573338 -2.20586154 13.72285199 238 231 219
-0.05827237 1.05372910 14.76892326 110 83 74
-0.45483473 -1.74880625 13.74947323 94 61 23
-0.92188923 -0.29419745 14.20668906 189 173 162
-0.10437385 1.05938746 14.71679008 105 81 69
-1.06556950 -1.02554168 13.91704532 222 201 172
-0.49674475 -1.80772565 13.63809375 104 68 33
-0.26241369 -1.82617827 13.63721172 181 146 106
-0.18835754 -1.63005366 13.65741486 93 60 14
-0.15769466 0.89381917 14.50158345 109 87 75
2.15202609 -1.70634216 13.70286513 189 166 137
-0.59049034 -0.30322085 13.95535972 109 92 76
0.33747125 -1.70815614 13.44540047 102 64 29
1.65093410 -1.91242592 13.31185456 189 158 121
0.10514120 -1.80369698 13.26626763 209 171 134
0.88101897 -1.91320609 13.25463081 200 164 122
0.88101897 -1.91320609 13.25463081 200 164 122
-0.20708752 -1.61045268 13.26214139 184 147 104
-0.43552353 -1.05375300 13.44566209 159 133 106
1.44255441 -2.03577428 13.16976412 100 70 42
2.36797304 -2.49942324 13.02927204 182 163 133
1.40573643 -2.15653185 13.08449342 178 150 114
-0.38884223 -0.54836411 13.54328676 79 52 33
1.65134555 -2.19464672 13.05653892 93 67 45
0.17142069 -1.48463833 13.24211658 168 136 100
1.86833288 -2.29703079 12.98021115 129 97 76
2.07556019 -2.59500020 12.88381929 101 74 39
1.83720611 -2.67223693 12.86343812 202 168 132
0.26276720 -1.67870006 13.14215779 211 174 129
1.41312109 -2.22783288 12.97531666 100 74 48
1.19933007 -2.26533399 12.94110239 179 149 119
1.64453258 -2.23362358 12.94125359 90 70 50
-0.15655668 0.49144684 13.76508694 185 164 147
-0.38132790 -0.63004694 13.32961543 155 134 115
0.92383081 -2.02764409 12.88665639 106 68 29
0.67487909 -1.72506892 12.97067613 188 150 107
-0.26766680 -0.52591340 13.32300161 156 129 108
0.95946756 -2.20826174 12.77831992 154 126 93
-0.23027467 -0.88001505 13.17650891 163 139 112
1.34319963 -2.49277893 12.68975227 134 112 86
-0.29411842 -0.55734939 13.25515315 160 134 107
1.47722635 -2.68422046 12.57028066 67 41 13
1.33644595 -2.57336014 12.59082794 103 74 40
0.76874045 -2.01984888 12.72201500 77 48 19
0.97761671 -2.30380432 12.60497172 125 94 65
0.97761671 -2.30380432 12.60497172 125 94 65
1.08207435 -2.60780260 12.49424968 203 179 147
0.95559016 -2.31279594 12.54357045 97 68 38
1.63295312 -3.20865518 12.22391361 180 149 115
0.85061116 -2.36297161 12.47320330 194 163 131
0.27863530 -1.17408683 12.83362621 189 156 114
1.04171631 -2.40822005 12.45417919 94 63 35
0.41034887 0.69609059 13.34748772 124 105 79
0.66200655 -1.76643451 12.60229920 109 87 62
0.22138185 -1.21326928 12.77127980 190 158 118
0.78595477 -2.59642572 12.32397979 98 67 43
0.94849558 -2.69148221 12.27208541 93 64 31
0.86288902 -2.61765465 12.28257374 82 52 26
1.22174116 -3.24901444 11.92239601 189 165 133
1.31849750 -3.27404363 11.91152540 92 63 31
0.43518364 -1.21937278 12.50801308 166 140 111
2.23603400 -3.51892670 11.73900164 111 82 46
0.81505704 -3.05170335 11.88229000 191 168 138
0.87111970 -1.13380184 12.39957336 55 36 7
0.80479424 0.35381993 12.80339227 127 105 80
0.43832282 -0.38536705 12.54268321 131 112 82
0.52426785 -2.14751391 12.03292234 102 75 45
1.18432725 0.63483504 12.75181452 151 130 107
0.54874905 -2.31655856 11.92540004 71 46 18
0.49876936 -0.66686105 12.38731323 152 135 108
1.64112290 -3.71958889 11.45807570 99 63 25
0.98148174 -3.30904707 11.57377681 79 47 12
0.55829345 -2.85232482 11.70351307 103 76 46
0.90644192 -3.31727142 11.54032717 219 191 151
0.42696853 -2.52500150 11.74177011 178 152 126
0.85233974 -3.29210631 11.50369109 117 86 52
1.10183055 -3.35544489 11.43833671 87 53 15
0.91532527 -3.42344044 11.38387034 204 178 138
0.46361356 -1.61438642 11.89172507 100 72 42
0.98103758 -0.33775256 12.19912230 161 141 116
0.42350081 -2.47515347 11.57490776 71 47 22
0.30506649 -2.31772640 11.59085155 85 53 28
1.84455650 -3.80987233 11.08115668 130 89 51
0.76198266 -3.14253616 11.30335101 180 146 110
1.27907839 -3.64328432 11.12380333 205 173 135
1.84743084 -3.88934092 11.00979427 203 163 118
1.09599689 -3.46329222 11.16618826 201 171 133
0.91566897 -3.45566078 11.16188387 189 155 116
1.88792085 0.30869792 12.03517972 134 116 97
2.02480800 -3.80255463 10.97938325 105 65 26
0.62215557 -2.90935859 11.25835282 115 88 56
0.54355789 -2.95704341 11.24699197 115 88 56
0.27125963 -2.28770647 11.36773533 66 41 10
1.33163285 -3.70487918 10.92646466 204 174 136
0.51633901 -2.90417815 11.17698714 190 157 124
1.75799589 -3.84447278 10.84156933 222 188 146
1.68471982 -0.12225910 11.77229805 236 234 233
1.13864800 -3.55305554 10.93904004 221 189 149
0.43828324 -1.73850709 11.43753472 151 127 98
0.37984694 -2.64995454 11.15883825 86 60 34
0.91357408 -3.29714930 10.94086350 204 168 134
1.59260098 -3.70417870 10.77908816 217 184 149
0.74332477 -3.38044568 10.89215226 189 152 118
0.92608262 -3.37328191 10.87571427 86 52 18
0.35678603 -1.72110334 11.31479414 148 124 96
1.46113484 -3.72345175 10.69794573 167 132 93
0.91039795 -3.36683151 10.82311020 217 181 145
1.23978777 -3.59143538 10.72887384 217 184 146
0.40115164 -1.64933851 11.26512799 149 126 96
1.17808758 -3.64278127 10.66691475 219 190 150
0.71622075 -3.42523894 10.75998158 167 132 95
1.54587372 -3.76448921 10.59377724 222 188 152
0.45563323 -2.75162432 10.91132869 182 147 111
1.88156772 -3.65773519 10.52896423 163 116 71
1.72213365 -3.69502195 10.52613728 216 181 141
0.65381315 -1.31333654 11.18809518 82 52 24
1.33816107 -3.61331308 10.53542177 216 186 146
0.58280818 -1.38447829 11.12290091 163 146 113
1.03128573 -3.43361657 10.55874042 219 183 140
0.55798535 -3.04177033 10.69052671 211 179 140
1.53998497 -3.57408750 10.46230105 133 94 46
1.35488154 -3.54776672 10.44937819 210 177 141
0.61953400 -1.31007941 11.02588433 166 145 117
0.34600771 -2.06338295 10.83365954 79 48 17
0.34600771 -2.06338295 10.83365954 79 48 17
1.06719556 -3.45627822 10.40094905 205 171 135
1.55737573 -3.30847577 10.31031800 162 123 84
0.89884648 -3.50741715 10.32541726 224 190 155
1.31075952 -3.47706388 10.25977108 236 204 158
1.08440009 -0.76209787 10.86938242 234 233 227
0.34336264 -2.02716070 10.61120153 138 119 95
0.47726963 -1.88174283 10.59347155 156 134 109
2.65624036 4.09789593 11.57061790 153 158 160
1.45963399 -3.43455073 10.05870730 201 166 123
0.50720767 -3.17076765 10.23289188 190 156 121
0.26547347 -3.01287222 10.26064087 111 72 36
1.48790793 -0.52534019 10.48368744 138 122 101
1.10854947 -3.42330939 9.88750175 191 155 120
1.40988580 -0.69135570 10.32082916 236 230 219
0.58108571 -1.92048703 10.14580004 159 138 109
1.07018126 -3.17314790 9.80902604 220 182 145
1.24090319 -3.01140335 9.73272590 227 197 159
1.13602721 -3.09122170 9.70637098 152 115 77
1.18214252 -3.06280245 9.70703868 152 115 77
0.29544105 -2.64112238 9.91071734 94 70 32
0.35234167 -2.76931473 9.83739977 144 123 89
0.34166891 -2.33854475 9.90078303 94 67 37
0.44023795 -2.80779491 9.78685257 85 61 21
1.13255142 -1.50112966 9.88705253 161 141 118
1.88128931 -2.83746349 9.49098314 203 179 141
1.19711546 -2.31095377 9.66733439 82 67 43
1.63903707 -2.11374215 9.60861311 42 31 13
0.42583757 -2.25402988 9.78302942 122 98 72
1.79808709 -1.80515078 9.54953045 201 179 143
1.82959932 -2.44021229 9.41412512 204 175 143
1.37331774 -1.44683885 9.65782792 124 104 69
1.84024286 -2.27395005 9.41591577 211 176 134
1.42990124 -1.22911376 9.62791223 145 132 107
1.32264587 -1.57309274 9.57073180 231 221 200
2.16963603 -2.17420539 9.31819639 112 80 45
1.21769399 -1.42633970 9.57545209 152 138 113
2.78908347 -1.31884308 8.94925314 130 108 81
2.97750061 -1.20009215 8.87014810 233 226 213
2.75017569 -1.62359109 8.73954669 112 83 27
2.92317970 -1.40438238 8.68651055 234 225 214
-1.29505427 -2.36527318 15.53853455 172 142 112
-1.43576541 -0.08470497 15.17897893 160 150 149
0.19003833 -2.09720792 5.72687072 34 31 26
0.56058504 -0.62042387 12.52876778 118 98 80
0.82846097 -3.57528354 8.78443896 223 212 203
-0.41698271 1.55794906 14.70438976 61 43 23
0.52128887 -2.41364724 14.17280279 247 245 242
1.33698113 -0.75012012 10.39376263 104 81 56
0.32421508 -2.40030173 11.04912496 50 30 5
3.00389584 -2.27850809 8.95776284 159 128 89
-2.91056598 -3.60625354 15.39625998 106 72 34
-0.00767599 2.93410604 13.56191503 124 118 108
0.33691333 -2.78853327 10.65965785 98 66 32
0.32369881 -1.92722413 11.58190135 56 35 10
1.29156899 -0.83869449 10.16344642 124 107 88
2.06835915 -2.48269928 9.47574913 133 103 75
-3.18307269 -2.45537174 15.17658502 154 135 118
-1.98734701 -1.10773536 14.86106496 157 140 127
-2.93422071 -2.86895314 13.23131604 144 121 103
-0.93379878 -0.75319619 13.78436300 92 74 56
3.38185228 -1.92636914 4.89473683 189 164 139
-3.62025038 -2.77136732 16.73578396 170 156 152
-3.73479298 -1.96659184 17.01456870 78 54 29
-4.84755049 -3.36186649 15.43809330 172 149 130
-3.48010062 -4.07704290 15.66532628 137 101 61
-3.31474275 -4.10461965 15.71417395 214 179 140
-2.90777765 -4.01992653 15.70777238 228 194 148
-4.85080876 -3.57212653 15.10023790 218 179 140
-2.68204591 -4.05859994 15.75822135 221 194 151
-5.06145622 -3.55671994 14.97515850 127 85 45
-5.00003664 -3.52258313 15.00512322 213 181 142
-3.58142765 -3.32605059 15.61733912 205 156 102
-5.13999702 -3.40462766 14.91333743 199 168 131
-3.14224581 -3.53665338 15.57534946 188 146 107
-2.83672407 -3.83887161 15.52820693 108 74 26
-5.09688955 -3.31434024 14.84915541 111 74 45
-5.05492637 -3.33649379 14.78665191 213 184 147
-3.36197354 -3.09061510 15.56497011 216 187 145
-3.15197262 -3.39997319 15.46274783 193 161 119
-3.01785928 -3.43971740 15.40839365 196 160 116
-3.42926934 -2.46693601 15.69285287 87 57 38
-3.10532967 -3.34126672 15.34317564 204 172 133
-3.37775539 -2.09825219 15.68985988 138 111 100
-2.63667252 -2.60630132 14.84348215 189 156 114
-2.06083106 -3.04799894 14.77681666 219 185 140
-2.17581305 -2.25129414 14.53604966 206 170 134
-1.56368804 -2.36424854 14.39942018 106 68 29
-1.22910334 -0.10867828 14.98748061 167 152 143
-0.41001887 -2.30594159 14.21102805 211 177 136
-1.27077048 -0.55985804 14.28625627 186 172 159
-0.90537630 -1.65308878 13.68232755 107 74 41
-0.47712683 -1.39437809 13.33133677 196 163 119
-0.40462952 0.24389141 13.69603982 170 149 132
0.40385352 -1.89531781 12.81303403 198 161 119
0.71826260 -2.95285800 11.75506812 81 53 23
0.49653687 -2.85886161 11.66200053 220 193 162
0.76061853 -3.06142575 11.51944429 93 59 33
1.02319233 -3.41103543 11.16495692 128 90 58
0.42491808 -2.67137238 11.26467248 64 40 13
1.77973546 -3.71005544 10.97272082 231 193 156
1.34401697 -3.48077303 10.82378987 200 172 135
0.71943894 -3.12900323 10.69962194 206 167 124
0.58065831 -2.97721950 10.54443426 202 170 137
1.17230637 -3.16611482 10.13681370 94 55 9
1.28322418 -3.10227386 9.94779609 223 187 151
1.18074354 -3.04848479 9.80806570 155 121 77
2.97396115 -1.15113926 8.90100409 245 232 218
-1.08726897 2.48468466 13.99338206 226 225 227
0.28529502 -2.59115414 11.25182314 157 120 92
0.83165312 -3.32635732 10.91266771 208 182 149
0.35349098 -2.73954897 10.96129868 135 102 66
1.29997426 -3.43471819 10.47911075 213 184 145
2.92124886 -7.44267506 27.95584867 113 112 117
-2.91646132 -3.02669221 17.39410240 140 129 127
-2.87975716 -3.04126847 17.37917318 216 200 196
-2.95018018 -3.14652612 17.24509209 97 74 67
-2.98454916 -3.29507856 16.96267449 117 93 79
-3.04615010 -3.07493789 17.01992672 133 111 101
-3.11521813 -3.00877335 16.99892039 170 157 151
-3.32446081 -2.18209718 17.35965354 109 79 61
-3.37157867 -2.12882002 17.32686970 161 145 134
-3.30301810 -2.47000932 17.12488568 115 89 69
-3.63765387 -2.40668687 16.85739015 175 155 144
-3.71197752 -1.62229853 17.20096218 181 166 156
-2.71634401 -3.81508045 16.42657287 137 101 75
-3.66037356 -1.91351638 16.99845242 182 165 154
-4.02405513 -2.71435793 16.39272107 95 77 70
-3.78372323 -0.66163156 17.39164115 179 159 152
-3.75505248 -1.48259510 16.95425619 180 160 145
-3.75202114 -1.39878969 16.95444528 88 57 40
-3.02190440 -3.84950218 15.96082279 217 179 142
-3.76921628 -1.41758518 16.87297821 88 58 42
-2.95553865 -3.86041091 15.95469022 162 121 70
-3.76181081 -0.52422038 17.33350275 192 171 165
-4.38760177 -3.39038604 15.55264963 120 90 53
-3.79943554 -0.88391573 17.08599788 187 169 159
-4.79727367 -3.26300718 15.33869930 169 142 112
-4.88398439 -3.30204360 15.15617493 202 165 128
-2.72762984 -3.58202810 15.92749637 210 174 126
-3.60401514 0.19422335 17.39724833 171 157 153
-3.69866034 -0.17813070 17.03600705 123 93 74
-3.55220403 -3.38133672 15.48839504 213 181 140
-3.57336949 -3.39979595 15.46880064 213 181 140
-4.94284309 -3.23613686 14.99029364 126 84 39
-2.33217476 -3.67896835 15.77490917 205 167 121
-3.80036433 -2.99386772 15.50707260 193 165 126
-4.91274631 -3.17056456 14.95123505 218 187 147
-3.01736092 -3.17062473 15.68769646 104 72 31
-3.59308282 -0.01183750 16.97457976 183 165 151
-3.54330220 -0.32775145 16.83951873 191 176 171
-3.62923217 -0.18703951 16.83128060 111 84 58
-4.39627101 -2.70133020 15.30778517 204 175 144
-2.28487691 -3.68102921 15.64077461 125 83 44
-3.61546997 -0.09572459 16.83121475 174 157 141
-4.25189515 -2.78032594 15.30857889 110 82 71
-3.49328007 -0.62654185 16.59582822 193 174 159
-3.10689907 -2.67340923 15.73216899 77 51 28
-2.44636241 -3.54996693 15.56505278 212 174 137
-3.48255111 0.10161089 16.89394197 112 85 71
-3.30286036 -2.13798787 15.86838259 175 152 138
-3.41417061 -1.84720302 15.95234534 188 165 152
-3.02604857 -2.92776192 15.56026908 177 143 106
-2.03698185 -3.63566943 15.59820885 207 175 135
-1.98472600 -3.60178627 15.57143186 206 174 133
-1.98472600 -3.60178627 15.57143186 206 174 133
-3.31974958 -1.74460660 15.91740852 191 172 157
-3.33545410 -1.84033535 15.84880338 126 93 74
-3.33288588 -1.77005161 15.84494776 193 177 156
-3.09332465 -0.74919577 16.36401332 175 157 145
-3.22500987 0.12245387 16.70077935 82 51 31
-3.31322984 -1.37778507 15.96699856 208 190 179
-3.02204213 -0.25316910 16.52266072 169 150 135
-3.28997861 -1.40585128 15.88058725 194 179 173
-2.63997210 -3.07399740 15.32174461 199 162 117
-2.76320676 -2.93607238 15.26593827 103 73 40
-2.84574612 -2.41017691 15.45016211 77 51 23
-3.18404952 -1.73240121 15.57853545 191 177 171
-2.80959877 -2.39098599 15.40158802 76 49 28
-2.67358596 -2.92725841 15.18737141 125 92 52
-3.08167416 -1.54512776 15.65862771 209 198 188
-2.66359989 -2.62359869 15.23194960 181 146 103
-1.67459358 -3.17760494 15.18522075 195 155 103
-2.19504434 -2.87333054 14.89903118 176 143 110
-2.18111453 -2.70638931 14.94319281 194 152 109
-1.35911655 -3.04491041 14.96229841 208 174 131
-2.60949069 -1.58011084 15.13816088 181 167 159
-2.60992627 -1.27418913 15.24785290 188 178 169
-2.40404038 -0.87992936 15.42757738 201 188 184
-1.23810411 -2.86983261 14.82094526 212 172 130
-0.83843772 -2.63233124 15.01136725 218 186 144
-2.12192508 -2.43033814 14.63077577 133 100 66
-1.88040257 -2.45667048 14.63887969 191 155 110
-2.25790815 -1.55610272 14.86290516 72 45 22
-0.84312098 -2.61634162 14.80774863 170 132 85
-2.17074040 -1.92513759 14.70264456 166 143 115
-0.96321756 -2.65715556 14.72673072 216 188 149
-0.96321756 -2.65715556 14.72673072 216 188 149
-1.76306430 -2.53471411 14.54606986 149 116 78
-0.54717729 -2.53242515 14.85034419 223 192 154
-2.19746118 -1.97136991 14.59230232 158 136 112
-0.86191462 -2.57129509 14.69264563 214 184 143
-2.17490770 -1.25593554 14.83020424 180 165 154
-0.14587212 -2.40390875 14.86997170 216 183 141
-1.63582166 -2.29974071 14.51136502 192 157 113
-2.00379797 -1.38881865 14.70398565 71 52 29
-1.78702488 -2.22161621 14.40558360 211 178 135
-1.98260472 -1.47975560 14.55358600 169 151 133
-1.70906636 -1.88667042 14.31771869 138 96 52
-1.67881144 -0.71620349 14.71339569 201 186 177
-1.71509557 -0.94941595 14.58335235 110 90 75
-1.62918073 -0.70133662 14.65866646 187 170 161
-1.62918073 -0.70133662 14.65866646 187 170 161
-1.61660122 -1.28577278 14.32431432 179 158 143
-1.48879320 -1.11289662 14.35819936 117 96 79
-1.46796339 -1.46984977 14.24001272 70 43 20
-1.45889157 -1.17723954 14.30073598 172 150 131
-0.61056973 -2.12848622 14.10606738 204 166 121
-0.17817060 1.12441704 15.23541989 98 96 111
0.44396760 -2.07091068 14.16511389 220 192 155
-1.30192962 -1.20829840 14.08325472 214 192 162
-1.21750830 -0.99031942 14.12750510 72 46 33
-0.21460694 1.55722336 15.01199243 169 150 144
-0.63642281 -1.86881390 13.78932210 96 61 21
0.01637610 -2.10670249 13.79126201 207 173 138
-0.12491235 1.46609972 14.86940807 94 69 57
0.30068504 -2.08749592 13.81507902 198 161 117
-0.99162711 -0.59518677 14.00427382 125 101 82
-0.94645155 -0.65332041 13.91887532 185 172 156
-0.89550731 -0.62874429 13.88181107 184 170 155
-0.36641156 -1.71253864 13.61142711 195 158 115
-0.00209913 2.02303988 14.81152503 166 144 131
-0.18582556 0.62400191 14.32348249 162 146 133
-0.15046051 1.09892141 14.46068656 176 153 135
-0.56048087 -1.68853150 13.52697775 197 163 126
0.12964110 2.15432988 14.73704747 161 134 118
0.01752883 -1.87549766 13.47520389 205 166 123
-0.50158751 -1.67155261 13.41316447 174 140 104
-0.28846472 0.49848447 14.09071026 183 165 155
-0.06492116 1.23594722 14.34586341 177 151 133
0.20139931 2.11809525 14.53096676 154 132 118
-0.15377849 -1.57808545 13.34693340 200 161 119
-0.53818150 -0.67422061 13.55356683 81 55 33
0.22318134 1.71208932 14.24872962 160 139 119
-0.44211968 -0.61145231 13.46252535 78 54 30
-0.19958776 0.50947111 13.75050804 145 123 102
0.45636963 2.14472014 14.27853249 152 132 112
0.23990036 -1.74915741 13.10733753 82 51 16
1.63568241 -2.68394261 13.01339420 146 122 92
2.16804714 -2.61877943 13.09632882 245 238 224
1.57649451 -2.67590072 12.98229150 166 138 99
-0.26631480 -0.47116677 13.31808448 71 49 20
-0.26416142 -0.47875791 13.25354968 75 52 22
-0.09277155 0.23262099 13.46332977 173 152 135
1.03300253 -2.29273669 12.91168544 197 163 127
0.21310043 -1.69712269 12.94065882 211 177 132
0.72968050 -2.08977856 12.86841096 186 151 109
-0.02792172 0.27151580 13.37972413 173 156 138
-0.02792172 0.27151580 13.37972413 173 156 138
0.78003100 -2.19425222 12.78942883 210 183 151
0.77665483 -2.19753172 12.78633469 210 183 151
0.96238522 -2.40489298 12.74462197 193 168 137
0.01902254 0.37319659 13.36442796 114 95 65
0.27112950 -1.69892614 12.82717810 90 64 23
-0.18631065 -0.22510406 13.14812674 156 136 114
1.85037438 -2.95125055 12.61457542 203 174 139
1.32525666 -2.76959961 12.60812844 194 162 124
1.27706039 -2.77489679 12.48519765 189 164 133
0.96993027 -2.60718737 12.46776083 175 153 116
1.71617828 -3.17029745 12.40545440 218 191 160
0.43630776 -1.97014548 12.54108971 129 105 73
0.36626585 0.24489795 13.02835950 182 161 140
1.05456217 -2.73844501 12.34340006 155 129 104
0.15440223 -0.50212004 12.73721051 77 52 22
0.29964095 -0.13299173 12.81139840 156 138 116
1.20629197 -3.06465522 12.14764323 92 66 28
1.40395645 -3.23079360 12.11201926 186 162 127
1.40395645 -3.23079360 12.11201926 186 162 127
0.30411925 -1.32726989 12.46905875 166 140 111
0.73576202 0.33203847 12.77556690 149 129 104
1.22034391 -3.28764745 11.92497442 103 76 46
0.43619446 -0.39041628 12.54292259 131 112 82
0.58286297 0.04189374 12.64277124 165 145 121
1.08936216 0.67281042 12.76693760 240 234 225
0.60289605 -0.25367846 12.48555132 154 136 110
0.46860671 -0.75141935 12.36115920 143 124 99
0.75530316 -2.87698852 11.87794092 79 49 22
1.10389662 0.51108286 12.65069318 137 125 106
0.90874575 -1.27767656 12.11256970 156 131 101
0.41758986 -2.33707302 11.80320029 57 37 13
0.83192251 -0.71990266 12.17360540 75 52 22
1.87028987 -3.71836616 11.52924519 203 169 135
0.81015335 -0.85409307 12.08532262 140 123 95
0.64628648 -2.96661719 11.58395281 100 69 31
0.83378829 -1.28189269 11.88108357 137 111 81
0.96948388 -3.34493391 11.39315058 135 99 63
1.15238297 -3.37031691 11.36492181 84 50 18
1.20455777 -0.26088461 11.98304069 167 150 123
0.14074119 -2.20603403 11.53012582 131 105 78
0.94999738 -3.45086544 11.30538291 224 194 156
0.48330608 -2.87080213 11.34513408 85 61 28
0.15413567 -2.11631495 11.47654932 148 123 101
0.87760387 -1.01646591 11.66452227 98 76 47
0.97714249 -0.94602806 11.66857629 98 76 47
0.82155168 -0.85075871 11.66184357 137 115 91
0.19366588 -1.99570226 11.42457558 144 120 94
1.88651316 -3.71855285 11.06519215 207 177 137
1.77208365 -3.75639175 10.99697983 206 174 135
1.58838750 -3.66771946 11.01103054 101 64 20
1.79298874 0.09102275 11.66376813 229 228 226
1.79298874 0.09102275 11.66376813 229 228 226
2.07585502 -3.83416404 10.92175076 232 194 160
0.35723629 -2.77798290 11.06256220 123 86 51
0.47048465 -2.83395745 11.04304456 83 56 26
1.33889040 -3.50192644 10.91701921 105 67 30
1.46048963 -3.60820643 10.87476485 232 198 159
1.70020589 -3.65070108 10.86942331 109 65 25
0.37315284 -1.90289643 11.13549724 73 48 18
1.83309692 -3.71977616 10.81543878 220 187 145
1.92957078 -3.72316352 10.79275936 223 189 151
2.03932870 1.04126007 11.64747487 232 228 219
0.66762518 -3.07246118 10.83885544 186 152 115
1.66969963 -3.66881187 10.71113028 216 181 144
0.66020530 -1.09682428 11.15633213 141 123 102
0.93715030 -3.43435531 10.65511172 217 182 142
0.79012419 -3.12249688 10.66538124 200 163 119
0.13298291 -2.43168436 10.77683777 121 95 66
1.53382718 -3.54521438 10.56143730 122 86 42
1.48953125 -3.57322499 10.55862300 122 86 42
0.97892016 -3.39644948 10.56273326 226 196 158
0.95281731 -0.81925076 10.98573957 234 233 229
0.23994345 -2.16723374 10.73989481 157 129 99
0.67816508 -3.14264887 10.56937080 138 100 63
0.83705666 -1.00875059 10.91690119 146 124 97
0.67475234 -1.14083836 10.87719316 146 124 97
0.33289411 -2.05349612 10.68577953 156 129 104
0.61830933 -3.10115148 10.49963305 90 56 22
1.75210850 -3.56350780 10.37743886 212 177 137
0.91394185 -0.85392051 10.77548686 226 225 223
0.58145587 -3.05458329 10.22772470 85 59 27
0.84723107 -1.23683829 10.49849535 159 137 114
0.90328952 -1.17615274 10.45111791 158 138 115
0.60457945 -1.95179540 10.32104676 77 56 25
0.39724105 -2.14552812 10.25836344 150 129 101
0.56335584 -2.25791949 10.19198839 80 52 28
1.29988241 -3.26240501 10.00321288 226 192 154
1.29988241 -3.26240501 10.00321288 226 192 154
1.21138629 -3.18332790 10.00399514 92 58 19
1.07653551 -0.95038619 10.29755741 236 230 219
1.02692780 -1.29331473 10.09464100 159 138 110
0.59110406 -2.10146645 9.99747084 78 52 22
1.19443025 -3.04169284 9.81271607 148 109 67
1.19293793 -1.05010307 10.05905598 121 98 71
1.14975898 -2.72546753 9.82202045 168 143 106
0.52515174 -2.49204613 9.85751349 196 163 115
0.51761169 -2.80600219 9.80761271 209 185 151
0.51332131 -2.72033408 9.81706519 207 182 152
1.07884061 -2.57720855 9.72483789 190 166 131
1.68379839 -1.98931606 9.67818481 23 20 4
1.41961546 -2.47348281 9.59880044 203 175 136
1.42502759 -2.38375250 9.54501973 219 189 154
1.76986186 -2.38350003 9.51128764 100 76 28
1.76986186 -2.38350003 9.51128764 100 76 28
1.69383977 -2.23094892 9.51100741 99 77 43
2.27351113 -1.30995059 9.54173844 137 115 92
1.98096258 -2.23727445 9.44920360 84 63 31
1.30413061 -1.43524034 9.53041619 235 228 218
2.65694169 -0.81380981 9.39309497 226 222 213
2.39915013 -1.79734310 9.14531956 202 174 144
2.88636124 -1.16149197 9.10044735 231 225 213
2.88636124 -1.16149197 9.10044735 231 225 213
2.58669203 -1.46417556 9.01811977 191 170 142
2.61820560 -1.74840705 8.88829966 183 152 114
2.89455564 -1.40775504 8.81578426 244 231 211
2.85636378 -1.64419116 8.75936223 137 109 73
2.85636378 -1.64419116 8.75936223 137 109 73
3.05988638 -1.92477252 8.71883612 209 173 124
2.79670332 -1.59953020 8.74062625 112 83 27
2.91186812 -1.49321753 8.71756697 158 130 99
2.94202605 -1.57213070 8.69463465 191 167 128
3.10531464 -1.52741796 8.64571433 96 75 36
3.11108617 -1.48047786 8.61613512 117 102 69
3.08237518 -1.53544091 8.59722576 232 222 211
3.05732552 -1.42929440 8.60300234 228 214 199
2.81851762 -5.01588589 23.49722294 141 138 119
11.30523732 -8.21931651 25.45920413 240 230 217
-4.16341835 -1.07319780 18.74825266 169 166 173
-3.42221335 -3.21132849 16.72082093 115 89 78
-3.45219845 -3.23732761 16.68884755 115 89 78
-3.28945051 -3.48847004 16.62167482 186 170 159
-4.61672523 -3.10632069 16.27294375 174 153 149
-3.66046153 -2.03670723 17.20394211 180 161 156
-3.49953212 -3.11908970 16.65597204 179 164 155
-3.16802244 -4.10927694 16.16353043 226 198 158
-2.99089306 -4.12738911 16.18183214 197 164 132
-3.72282795 -2.44182903 16.71184891 180 155 143
-3.91963216 -1.84299022 16.91281000 191 168 157
-3.02627316 -4.10733348 15.95661840 163 134 92
-3.14829418 -4.15851381 15.88403450 236 206 168
-3.83624531 -2.10144479 16.74115635 191 171 153
-3.96684567 -3.85871374 15.75131139 213 173 130
-3.91966890 -3.81200886 15.70130134 225 184 137
-3.07269705 -4.09793182 15.80534857 170 135 86
-3.83981122 -1.93138156 16.70651504 100 65 41
-2.59585458 -4.10566934 15.91975917 210 177 131
-3.94643724 -1.41071225 16.89490156 187 164 149
-3.31562488 -3.57181915 15.63729037 210 165 112
-3.18492733 -3.68775579 15.49914828 98 68 38
-2.78913998 -3.68459097 15.49778154 198 160 111
-5.25723781 -3.44464393 14.83317774 212 188 163
-2.64523591 -3.63246247 15.36552791 102 65 28
-5.18383420 -3.32629484 14.84956084 205 184 158
-3.06440821 -3.15061632 15.33227550 152 122 90
-2.49552989 -3.49831590 15.26788988 104 62 21
-1.96565946 -3.45580201 15.35583864 185 144 93
-3.23130628 -2.58810075 15.39446526 230 198 170
-3.05568168 -0.30256469 16.47955674 175 150 143
-3.28561274 -2.12156864 15.55123907 186 162 147
-2.73610685 -3.25657388 15.09871288 102 68 20
-3.16601273 -2.51387118 15.32643735 238 205 176
-3.14361674 -2.30794168 15.41843539 85 56 29
-3.30270493 -1.17574165 15.89364213 194 180 167
-3.11317089 -2.36524958 15.35617370 183 157 144
-2.39198100 -3.23796959 15.07530677 196 162 120
-3.21581166 -1.14624103 15.84284158 208 192 182
-3.08914076 -2.27350685 15.33294386 83 58 27
-3.07703009 -1.87674665 15.43214567 94 68 42
-2.89500722 -2.56186192 15.13706334 163 134 110
-2.67807706 -2.90025097 14.94507108 137 103 73
-3.44141306 -0.79759604 15.72660659 150 151 169
-2.44975966 -2.94655619 14.91893403 220 179 132
-2.80114547 -1.07915922 15.65838363 171 155 140
-2.83723236 -2.03646681 15.16818974 85 58 29
-2.74244815 -2.33746772 14.98980610 83 55 24
-2.51866885 -1.75698861 14.95811135 87 57 33
-2.04211372 -2.60086544 14.67898256 210 168 124
-2.22464629 -2.24494152 14.61676330 217 178 139
-1.24459695 -2.49583051 14.56578154 104 62 20
-2.08075573 -2.17369715 14.51232113 210 173 128
-1.86102404 -2.23898394 14.33907205 210 175 140
-1.76501251 -2.13186150 14.37224565 165 132 94
-1.19765519 -2.09793172 14.37033519 112 72 23
-1.23874534 -2.22851920 14.29046346 178 145 102
-0.01407401 -2.26185698 14.34701186 222 193 150
-1.28215444 -1.79533386 14.10149260 111 78 36
-1.10124989 -1.93247710 14.01723241 235 201 152
-0.53080475 -1.74032281 13.70653480 207 164 123
-0.12189168 2.05076906 14.81780155 145 120 109
-0.07636883 1.90899080 14.71808937 175 150 134
-0.59269981 -0.87937509 13.62153034 164 135 105
0.03668101 1.75130839 14.48931847 107 81 69
1.35540620 -2.08094776 13.14684603 83 59 33
-0.37380076 0.27089593 13.77658051 184 157 145
-0.37380076 0.27089593 13.77658051 184 157 145
0.07412540 1.40205563 14.13821817 130 106 88
0.41583174 2.23442409 14.32810924 113 87 67
0.71301317 -2.14604631 12.91580904 151 115 78
1.16037184 -2.51957375 12.70782739 162 133 109
0.14178378 -1.64271702 12.94353788 201 159 119
-0.49653398 -4.44850330 12.05397386 201 184 157
1.51847047 -2.86358903 12.55773766 198 164 130
0.66408477 -2.10133214 12.72018771 96 59 25
1.29245274 -2.82077537 12.37811825 191 165 132
0.95278836 -2.45584773 12.43488550 90 60 34
6.12428550 -0.93595593 12.84052333 89 61 23
0.00892060 -0.00168746 13.13207601 178 154 131
-0.00732680 -0.67192968 12.88226089 158 137 105
1.33333241 -3.21648591 11.98963043 103 72 37
1.63408706 -3.39647137 11.90777154 192 159 124
1.73693817 -3.42844279 11.88564968 89 65 24
0.61631366 -1.61194611 12.41018305 85 59 36
0.39404703 -1.24806178 12.50082130 172 141 107
0.39762056 -1.04324705 12.46616723 105 80 48
1.82140067 -3.62517861 11.67942842 193 159 115
1.74057475 -3.60712055 11.62160380 194 154 121
0.72903504 -3.09644350 11.73852402 109 77 46
0.91103218 -0.07238727 12.55216482 135 109 79
0.52199450 -0.22966304 12.52405086 108 85 56
0.63701994 -0.47682784 12.40613136 85 60 29
1.35418107 0.66643461 12.61896208 148 137 121
0.86145972 -3.24789589 11.55341608 141 107 74
0.86145972 -3.24789589 11.55341608 141 107 74
0.64314522 -0.25157161 12.22319623 144 128 106
0.92800331 -0.98823429 12.00401037 91 66 41
1.53051607 -3.61842605 11.24815730 122 86 50
1.05657820 -3.46606732 11.21460378 228 194 156
0.78912898 -3.25704236 11.18790200 86 50 16
0.93871657 -3.42137407 11.13105514 233 202 173
0.82369890 -3.18738911 11.19685998 196 156 121
0.62934312 -3.13779659 11.16876629 175 141 109
0.34432521 -2.10217325 11.27223046 82 54 20
1.18611783 -3.57631514 10.83491845 232 200 162
0.52163004 -1.49369211 11.30138240 99 69 33
0.96198173 3.42647242 12.41047374 160 157 148
0.72125529 -3.21752451 10.72747895 136 102 67
0.51986967 -2.99638520 10.73280847 101 69 29
0.39944705 -2.91825789 10.71984764 190 152 121
0.61248922 -3.04614536 10.60351356 117 84 44
0.85754836 -3.17348253 10.46987504 214 173 130
3.09548174 4.54520960 11.61733762 162 166 167
0.39926339 -2.97398388 10.32264965 127 92 50
0.39926339 -2.97398388 10.32264965 127 92 50
1.05116578 -3.21004299 10.09138603 220 175 134
1.09665363 -3.22772501 10.07068464 97 62 21
0.50463888 -3.25666359 10.09699489 232 198 160
0.50076773 -3.09334978 10.12439020 193 156 119
0.36592568 -2.71024180 10.04141109 207 171 143
1.41075559 4.62306375 11.23818328 236 231 225
1.18321620 -2.99617149 9.75140224 230 198 162
1.33115561 -0.83749367 10.04073697 235 231 229
1.35303353 -2.69207467 9.61431484 171 144 110
0.97452822 -2.19892896 9.75639466 125 101 74
1.25172305 -1.23144456 9.85994715 131 111 80
2.23027852 -2.32940685 9.29898293 172 143 104
2.54614726 -1.38432786 9.28733893 138 113 82
2.52708807 -1.62060666 9.13273914 205 178 149
2.73643997 -1.32042266 9.06647770 143 120 100
2.80973366 -1.80184329 8.73871626 168 139 110
0.63372218 6.27678732 4.31193995 217 212 206
-5.48935673 -2.57639266 11.08432284 129 121 100
-1.52464666 -0.05099861 15.23072157 84 74 64
2.40446032 -1.86345444 9.15352220 61 40 13
-3.31832095 -2.31151217 6.56127975 46 43 37
-3.25588931 -5.43856149 10.33913916 39 37 33
2.09744619 -0.24182414 11.83396992 116 97 72
1.47055926 -1.15580147 9.73794841 226 222 210
1.98770734 -0.30887698 10.31254149 235 231 230
1.81876362 0.17545758 12.08321671 141 120 96
1.81876362 0.17545758 12.08321671 141 120 96
-2.42110758 -3.38490215 15.14399752 203 168 126
-2.09112754 -2.63521223 14.65730111 173 137 98
-0.54195189 -1.40480796 13.46135570 174 140 103
0.28962137 -1.83459960 11.50657640 52 29 0
0.36297176 -2.90619125 9.95334084 90 58 25
3.13190338 -1.66175878 8.54013739 29 24 11
0.92614931 -3.01340446 9.96858370 84 56 34
3.35819391 -1.64583303 11.71883278 100 74 51
-2.24103726 -1.64121519 13.58906058 158 141 129
0.38824017 -1.49275070 11.74151962 128 100 79
57.13367358 5.30737804 8.89490520 135 131 119
-3.79501508 -2.48496882 16.76779057 108 88 77
-3.18011310 -4.11591088 15.80534760 160 118 76
-2.44478454 -4.07757345 16.00027375 165 137 97
-2.33471688 -4.05637357 16.02874083 242 235 220
-2.93655565 -4.10277331 15.83617010 214 182 141
-2.75532415 -4.06741346 15.85887156 233 204 164
-4.50751482 -3.77528325 15.52300556 129 95 56
-4.05158253 -1.71185337 16.69924730 84 56 42
-2.55215596 -3.99457578 15.58174957 191 148 102
-1.99664140 1.37437516 18.37043051 180 165 158
-2.36971922 -3.95707142 15.47927844 164 135 93
-2.94089502 -3.70332668 15.45837786 131 85 41
-2.58836332 -3.85948726 15.42998202 190 154 108
-2.40062096 -3.86832521 15.45414159 186 147 103
-3.93637949 -0.44754433 16.79618571 110 81 62
-3.91284243 -0.36920386 16.71375821 175 160 141
-3.83285043 -0.37405535 16.71807232 104 78 58
-3.80059985 -0.41356119 16.68225477 160 142 132
-4.40522471 -3.62592669 14.94704277 222 195 159
-2.91115010 -3.53941191 15.24716078 113 78 40
-5.42671230 -3.59774762 14.74412312 199 175 142
-5.41922278 -3.61337912 14.69475454 135 100 63
-3.74962383 -1.63850486 15.94788971 175 155 141
-5.41386244 -3.56642991 14.71238796 197 175 150
-2.89966390 -3.32571775 15.18861384 204 171 124
-1.49737378 -5.08040617 14.54712812 245 238 231
-3.60775844 0.00511026 16.67462721 153 148 153
-3.53185389 -0.02148906 16.66583981 157 140 129
-3.01158124 -0.70423226 16.27939067 93 78 67
-1.59759690 -3.07356170 15.07506260 189 154 115
-3.16141225 -1.22287940 15.63494250 189 173 166
-3.08934059 -2.06387521 15.12402743 214 192 179
-2.86139543 -1.70321733 15.18853031 86 57 39
-2.77056787 -2.04912020 15.02152423 148 126 109
-2.72848002 -2.54449110 14.68577689 222 191 151
-2.57924501 -2.17984096 14.80855965 75 49 22
-2.57924501 -2.17984096 14.80855965 75 49 22
-2.50947323 -1.03921556 15.31095245 149 126 120
-2.49687109 -2.10814913 14.77222081 85 58 37
-2.49687109 -2.10814913 14.77222081 85 58 37
-2.41203508 -1.68481890 14.83807191 79 50 20
-2.30827467 -1.97090712 14.59998628 71 50 21
-0.33604160 -2.28180030 14.28473593 211 173 131
-1.82246097 -1.32301960 14.52340472 79 57 39
-0.65795730 -2.13205960 14.13810778 185 149 106
-0.54359787 -2.10982326 14.08729475 211 172 134
-1.54662045 -0.72929905 14.59526503 128 110 96
-0.89706963 -1.97823854 13.86103324 195 158 115
-0.55613721 -1.79585035 13.67276527 207 168 129
2.29752344 -2.03022254 13.17302102 240 238 226
1.64471478 -2.05118843 13.13709324 201 169 135
-0.24696031 0.38514912 14.03954988 186 172 160
1.64557075 -2.15666559 13.02088877 97 67 39
1.76908136 -2.29167084 12.93206090 242 238 231
-0.10869543 -1.13020336 13.38984406 193 162 121
0.46764009 1.73681537 14.35063047 101 79 58
1.12557483 -2.46387312 12.70928228 109 79 50
0.97474573 -2.47437873 12.65883236 180 153 122
1.15837384 2.87669502 14.49585766 106 85 66
0.66252085 -2.06288487 12.73743542 188 151 115
0.63660385 -1.47050420 12.90561211 96 62 35
-0.05174745 -0.87103686 13.07176059 202 168 132
-0.05174745 -0.87103686 13.07176059 202 168 132
1.15212309 -3.27849976 11.92080294 180 156 125
0.84923589 -2.94801837 11.92828653 105 78 53
1.61976055 -3.57437613 11.59138447 133 101 60
0.67563699 -2.87671298 11.84714061 203 173 145
0.55088727 -0.26054373 12.68260393 151 130 105
1.66627741 -3.62597049 11.48625965 177 147 110
0.88519535 -3.27893043 11.61167763 217 188 150
1.00518629 -0.00110345 12.52440615 144 123 95
0.48828636 -1.70822285 12.03898877 157 136 105
1.33682704 -0.77136742 12.05793057 67 44 17
0.19371052 -2.08661009 11.46554877 156 131 102
0.60648438 -2.95852293 11.01616043 183 149 112
1.44062119 -3.56774978 10.64810428 133 95 63
0.20896483 -2.23312594 11.12937832 155 129 103
1.70896796 -3.54520195 10.45362335 210 171 130
1.75755032 -3.56237517 10.39190325 225 192 150
1.73436926 -3.51666181 10.33180044 170 127 80
1.03110902 -0.99465200 11.07034714 88 62 34
1.02382436 -1.02040637 11.01418543 161 133 102
1.60975893 -0.47241389 10.78970912 245 239 233
1.61597088 -0.38381752 10.78161652 237 234 227
0.90012115 -3.28886205 10.16466734 98 61 16
1.06673916 -3.05521464 9.80431226 222 188 150
0.11161856 -3.06672565 9.81890743 210 179 146
1.77828927 -0.93291459 9.83417579 136 111 82
-2.61341219 -1.51245199 18.44631547 98 80 66
-3.58851488 -2.93069894 16.72035638 180 167 162
-3.53249443 -3.13037272 16.61285930 172 157 154
-3.64256053 -2.76341773 16.72897498 169 151 143
-2.76512645 -4.09857159 16.18184499 231 204 168
-3.88122874 -2.26580374 16.71090138 178 159 145
-3.77763964 -2.32841567 16.62727037 86 58 47
-3.05737208 -3.86030260 15.66758326 167 123 75
-3.00915741 -3.73122543 15.56780204 119 75 36
-3.87389515 -1.69185648 16.35763042 90 71 56
-2.70713502 -3.61587381 15.34994880 217 183 142
-2.56187746 -3.56424271 15.28468949 91 60 20
-2.39559711 -3.37604270 15.14753672 207 174 136
-2.30474872 -2.30982102 14.56311874 202 169 133
1.36844385 -2.77403256 12.82744590 144 112 71
0.34585505 -2.00524073 13.11865290 203 170 135
0.34058006 -1.97692987 13.05145993 204 170 132
0.62351121 -2.10998626 12.77587016 183 147 106
0.79963391 -2.45562719 12.45895898 87 57 30
0.37065390 -1.76113499 12.61353923 175 145 116
1.06376152 -3.19857121 11.95442978 107 76 40
0.40825273 -2.41407153 12.16200863 90 63 43
0.63466273 -1.45159653 12.09547037 82 60 36
0.75674615 -3.12402173 11.43838042 81 54 27
0.51279976 -2.75085650 11.42885989 181 154 122
0.55851626 -2.81682999 11.36844435 84 55 24
0.14622645 -2.19005334 11.45731930 136 108 86
0.49740201 -1.35599606 11.11846300 91 63 30
0.51040547 -2.97873122 10.43598971 140 105 70
0.50297351 -2.96871821 10.37829864 177 144 105
0.43133678 -1.61372668 10.68940290 136 113 90
0.48638996 -2.97736668 10.15496368 83 52 23
1.08682011 -0.90128633 10.31422000 237 230 226
2.03713019 -2.27276551 9.39260289 197 167 132
2.14863011 -2.29085496 9.35890832 93 63 27
2.23704104 -1.84346226 9.21535757 197 170 141
-2.68842371 -3.96660962 15.69297481 205 171 134
-3.71344856 -0.21360672 16.95897743 123 94 77
-5.08053448 -3.49662708 14.93511357 149 111 74
-3.56539339 -1.79547548 16.03991283 104 82 62
-2.75816463 -3.46943758 15.28566932 193 160 118
-5.14672242 -3.41338007 14.80450329 135 102 65
-5.13926990 -3.38990995 14.78311910 198 168 132
-2.73046872 -3.20008601 15.21642165 196 159 107
-3.38852642 -1.57960962 15.80110133 187 172 163
-2.51520976 -3.08178569 15.07813220 91 57 11
-2.94478258 -2.74909326 15.15690324 133 97 57
-2.24205919 -2.75992072 14.83424952 184 144 101
-2.35930846 -2.38016415 14.71766903 196 161 123
-2.29329869 -2.29843786 14.67636495 195 160 122
-2.37767786 -1.63626308 14.93803883 67 43 15
-6.13670741 -4.28440397 13.36175900 165 146 140
-1.85047486 -2.15599149 14.44341972 160 131 97
0.05200591 1.85673068 15.38556186 154 140 141
0.74958269 -1.99346600 13.58457651 191 159 120
-0.64155092 -1.29015971 13.57119146 191 164 128
1.38593246 -2.49593963 12.76594559 130 100 72
-0.35362007 -1.26319000 13.20817630 175 141 101
0.61965840 -1.73798735 12.88616322 191 151 109
1.32205965 -3.34140775 11.84968935 93 62 30
0.32443596 -0.99018373 12.66363694 184 153 118
0.59504310 -2.71970800 11.93676659 91 64 36
0.47766698 -2.22834569 12.02989247 174 149 120
1.60062273 -3.69081237 11.46272593 215 184 149
5.19549765 3.77396356 13.38761672 229 230 235
1.39721538 -3.63777655 11.19370695 201 170 130
0.52664179 -2.76972682 11.37089787 165 133 101
0.68080328 -2.84430794 11.22963058 80 51 17
1.70687909 -3.68406731 10.83506984 128 86 43
0.74513054 -3.32043352 11.03893623 205 169 131
1.08212636 -3.49885757 10.59586252 227 196 158
0.36199914 -3.01926986 10.05663672 210 178 138
1.30374985 -1.81967401 9.48576179 237 227 218
6.10900261 -9.27265648 25.49562733 23 23 23
-2.24272155 -2.13009587 18.65013455 152 136 123
-2.88592172 -2.73609213 17.85280225 104 80 57
-3.22560336 -3.42407822 17.03449438 100 80 68
-2.87397831 -3.52939272 17.04622290 222 191 163
-3.18894248 -3.50213432 16.77920053 112 85 65
-3.41149015 -2.92375886 17.05735457 200 183 175
-3.45980743 -2.53852082 17.26097088 186 169 161
-3.27473996 -3.20674113 16.90430803 122 93 81
-3.44422250 -2.96217157 16.93710005 183 168 160
-3.19573608 -4.13774341 16.14992693 226 198 158
-3.43711840 -4.06136827 16.12635450 126 100 71
-3.43337301 -3.32213065 16.51262735 171 147 145
-3.47021792 -1.69986093 17.40718320 180 164 162
-3.56854590 -3.02928225 16.61626195 92 63 53
-3.54207583 -1.81450176 17.30964970 174 155 149
-3.58979522 -3.21917480 16.49557844 192 173 169
-3.60929088 -2.78042054 16.72834631 184 169 164
-3.60929088 -2.78042054 16.72834631 184 169 164
-3.27203195 -4.08238943 16.08362616 244 214 176
-2.92634852 -4.18060482 16.10490131 178 144 106
-3.56526022 -2.64043818 16.78886321 121 89 76
-2.98028199 -4.10777498 16.05822696 233 201 160
-3.71105925 -2.19780461 16.93421599 179 159 150
-3.61161842 -2.26929197 16.83543819 83 58 38
-3.19136942 -4.18846931 15.85939033 236 206 168
-3.77437250 -2.07151671 16.86425263 184 162 147
-3.80961469 -2.13336069 16.77542336 191 167 152
-2.83104600 -4.15320406 15.80561181 185 145 102
-3.79429537 -3.86415761 15.68985956 117 75 43
-3.78597855 -1.98255155 16.68171040 185 162 144
-3.79575623 -1.03784861 17.05149722 190 162 157
-4.05472453 -3.89595855 15.43941750 148 106 65
-3.74568632 -1.57690208 16.43555138 120 94 81
-3.29677945 -3.72783134 15.43807871 95 63 33
-4.98520799 -3.61057790 15.13893348 107 70 38
-3.62826968 -0.78521334 16.58694841 153 131 123
-3.57357402 -0.38844901 16.78401222 204 184 176
-5.28013777 -3.40001222 14.88985660 139 117 104
-5.20743065 -3.44490203 14.70829377 135 96 60
-5.22428323 -3.37619421 14.70542891 200 178 154
-5.18727497 -3.44783447 14.65267221 176 142 108
-3.22854835 -1.12937662 15.89207378 200 186 177
-3.23905405 -1.81820017 15.48452741 198 181 172
-1.65375309 -3.16599100 14.91796188 152 105 50
-3.04125423 -1.83532140 15.34731402 138 111 91
-2.62276310 -0.76449180 15.78965797 115 105 103
-0.72015603 -2.75009399 14.98847213 195 161 117
-0.33608938 -2.49492082 14.83891440 203 165 117
-2.36032581 -1.80593965 14.65957604 219 193 169
-1.96591015 -1.47738655 14.50389858 200 180 153
-0.10171887 -2.27221833 14.18128294 211 181 139
0.02953992 -2.19039091 14.22756679 211 181 139
-1.29480056 -1.90209031 14.06269356 223 194 149
-1.53318689 -1.61002915 14.12128243 169 143 112
-0.08254853 -2.18638501 13.91453853 222 188 150
0.08030858 -2.11405418 13.79609787 224 195 155
-1.21640983 -0.98104457 14.14105645 85 56 39
1.10440768 -2.02659469 13.70932151 218 181 145
-0.04700514 1.71465247 15.10470838 175 149 143
-0.95329615 -1.54640623 13.85079393 218 187 143
1.62415438 -1.94133739 13.33729531 208 175 137
-0.72676391 -0.53464328 13.78626945 205 184 166
-0.61377560 -0.13932976 13.89473911 195 177 159
-0.06431468 1.05759532 14.30782292 181 152 136
1.84319015 -2.95515579 12.62133474 204 175 141
0.83514099 -2.26268238 12.89724945 185 147 111
0.61465146 -1.84403702 13.04477919 80 50 16
0.91774597 -2.41745067 12.67918649 113 83 54
0.88370148 -2.63994528 12.54771462 226 200 165
1.64101923 -3.23803814 12.16807902 101 68 27
0.36967309 -1.52638740 12.76348024 205 165 122
4.53850808 3.93887792 14.29253951 162 140 117
1.24519354 -3.10195439 12.13344303 105 70 35
1.53827295 -3.37433701 12.02172954 141 106 72
1.04443390 -3.08512923 12.14238243 193 163 132
0.61439567 -2.00255009 12.50662629 64 39 7
1.54457800 -3.39691534 11.92223066 192 160 127
0.39099617 -1.38785158 12.66019416 179 138 96
0.01782931 -0.30115822 13.04660293 179 153 125
0.72736678 -2.71433584 12.16119112 197 166 138
0.28558865 -1.12630144 12.66253495 205 169 124
1.62104020 -3.53083931 11.76541741 124 88 58
1.16522004 -3.32617737 11.86778179 187 156 125
0.23543771 -1.04986517 12.64644416 191 158 119
0.07389741 -0.75120660 12.75174482 156 121 88
0.56782750 -1.87831139 12.25268201 101 72 43
1.91774585 -3.75486298 11.47502740 212 176 136
1.21195849 -3.50019266 11.59255255 206 172 134
0.57866742 -2.83732577 11.76082832 160 130 97
0.45803288 -2.39884227 11.83429343 127 97 71
1.72695855 -3.75199760 11.28086747 211 179 137
1.90615880 -3.76761009 11.19095859 105 72 34
0.41346543 -2.46948137 11.72769280 93 60 41
0.61472316 -3.08051202 11.51929666 195 160 126
2.29137440 -3.87084297 11.10531096 175 136 90
1.09507282 -3.45601993 11.29016040 122 89 58
1.17019203 0.10782401 12.29307549 171 149 126
1.19160032 -3.46655061 11.17488905 94 59 23
0.35587946 -2.50277840 11.48595984 77 45 20
2.34303058 0.34098915 11.95249779 149 133 107
1.30467841 -3.51670843 10.95225544 114 77 36
0.67258901 -3.05206268 11.02483324 161 128 95
2.27737732 -3.63821520 10.63615170 208 179 137
1.99143376 -3.60621986 10.67946162 144 106 58
1.01363296 -0.72274284 11.52143590 237 233 230
1.01363296 -0.72274284 11.52143590 237 233 230
0.50876037 -2.85820610 10.86523240 86 58 30
0.25187509 -2.33399668 10.99288960 101 73 49
1.13658189 -0.65185094 11.05581629 240 233 228
0.23109429 -2.59023258 10.68329284 82 55 28
1.08205097 -0.81853641 10.93657959 144 118 92
1.14766403 -3.15910009 10.02909938 225 181 145
1.46267095 -3.24374770 9.91660618 225 193 154
0.52895726 -2.88054954 9.92762623 207 173 138
0.50786624 -2.49513658 9.89961526 103 71 39
1.55711263 -2.47536576 9.62946590 111 78 42
1.94759059 -2.28685916 9.50307313 101 71 31
1.51047261 -1.14343199 9.69549728 154 137 119
9.00971949 13.77928530 0.75944545 180 167 151
7.86478416 13.21819899 0.99342770 200 190 176
8.09378599 13.49131524 0.80564389 140 133 117
8.09378599 13.49131524 0.80564389 140 133 117
3.21824607 11.09322188 3.11180413 134 127 112
5.85079101 12.68645488 1.68564297 81 83 72
5.85079101 12.68645488 1.68564297 81 83 72
5.89636706 12.73071144 1.53263476 210 201 202
-3.99127148 -0.82593682 19.01121433 164 161 166
-3.21865360 -4.14296396 15.77218940 158 116 73
-2.88424442 -3.76306532 15.49518775 203 162 115
-0.81261428 -1.49481903 13.74941631 205 172 133
-0.76957283 -1.47585156 13.67880235 191 159 117
0.00171996 1.27804389 14.25998542 178 152 135
1.55698236 -2.39035542 12.90465737 247 238 224
-0.08977631 -1.04163871 13.01953137 186 153 114
0.89901536 -2.49819098 12.42377098 94 65 26
0.27081775 -1.12372532 12.61720617 198 162 123
0.40828983 -2.12154826 12.16763759 109 81 52
1.11637452 -3.48734677 11.67539708 204 174 142
1.71861922 -3.72326468 11.42743305 133 96 51
1.53177732 -3.64392232 11.33799738 125 81 43
1.96274872 -3.84012436 11.02462607 207 167 130
0.49573578 -2.73065256 11.48400348 180 147 119
0.95230419 -3.44175207 11.16544161 150 116 79
1.50310691 -3.59421222 10.63378461 212 176 135
0.44684366 -2.94948087 10.80080073 209 173 143
1.34495754 -3.40644505 10.27896624 125 75 29
1.40429048 -3.37861170 10.28578254 125 75 29
1.07719683 -3.16155233 10.19449841 201 161 118
3.34538190 4.79715366 11.68257631 159 163 166
0.51541519 -2.90855481 10.18957528 191 149 108
-2.87387130 -1.78426064 14.52378390 152 136 128
-2.94580573 -3.29483421 15.28249214 147 113 78
-0.80247236 -3.21517609 15.97795595 178 154 120
-1.43830621 -3.11212072 14.70643477 225 216 207
-8.34845126 -3.84108436 9.38574986 65 63 64
180.96196268 -19.72168785 117.30004457 106 109 94
178.80782974 -19.42885565 115.98512178 106 109 94
176.29222586 -17.86278148 113.00798281 101 109 91
5.39581808 -0.27931662 16.72154018 231 222 212
2.06019291 -0.43932423 11.57359874 123 103 82
172.54934474 -17.53808641 112.34485732 29 32 24
-0.09255842 -1.83276886 13.26256030 168 135 99
-2.48004051 -2.07539416 14.70696704 85 56 37
-0.66732427 -2.86736641 15.28057826 226 223 212
0.51399027 -1.94353331 13.06794983 83 52 23
-3.47702351 0.04121146 16.63731327 149 140 138
-3.81831095 -1.68690271 16.33913555 101 78 65
-3.93321207 -0.48954293 16.51522520 105 78 61
0.73932419 -2.23545113 12.62117344 195 165 138
1.19891259 3.40709026 12.26061419 128 132 133
9.27245685 -3.00232286 16.06935776 117 115 103
9.25025469 -2.99552736 16.06532007 117 115 103
-1.70282973 -0.49053116 15.54849462 163 147 137
47.52810137 6.50726370 19.86605839 121 111 110
-2.59023499 -4.10932453 16.00554447 184 157 129
-2.67461743 -4.00879618 15.63472137 176 140 100
-4.12375811 -2.00412073 16.49144487 100 71 60
-4.19237892 -1.14979018 16.84934407 167 145 132
-4.13195689 -0.71287813 16.71099145 164 140 132
-4.12611462 -0.66425511 16.65883116 126 97 76
-3.64184927 -1.74781503 15.76777380 122 95 81
-2.64353806 -2.66673407 14.85007559 93 64 33
-0.99439669 -1.60430144 13.80357203 207 184 147
-0.14400526 -1.65029835 13.35029163 88 57 20
1.01053632 -2.93480897 12.14409976 109 81 51
0.20955223 -1.23004658 12.67789855 207 175 140
0.58234096 -2.91315367 11.44182959 90 58 27
0.56977472 -2.91711082 11.44382864 88 55 24
0.48722530 -2.72708581 11.48626268 151 122 89
1.41654748 -3.54957781 10.89377163 233 198 158
1.86360052 -3.64975530 10.74993470 136 94 53
0.94015784 -3.35416855 10.88988333 96 60 19
0.44680673 -1.86505423 11.12658566 78 52 24
0.54308128 -2.99400414 10.50716988 196 161 126
0.32393922 -2.39214970 10.41347395 86 58 35
0.26447295 -2.64829992 10.26968603 150 119 93
2.64360051 -1.91730445 8.98241760 112 85 53
-3.68160222 -3.24272396 16.54959065 145 133 128
-3.87231285 -2.70372753 16.69129583 165 147 136
-3.87231285 -2.70372753 16.69129583 165 147 136
-3.90941954 -2.64739613 16.59963864 158 141 128
-4.11093892 -2.55720188 16.41871424 80 52 40
-3.45937605 -4.06080753 15.71236992 144 109 71
-3.09623298 -3.97683081 15.60367581 80 43 13
-3.90755637 -2.51036914 16.28671884 122 97 86
-3.86253911 -2.52176644 16.23584914 105 82 69
-2.72801832 -4.06173877 15.51581057 180 145 110
-3.89680939 -2.40724962 16.23193256 157 135 122
-3.39991188 -3.82088039 15.42884233 111 75 39
-2.75170230 -3.77384583 15.36585736 214 181 141
-3.61921026 -0.49267451 16.96652807 136 117 110
-3.13965534 -3.35260663 15.33343742 197 160 124
-2.58195516 -3.55134946 15.23537218 99 66 35
-2.91629659 -3.31716063 15.19593488 196 164 125
-5.25901931 -3.45833047 14.92374479 120 93 59
-5.23568572 -3.43085107 14.90772612 190 165 136
-2.50410393 -3.40171020 15.05641130 222 191 152
-2.54790293 -3.33026404 15.02268443 227 194 158
-2.34503420 -3.33207228 14.99322629 92 52 11
-2.04237418 -3.07867943 14.83230601 86 48 7
-1.48019777 -3.07337471 14.82878179 170 135 89
-3.01753825 -2.35722746 15.10630973 210 192 168
-2.76667469 -2.71212532 14.90629254 194 163 127
-2.72119742 -2.67422976 14.86658638 209 177 137
-3.04088207 -1.89817057 15.20244009 160 142 135
-3.03201760 -1.88970049 15.18909282 166 150 141
-3.03071370 -1.88292217 15.11782782 175 162 154
-2.44560087 -2.72836740 14.67621203 115 84 55
-2.92096001 -1.78772386 15.09247559 172 157 144
-2.75457772 -2.01962196 14.90334754 161 143 127
-2.59464011 -1.81155054 14.82707341 71 50 33
-2.36405243 -2.28659339 14.54415388 208 175 140
-0.96752377 -2.37510976 14.35146965 87 46 2
-0.93770201 -2.37258944 14.31272775 93 56 8
-1.03407567 -2.38279186 14.21555750 197 161 119
-0.62581629 -2.34897222 14.17351274 213 180 138
-2.11038738 -0.99779997 14.79373256 183 176 168
-1.19042627 -2.15274167 14.20291720 81 50 21
-1.81801610 -1.41579724 14.32711533 151 136 123
-0.23666387 1.55301038 15.22241799 140 131 132
-0.33160274 1.61548958 15.11011218 80 75 89
0.32255817 -2.06223990 13.53915382 124 78 41
2.64784685 -2.78507321 12.83631905 240 233 225
1.11524623 -2.18746801 13.09590795 98 71 41
-0.41469468 0.54981206 14.33585578 162 142 131
1.69600687 -2.36107190 12.91413159 233 230 221
-0.39842241 1.80046121 14.70572712 145 130 126
-0.34199556 1.90902009 14.71151812 74 66 71
-0.35655073 1.85013146 14.59309704 143 129 122
-0.63843901 -0.44054930 13.68771271 105 86 73
-0.24638937 1.93620211 14.52261018 136 122 113
0.85423531 -2.28418365 12.74108928 149 122 95
0.27451686 -1.71532324 12.98487974 87 54 14
1.46794245 -3.10154830 12.29494345 98 73 42
-0.43705845 0.21194430 13.78003448 178 161 145
0.59676329 -2.04358756 12.77143118 177 143 110
1.60283005 -3.26512383 12.17109626 88 59 27
0.82650706 -2.42446538 12.55268528 75 42 14
-0.23300481 0.04486577 13.34710344 141 124 106
-0.21089489 -0.60188015 12.88229098 157 138 120
0.20521006 -1.12707818 12.59658866 187 157 121
0.39908142 -2.27797617 12.01339253 188 157 129
0.36839638 -2.21367648 12.02573769 134 106 79
0.57762991 -1.60077667 12.19544380 130 106 81
0.85158414 -3.25387728 11.51233818 192 164 135
0.85158414 -3.25387728 11.51233818 192 164 135
0.44673850 -2.48929151 11.78556495 151 131 107
0.27233216 -1.83286368 12.00048745 150 126 98
0.31322912 -1.83039155 11.95074358 88 59 31
0.77121710 -0.44387986 12.26347850 83 64 33
0.77484237 -3.13591854 11.31039971 194 162 125
0.67154985 -3.08660464 11.33271870 200 166 130
1.10792745 -0.95059738 11.88608930 65 46 17
0.92276595 -3.25330976 11.10016931 86 53 23
0.87482578 -1.10569155 11.82832105 132 113 96
1.06386033 -0.60432404 11.94287785 82 57 36
1.02315713 -0.66959446 11.90858235 156 138 112
0.23200040 -1.86416381 11.30701493 101 71 34
1.53624367 -0.53716710 11.42567748 226 223 216
1.48174370 -3.53633077 10.42735348 222 195 164
5.24748233 -2.54879054 9.74967671 213 183 152
1.16924783 -3.37292533 10.32924273 212 186 151
0.72703113 -3.06452299 10.31200332 86 53 28
0.79650148 -3.12899674 10.14922583 238 208 179
0.31822027 -2.07740390 10.57783684 147 121 94
1.47418991 -3.24499206 9.91269626 231 202 162
1.41273247 -3.10493478 9.79863752 126 95 51
1.68960256 -3.05923119 9.68560925 200 171 137
1.08246477 -3.06236885 9.76700042 223 194 162
1.09691494 -2.88664583 9.79931854 135 113 81
1.15873089 -2.90724027 9.74085685 118 92 61
2.67461495 -2.35626521 9.19872352 151 116 79
1.44118790 -1.20215793 9.82651574 124 104 79
1.41430007 -1.10246628 9.76867934 132 114 94
1.37086622 -1.12844075 9.76619408 132 114 94
1.32924861 -1.10571835 9.73713873 235 233 215
1.28328069 -1.49762351 9.56380772 215 201 173
0.80959787 -1.42925167 9.67605438 85 72 53
14.66823701 7.32677490 4.35978054 227 218 206
6.64614741 13.08165843 0.94181371 216 210 196
6.82106460 13.14191684 0.76623465 212 202 200
5.48303441 13.52807772 1.55280521 211 206 202
6.51339231 13.02513432 0.75301357 198 197 187
-5.13154145 -3.38084449 14.88591047 135 103 70
0.20386258 -2.27995294 14.22570903 197 161 116
-1.62099038 -1.06994245 14.25125385 143 128 117
0.65065614 -2.15910208 12.68792301 148 118 88
1.65479886 -3.43029344 11.83984078 198 171 140
0.72924345 -3.11510033 11.37448694 177 140 110
4.66669971 -3.70249855 19.60218276 244 240 232
70.03973851 -1.68669861 36.75803141 197 178 172
72.09890381 -1.22764304 37.39380897 83 74 60
-3.22194132 -3.56582293 16.57545699 153 130 114
-3.38452746 -3.28264361 16.70261100 165 150 142
-3.88276310 -2.23755558 16.55027547 126 97 80
-3.88276310 -2.23755558 16.55027547 126 97 80
-3.89141850 -2.24473138 16.54346508 126 97 80
-5.07072755 -3.49911169 14.87786537 209 166 124
35.52569262 1.37660717 19.65882359 109 100 69
-1.45389381 -1.74009324 13.94124076 169 136 95
-0.62096014 0.69087997 14.42988727 113 84 68
-0.82892476 -0.35557535 13.80544342 188 171 154
-0.82892476 -0.35557535 13.80544342 188 171 154
-0.67673348 -1.31101838 13.34111580 151 118 85
0.69689959 -2.27728161 12.62501482 212 175 139
-1.29352120 2.27738915 13.97806969 242 236 236
0.85830508 -3.16632861 11.30368950 88 55 22
1.34097058 -3.51382110 10.70343245 167 133 97
1.34097058 -3.51382110 10.70343245 167 133 97
1.79342751 -3.51111368 10.23608133 183 141 87
0.88360426 -2.22165858 12.88462676 158 120 83
0.73625646 -2.15427549 12.75541293 115 80 48
0.35099348 -1.60231268 12.66534773 93 61 27
1.88869672 -3.85848554 11.22645339 215 183 145
0.63322680 -2.89001050 11.74165820 100 68 37
0.58994471 -2.96846994 11.37628682 88 59 27
0.75542708 -1.05995626 11.51601053 238 234 231
0.71263134 -3.07977342 10.23478335 166 132 94
32.08157309 -6.10071769 24.71569600 188 178 153
-3.12954511 -3.21040468 17.41197463 199 179 172
-3.18219061 -3.26920821 17.29976591 112 90 89
-3.22465242 -3.25027422 17.19245977 179 161 159
-3.32241320 -3.43643183 16.96931703 218 203 194
-3.28591319 -3.43698817 16.93729184 124 106 94
-3.28591319 -3.43698817 16.93729184 124 106 94
-3.25922422 -3.46346733 16.87458756 144 120 105
-3.47812928 -2.83050607 17.15524586 136 106 93
-3.55289179 -2.95508498 17.03686510 140 112 99
-3.22690277 -3.52454343 16.75870527 106 84 60
-3.21669298 -3.51724359 16.76520239 106 84 60
-3.25848469 -3.58098499 16.68728076 225 202 182
-3.32911794 -3.51766941 16.58593238 202 183 169
-3.27603113 -4.06733489 16.21632997 206 181 152
-3.38019068 -4.03694442 16.15532539 132 103 79
-3.39748315 -3.42294106 16.51207747 121 93 77
-2.89235686 -4.06178853 16.22960665 152 118 81
-2.98558087 -4.07716006 16.18465279 144 109 73
-3.46314306 -3.29702681 16.51228948 85 56 38
-3.06971608 -4.04426985 16.13595584 221 188 147
-3.06971608 -4.04426985 16.13595584 221 188 147
-3.46561670 -3.27517068 16.45925578 86 55 45
-3.49555004 -4.02205003 16.02622401 221 186 148
-3.91290052 -2.55518002 16.74716070 175 152 139
-2.65510558 -4.10656428 16.05549199 206 173 129
-4.03125198 -2.34436954 16.77549536 144 116 103
-3.79354708 -3.91001033 15.90587955 227 191 154
-3.81814749 -3.88870694 15.90330620 132 97 66
-4.00750338 -2.37511475 16.70156243 122 101 81
-3.34516728 -3.94948927 15.90428344 118 72 39
-4.16078925 -2.10295305 16.78127747 192 173 159
-3.58157035 -3.86912073 15.79047589 113 71 37
-4.18079536 -2.03551338 16.70571717 192 168 155
-4.29721049 -3.66763711 15.71967582 216 183 149
-4.24501794 -1.48204347 16.89385301 202 183 172
-4.19091196 -1.88260570 16.64524515 123 91 76
-3.84628070 -3.76500962 15.63538342 198 164 125
-3.90940896 -3.71252385 15.65383956 126 80 40
-4.13029774 -1.96946298 16.52046235 198 174 155
-4.24369849 -1.54044733 16.72588073 150 121 105
-2.89832340 -3.89312869 15.63431545 95 59 19
-4.24291680 -1.48268838 16.70349325 185 161 151
-2.90269373 -3.81170445 15.59965925 199 155 109
-2.67997830 -3.83021453 15.57012768 152 111 67
-4.27349813 -1.38685904 16.65722787 196 172 165
-4.25845399 -1.19508114 16.62845862 191 165 154
-2.54193787 -3.79776475 15.41116288 161 125 77
-3.95088036 -2.14290436 16.04237862 210 188 173
-4.03720795 -1.78112705 16.19355930 205 187 173
-3.94317672 -1.96249645 16.03132158 203 176 163
-4.97751062 -3.28189706 15.24608885 186 161 141
-4.08795158 -0.34855251 16.69506989 145 139 150
-4.83694603 -3.49679206 15.03178707 215 178 136
-4.97379976 -3.46491168 14.98736113 226 189 146
-5.12610173 -3.41051502 14.98126823 209 178 155
-5.17239749 -3.44525398 14.95736005 209 178 155
-3.87794532 -1.45952563 16.05589948 139 112 101
-2.80618622 -3.23984188 15.18163705 212 177 134
-3.85034050 -1.15229907 16.11561769 174 156 142
-2.25887902 -3.32692948 15.06136083 107 69 35
-3.62126431 -1.27741104 15.97843530 194 175 161
-3.68570758 -1.13187838 16.03261665 183 162 142
-3.54184896 -1.05989996 16.06029240 187 166 151
-5.12752384 -3.38010695 14.80344454 218 185 153
-3.67887930 -1.80545380 15.67433502 126 100 91
-5.09425612 -3.34500665 14.77977568 118 87 52
-3.03331050 -2.67250986 15.12210688 166 139 116
-2.97858552 -2.71096019 15.04415572 113 83 54
-2.79414071 -2.53199777 14.83371761 235 202 161
-2.51374957 -2.55827895 14.75159348 109 72 36
-2.21085578 -2.54792333 14.53372929 228 197 153
-2.39735958 -2.20407966 14.53252798 152 125 93
-2.25535672 -2.17909051 14.40065301 234 202 161
-2.25535672 -2.17909051 14.40065301 234 202 161
-1.20936711 -2.30710460 14.12944911 126 87 48
-1.32014122 -2.06913356 13.93951367 215 181 143
-1.02066400 0.92045351 15.10061764 106 97 102
-0.89561444 -1.98332626 13.80076220 212 175 131
-1.09992918 0.22514689 14.73659624 113 94 88
-1.26267250 0.08331463 14.67770333 113 94 88
1.43887370 -2.80181744 12.98020064 217 184 151
-0.06132029 -1.96016189 13.34647080 109 67 26
-0.92199780 0.23761308 14.26649227 119 91 77
1.23365146 -2.77115211 12.83113088 246 213 180
1.23365146 -2.77115211 12.83113088 246 213 180
1.37037551 -2.85126173 12.77463007 194 161 116
1.12355803 -2.36474400 12.87262357 175 144 115
1.09900045 -2.44547207 12.83663809 174 147 119
1.09743143 -2.55372670 12.71809736 173 143 116
0.65929203 -2.21837322 12.88154366 184 148 109
-1.09217547 -0.27103558 13.85459016 205 184 167
-0.80814243 0.58783453 13.94714063 188 162 147
-0.84460757 1.15360543 14.14178117 108 81 64
1.32338238 -3.22035562 12.17999575 123 93 57
2.14234932 -3.61391730 11.87412464 46 40 10
0.57940032 -2.35996610 12.51829264 117 85 57
-0.50039758 -0.64805100 13.27775453 91 64 39
2.03606706 -3.62851418 11.75611543 113 91 59
1.53075133 -3.51577058 11.79481797 213 180 142
-0.64267122 -0.16543925 13.33515802 192 165 143
1.75752243 -3.63592338 11.59265875 79 46 15
0.22305988 -1.56153020 12.55371337 186 157 105
-0.58447947 -0.67793792 13.02130447 83 62 31
-0.32685750 -1.15068905 12.79326802 213 181 143
-0.28971235 -0.45161950 12.83209385 102 74 36
0.08945060 -1.23475015 12.42059296 106 81 43
0.28602176 -1.96974907 12.11173007 152 122 96
1.43134708 -3.60392832 11.27121491 206 177 139
0.50106804 -2.80846314 11.70030926 110 79 48
0.20826150 -0.35095579 12.59058844 134 110 79
0.39118037 -2.34594988 11.80980898 70 41 18
2.14577234 -3.83942441 10.93331582 228 198 153
1.32599271 -1.70156050 11.82207477 99 73 47
0.38956429 -1.21818783 12.12957605 113 86 56
1.77274632 -3.68865894 10.94778659 198 160 115
1.96000201 1.68762159 12.76231076 242 238 237
0.42563682 -1.01326458 12.11350405 167 142 118
0.63941909 -0.93796711 12.04038899 155 131 101
-1.36107792 -2.22385762 11.95236884 167 142 118
1.39206304 -3.50906528 10.90810898 133 94 51
1.74716049 -3.65469472 10.70594992 227 193 156
0.69014210 -0.80910481 11.88915130 102 79 44
2.95299429 0.78703903 11.93356588 142 124 99
0.45111327 -2.76213414 11.14484021 90 61 30
0.74688796 -3.05225043 10.81246206 199 162 122
1.54112590 -3.47252218 10.29664197 241 207 165
0.42178964 -2.74642890 10.64663376 100 68 27
2.06738238 -3.38761289 10.02233218 140 125 108
1.76682080 -3.41013389 10.08896283 235 203 162
0.39518457 -2.65427657 10.45051336 195 161 129
1.37989723 -3.23073736 9.99046498 234 202 163
1.45023010 -3.15231402 9.84692001 217 182 146
0.96131808 -0.86237076 10.49662050 172 158 144
1.36515521 -2.78107771 9.61082645 137 113 76
1.93796419 -2.42168796 9.43650130 212 186 153
2.04873322 -2.00260819 9.30609006 199 170 131
2.60115184 -1.85071779 8.87927661 106 82 44
-0.09490221 -2.50861400 13.56402284 210 209 215
-0.09480557 -2.50730053 13.56201576 210 209 215
-2.38108083 -2.87408912 14.86062996 177 135 93
-0.95537068 -2.32661583 14.17025110 186 152 114
2.19068322 -0.52436520 11.56977264 144 126 104
12.18469105 3.20087268 25.10576281 225 220 205
0.89998132 -3.31973580 11.33644336 130 100 70
10.11013740 5.18020456 20.43357105 141 119 98
0.47963861 -1.99013162 13.13507508 82 46 5
-0.52179338 -1.25125682 13.18017810 156 125 94
0.31746535 -1.91534005 12.06881957 120 96 69
-9.82831095 -4.98567019 12.03306846 82 77 76
0.19784458 -2.03481344 11.41060846 133 106 85
3.14252701 -1.91123006 17.05027819 138 118 91
-5.27547915 -3.48578378 14.84570627 135 100 63
1.37319364 -3.39293663 11.74875664 173 136 104
5.40595331 3.44098377 13.39101333 126 109 89
50.30074956 -5.30997570 31.88624186 158 151 123
37.04987857 -1.32989213 23.08905309 94 85 70
-4.01550113 -2.82451708 16.52109739 142 126 120
-3.97323820 -3.04134454 16.30162394 166 147 140
45.17161918 -6.01285185 18.72600031 153 151 128
-4.07107415 -2.58959930 16.17874945 122 97 86
-4.08499811 -2.35147613 16.19054120 138 114 98
-3.84746112 -2.05536803 15.64367637 114 91 78
-3.43471185 -0.82385098 16.12280926 94 83 69
-2.97423313 -2.87617133 15.02749797 186 156 122
-2.24504403 -1.46491724 14.54427607 130 114 98
-1.92614602 -1.95554945 14.25572402 191 164 133
-1.04071895 -2.09641148 13.99100473 94 56 22
-0.99271194 -2.00074419 13.81190771 187 157 119
-0.88086714 -1.82616805 13.63662346 124 97 68
-0.67856419 1.37723183 14.98896284 80 75 89
-0.49069220 0.48647558 14.47043045 105 82 76
-1.00362536 -0.65505667 13.95505478 86 65 48
1.20846773 -2.56723823 12.66639196 167 140 113
1.22908080 -2.63499905 12.55271320 108 77 46
0.86770949 -2.33244063 12.72500638 102 72 41
0.25043699 -1.75528738 13.04450156 88 55 13
1.52231857 -3.37806950 12.02814771 143 109 71
-0.62641677 0.05243179 13.88173429 181 167 158
0.65799987 -2.16163414 12.64187372 101 73 48
-0.57775687 -0.10671949 13.64656120 97 74 59
0.07368341 0.89065766 13.85488252 72 50 26
0.65103043 -2.51662057 12.28437022 83 52 27
0.12900768 0.93306137 13.81813748 90 65 33
0.04522530 0.88124504 13.80733424 90 65 33
1.85265126 -3.77204627 11.30251170 96 58 20
1.11786004 -3.53685429 11.50891822 188 162 132
1.78492546 -3.78725554 11.22955117 98 63 29
1.51833110 -3.62117275 11.26463153 131 93 55
0.44488894 -2.52411346 11.73825847 179 158 129
0.67082897 -3.12483913 11.06721488 184 154 130
0.41992149 -2.79018210 11.07174127 198 172 146
1.76590297 -0.36913644 11.65321668 232 229 227
0.44110407 -2.90709796 10.71794188 187 157 127
0.39489733 -2.72389278 10.49532911 182 147 118
1.04301046 -0.83037329 10.87551856 149 139 125
0.46990547 -2.98028835 10.17177832 83 52 23
0.96547441 3.30652370 12.22804467 153 154 156
2.61949212 -1.38886117 8.96409583 116 95 68
-3.64189019 -0.16146608 16.50273625 165 161 172
1.65788637 -3.53112365 11.67044846 183 151 116
0.40700436 -2.60223123 11.50715312 146 118 93
0.88280683 -3.33101905 10.78740634 167 132 95
-3.91820802 -0.63222602 16.50400466 198 175 169
-0.55057925 -1.25517887 13.18764643 203 171 134
0.37212540 -2.43800331 11.74339431 179 154 122
0.64691095 -1.03474002 11.49666206 234 230 227
0.35744670 -2.74471687 10.54551547 132 95 59
0.36255763 -2.74804411 10.54944098 132 95 59
-0.69312048 -2.87102521 14.96906680 246 239 219
-3.90752649 -2.58031940 16.18356053 120 88 73
-3.41844445 -2.31639007 15.28724832 232 206 179
-0.83209659 1.08868540 15.08743589 160 148 147
-0.79638360 -1.58994591 13.56700422 105 70 19
-0.24629747 -1.89001590 13.34497126 196 157 114
-0.83369901 0.40891320 14.41176445 183 157 146
-1.11473473 1.02218031 14.55537058 159 133 114
0.37807929 -1.99905802 12.87580286 122 91 60
0.06860746 -1.46863648 12.62808760 113 83 51
2.55003035 1.59882839 13.23593757 177 153 126
0.39186171 -2.28099097 12.01496552 181 148 119
1.84719509 -3.77062488 11.01351459 210 181 142
0.50635348 -2.81212602 11.42078268 88 63 33
0.30631724 -2.57921518 11.14270606 87 57 26
1.46691943 -3.45240303 10.29187014 153 120 75
8.57295282 -0.69682572 27.08833884 145 148 152
-3.54797734 -3.54093530 16.51933815 217 203 192
-3.35538452 -3.68263479 16.38263458 85 62 48
-3.35538452 -3.68263479 16.38263458 85 62 48
-3.43437004 -3.60613572 16.40790513 72 49 36
-3.39481327 -3.72300716 16.30609469 86 66 55
-3.39481327 -3.72300716 16.30609469 86 66 55
-3.76313642 -3.30770705 16.42612498 112 96 91
-3.86261786 -3.08663828 16.51923710 183 173 169
-3.66562212 -4.08020604 15.93961185 217 183 144
-3.82881320 -3.10909206 16.47510828 156 136 133
-3.28293974 -4.07132099 15.95866478 184 145 105
-3.78100707 -3.11662901 16.44631528 78 52 45
-3.95982893 -3.97828845 15.90605205 114 92 71
-3.91711198 -3.99818436 15.89264095 176 150 119
-4.01419988 -2.75842569 16.60519973 99 79 68
-3.66330506 -3.33819696 16.27939865 90 60 51
-3.29815549 -4.12613588 15.84871650 144 111 79
-3.88539744 -4.02392917 15.81997973 168 128 87
-4.06928327 -2.62736962 16.64288050 158 138 131
-3.80286069 -3.12870264 16.33267358 168 147 140
-4.10466747 -2.73503667 16.53327275 170 153 146
-4.12374570 -3.91811366 15.79543385 169 143 110
-4.12374570 -3.91811366 15.79543385 169 143 110
-4.05095056 -2.74219135 16.49922789 171 153 144
-4.16976007 -2.35367299 16.67912639 156 132 123
-3.71167823 -3.96959393 15.73030768 110 73 33
-4.31208125 -2.08021937 16.66078054 89 64 50
-4.35330640 -2.24530356 16.55115427 165 142 127
-4.34752881 -2.13155145 16.59144187 168 148 137
-3.77574084 -3.99149479 15.54504581 200 165 128
-4.25224797 -2.37536329 16.35770729 181 160 143
-4.37403342 -1.25527880 16.96749546 90 63 52
-4.04779287 -2.60967915 16.19756879 119 95 83
-3.48651539 -3.89653715 15.51115630 208 170 124
-4.35875049 -2.07147318 16.38914457 182 158 146
-4.44575520 -1.03758460 16.96228677 184 167 158
-4.47683000 -3.73163678 15.40762514 101 62 34
-4.47032790 -1.22962497 16.77208696 177 151 141
-4.70436885 -3.58866937 15.40443189 161 128 86
-4.34796910 -1.61005293 16.47344228 111 81 70
-4.37155224 -1.39047595 16.57329087 194 171 163
-2.35881951 -3.77284357 15.31969436 173 138 94
-4.35543083 -1.71076511 16.34266221 130 105 92
-4.97938465 -3.60668772 15.19164445 91 62 30
-4.21248517 -1.96522915 16.13314754 109 90 76
-4.34266022 -1.33551259 16.45839383 193 171 158
-4.80033149 -3.63752607 15.13480274 178 146 116
-4.15854254 -1.94768777 16.07301093 115 93 79
-4.99607151 -3.54143495 15.13872916 149 125 100
19.25644893 -0.59811241 17.16972520 1 1 1
-4.06014493 -2.09880382 15.88223165 201 181 167
-4.05022818 -1.66467876 16.06112095 93 66 46
-3.96712566 -2.11598714 15.80796219 128 103 89
-3.14552105 -3.28453141 15.17948274 183 149 114
-5.24640831 -3.44751968 14.99713586 120 95 74
-4.13841536 -0.92982100 16.36498851 198 178 169
-5.36014869 -3.51194905 14.91243023 176 152 123
-5.36014869 -3.51194905 14.91243023 176 152 123
-3.65272833 -1.98905159 15.71739005 116 84 69
-3.12193794 -3.04756968 15.14999625 84 55 24
-4.14283950 -0.67935419 16.35843161 169 151 140
-2.64508914 -3.28971087 14.95952820 194 167 130
-4.10414238 -0.71785407 16.32610776 197 172 164
-4.10414238 -0.71785407 16.32610776 197 172 164
-3.72590852 -2.18846460 15.52224211 151 126 110
-3.08363032 -2.96512403 15.08362112 192 159 122
-3.82494069 -0.45576898 16.34369349 93 70 53
-3.76571769 -1.88383547 15.59216591 185 170 159
-3.77402131 -1.86080875 15.58896343 210 196 183
-2.74592295 -2.96036939 14.91673856 132 103 70
-2.99494935 -0.58438661 16.06919585 123 111 109
-2.23138991 -2.87618322 14.63987937 180 154 117
-2.69709759 -2.63589414 14.76502846 202 174 129
-2.94548128 -1.89331408 14.85203657 199 183 170
-2.39711768 -1.00481643 14.94886896 207 193 180
-1.76316518 -2.26691825 14.25342306 193 159 122
-1.37634988 -2.24443214 14.21054092 87 52 20
-1.18452222 -2.29635113 14.12976281 118 84 40
-1.51644139 -2.13884506 14.15497470 193 161 131
-1.51644139 -2.13884506 14.15497470 193 161 131
-1.12234990 -2.08024735 13.96828779 201 166 125
-1.45429674 -1.71750242 13.91323603 208 177 142
-0.47853203 -2.02209076 13.57130239 195 163 124
-1.35278880 -1.58628454 13.86575994 221 192 161
-0.68093420 1.17676057 15.03213925 148 128 127
-0.51169747 -1.97719638 13.54494723 211 180 143
1.46382775 -2.73146177 12.82134681 147 112 80
-0.38249608 -1.75052055 13.47745005 207 170 125
-0.78742193 -1.68203330 13.53037851 188 161 131
-0.70604610 -1.75718535 13.48592018 207 178 144
0.83648579 -2.13054006 13.07687737 187 155 120
-0.85535674 -1.55611146 13.55742957 201 169 129
1.14254339 -2.22577542 12.89933083 184 150 113
1.38116157 -2.71861200 12.59477608 197 163 124
1.38530103 -2.74159362 12.53745690 77 46 22
-0.92205664 -1.27313223 13.55220258 101 77 53
-0.96746953 -0.64018638 13.77025820 104 78 66
0.84654203 -2.45796893 12.64836198 97 65 40
-0.77197256 -1.08071910 13.51901096 213 188 157
-1.02178007 -0.78501124 13.68593208 194 174 157
0.77339697 -2.22151698 12.70181385 85 55 26
-0.92424631 -0.73542953 13.62437445 198 180 162
-0.85347560 -0.69133200 13.63978119 198 180 162
-0.75711110 1.51964450 14.57474880 156 137 129
-0.78422113 -0.05856227 13.86130671 198 181 164
-0.80605004 -0.58482679 13.57187964 189 166 150
0.77941648 -2.55875371 12.40421756 88 62 33
-0.77410627 -0.55891634 13.52396182 179 156 136
-0.72034455 -0.53641075 13.47264622 181 155 138
-0.55312050 0.82819878 14.01228413 107 86 69
-0.56087357 1.43030855 14.24880976 109 83 70
-0.55285945 -0.16142404 13.55245733 168 149 129
0.28417431 -1.59986200 12.72942346 212 176 137
0.62165039 -2.01312736 12.48017548 57 38 8
0.05831826 -1.48908012 12.69996509 115 84 61
0.51984480 -1.84009221 12.34165817 140 112 88
1.58447741 -3.63108129 11.34053488 127 88 50
1.32907511 -3.52651354 11.39215904 171 138 105
-1.62293546 2.65182335 14.53932256 241 233 231
0.40361169 -1.95655355 12.20743655 84 55 22
0.43810386 -2.14985201 12.09221898 73 42 21
2.18043683 -3.79358906 11.01764825 209 170 129
0.87732808 -3.32164170 11.40732229 124 89 59
-0.22686922 -0.05596494 13.01636775 140 118 100
0.62161757 -2.97880585 11.57520951 106 76 46
0.28054770 -1.92494695 12.07312455 135 108 83
0.80307565 -3.09301580 11.47927185 91 57 29
0.55141591 -2.94182662 11.56073455 168 137 107
3.31730298 -3.37384465 10.70585187 199 166 129
1.00774600 -3.42091194 11.15443300 222 189 156
0.23885071 -1.81807142 11.92621409 102 69 41
0.35987855 -0.80578233 12.29479771 156 134 108
0.98233072 -3.37624595 11.08033722 187 157 120
1.51744936 -0.65479251 11.68955030 115 93 69
0.93528127 -3.32009188 10.77549241 175 142 107
2.06810882 -3.53368096 10.33853512 221 189 151
0.60896708 -3.04250683 10.91201920 187 152 116
0.70625751 -3.12728880 10.72903350 201 167 130
1.59104042 -3.49484213 10.29361119 232 203 171
0.59751694 -1.18793378 11.43587096 248 237 226
1.56145229 -3.42712995 10.27947316 160 127 85
1.45526580 -3.37497520 10.20438903 130 94 56
1.06187464 -3.15070363 10.32696874 210 175 132
2.01234342 -3.27109012 9.86509160 206 177 133
1.32298420 -3.19615000 10.04283043 220 187 147
0.52492260 -1.57303854 10.87431454 89 63 37
1.64728239 -3.20503928 9.76140918 216 192 158
0.99123948 -0.85790336 10.74745408 236 232 224
1.08044858 -1.70115475 9.67153394 102 77 37
1.12457080 -1.50482299 9.63659813 122 106 83
2.75239834 -1.56999279 8.73843504 124 106 76
20.83071372 11.99609358 -9.76900072 172 124 83
6.15463353 -1.57641454 23.02270861 136 115 91
3.49037574 -2.11437351 17.42638939 142 118 92
-3.40277121 -4.09008733 15.28055552 213 209 203
2.34807758 -3.74345102 10.88738973 184 156 125
3.44593448 -1.57986963 16.37710585 58 34 9
-4.52287835 -3.22040522 12.92974052 239 229 222
-2.80450684 -3.86483590 15.54510129 163 129 92
15.43440924 -7.61110442 26.49326516 92 89 80
2.53811888 -0.65384502 11.40222163 211 205 191
177.00051398 -51.07016007 125.96394007 92 101 80
2.52807044 -2.01575690 9.12974006 60 42 15
-2.74485146 -3.25338728 15.11169260 84 58 23
0.87160678 -2.93192491 11.92473828 118 99 65
0.60606193 -2.90401513 11.18597244 82 54 23
0.78858315 -3.24263002 10.88252561 126 96 62
-3.84869762 -1.78443406 16.54326756 87 64 46
-2.53646833 -2.05627588 14.70631610 162 137 113
27.76338988 9.08755039 17.31960182 50 26 0
1.24934327 -3.19102154 10.00320898 191 158 124
-3.52377622 -0.21060169 16.75812016 141 122 108
-3.51228903 -0.24293556 16.73858593 63 35 21
-2.87609651 -2.60135413 14.92161742 87 60 33
-3.09437784 -1.63127501 15.38740282 132 119 111
-2.77835939 -1.86843638 14.95640935 77 59 45
-2.15342783 -1.02455075 14.80776371 90 66 55
-0.87638785 -1.85668054 13.63730782 162 134 106
-1.19785618 -0.73319796 14.08371406 63 44 30
0.32945146 -2.38246437 11.60916793 136 107 73
0.54853960 -1.35214013 11.61782689 124 100 77
2.00707886 0.04665626 11.99961782 95 78 58
1.92838584 0.24178024 12.02705296 212 201 198
0.54629635 -1.61997757 10.60598105 58 36 14
6.46557654 -3.35130107 19.66425883 229 223 227
-2.30281366 -2.67458317 14.47342213 83 49 7
12.09682243 -6.04280205 21.30070323 150 145 139
12.09682243 -6.04280205 21.30070323 150 145 139
11.58990625 -5.72009909 20.66603579 150 145 139
-2.31772168 -2.74321526 14.68072444 158 127 98
-1.12600220 -2.13504646 14.06587254 82 47 9
-0.84040334 -1.53809539 13.54966706 170 145 111
-0.26424343 -0.46718909 13.01920582 69 47 33
0.52867258 -0.89037963 12.17167693 50 28 14
1.50479149 0.35269008 12.42695963 138 119 99
0.37323780 -2.63868391 11.23762133 174 144 111
1.62355557 0.45340518 12.25859381 212 205 197
-2.54273104 -3.33828306 15.05912866 147 121 96
-2.35608474 -1.29245629 15.34716142 131 112 105
37.38582252 2.49401640 17.30083362 0 20 50
-0.94913226 -0.61294153 13.89085323 77 56 37
2.91457286 -1.80089871 8.97205577 177 148 128
2.02606756 -3.92658642 11.14095233 117 99 85
-3.53109337 -2.47042573 18.46701247 194 193 199
-2.87567545 -2.48934026 18.13707618 222 213 210
-2.40329981 -2.14057198 18.65370781 222 213 210
-4.05222754 -1.26364470 16.80743966 175 148 140
-4.01111707 -0.90976662 16.82254706 182 161 146
-3.84296009 -1.71560758 16.18412573 167 147 135
-3.53953920 -2.04345339 15.62654978 141 114 91
0.58020152 -1.75421860 12.27240667 87 60 36
1.05036299 -3.29124563 11.73085893 146 114 76
0.81932427 -3.15754797 10.67729166 106 74 36
0.70467270 -1.09463159 11.24457570 144 123 101
0.28072348 -2.41553487 10.41261028 86 58 35
-2.72601221 -2.62181323 18.18739005 221 211 201
-2.92851949 -3.11299929 17.64279656 236 223 214
-2.82849984 -2.57439903 18.07239360 181 166 148
-2.52381484 -2.30428589 18.40696756 128 110 95
-2.41316363 -1.38079122 18.84209923 122 85 63
-3.24851381 -3.39248435 16.99927070 132 111 109
-3.30715224 -3.37956994 16.94818666 196 178 164
-3.50472817 -3.04622172 16.98399622 119 100 91
-3.44073551 -3.29113957 16.74914975 176 164 158
-3.46202555 -3.33230605 16.67795425 182 164 157
-3.47926418 -3.41266670 16.52298140 161 143 128
-3.63456012 -3.15079735 16.39306677 169 149 142
-2.46866622 -0.87101214 18.41147717 122 116 118
-3.82339626 -2.41459655 16.75204054 88 60 54
-3.93880085 -2.30803447 16.74273241 183 165 154
-3.70078728 -2.80722338 16.43591880 100 72 61
-4.78852659 -3.57843545 15.43437931 196 167 128
-4.04937587 -1.98538640 16.72614779 108 81 70
-4.06264820 -1.30730174 17.08042047 173 150 137
-3.84547829 -2.45601292 16.41977014 164 142 130
-4.90982812 -3.55609744 15.20606309 170 144 119
-3.96137779 -2.17399217 16.45304459 158 135 118
-4.07574251 -1.85248601 16.61373769 120 99 83
-4.07574251 -1.85248601 16.61373769 120 99 83
-4.03443235 -0.74399970 17.32229506 111 91 84
-4.06137100 -1.87120734 16.59439852 176 152 138
-4.00673848 -2.13779969 16.43682239 160 139 123
-4.06309528 -1.81532416 16.59253548 172 151 134
-4.05734325 -1.82198643 16.56019750 112 88 74
-4.04122740 -1.79519276 16.54975948 175 153 139
-3.92787489 -2.13102010 16.33925373 101 73 60
-3.02834875 -3.85545599 15.60627600 199 158 113
-3.82590498 -2.36622706 16.21379155 185 163 147
-3.82590498 -2.36622706 16.21379155 185 163 147
-4.08746349 -1.53910638 16.60566900 167 146 129
-4.08746349 -1.53910638 16.60566900 167 146 129
-3.81556770 -2.32676349 16.21847163 126 103 87
-5.29699529 -3.44147454 14.93952502 173 148 124
-4.03840585 -0.72917328 17.08065535 88 61 53
-4.03532521 -1.30501047 16.69696287 91 65 53
-3.79790541 -2.33407254 16.13157967 189 169 152
-3.97070533 -0.29045632 17.30900990 153 145 143
-2.62361822 -3.96599442 15.55985670 162 119 74
-5.26663143 -3.40179128 14.88801159 147 123 97
-4.08602997 -1.16009264 16.71066034 172 149 137
-4.56144961 -3.55822999 15.05833760 203 158 102
-5.27989275 -3.41585162 14.84640583 202 177 150
-4.06440743 -1.14565158 16.64207688 176 157 145
-4.06440743 -1.14565158 16.64207688 176 157 145
-4.06506707 -1.13354852 16.59065398 177 157 143
-3.98305114 -1.39006170 16.39650133 173 155 145
-5.16327411 -3.41089416 14.74670735 196 170 132
-3.98475112 -1.17418378 16.52334911 115 95 84
-3.97816007 -1.36579704 16.37202957 108 80 69
-3.94054846 -0.23216613 17.02964763 120 98 87
-3.81426172 -1.98704288 15.99358381 101 80 63
-3.94385626 -1.32724769 16.29739582 117 91 80
-3.43175649 -2.79746706 15.60238067 102 69 50
-3.93327614 -1.03366353 16.46942143 189 168 154
-3.79782615 -1.42356203 16.21187769 100 67 56
-3.92961051 -0.37545662 16.71653113 172 152 145
-3.22851966 -3.07749010 15.35026995 181 147 109
-3.87868409 -0.29088197 16.73056708 152 134 130
-3.25768061 -2.99468754 15.35940698 94 62 32
-3.84530532 -0.40148451 16.68198250 168 148 134
-3.77354002 -1.56245523 15.99828547 180 162 150
-3.74570756 -1.56510911 15.97567963 99 82 63
-3.74570756 -1.56510911 15.97567963 99 82 63
-3.74793740 -1.25861428 16.16053247 179 159 152
-3.81696831 -0.38914919 16.64494433 167 149 137
-3.67129793 -1.86825945 15.79506204 95 74 61
-3.46343423 -2.33021428 15.51795666 115 88 75
-3.66233228 -1.74023271 15.76650392 108 84 73
-3.56348920 -2.01796143 15.60147517 207 193 186
-3.59508989 -1.70198654 15.72021372 102 78 65
-2.96679905 -3.07973688 15.10048601 93 65 29
-3.60826829 -0.29773901 16.46197599 172 151 139
-3.62083874 -0.03093300 16.59527537 90 70 56
-2.88960502 -3.11032536 15.05583299 134 100 62
-2.74231105 -3.16278314 15.03395204 196 164 124
-3.11172428 -2.61278630 15.20241845 125 104 82
-3.27482946 -2.21032741 15.26883157 164 137 118
-3.32427855 -1.54689860 15.51105902 180 167 159
-3.26742551 -1.80146530 15.35191382 190 177 172
-3.06764129 -2.39633390 15.05940943 132 109 85
-3.04612148 -2.38849695 15.07287180 132 109 85
-3.17262487 -1.59752090 15.44120872 123 97 81
-2.41718675 -2.96312473 14.82867097 87 59 29
-2.82506524 -2.52973316 14.85929690 116 91 67
-2.96653699 -1.89314360 15.04090501 191 177 168
-1.26966718 -2.97397534 14.78097005 244 235 225
-1.26966718 -2.97397534 14.78097005 244 235 225
-2.59226998 -2.44405542 14.71068397 215 187 150
-2.56598950 -2.43404911 14.68284557 200 170 134
-2.22274717 -2.26982810 14.49863934 199 169 133
-1.91614942 -2.32695482 14.33744197 212 183 150
-1.98567629 -1.19207163 14.52898634 177 160 148
-1.84579635 -1.78356930 14.25341107 144 124 99
-1.61202564 -0.98809389 14.30706956 174 155 141
-1.25323720 -1.78483247 13.93938640 112 86 54
-0.61692914 -1.73005260 13.48272673 204 173 144
0.31573814 -2.02799640 13.31862641 193 158 120
0.52453945 -1.96784614 13.07548299 96 62 28
-0.19784281 -1.60270621 13.17644571 184 150 111
-0.49732954 1.76361942 14.61153991 131 116 113
1.40553488 -2.75576448 12.64042781 206 172 138
-0.41223623 -1.30682621 13.17103806 182 152 114
-0.48521931 0.21754414 13.81179509 121 97 89
1.22829902 -2.56674481 12.66877645 167 140 113
1.37288666 -2.84825183 12.44249035 129 99 65
-0.37081589 1.85231431 14.37647537 137 118 104
-0.49168212 -0.80155105 13.21708794 104 83 62
-0.47051612 -0.85126755 13.18568631 134 114 88
-0.01758188 0.91453972 13.81628991 141 120 105
1.05723889 -3.01427925 12.15775665 190 165 133
1.95026926 -3.59383127 11.89538319 233 210 178
1.78727928 -3.45119693 11.93532360 86 61 33
1.55525264 -3.54924794 11.70522598 199 169 140
0.52062037 -2.16989757 12.24412469 113 85 62
0.76060922 -2.87440363 11.94433795 87 62 21
1.57649564 -3.64145185 11.50130371 214 183 154
1.43859640 -3.57872565 11.43441416 162 121 89
0.07701794 -0.79810463 12.54371584 161 143 118
0.51845246 -2.36165644 11.85418212 67 41 24
0.48902148 -2.43532960 11.82408363 71 47 19
1.19567760 -3.49845514 11.35202925 190 162 130
3.32923267 -0.60777193 12.41044001 116 90 67
0.44098936 -2.52748709 11.73708357 179 158 129
0.73936962 -3.09407485 11.46610719 87 56 25
1.97569997 -3.81164144 11.04370599 206 170 128
2.11523308 -3.84331755 10.95311963 220 190 152
2.06684706 -3.80575648 10.84772269 5 46 107
2.00389907 -3.78792721 10.81280858 18 40 71
0.89603536 -3.30831718 10.98129094 84 49 21
1.56981897 -3.63022962 10.80586574 234 202 167
0.29286917 -2.58721417 11.24748862 157 120 92
1.41896018 0.38178777 12.28167815 232 233 229
0.57348552 -2.94400912 11.06092559 194 160 128
0.61375218 -2.99662544 10.95115557 198 161 126
0.28471370 -1.80314440 11.35994430 156 132 107
0.62434476 -3.04654073 10.86456408 193 160 127
1.58961962 -0.14826119 11.82523957 237 233 229
2.05746965 -3.64513890 10.44934640 5 41 90
1.42736620 -3.50998410 10.46831324 222 195 167
0.91478606 -3.16420268 10.43438959 211 175 141
0.67180326 -3.02897655 10.27515323 87 52 31
0.57840818 -1.79251198 10.62742225 82 58 32
0.81589938 -3.09845498 10.12514968 223 194 164
3.31765728 1.68181547 10.94087321 217 218 213
2.32738957 -2.15792634 9.33140346 216 191 156
1.08450009 -1.69736326 9.65238505 97 72 42
2.90188409 -2.18970683 9.05143822 209 180 145
1.39389635 -1.46907546 9.55072237 215 201 173
2.60816901 -1.52849291 9.06239352 215 189 167
3.02921458 -1.52522717 8.67373401 200 179 155
3.02921458 -1.52522717 8.67373401 200 179 155
14.07681468 7.56916598 3.89406467 229 221 208
9.04246720 11.18019870 -0.35459543 216 208 206
7.47120418 11.12433571 0.52151757 213 208 205
4.26253900 10.64072455 2.23742813 208 203 190
2.44025193 9.82391470 3.18591236 148 143 137
6.49220260 11.05792806 0.78913628 129 128 123
4.13310228 10.45331332 2.12254332 85 76 73
4.13310228 10.45331332 2.12254332 85 76 73
2.15565020 9.69495513 3.21642673 120 117 107
2.17685045 9.69149414 3.16546763 211 207 203
-3.88159975 -3.50411712 15.20759326 147 117 88
0.42065318 -2.07943351 13.28228551 226 187 148
0.88424233 -2.67993547 12.33729734 147 118 87
0.40939638 -2.63125853 11.16028249 85 61 30
-3.35505110 -3.43084791 16.69519139 146 123 116
-2.36257363 -0.82450985 18.42459773 84 75 91
-3.77684967 -2.33611643 16.61743538 98 67 48
-3.02673681 -3.54118005 15.55695292 99 67 24
-3.03214674 -3.56523070 15.52067749 104 72 31
0.55151953 -2.94852813 10.14763853 88 55 17
0.93740184 -1.06394553 10.48828198 109 82 49
-0.67474039 -7.65544561 17.36885982 67 61 19
-3.39699511 -3.26297477 16.82891931 123 96 85
-3.54252798 -3.17218808 16.71242365 175 161 158
-3.43945509 -3.47760213 16.42296964 98 75 61
-3.77225808 -2.46322482 16.37750826 176 152 142
-2.93338990 -3.89497794 15.61824017 100 62 25
-3.74692568 -2.37479439 16.28613123 186 163 149
-3.15483441 -3.57106592 15.48142385 90 61 26
-1.43127526 -1.80340673 13.99751901 204 177 141
-0.12473682 1.63665763 15.30438501 98 90 103
0.58736530 -2.12452587 12.67643695 84 55 23
0.97431380 -2.73088534 12.35161520 119 94 65
0.95135442 -2.85973545 12.23364949 93 68 38
0.67339289 -2.80593405 11.96880481 193 162 132
-0.03005280 -0.99340764 12.69532489 86 59 32
0.43199681 -2.23768691 12.14585183 85 55 27
0.89549017 -3.32299786 11.28563192 165 131 97
0.38595060 -2.57311589 11.58258730 85 59 30
9.37275368 12.39924091 -0.03946461 218 213 210
46.85325098 -2.98428503 28.69908613 56 49 38
41.11213849 -2.25534538 27.21770473 52 44 31
43.21307072 0.19150612 23.30669684 4 8 3
37.21776213 -5.84082685 17.89086024 147 142 113
-2.75231508 -3.84729093 15.33625403 149 110 73
-2.83945392 -3.79710448 15.31913381 198 164 130
38.39421343 2.17986797 19.72795192 133 125 114
-5.19085948 -3.48080047 14.96502018 184 158 133
-2.43033919 -3.38237153 15.00636024 92 55 18
-2.65023465 -3.34422610 14.98446688 216 190 153
-5.18169430 -3.43696957 14.91584130 195 173 148
-5.18169430 -3.43696957 14.91584130 195 173 148
-5.12102754 -3.42728394 14.84625102 140 112 78
-5.11713022 -3.40921389 14.82270745 204 177 146
-2.55321378 -2.88473133 14.75849274 219 192 155
-2.73447321 -2.68411098 14.85576198 204 179 144
-1.52842773 -2.85664175 14.65433986 176 142 102
-2.45537045 -2.73392685 14.67645300 139 112 83
-2.86471014 -2.27758833 14.91715409 202 183 158
-2.77733582 -2.65411604 14.65192666 88 61 34
-1.73300027 -1.99684707 14.20584792 191 161 124
0.24586199 -2.13510768 13.57064128 143 107 71
-1.02292042 -1.60165348 13.79835156 180 154 120
-1.02981521 -1.62175256 13.71726796 198 172 137
1.33596032 -2.67147069 12.85456834 101 68 35
-0.32680698 0.91003459 14.69781144 121 94 83
-0.59187494 -1.73708271 13.52738022 187 160 123
-1.15279389 -1.12111572 13.83624759 131 110 89
1.20479226 -2.75756986 12.66558034 111 81 38
0.84597341 -2.51841418 12.63798790 177 149 117
-0.29444594 0.68563489 14.21194317 113 92 84
1.55493801 -3.37402214 12.07596927 175 144 110
-0.38059520 1.86921217 14.67914608 79 64 68
-0.38059520 1.86921217 14.67914608 79 64 68
0.76276825 -2.44327014 12.54393801 95 65 39
0.97192266 -2.64206620 12.42510222 115 88 59
-0.72659397 -0.19638906 13.72903932 99 77 62
0.43192175 -1.82576442 12.65603513 43 24 13
0.39592233 -1.79896269 12.66938698 195 165 137
0.03669225 -1.38849424 12.79235114 202 168 135
-0.40058765 0.15269441 13.52977464 171 151 136
-0.10325843 -0.10013605 13.20412327 90 70 50
-0.11076641 -1.04450006 12.78890083 202 173 138
1.01889365 -3.33383019 11.53823255 86 52 25
1.03082051 -3.41414582 11.38048599 78 44 6
0.49751456 -1.37869253 12.32306782 60 42 31
1.51889577 -3.62613386 11.04192485 213 183 145
0.62355411 -1.49130131 12.05241457 139 116 90
1.36922237 -3.58858069 11.00729179 146 113 74
1.02589441 0.66349904 12.77307840 223 222 222
1.00885056 -3.32762112 10.90288988 82 51 24
1.42029889 -0.40860029 11.81022479 117 100 74
1.12635307 -0.85958486 11.40735498 211 209 197
0.95781363 -1.02333263 11.01908904 122 101 79
0.52880122 -2.98554651 10.34541274 151 118 83
1.30525093 -3.14105203 9.89720020 97 65 35
0.54755813 -2.95514245 10.15729041 73 45 6
1.18873183 3.45958997 12.21218144 150 153 158
2.93697606 4.27971622 11.21258582 143 148 151
2.45806144 -1.84895781 8.99095351 185 161 128
2.62223424 -1.74121750 8.75178872 118 99 74
2.79504006 -1.80227939 8.64111672 203 181 144
2.95231060 -1.58159143 8.58676478 181 163 131
11.45840327 5.11455787 6.44295361 209 205 193
5.57395098 10.43495496 1.85597000 143 133 119
5.16116862 9.98565359 1.89729155 202 198 189
5.16116862 9.98565359 1.89729155 202 198 189
4.52456124 9.75306078 2.15326718 120 112 93
3.12168937 9.56798596 2.56680983 189 185 177
2.37799744 9.96994023 3.14715094 194 193 189
2.35897758 -3.88891253 10.94188938 181 153 123
3.36103422 -3.67110464 11.82478887 33 27 23
5.55862995 -1.98655955 15.52444029 214 210 199
2.30587206 -3.88015060 10.99969957 181 155 128
1.12602744 -2.84747929 9.45967711 55 54 48
-4.54060767 -1.04762445 12.21896282 223 215 207
-1.44754521 -2.29000429 14.27516339 79 51 25
2.15182438 0.00816422 11.82945158 221 213 202
-1.28312874 -0.97440271 13.96355729 93 75 59
0.94628726 -2.70312719 12.18977089 91 63 32
63.61404252 20.61094404 20.32858310 225 214 206
10.72778440 3.16307079 13.37702156 143 120 93
24.97519596 6.71705836 13.41256076 74 51 18
-2.57671231 -3.56759643 15.30363205 65 34 3
-3.48991238 -1.72529252 15.75867461 70 44 29
0.60450555 -1.95050527 12.66038194 76 52 28
-0.44340845 -0.77572526 13.16120513 64 39 19
0.74586164 -2.91354208 11.80215777 99 73 50
0.30345625 -2.29973213 9.88939058 65 45 21
0.59381835 0.16437341 15.23005713 121 100 84
-6.58125028 -2.90776306 13.09744616 167 158 151
-1.68306843 -1.51460761 14.25249577 167 145 122
-1.55351128 -1.74316130 14.08125308 168 142 112
0.31077074 -2.53185121 9.99045128 71 43 17
0.31077074 -2.53185121 9.99045128 71 43 17
2.13187281 -1.96740509 9.12957356 141 109 86
2.13187281 -1.96740509 9.12957356 141 109 86
-2.01927977 -2.03378722 14.39406778 97 68 40
-0.33692945 1.16624068 14.05240119 74 51 35
0.43622110 -1.17989022 12.18337160 107 81 66
-2.57997741 -2.52628713 14.74791209 187 157 132
-0.52231175 -1.91103553 15.43263470 73 49 37
-0.62396274 -1.89447684 15.35521844 73 49 37
-2.37376489 -1.87515280 14.63935085 156 134 120
0.52632818 -1.90878080 12.93863564 86 55 34
0.10266864 -1.62711121 12.75733842 173 142 114
-2.97501867 -3.23744069 15.20516411 189 156 121
-1.16358955 -1.88710939 13.91121596 104 71 43
0.43618602 -1.63284400 12.40932033 50 29 4
1.37526290 0.79624787 12.80398481 134 107 91
2.40198695 -1.51127192 9.04457069 113 87 68
-3.74970077 -1.88133772 16.05399345 172 152 144
-3.43160259 -2.80272677 15.63654666 213 186 163
-0.97532182 -0.63623038 15.17428408 83 58 39
0.60424349 -1.94723278 12.65512549 103 74 45
0.44948302 -2.86180957 10.63966530 169 132 90
-3.57350517 -2.80966150 16.88600395 176 151 146
-3.70702841 -2.86671479 16.43986811 112 89 82
-3.94427018 -2.29024975 16.66396277 178 159 145
-3.91154470 -2.27234453 16.61237217 160 136 123
-3.95113898 -2.23876676 16.59588590 114 88 75
-3.97053118 -2.22056902 16.52114891 160 134 121
-3.96297205 -2.19136011 16.51322138 105 77 65
-3.96285157 -2.17350125 16.45093836 158 135 118
-3.81173772 -2.26699376 16.30936020 166 142 130
-3.90337794 -2.09413886 16.37018111 162 139 121
-3.91371389 -2.03529484 16.22944297 109 84 65
-2.79190326 -3.84973494 15.57061618 174 136 91
-3.97274106 -1.70875983 16.30434137 175 157 143
-3.91154076 -1.63363362 16.22425005 177 158 144
-3.94218575 -1.36389762 16.28455973 169 148 135
-3.22458549 -3.12460497 15.45768165 178 144 113
-3.83618593 -1.67703941 16.07377131 162 144 133
-3.77821064 -1.66235157 16.01223210 160 141 126
-3.07259642 -3.23677929 15.27593794 92 60 29
-2.72172046 -3.32008991 15.13024078 115 83 44
-3.42090486 -1.99784053 15.47035091 120 102 88
-3.19528341 -2.49589439 15.22612892 141 116 94
-3.13694810 -2.44688334 15.16734202 124 100 78
-3.35035351 -1.55525224 15.53359575 125 107 97
-1.69302613 -1.83204226 15.36835033 77 51 23
-2.91686426 -1.87887984 15.00824738 120 106 93
64.50600362 -6.00759425 21.54354829 152 152 128
-1.13442864 -1.17298400 13.79185677 217 193 167
-0.96248516 -1.48763013 13.64768927 150 124 93
0.01751009 -1.53801177 12.96156130 86 53 22
0.58764093 -2.91100050 11.44617619 74 49 12
0.87508509 -3.18768458 10.31642769 215 180 143
-2.74886577 -2.52249724 18.02940768 107 93 81
-3.50936604 -3.71438168 15.41719719 218 183 141
36.81956712 -1.74471449 21.92487903 28 36 47
0.49376464 -2.89280055 9.91588381 207 173 138
37.22228341 -1.69334638 21.89196975 50 52 67
0.29490775 -2.37975039 11.60766347 108 76 43
-5.24671605 -3.57057112 14.71800647 161 123 73
-3.01852778 -2.01366653 15.09995211 197 179 159
0.91914422 -3.08335695 11.88876230 89 59 33
-0.79011371 -1.68643777 13.55679766 175 152 117
-0.93470288 -1.50677191 13.57186808 139 118 86
1.26650099 -2.81188452 12.43161225 181 154 127
0.89652303 -2.76528175 12.30510454 109 85 53
-0.61293423 -0.16668676 13.65562799 184 163 145
0.51100495 -1.86043617 12.47014108 124 101 79
0.28802528 -1.82583036 12.01139393 137 113 87
0.82135348 -0.87563024 12.00473632 133 115 91
0.23237625 -2.04761476 11.43572578 81 55 30
0.31125764 -2.01042083 10.99721361 84 56 22
0.45362975 -2.65631676 10.43248891 194 165 134
2.95761941 -1.70786086 8.74949179 107 83 59
-3.46421573 -2.56198253 17.19475972 115 95 90
-3.46421573 -2.56198253 17.19475972 115 95 90
-2.93389633 -3.65749557 16.72518862 190 164 147
-3.48382641 -2.34349492 17.25887778 150 131 121
-3.66470914 -2.50154808 16.92238656 93 80 71
-3.67851142 -2.44116921 16.92949360 93 71 64
-3.69603346 -2.39093974 16.80152890 103 78 74
-3.77430021 -2.40305079 16.75743489 84 60 56
-3.88069351 -2.09136189 16.86484995 83 64 57
-3.88203202 -2.23932930 16.74699124 173 156 152
-3.99365236 -1.92846600 16.84164012 161 142 135
-3.88771765 -1.77272300 16.93839090 74 50 40
-3.97949819 -1.90727904 16.78269026 100 77 64
-3.91197816 -2.20755305 16.54813982 157 137 128
-3.96201405 -2.16067775 16.54885287 153 130 122
-4.04494276 -1.26875755 16.96763373 95 74 62
-3.99367800 -1.88092644 16.59391473 79 56 44
-4.02926127 -1.85824711 16.59492715 167 148 140
-3.88445359 -2.16773925 16.45774959 98 76 68
-4.02121088 -1.80995045 16.57359260 116 94 81
-4.00940632 -1.81205461 16.51575664 103 80 72
-4.03246144 -1.25179215 16.79225295 162 141 134
-3.67877605 -2.64400023 16.11285366 91 69 55
-3.96875197 -1.82990499 16.46277755 80 60 53
-2.99625077 -3.73722545 15.59270689 117 78 35
-2.89581591 -3.78569006 15.58792994 190 155 121
-3.63220778 -2.62185502 15.95904194 207 184 166
-3.63220778 -2.62185502 15.95904194 207 184 166
-3.76980738 -2.30512389 16.08876329 188 167 159
-2.80901400 -3.58477970 15.66152379 96 66 42
-3.86011856 -2.02817233 16.19766308 100 80 71
-5.27969626 -3.44936404 14.85427205 109 80 60
-2.73607276 -3.79638383 15.51691378 172 137 100
-2.92804090 -3.55069926 15.55964424 93 64 30
-3.98481741 -1.37826072 16.40866798 115 93 82
-5.24800403 -3.38244321 14.77531815 174 148 122
-3.83785458 -1.70941366 16.16967710 147 127 120
-3.39895576 -2.79391707 15.61697303 96 69 49
-3.57635342 -2.47444872 15.71002515 89 69 54
-5.11161664 -3.26612088 14.71650914 188 165 143
-3.80985404 -1.58126923 16.03635978 171 156 148
-2.89767718 -3.40149864 15.30627203 84 54 22
-2.77828130 -3.51295177 15.24426980 217 187 153
-3.75571900 -1.52185030 15.99143566 114 97 87
-3.05283673 -3.21764788 15.25262537 93 62 31
-2.90471685 -3.30824018 15.23417146 189 155 124
-3.92171150 -0.39307751 16.50697817 166 149 142
-3.67954320 -1.45257045 15.99544089 118 99 92
-3.25429650 -2.16329556 15.26687492 184 161 147
-3.13008816 -2.11569920 15.14298234 200 182 168
-3.12476812 -2.02164644 15.15696292 203 187 177
-2.99281897 -1.92580133 15.04850110 142 125 118
-2.88052607 -2.24251639 14.89059184 119 94 79
-2.88052607 -2.24251639 14.89059184 119 94 79
-2.87079485 -2.20896147 14.89739908 198 179 162
-2.65047186 -1.11983156 15.26800767 188 174 170
-2.65047186 -1.11983156 15.26800767 188 174 170
-2.47646088 -1.93708380 14.62954853 198 177 161
-2.34051174 -1.34784471 14.88724113 106 79 65
-1.56495410 -2.41628410 14.39420378 159 124 94
-1.80736377 -2.20747374 14.33445757 142 115 86
-2.10594940 -2.01971323 14.36814875 217 195 164
-2.02338843 -1.16020899 14.68140584 87 65 50
-1.16411802 -2.33060359 14.18395534 125 89 51
-1.27131232 -2.20288262 14.22996660 86 50 16
-1.36890894 -2.11193628 14.23694399 156 123 92
-1.04392667 -2.12641973 14.06611315 90 61 30
-0.69925886 -2.20313450 13.97409459 194 163 129
-0.90593390 0.16835255 14.84367279 165 152 146
-1.39660725 -1.61637271 13.94231602 205 178 156
-1.13582264 -1.70728802 13.90461077 197 170 140
-1.08529655 -1.19809564 13.78731939 158 136 114
-0.44682145 -1.70296023 13.55916649 181 154 125
-0.85428801 -1.43198173 13.56784798 213 191 169
-0.24737593 0.84040875 14.57150726 93 69 60
-0.36138757 0.72444623 14.47909169 157 138 131
2.30829786 -2.62349757 13.08906074 189 164 134
0.47879089 -1.96277371 13.20976858 194 163 133
-0.18153239 -1.60902211 13.28944306 185 150 118
1.67972192 -2.77056977 12.79752851 208 177 146
1.94191681 -3.15289790 12.44876749 172 146 118
1.91876491 -3.26115164 12.33208138 3 38 84
1.67727256 -3.00583170 12.41110237 90 61 38
-0.20230949 0.82257797 14.05972935 105 86 79
0.35819458 -1.87305029 12.87744364 191 157 129
1.27072449 -2.66641859 12.49249770 115 88 58
1.69460848 -3.30285112 12.11096647 117 91 62
0.83249170 -2.34835474 12.51688455 180 153 132
-0.23353061 -1.18439945 13.00482152 185 154 125
0.82335503 -2.39435425 12.47761932 191 164 139
0.33873830 -1.63780560 12.72858082 82 50 23
0.90975055 -2.57155433 12.31551486 82 54 26
0.42433859 -1.55103961 12.70307388 195 160 128
0.16114960 -1.38033618 12.77375178 74 46 19
1.01906512 -2.93236793 12.03220983 93 67 40
1.76477355 -3.59541616 11.67976821 193 165 132
0.94455782 -3.07708582 11.87211580 75 48 28
0.72146881 -1.87023906 12.32869848 90 63 43
0.82643696 -3.16415247 11.67724424 132 101 74
1.26685188 -3.50544804 11.51533099 182 153 123
0.44025998 -2.19610129 12.09250102 121 95 73
1.88269495 -3.74625278 11.38152534 202 172 139
0.38508236 -2.07334327 12.13324662 147 120 99
0.66178098 -2.95057036 11.70499225 208 181 154
0.84560520 -3.19536176 11.59599404 98 69 34
0.43686247 -2.00911927 12.10633065 140 114 92
0.24963431 -1.83203807 12.00179533 146 120 92
1.67728577 1.08508048 13.07475296 223 223 224
0.52016334 -2.79771123 11.41687212 77 49 26
3.11814982 0.46478708 12.59474606 131 110 91
0.61968661 -3.13992508 11.20001768 160 128 99
1.26080981 -3.55699594 10.87788811 185 153 115
1.26080981 -3.55699594 10.87788811 185 153 115
1.30187835 -3.43955993 10.96053736 234 207 180
1.08207902 -3.45327187 10.90925515 201 174 148
1.47922798 0.13693802 12.24136868 103 83 65
0.84798340 -3.31888198 10.80418852 207 177 149
0.75153319 -3.20559561 10.76217141 85 54 25
0.93575691 -3.36224939 10.55788048 216 186 156
0.69178315 -3.14740627 10.59174157 210 171 139
0.51813128 -2.99646821 10.52518142 153 118 90
0.94203712 -3.20718524 10.31988980 99 65 25
0.34431356 -2.67441790 10.56320726 171 143 119
1.30349085 -0.83925966 10.33783597 95 70 49
2.89271997 0.04256724 10.67056998 196 191 186
-3.64584475 -3.67666253 14.69785554 177 141 104
-3.40383927 -2.29170284 12.35225927 196 197 199
-2.61482120 -3.25243146 14.77548794 160 128 93
43.73840070 -1.59572009 27.06871722 120 113 97
43.71583233 -1.59265441 27.05782742 120 113 97
-5.73274230 -3.58348257 12.47904151 231 228 221
-0.12398493 -2.59564257 14.97666196 163 130 96
16.53144682 0.88736745 21.16577335 236 234 221
3.30875056 -0.61761596 16.05451340 195 162 118
-3.65825508 -0.02556035 17.30872279 80 73 90
7.37950388 -2.17467932 11.42771926 36 19 3
2.67057756 -0.15760230 11.21384494 223 218 215
47.04786927 5.18728558 22.11077380 124 123 118
47.20661408 5.45605404 21.82479060 6 6 3
46.81660914 5.39434630 21.71733978 6 6 3
38.58549029 5.19191770 17.84396614 121 111 110
10.58443292 -0.35540731 12.45069777 82 61 41
1.64690176 -2.98753811 16.27705760 225 220 222
46.25798140 4.82801391 9.37787253 126 120 104
0.84194024 -2.72448267 12.07916036 181 153 123
0.44204623 -2.00527592 12.17850221 165 140 110
-3.37389037 -3.22727169 14.63911043 170 151 135
-4.02695782 -0.55110981 16.68884946 171 149 136
14.65719361 3.52786029 17.74127328 91 49 8
-3.52938454 -0.11320402 16.52407194 69 48 31
-2.93080427 -0.41108132 16.14584455 101 93 82
-1.16442288 -2.12904292 14.05546347 191 154 114
0.06427689 -1.85446483 13.36796720 197 163 127
0.18776480 -1.90451332 13.23136569 165 133 98
1.17524059 -2.63662487 12.52026527 126 97 63
0.75968414 -2.89578444 11.85146854 79 52 13
1.51774293 -3.22570661 9.91450616 231 202 162
0.62257330 -2.90382866 11.69057424 91 61 28
0.66364390 -2.17402543 12.75958406 120 84 50
0.34521701 -2.64563197 11.22907589 189 151 108
0.39569084 -2.77930149 9.93257785 161 130 100
1.03627501 -3.48158914 10.98259174 231 198 166
-3.92455378 -2.60418886 16.32688320 131 101 90
2.12064910 -3.63952187 11.25684216 208 176 142
0.76676586 -3.03314869 11.75821524 111 80 48
0.34020699 -2.52095589 11.56714747 77 50 24
-1.57580889 -1.28123171 19.39251618 203 200 208
-2.05359525 -1.97303961 18.76238583 131 116 110
-2.03979123 -1.88965709 18.79471611 135 121 112
-2.22609542 -2.20072546 18.52028456 132 110 102
-2.28478579 -1.35433824 18.53759525 99 80 74
-1.75191744 -0.64178441 18.95137445 85 75 85
-1.73285840 -0.61248755 18.91023038 145 134 138
-3.62966696 -3.36889324 16.67245997 185 170 170
-3.64985713 -2.79985659 17.01870158 187 171 169
-3.68205524 -3.16880428 16.72537171 197 185 184
-3.68205524 -3.16880428 16.72537171 197 185 184
-3.67579288 -3.54327921 16.43415751 123 103 92
-3.67579288 -3.54327921 16.43415751 123 103 92
-3.70683501 -3.24910841 16.60627715 108 88 78
-4.00448296 -1.55526752 16.89840311 190 172 160
-4.08258650 -1.90669808 16.41116639 187 167 153
-3.96539280 -1.38950749 16.67266605 187 167 155
-3.96130820 -1.59045428 16.45589258 149 123 106
-3.54292240 -0.23432120 16.63727646 125 102 88
-3.73948638 -1.91963747 15.67916392 132 108 96
-0.46663309 -2.47673137 14.48788569 192 156 113
-2.58700365 -2.47343750 14.50379048 233 200 164
-1.43136903 -2.34775001 14.23526080 187 153 117
-1.22928016 -2.36071103 14.17595100 140 100 60
-2.01610068 -1.85938948 14.25192546 165 141 115
2.46988032 -3.45878451 11.85617804 217 192 161
1.96269605 -3.18542367 12.07536848 114 90 50
1.15870135 -2.71928867 12.40857101 94 67 29
2.11360671 -3.37368300 11.89383976 82 62 26
2.29823070 -3.63023545 11.55387782 200 164 128
0.62591688 -2.83078017 11.99478037 193 163 135
0.58411135 -2.72019590 11.93657275 101 72 42
0.69047263 -3.00630202 11.66661838 80 51 19
3.53901204 2.20888479 13.21630885 184 162 142
0.99325194 -3.40203679 11.37159182 192 159 129
1.43581319 -3.58605258 11.15708470 211 178 145
1.40197961 -3.59583956 11.16065564 211 178 145
0.24386157 -2.05173936 12.09815343 147 121 95
0.96003524 -3.35721188 11.27297077 132 96 61
0.78201188 -3.17337766 11.26174388 190 157 114
1.17378788 -3.41910753 10.98652290 225 196 160
0.48378514 -2.81996000 11.32527594 170 137 105
0.05121936 -2.14253931 11.00217442 149 119 93
-0.01052149 -2.30208111 10.75984344 110 80 54
-0.81662024 -0.30207776 19.77910914 93 93 94
-0.81662024 -0.30207776 19.77910914 93 93 94
0.11539268 -1.86797755 18.78472930 190 178 176
0.04064470 -2.07228193 18.54682723 147 137 135
-0.14151007 -2.32689510 18.34384971 142 130 124
-0.05119613 -2.13850321 18.46926661 75 64 60
-0.10455036 -2.45287718 18.21456784 211 189 175
-0.19949447 -2.49171017 18.09685948 84 64 51
-0.81919595 -2.59850077 17.83946282 186 176 168
-0.85472669 -2.38882592 17.91359278 176 165 169
-0.81296390 -2.66765820 17.69101544 127 105 92
-0.87331271 -2.76560746 17.51644482 66 46 34
-1.19452017 -2.18325870 17.79140792 133 109 102
-1.17063577 -1.72397682 18.06867213 161 146 145
-1.36555161 -2.84186567 17.25001887 200 186 170
-1.10399335 -0.98094178 18.16771036 171 156 153
-1.77101675 -2.22332699 17.29805838 181 169 166
-1.77898341 -2.70117678 16.95251674 79 55 48
-1.85489267 -2.03964110 17.32079954 166 149 144
-1.94220736 -1.77744509 17.43556636 98 76 69
-1.95782664 -2.12519008 17.21392494 165 151 148
-2.08270599 -1.93153333 17.25897180 158 141 134
-2.02363928 -1.70605495 17.24627929 139 115 110
-2.28238012 -1.88414359 17.09721041 173 150 138
-2.30348359 -1.12330747 17.46731746 181 163 153
-2.10986647 -0.60396558 17.68932987 181 161 153
-1.99570017 -0.46226646 17.73229974 92 62 57
-2.31211545 -0.73657787 17.51042267 175 152 140
-2.75523342 -0.76004987 16.99337219 124 102 91
-3.04449451 -2.35492893 15.99542553 121 92 74
-3.08931540 -1.30151898 16.51469042 188 172 157
-3.06473721 -1.20528252 16.34674183 138 120 108
-3.17735910 -2.36095428 15.64735313 130 107 85
-3.16780323 -1.56738705 15.96822790 170 152 142
-3.16780323 -1.56738705 15.96822790 170 152 142
-3.01669773 -1.06357235 16.21966370 94 71 55
-3.34549149 -1.79584943 15.59461026 107 78 64
-3.41325457 -1.64408855 15.64535609 185 170 163
-3.41325457 -1.64408855 15.64535609 185 170 163
-3.90528691 -0.90712032 17.33301982 76 54 49
-2.26323887 -0.87546289 17.27148724 84 64 53
-3.83188182 -0.39615053 16.54676131 94 76 66
2.02508475 -2.06845961 15.23323974 234 232 226
0.60215805 -2.33809369 12.50658740 107 82 59
0.17850315 -1.70964745 12.82824870 86 54 27
-0.79039270 -0.25023788 13.51573228 141 123 111
0.65375800 -2.97619952 11.57348844 106 79 50
0.23482114 -2.01059330 12.04932342 85 59 35
1.13077820 -3.39643196 11.15637668 229 200 170
0.60096939 -2.91325362 11.10615683 181 150 122
1.20222086 -1.33922108 9.84299107 105 83 60
1.27473585 -1.31547105 9.83596000 105 83 60
-3.95446162 -1.41386518 16.55632164 81 52 18
-2.83388166 -1.84767446 15.39978458 98 72 46
-1.34701619 -2.27193919 14.49309750 206 176 148
0.94981617 -3.21173660 11.80181578 121 88 61
0.92342163 -3.16251232 11.81338818 93 62 35
0.39509590 -2.32690048 11.90315865 189 159 126
0.42495584 -2.60504624 11.64456209 99 66 41
0.21660102 -1.88449676 11.98277992 89 61 37
0.53676399 -2.77707118 11.36780775 199 164 138
0.88746961 -3.11110372 10.28330916 213 179 149
0.41911572 -2.73554693 10.41831088 74 49 22
0.64059618 -2.95195197 10.12525924 77 48 23
0.64059618 -2.95195197 10.12525924 77 48 23
0.40767383 -2.66276952 10.07637692 100 69 41
-2.15921948 -1.47209010 13.75228300 78 59 45
-3.95576956 -3.69516426 14.59372212 161 133 101
1.74689426 -3.68433013 10.40510935 45 38 22
-2.30914797 -0.64663529 16.53532796 140 122 108
-0.78013979 -4.87448866 15.75729255 130 121 114
-8.25371477 -3.66494719 10.24712598 73 71 72
-8.24734237 -3.64018629 10.21769423 73 71 72
-5.94937997 -7.69659742 18.34125297 41 38 32
26.10326806 -2.70712494 21.81576698 37 35 20
1.91541061 -0.25845481 11.65723107 222 211 207
-4.08836626 -3.07703318 14.52254104 140 111 77
1.86560041 -0.40792182 11.30110876 223 215 212
3.71403210 2.94154052 13.24039775 236 235 231
0.63591350 -3.06807818 11.46885683 181 147 115
0.91980732 -3.45084633 10.65150522 78 50 21
78.10841083 -7.84784213 46.22320063 103 102 83
48.60554880 3.60238269 8.67821453 147 144 119
1.36404965 -3.01954893 12.29424273 165 139 115
0.85627085 -2.84400771 12.01850507 84 57 27
0.57099822 -2.96967303 11.02016749 201 167 132
-0.77849000 1.20698735 4.67349053 152 112 71
0.93561467 -2.87477286 12.22867649 99 72 34
-4.17328751 -4.32089897 16.33939668 193 170 153
1.13807743 -3.36836158 10.68818334 101 67 31
0.59653955 -2.86516092 11.81408026 124 91 54
0.59653955 -2.86516092 11.81408026 124 91 54
-3.60423287 -2.96499282 16.70092977 202 190 183
91.49586229 18.66126615 9.16820884 201 194 176
-0.70702151 -0.96318379 13.33370113 173 145 109
0.63728946 -2.99282732 11.04907294 93 61 23
77.89219111 38.89384991 -31.66970219 91 68 36
75.90661630 37.11502039 -31.18484126 168 156 144
-3.09972672 -3.69517744 16.50889232 141 125 112
-3.57580480 -2.84337091 16.53868336 123 104 94
-3.76175348 -1.80966000 16.95517576 149 129 118
-2.82769013 -3.81959895 15.50735461 96 63 34
-2.82769013 -3.81959895 15.50735461 96 63 34
-3.71233185 -0.78013031 17.11384845 183 155 143
-3.53147629 -0.00945723 17.47270312 169 159 164
-3.56809628 -0.19810098 16.90968046 119 91 77
-4.95023925 -3.45249173 15.25686059 166 140 115
-5.02685538 -2.91280820 15.46899646 169 142 127
-3.50395191 -0.08597319 16.75305972 182 159 149
-5.10618685 -3.39404573 15.09607372 103 74 49
-2.89763853 -0.69550244 16.22967504 108 95 86
-3.24494853 -1.67800030 15.65907424 111 83 67
-3.31296175 -1.54163211 15.72332398 187 173 161
-5.15108794 -3.37801017 14.77660327 106 70 35
1.40182237 -1.97091861 13.85276387 186 159 120
-2.07931668 -2.16728275 14.41577558 224 192 153
8.91023350 -1.59295728 11.42017747 97 69 39
0.99168936 -2.28297600 12.88100077 197 163 127
-0.22233704 0.67687303 14.54672293 113 86 67
8.51599714 -1.60746112 11.26447137 76 52 18
-0.34633705 0.59144364 14.43405829 130 106 94
1.35142688 -3.00419286 12.28189464 149 127 97
-0.01626009 2.09524840 14.92633678 103 92 100
-0.01626009 2.09524840 14.92633678 103 92 100
-0.93467943 -0.91523954 13.75180465 109 83 58
1.77499760 -3.68001892 11.60556177 97 71 34
0.77432970 -3.04221048 11.96673485 93 65 38
0.79217868 -3.03680453 11.92680430 193 162 138
2.25422213 -3.88803070 10.97515020 222 194 157
0.47497300 -1.85605488 12.34584535 140 112 88
0.25838228 -1.73095108 11.85865942 109 76 42
0.92395764 -3.19307462 10.45805283 114 76 37
0.46377816 -2.90146810 10.52741104 87 60 32
19.88070160 14.54050305 -3.58071401 222 212 197
11.07622133 13.44146158 -1.24553105 150 148 140
11.10873210 13.47966525 -1.26525177 150 148 140
7.17495424 12.29905242 1.00521469 164 151 136
7.11391818 12.17004890 0.97060500 194 182 166
7.78992404 12.43366791 0.17899963 135 134 129
11.45632551 14.03093200 -2.52632831 217 209 198
11.08243556 14.28619343 -2.27439497 214 206 204
11.18460856 14.22314093 -2.39107202 129 119 104
11.10751751 14.04205027 -2.58127694 123 110 84
7.25820645 12.61234955 0.26968090 215 210 207
7.26466119 12.63375409 0.25457772 215 210 207
6.24979453 12.45028646 0.99298972 210 206 198
11.59886976 14.70405977 -3.11166880 209 197 192
12.66558959 15.88083555 -4.56261234 121 115 99
11.79192115 15.38386272 -3.95895314 193 185 182
4.86411554 11.57907147 1.28884601 214 209 204
10.18315808 14.58551071 -2.74784543 205 196 191
7.39552011 13.73407030 -1.14908837 132 123 96
7.26835756 13.75151274 -1.53421114 192 181 186
-0.98340929 -2.14501077 18.63369991 181 166 160
-1.61870071 -2.41713520 18.04902872 108 94 91
-1.61870071 -2.41713520 18.04902872 108 94 91
-1.61070501 -2.69512811 17.85247671 84 69 65
-1.84426199 -2.75076976 17.65390386 159 147 147
-1.23770507 -1.37233668 18.55755262 119 101 94
-1.98185546 -3.14508460 17.29333692 141 119 105
-2.13327971 -3.04283297 17.29450350 112 88 88
-2.15714859 -3.09415461 17.20288250 127 105 92
-2.12103417 -3.15499606 17.07924558 66 46 34
-2.12326238 -3.41534653 16.85863505 179 153 136
-2.40620494 -3.12524591 16.91645824 107 85 77
-2.43365683 -2.27512830 17.42283313 174 163 161
-0.99759015 -0.74839366 18.36359870 95 67 64
-2.40873168 -3.57650735 16.58346921 150 125 104
-2.73696932 -3.77835272 16.38818129 78 56 32
-2.73696932 -3.77835272 16.38818129 78 56 32
-2.65206520 -3.14908798 16.73688804 118 98 89
-2.81782001 -3.90712187 16.26089653 131 107 82
-2.50256405 -2.96717828 16.82330062 104 82 72
-2.56974290 -2.64452985 16.90867781 88 65 58
-2.62158542 -3.91129743 16.07926651 81 48 13
-2.52691908 -3.98124598 16.02765784 209 178 149
-2.01490208 -3.94017601 15.90646047 193 167 136
-3.00346707 -3.87320403 15.90785325 161 128 92
-2.91813552 -1.83999777 17.05261891 106 82 72
-3.65291320 -3.67384586 15.91884451 182 153 129
-3.24008646 -3.79538477 15.83159460 91 55 19
-2.24097419 -3.93397586 15.66908554 179 147 109
-3.43530673 -3.70284158 15.75269110 94 55 17
-2.95633212 -3.83032449 15.65049053 190 155 114
-2.95633212 -3.83032449 15.65049053 190 155 114
-2.20775084 -3.86485407 15.59882945 167 123 86
-3.05455704 -1.86077279 16.75472624 93 69 59
-3.05455704 -1.86077279 16.75472624 93 69 59
-3.72883030 -3.64223683 15.64424127 93 55 19
-3.84641036 -3.64203583 15.59746449 84 52 21
-3.71933089 -3.74549881 15.51098268 187 153 117
-4.06255907 -3.63325866 15.49477693 175 144 113
-4.32712493 -3.57007812 15.41174957 93 63 32
-4.17664371 -3.66264065 15.20118241 186 148 102
-4.84504658 -3.43234118 15.24005889 95 71 47
-4.97206981 -3.29671864 15.21648712 177 160 143
-2.96623950 -1.61757719 15.88031388 122 100 88
-2.97011084 -1.76599236 15.56372221 192 177 164
-4.22690014 -3.60696747 14.70197573 188 158 119
-5.24072364 -3.45961440 14.86008683 112 85 56
-2.54873554 -2.58158489 14.82966171 191 161 133
-5.23599202 -3.40316212 14.81553843 105 74 53
-5.23599202 -3.40316212 14.81553843 105 74 53
-5.23599202 -3.40316212 14.81553843 105 74 53
-5.21140342 -3.41701633 14.76655536 113 79 51
-5.21351210 -3.45586054 14.74680001 208 182 146
-2.43897028 -1.52544816 15.23502999 104 77 57
-2.19220052 -2.31919120 14.63611505 195 167 130
-0.97473104 -2.34716359 14.26631859 197 165 126
-1.24354755 -2.20330937 14.30705030 91 59 17
-1.43868979 -2.20648686 14.20587428 198 169 130
-2.05874542 -2.17142796 14.36150752 200 169 134
0.44174644 -2.06379406 13.90275916 171 131 81
0.10701426 -2.15764905 13.89641806 150 115 74
-2.11489268 -2.03262048 14.40775191 208 186 155
-1.01746988 -2.31064057 14.02563647 182 151 113
-1.88676309 -0.88532898 14.79013289 178 170 157
-1.33907973 -2.17141759 14.01728906 180 152 112
-0.98270071 -2.02540131 13.92458564 194 162 126
-0.59684800 -2.10169274 13.77216914 195 161 120
-0.80917840 -1.95006160 13.85718154 193 161 123
-1.73370753 -1.36751867 14.34438691 160 142 121
-0.62332272 0.33676572 14.92714136 188 174 163
1.97117610 -2.58442918 12.92668695 105 77 48
-1.60110866 -0.76851419 14.58741915 161 144 137
-1.68283603 -1.29105552 14.34534615 87 61 43
-0.08329821 -2.00304455 13.59642764 80 44 9
-1.44123504 -1.70867598 13.91576274 221 196 163
-1.49960600 -1.68899281 13.91094909 171 146 116
-0.53052822 -1.83269861 13.60689858 79 46 14
-0.79623648 -1.82344014 13.65113143 200 171 136
0.17984850 1.91011549 15.17984419 77 67 75
1.70160449 -2.63312526 12.64494074 111 81 38
0.86110762 -2.16793729 13.02341608 141 107 70
0.62816736 2.24205055 15.17700686 65 56 61
1.56716007 -2.45641204 12.68105227 85 58 31
1.71194885 -2.92372960 12.32359119 62 39 12
1.71194885 -2.92372960 12.32359119 62 39 12
-0.80438770 -0.03314930 14.30527653 179 163 150
0.88556148 -2.14174361 12.86549972 186 153 114
-1.01359527 -0.40537432 14.15009940 169 155 141
2.49203454 -3.53936426 11.69962628 121 94 66
0.60861931 -1.82535913 12.97005575 185 152 117
-0.78596981 -0.52312999 13.91105731 84 65 47
-0.69482138 -1.10484197 13.60468098 145 128 104
1.87914007 -3.41531557 11.86185615 79 54 26
2.34043582 -3.58096362 11.65079225 106 76 42
-0.50368098 -0.07954005 14.00927494 115 95 84
1.78156788 -3.47753330 11.80787028 99 70 34
1.37211673 -3.12183196 12.06051749 87 60 31
2.81634148 -3.78060830 11.35509197 217 194 162
-0.76441886 -0.99353712 13.56845630 190 169 148
1.31188224 -3.24203991 11.97449228 94 62 33
0.10392697 0.75505104 14.11748357 113 88 69
2.26553741 -3.74703594 11.45963539 209 177 139
0.15380278 0.80679183 14.06603074 120 94 79
-0.02838286 1.45039052 14.39398987 166 143 129
1.56361606 -3.51499092 11.69101529 127 93 59
0.92668315 -2.92339400 12.11964985 161 134 105
0.81599850 -2.50867995 12.31812957 186 161 130
0.35526855 1.73563110 14.38169652 97 75 62
0.24546450 1.61776732 14.34073459 165 143 130
0.54565821 2.52907255 14.63663598 90 74 71
0.54565821 2.52907255 14.63663598 90 74 71
-0.56906094 -0.39573420 13.57949908 100 75 53
0.52204718 -1.76508076 12.60714544 41 23 9
-0.28534021 0.02675054 13.58421859 176 157 142
-0.37304608 -1.23570220 13.02185762 191 161 126
2.28660933 -3.83997261 11.08770072 218 183 149
-0.17744020 0.14446831 13.58323733 89 66 48
1.39609888 -3.53099652 11.44366531 209 176 144
2.18271586 -3.74919973 11.04582520 135 99 61
0.75274029 -3.08792258 11.72559130 93 63 34
0.75126465 -3.08630883 11.72621927 93 63 34
2.00934178 -3.74520555 10.98440349 212 184 150
1.08554610 0.07984744 12.89791273 147 127 106
1.05911230 -3.41768410 11.30336901 207 176 145
0.47410840 -3.06808871 11.58972900 183 155 125
0.62803057 0.81567240 13.21012939 217 215 218
2.10324232 -3.71434487 10.74934675 224 197 161
0.42757494 -1.73843592 12.03638443 84 60 36
2.38980610 -3.65318286 10.58803407 209 184 150
1.02526427 -0.75184089 12.24249369 69 52 23
1.40389827 -3.59547898 10.88548954 150 113 73
0.64599338 -1.08119260 12.12747802 116 96 71
2.01805604 0.82889037 12.44842873 135 118 100
0.68392285 -3.15347904 11.09143672 94 61 26
1.30756236 -0.51090726 11.99961532 82 61 30
2.03374927 0.63544297 12.23146998 127 110 97
0.83085671 -1.28046257 11.72917323 58 32 10
0.67508513 1.05206489 12.76028234 215 214 218
1.93702988 -3.48626549 10.35370411 154 122 80
1.88165622 -3.49321627 10.36767950 154 122 80
1.30994234 -3.44609958 10.32024395 213 183 147
1.98670782 -3.34596561 10.02731401 220 191 157
1.73298272 -3.34689873 10.09500035 222 188 150
0.02338406 -2.87469346 10.72858056 86 55 24
2.34855286 -3.12640066 9.68080092 131 128 100
1.53652285 -3.21459488 9.90178294 223 194 160
1.40825127 -3.10866859 9.94210192 89 56 19
1.67083367 -2.75380746 9.53517278 208 182 149
51.23938817 4.36208923 21.64799362 10 10 4
-3.73857608 -2.56147854 16.71518479 151 133 126
-3.98523815 -0.94199107 17.03668745 138 120 108
-3.93245599 -1.27533159 16.92538488 78 48 19
-2.55755076 -2.88412860 14.77850398 223 198 169
0.66226513 -2.20686970 12.60007230 113 86 59
0.55616795 -2.82135090 11.36039508 81 54 23
5.64819809 -3.49607170 21.16518046 231 222 213
-1.98115760 -2.21047393 18.60871507 117 101 89
-1.90246044 -1.92431862 18.79315611 164 149 144
-1.96271883 -1.87233631 18.80634393 104 90 86
-1.95343508 -1.71990893 18.90348165 109 86 81
-2.21391541 -2.20671114 18.48825060 114 94 83
-2.24724227 -2.66652218 18.13633609 96 83 75
-2.20545442 -2.54676121 18.16318703 83 64 53
-2.23554604 -2.55798437 18.15091934 83 64 53
-2.13160056 -2.76283085 18.02354747 197 173 157
-2.40913504 -2.74705725 17.99674641 123 113 111
-2.46230724 -3.09625951 17.57909165 118 104 102
-3.15559494 -2.94260757 17.58769195 127 112 109
-2.55517261 -3.16654799 17.47040366 140 126 125
-2.52426531 -3.11062831 17.48345290 174 164 160
-2.66902577 -2.73191168 17.62940453 126 108 101
-2.76323397 -2.44579868 17.72832951 173 159 155
-2.73213423 -2.96045400 17.40608152 185 171 168
-1.95675852 -0.68945822 18.78146076 135 123 127
-2.73119910 -3.06644133 17.25928439 172 162 161
-2.88690899 -2.44972881 17.47799996 100 72 61
-1.94515722 -0.65679074 18.49780011 72 55 56
-1.94515722 -0.65679074 18.49780011 72 55 56
-1.79852196 -0.63596902 18.47762381 86 65 54
-2.70556216 -3.52697099 16.61485854 85 63 49
-2.67927797 -3.40896880 16.68099218 83 60 47
-2.56326409 -4.04717105 16.28054916 119 90 57
-2.78047928 -3.67913113 16.45209240 132 108 91
-2.50569473 -1.51218177 17.73539891 156 138 139
-2.59080716 -4.05382805 16.20203606 159 123 81
-2.92416929 -3.24523808 16.62181353 108 79 75
-2.92416929 -3.24523808 16.62181353 108 79 75
-3.11437093 -3.64601774 16.37641120 99 78 61
-2.16245503 -4.04912212 16.11862441 186 158 122
-2.83754511 -1.70335836 17.52946930 118 102 89
-2.83754511 -1.70335836 17.52946930 118 102 89
-2.67556991 -4.02162285 16.09842945 88 56 33
-3.05324837 -2.78535150 16.83884172 174 166 162
-3.05324837 -2.78535150 16.83884172 174 166 162
-2.89507517 -3.62635683 16.32312516 92 69 53
-2.79852366 -3.99711588 16.08308323 192 156 118
-2.26282001 -4.08837460 15.95424089 179 149 112
-2.64049938 -4.08773030 15.90821296 238 210 173
-2.98444439 -2.82934736 16.62702218 151 132 125
-2.51982270 -4.03179457 15.82292033 152 117 81
-3.19842582 -2.27893965 16.80630044 158 140 130
-3.28104334 -2.04863787 16.91827192 176 161 150
-3.27779303 -1.25110248 17.27035194 130 110 101
-3.23268974 -1.45589954 17.13421297 96 72 60
-3.33355363 -1.67657932 16.97804931 167 141 127
-3.07336988 -0.05955237 17.75310616 88 66 52
-2.53341585 -3.80390671 15.57746440 86 52 13
-3.17084339 -0.16042051 17.68378248 148 130 125
-2.15886844 -3.83564543 15.45182074 171 139 96
-3.38236108 -1.07469543 17.09553989 130 97 87
-2.42133571 -3.62150935 15.43776171 221 190 153
-2.32231059 -3.60640699 15.38362129 80 43 19
-3.30206850 -0.98800407 16.92024256 182 159 141
-3.03728332 -0.75825821 16.98377905 121 94 84
-2.17876731 -3.49010656 15.27793326 106 70 30
-2.15061675 -3.44129769 15.20179352 149 116 76
-3.09492797 -0.05719086 17.13056645 109 81 68
-2.37118397 -3.32497403 15.23768093 175 151 115
-3.20569551 0.02536785 17.13626962 161 141 134
-3.05740629 -0.72000847 16.71358210 135 106 91
-4.57903342 0.71961019 17.61048231 148 152 163
-3.17903913 0.04901482 17.10601119 117 89 73
-2.99939464 -0.33047955 16.81679791 108 79 62
-3.27524952 -0.00524923 16.99739196 105 81 71
-2.90113522 -0.95646883 16.42179730 94 69 54
-3.06430802 -0.09814513 16.89878880 186 168 158
-3.08634121 0.25599305 17.06561024 165 145 135
-2.91670668 0.59269013 17.17703740 164 152 152
-3.06153908 -0.45941788 16.60110084 180 164 156
-2.91759199 0.42985357 17.01702491 104 75 58
-2.85003136 -0.61630974 16.44467808 91 65 46
-2.90902056 -0.38381234 16.52806074 185 171 162
-2.99241445 0.21296784 16.84760453 117 91 77
-2.92069073 0.28921825 16.82156678 161 144 133
-2.08105815 -3.13314327 14.88999823 202 178 144
-2.57513394 -0.38851865 16.37735602 150 134 124
-2.72474058 -2.05165943 15.47621803 194 171 153
-1.87904381 -3.02633412 14.82194841 200 176 142
-2.85967423 -1.27357931 15.87088947 173 159 152
-1.87490726 -2.72379140 14.77453390 83 53 20
-2.23809951 -0.83629188 15.80450216 88 65 44
-1.90953451 -2.66483196 14.73709628 208 179 146
-2.44691418 -1.58548207 15.36336517 113 87 72
-2.46877902 -1.31437037 15.43831431 179 167 157
-1.73522581 -0.87260866 15.54583084 106 81 63
-1.82486938 -1.12836571 14.82787755 171 157 148
-0.77865912 -2.10234442 14.10602909 163 129 94
-0.91581143 -1.92362246 14.22124927 153 120 85
-1.29547145 -2.16875251 14.12255884 203 170 129
-1.53837853 -1.50201347 14.44479163 217 196 169
-0.13064432 -2.16959674 13.78701877 155 121 81
-0.39672183 -2.26740689 13.78473653 155 121 81
1.26001301 -2.88614770 13.06999354 205 181 152
1.10604104 -2.19954859 13.33043388 96 79 46
1.66330535 -2.46973221 13.02560293 70 46 19
1.22913525 -2.27829155 13.20721683 223 219 208
-1.07950543 -0.66452913 14.50537095 120 94 77
1.03598494 -2.91145548 12.93186607 199 171 141
1.03598494 -2.91145548 12.93186607 199 171 141
-1.19802055 -1.24077663 14.21086989 211 191 167
1.43547479 -3.18030105 12.65445593 182 169 139
0.99907323 -2.92531724 12.82062531 195 161 123
0.98548921 -2.22500124 13.12684687 72 53 33
0.87582140 -2.27144122 13.05981881 184 155 117
0.96313322 -2.42176954 12.95171475 87 61 44
1.15743900 -2.40725509 12.91519009 79 52 34
-0.16426480 -1.83154081 13.49002887 147 113 80
-0.42369532 -1.93368444 13.49347480 147 113 80
1.34434428 -3.49945891 12.32692980 209 190 160
0.97521756 -2.37792016 12.93223005 94 70 47
0.33006895 -1.78802310 13.33762362 102 67 26
1.19569223 -2.88071023 12.60744466 107 78 49
1.04583427 -2.91509517 12.62107795 107 78 49
0.86764642 -2.49376984 12.85498229 156 130 106
0.86764642 -2.49376984 12.85498229 156 130 106
-0.59937250 -0.38557010 14.16203265 96 73 57
-0.25834602 0.35134410 14.40853454 132 114 105
1.17241355 -2.51973328 12.71828481 155 126 96
1.11090033 -2.53492835 12.72485585 155 126 96
1.40167934 -3.25492816 12.27400417 200 167 134
0.89553090 -2.52692927 12.72303672 94 64 39
0.86184129 -2.22313422 12.82034016 72 44 14
0.11780860 -1.53530211 13.32627916 82 50 22
-0.29063960 0.07023015 14.11598135 108 89 65
1.43275328 -3.82270293 11.86878631 199 175 147
0.82508528 -2.46165646 12.65934415 99 69 46
-0.05322037 0.82633850 14.34248009 175 151 139
-0.19528907 0.07068157 13.92504621 180 161 147
0.83571033 -2.54041711 12.40839875 75 47 21
0.62873491 -2.33259873 12.51323583 105 76 48
1.40646915 -4.06077360 11.48893598 210 185 153
-0.34039146 -0.40211720 13.61402617 155 138 123
-0.22797107 -1.43587676 12.98250879 196 163 131
0.10284883 -1.07941966 13.05796503 88 58 28
0.80559148 1.40638008 13.82649762 90 71 47
0.43771336 1.55554295 13.98131798 118 97 83
0.42518823 -1.22848817 12.72798803 86 57 24
0.76129077 1.39444368 13.77128946 173 166 158
1.15435836 -3.98672558 11.04979759 161 138 109
1.64020130 -3.84568769 10.95505450 225 194 163
0.55596125 0.33180250 13.08756485 101 78 54
1.72956615 1.03083154 12.91882492 140 121 97
0.68172955 -3.56095936 10.98748974 221 186 154
1.85278027 0.73906504 12.38202490 133 119 100
1.74972831 0.78316607 12.41174140 126 115 98
1.30049906 -3.79025565 10.64258193 146 138 108
2.07838811 0.29444925 11.96881895 133 111 88
1.40247403 -0.45814636 11.83758892 152 131 107
1.85113134 0.44067906 12.05543764 236 229 219
0.76952585 -3.25221431 10.87934146 100 67 42
1.51195404 -0.86082426 11.51332905 128 108 89
0.96249297 -3.57035623 10.42667245 160 126 92
0.59075549 -3.03143722 10.66903769 205 174 143
0.53005834 -2.93598663 10.65686419 202 168 136
1.41384454 -0.83931670 10.97179757 138 117 90
2.10569566 0.12620090 11.07023118 224 220 211
1.27394675 -0.72227213 11.03895980 138 123 108
1.12181608 -3.19023471 10.13276268 89 58 26
1.12181608 -3.19023471 10.13276268 89 58 26
1.28995383 -0.68703734 10.97758303 155 140 126
0.52561210 -3.07977861 10.30594686 80 50 20
1.30068210 -3.13648290 9.84248259 138 105 66
0.56366518 -3.05254931 10.15645090 196 167 136
1.37512950 -2.91517701 9.66807346 209 185 154
1.34892057 -2.85025438 9.70353895 123 102 68
1.49228333 -2.80063647 9.59852952 213 191 160
1.97630791 1.37623500 10.78998930 204 205 212
1.19017041 -2.66255735 9.60497790 189 164 133
1.76493503 -0.81449132 9.91432509 108 87 59
2.11505348 -1.92713860 9.32172539 208 185 156
1.56342575 -0.79671071 9.89845461 193 176 159
0.64612731 -2.19268077 9.78991783 100 77 46
2.14007584 -2.20259503 9.14091623 196 170 140
1.59823216 -0.65638248 9.90039298 98 93 74
2.45477310 -1.82111953 9.04535974 193 164 129
2.92167219 -1.39751119 8.70682258 177 163 140
3.37224064 -1.25433341 14.59287979 224 213 205
5.50324049 -0.82809370 12.95120392 213 204 195
-8.08186894 -6.09595657 13.92470084 79 82 73
-0.03002648 -0.30806867 8.30784103 56 31 9
-0.37808339 -3.18160184 16.86306505 233 235 231
41.55573279 -4.78289271 26.94029689 113 111 95
-4.65763460 -3.54610153 13.47251997 179 142 95
22.83113006 -10.20134341 28.15416035 152 144 137
-0.38127273 -2.05755138 14.75398495 196 158 115
0.47855422 -1.87960202 12.82642782 52 24 0
-8.24478971 -6.19234615 15.03931297 117 114 105
-8.23898809 -6.17135509 15.01036391 117 114 105
-8.23124879 -6.14545357 14.97291712 117 114 105
-5.63525896 -3.78369790 13.16524263 232 227 224
-3.87600627 -4.16435809 16.31981066 172 143 125
55.01044265 4.78466596 9.07871998 7 33 68
-3.67656733 -3.68952640 17.00865931 163 134 95
-0.05230660 -0.17321574 14.14195866 102 83 64
10.66226119 -3.76427391 28.51488793 137 135 121
-0.51286974 -0.49808038 13.87041257 152 129 105
40.28786874 14.83084982 15.20872297 159 134 109
1.80702781 -3.74729245 11.23493355 217 186 155
0.63313202 -2.88980254 11.73770582 100 68 37
5.68732114 3.07606016 12.11722243 133 112 80
-4.06513400 -0.56510046 16.78469368 195 171 158
-5.27002504 -3.47041858 14.85391251 143 108 77
-5.21693641 -3.47401243 14.77702634 215 184 150
0.75087849 -2.58353384 12.41298904 102 66 42
0.90159502 -3.30625587 10.89282463 202 164 127
9.15902850 12.41172189 -0.67377648 137 124 108
-3.39668786 -3.51770946 16.85968826 225 206 193
-3.37747138 -3.63796442 16.50177953 149 129 118
-3.66558837 -3.20713086 16.61244467 108 88 78
-3.67919325 -3.22803726 16.50025130 184 167 160
-3.73054899 -0.14263259 16.79117823 163 137 127
-3.36930413 -0.51968076 16.36585631 186 167 160
-2.98865493 -1.78920253 15.14687185 101 73 50
-1.70733088 -0.27999735 15.42374858 190 173 164
-2.28752993 -2.29538682 14.44054040 217 185 145
-2.48541091 -1.71983030 14.55658134 103 74 45
3.77593651 -3.15554217 11.71875190 202 183 156
0.83933863 -2.89458024 12.03798163 168 144 116
0.82649590 -2.89469574 12.03912899 168 144 116
0.98120555 -3.24340533 11.68696235 78 48 14
-0.45636790 -0.00474000 13.59512233 102 77 57
-0.52072648 -0.85368341 13.13677531 181 156 123
0.54327244 -2.94718810 11.56102217 168 137 107
-3.63633924 -0.83234322 18.84710807 147 150 163
-1.65503189 -0.48904534 18.53045735 60 52 67
-3.19408186 -3.50588407 16.39223444 71 50 38
-3.40506590 -3.09550611 16.65515399 100 80 75
-3.71254095 -2.99069476 16.46839197 171 153 146
-3.71254095 -2.99069476 16.46839197 171 153 146
-4.05910825 -3.88382285 15.54714691 117 86 58
-2.70036823 -3.56426667 15.17893890 205 177 140
-2.69127617 -3.55782283 15.10830192 128 93 52
3.29506868 -2.07189298 14.54478538 202 198 186
-4.93459181 -3.68636524 15.23223075 75 48 24
-2.67496256 -3.24985722 14.84393199 147 121 88
-5.23824411 -3.58508674 15.16735482 160 135 110
-2.26186753 -3.01166793 14.63891899 179 155 124
-5.39661270 -3.55686584 15.05706604 119 97 77
-5.41583047 -3.47100656 15.05183197 177 161 138
-2.27449278 -1.45960569 15.26637040 104 77 57
-5.55638321 -3.58793031 14.72856810 204 177 146
-2.18718672 -1.36657389 14.43241339 157 143 130
1.66612174 -3.12228362 12.35112727 171 143 102
-1.44537161 -1.16493492 14.02730039 75 58 40
-1.55288582 -1.28800861 13.98620854 153 135 118
2.89155581 -3.74765893 11.38872853 209 186 155
-0.80860608 -1.52567147 13.52349825 195 166 134
-0.82857359 -1.53306463 13.52329880 195 166 134
0.34049432 -1.90512576 12.88248105 193 163 126
0.60996336 -2.03262786 12.73182642 133 100 66
0.67421791 -1.77817869 12.72485814 55 32 16
-0.74495717 -0.54968379 13.64822450 170 154 136
2.32325750 -3.74884857 10.80933061 130 122 97
0.76161476 -1.50304692 12.23458937 67 49 28
0.52943575 -2.88206732 11.42416914 130 105 82
-0.83736388 -4.19894591 10.98144938 129 129 104
0.28440715 -2.18060317 10.71819713 90 64 36
0.56245968 -1.89904761 12.31603256 90 63 43
1.69201282 -0.88177828 11.53159796 128 106 82
0.96715788 1.20113356 12.60401349 219 219 226
-0.56399320 -0.11461928 13.58831418 156 127 103
0.23807212 -2.01205563 11.00656354 88 61 32
0.34807986 -2.78086383 10.23565643 129 96 64
-3.63944336 -3.99453123 16.26802210 154 132 109
-3.63944336 -3.99453123 16.26802210 154 132 109
-3.54126270 -4.31070329 15.80817325 231 201 166
-4.03822134 -2.77349277 16.67202255 97 75 62
-3.06046589 -4.20101995 15.52110134 180 148 108
-4.04086175 -3.00279567 16.29041909 111 91 77
-4.10799931 -2.10207909 16.77679961 126 104 89
-3.02438223 -4.13116992 15.44919408 176 138 100
-4.13744652 -1.63661949 16.90409023 178 156 142
-3.13084164 -3.89533036 15.33599946 86 48 20
-3.88971513 -0.20265404 17.21516405 95 93 108
-3.90364096 -1.58665301 16.14909478 181 162 150
-2.49720480 -2.45968505 14.58217350 201 175 142
-0.95284878 -2.05666091 13.88616172 92 61 28
1.59343704 -2.32705451 12.93994840 183 160 138
1.24193955 -2.34135293 12.93089915 87 61 44
-0.43981226 -2.00649913 13.56333872 170 142 105
1.35838914 -2.76885711 12.64257910 194 162 122
-0.28944732 -1.73339837 13.55825124 91 61 32
1.29710960 -3.33001875 12.21062345 74 48 17
1.29710960 -3.33001875 12.21062345 74 48 17
1.34165517 -3.53690854 11.95052229 72 45 6
1.06942002 2.52777283 14.80209824 148 126 113
0.24773683 -1.75169322 13.07941497 81 50 21
0.85286087 -2.40598851 12.55452045 109 79 51
-0.61560349 -0.10568587 14.03354351 126 100 85
0.75020237 -3.15994385 11.84954638 182 147 115
-0.51984991 -0.38882293 13.50961503 169 150 133
0.62950893 0.74042803 13.28410293 125 107 85
1.58887381 -3.70743510 10.90635033 132 97 59
1.27382110 -1.08898104 11.66025951 64 39 14
1.98196113 -0.07743915 11.77717854 120 100 73
0.36368428 -2.87098310 11.24735434 145 112 74
2.07492349 -0.48877411 11.47255245 221 220 208
0.34818791 -2.02687833 11.42827953 135 107 82
1.13849770 -1.01806977 11.41883308 121 96 73
1.37831236 -3.35364920 10.17870224 239 208 177
1.73179392 -0.21257663 11.22613373 227 220 210
1.78961031 -3.24991406 9.85229974 141 133 107
0.42706750 -2.75956937 10.63395085 87 54 20
3.42440256 -1.49988842 8.68195618 108 89 56
3.78768213 -1.44023191 8.42037289 194 175 144
3.93892296 -1.29908475 8.35632980 188 171 144
-3.64573300 -1.98799741 18.81333161 216 207 208
-4.02896843 -3.68391826 17.04005664 141 124 118
-4.08528649 -3.62127156 17.03545924 111 98 100
-4.16568512 -3.68450050 16.85873719 87 66 60
-4.23299852 -3.77229601 16.78005169 184 169 166
-4.28205525 -3.62825490 16.82996323 167 156 156
-4.15083968 -3.85736987 16.57887158 75 47 36
-4.41111123 -3.08744981 16.98530197 151 140 137
-4.48301950 -3.11207317 16.93932427 151 137 134
-4.41246036 -3.08266187 16.90523090 151 136 131
-4.43616875 -3.70598339 16.49813234 155 144 142
-3.67541728 -4.40427929 15.96620193 208 181 148
-4.29385340 -3.79044001 16.32066873 95 71 62
-3.66679617 -4.39331908 15.90625828 206 179 148
-3.36771668 -4.38129993 15.83662303 165 139 108
-4.45886269 -3.28287376 16.55959047 109 90 82
-4.41228581 -4.35035358 15.84868056 160 128 91
-4.20485474 -4.31255983 15.78000483 77 45 14
-4.63346637 -4.31923101 15.79155667 202 170 133
-4.28967718 -4.28705626 15.73921989 81 45 13
-4.59903893 -2.93756484 16.54388512 154 136 124
-4.59728470 -2.52435811 16.71819213 138 117 107
8.04332386 -2.23949647 15.32761856 115 112 95
-4.41353589 -4.22490521 15.69303792 181 146 104
-4.40037666 -4.22103810 15.66653286 87 51 17
-4.30819708 -4.33477457 15.54740119 142 110 68
-4.99766065 -4.11195036 15.69342872 89 65 40
-4.59710233 -4.15554831 15.59393546 87 47 21
-4.70955807 -4.15900994 15.60232175 185 150 112
-4.64583424 -4.16317184 15.53206866 124 90 62
-4.62686141 -4.19676706 15.48843699 160 125 91
-3.72844098 -4.16213894 15.37187807 148 112 76
-4.67935549 -4.15632125 15.39143398 140 107 73
-5.14037636 -3.98610054 15.35985743 82 46 19
-5.37110916 -3.79298064 15.49946460 159 144 125
-3.48676146 -3.68714070 15.08968853 203 178 147
-4.36600176 -2.27030507 15.83628106 103 81 70
-4.18825359 -0.62813748 16.60243722 107 86 67
-4.20772727 -1.58429071 16.07009054 127 113 102
-4.18436837 -2.05781032 15.81717944 177 160 150
-0.13743022 -2.12931335 14.89529362 82 53 20
-5.66633113 -3.67427929 15.20457861 98 75 54
-3.00967086 -3.36271701 14.78174014 178 153 122
-4.27744779 -1.97400734 15.77679571 101 74 64
-5.74991240 -3.72432923 15.10170116 89 64 42
-5.68735944 -3.75208371 15.06897442 86 61 39
-2.96855018 -3.14303031 14.76088670 82 53 20
-3.88736822 -1.73296127 15.67032650 96 64 45
-3.96832654 -2.11814108 15.49087216 174 159 150
-5.78938870 -3.79072932 15.03787851 71 49 29
-2.55255497 -2.81425040 14.57508530 206 181 147
-2.90326693 -2.71872162 14.68631781 86 58 29
-1.95017766 -2.51377162 14.36998339 91 57 21
2.98889924 -2.48940145 13.03265620 94 87 69
-1.57251715 -2.32715823 14.20417368 81 46 14
1.17353085 -2.14860655 13.53733217 167 131 93
1.42822707 -2.08190535 13.38848131 171 143 107
3.15412432 -2.44173941 12.72640113 107 77 50
2.15810342 -2.39721893 12.96820491 95 73 43
2.49624038 -2.88555337 12.61385257 206 186 156
1.34037394 -2.78272380 12.97424284 122 87 54
1.15910570 -2.15868400 13.30650635 198 172 143
2.61144212 -2.98902556 12.43931113 170 146 113
-1.72584272 -2.11198397 14.03905366 161 132 96
1.41526871 -2.86547217 12.73174873 72 45 19
-0.01554672 1.63089138 15.27811924 67 61 75
0.98707807 -2.14719837 13.16090140 181 147 112
1.28141487 -3.04347720 12.55308022 167 133 100
1.19773557 -2.29175765 12.92047445 172 140 102
1.63539270 -3.36469639 12.26836991 146 121 89
1.16507884 -2.21172849 12.94644894 150 120 87
1.16507884 -2.21172849 12.94644894 150 120 87
1.18491813 -2.31619062 12.87419404 86 61 32
0.59449996 -2.26774721 13.05296925 122 91 53
-1.21708685 -1.74495105 13.84192696 102 76 42
-1.45273236 -1.88182417 13.83943645 92 65 34
0.94384223 -2.30402994 12.88903668 188 155 122
0.93987292 -2.42526904 12.80712526 83 56 31
1.43937810 -3.30099976 12.18044630 66 41 14
1.67839239 -3.51253574 11.96459773 75 48 22
2.23539770 -3.60466080 11.74539223 124 97 66
1.44266752 -3.19233674 12.16287786 104 76 46
1.63461405 -3.46981407 11.96936044 180 147 111
-0.35350785 -1.71628558 13.39622775 188 155 118
0.87366511 -2.62942320 12.57661108 192 166 138
-0.30445036 -1.72413602 13.32706187 92 61 27
2.44187162 -3.76156260 11.48716912 125 104 75
1.06263491 -2.94723088 12.25746605 95 65 36
1.06263491 -2.94723088 12.25746605 95 65 36
1.07349844 -3.16029020 12.15168182 90 69 43
-0.40550590 1.74179195 14.86693663 135 116 109
0.95818534 -2.74441918 12.35073530 109 82 53
1.24661152 -3.31325702 11.92375645 79 48 18
-0.43824469 -1.63917488 13.08794186 179 144 110
-0.74917709 -0.80692194 13.52359217 82 64 43
-0.74917709 -0.80692194 13.52359217 82 64 43
1.02683825 -3.18952135 11.74046750 69 40 7
0.18185084 1.99096190 14.32983297 97 71 56
0.07125668 1.88536548 14.25126486 92 70 57
1.46144133 -3.50717471 11.34620739 182 149 118
0.25446110 1.65601802 14.03753659 114 94 78
0.22599133 0.71828462 13.58752980 106 83 65
0.17255269 2.16143027 14.21184529 117 100 91
0.36433944 0.78512987 13.49937327 215 214 219
0.36433944 0.78512987 13.49937327 215 214 219
1.13812623 -3.39300762 11.13290983 139 108 66
2.96062387 -1.27283470 11.36467304 142 116 92
1.46668756 -3.52643274 10.94190940 184 149 112
1.58470389 -3.52033953 10.67560375 132 103 66
1.58470389 -3.52033953 10.67560375 132 103 66
1.25801374 -0.91285253 11.74424245 135 115 98
1.80107578 -0.33621737 11.67237545 154 142 131
2.12643126 -3.48768543 10.20260242 210 182 149
1.71378309 -0.76327773 11.38793980 214 206 195
2.21330363 -3.40335314 10.06116495 133 125 97
0.67112865 -2.89267066 10.32590206 178 144 107
1.58246904 -2.97993670 9.71863145 228 199 163
0.63302354 -2.77352438 10.21821260 172 142 106
2.04132946 -2.87683424 9.51020978 134 125 97
1.55999988 -2.88765927 9.69107693 208 183 151
1.97778975 4.09247018 12.18273001 149 152 157
1.97778975 4.09247018 12.18273001 149 152 157
3.95960879 5.02493649 11.14621721 151 152 157
-4.29255162 -0.78810767 16.90639198 196 196 206
2.18066291 -2.22342843 9.34170557 127 93 55
3.23356252 -1.33048359 8.75949922 0 0 0
3.51671668 -1.81709819 8.85769355 174 147 117
-3.89787807 -1.13350682 16.48208469 207 207 207
-4.50950681 -3.62580866 15.19749325 174 143 100
-3.92200223 -3.63491022 15.86437331 95 77 62
0.00800716 3.34134184 12.42004505 119 119 116
2.24708115 3.70276249 11.95548089 124 129 135
3.08996417 -3.31105544 11.12370852 140 106 73
3.25717766 -3.21912905 11.16628557 68 38 12
-5.30492355 -3.27346390 14.97931858 218 216 214
-5.53537302 -5.99140084 89.37359533 221 222 221
3.05531885 -0.65342617 12.47673476 123 101 78
1.53450675 0.04207131 12.15740382 133 112 89
-3.50189145 -3.70783789 15.47143932 147 115 79
1.50059944 -2.18108034 9.73916449 47 26 1
-2.66636159 -4.29662819 19.44780981 235 225 223
-4.91002242 -3.27991759 15.12390923 152 135 122
-1.87056103 -0.40102123 15.31064255 139 121 110
-1.05007880 -0.42442152 14.95233732 102 81 65
-0.67416047 -1.77336597 10.75258994 128 107 87
12.79824974 -18.07743828 69.96474053 56 57 55
3.66383270 -0.88491500 9.18371853 222 214 206
-2.11607194 -1.85310325 13.34626796 172 141 110
-3.55638357 -1.01207363 16.37223082 152 134 125
-0.22091601 -1.07198797 11.53844936 51 31 7
2.77410675 -3.59971107 11.16794151 173 145 98
3.09757463 -3.35593663 11.25045389 83 49 14
-0.94073144 -2.23286183 19.49159565 157 134 127
-1.22084973 -2.05610044 13.92274578 173 141 100
9.57447902 -8.73113515 28.33630068 84 85 76
3.02276874 -3.35859163 11.24688909 149 117 80
-4.02634433 -0.95262761 17.04608946 148 128 117
-3.63311555 -2.00435899 15.63402684 192 195 199
-3.45313517 -1.85989037 15.62022667 155 141 133
-3.48532914 -2.20572758 15.59173119 119 102 94
-3.28772518 -2.18452512 15.39955050 156 140 123
-3.44369476 -3.73814281 15.23371245 82 54 32
-3.51778102 -2.83962173 15.94553275 102 84 68
-2.87098526 -2.26672487 14.88397291 147 128 111
-2.18260395 1.24114963 15.78554573 112 111 109
-2.55413299 -1.99947794 14.67111500 155 134 113
-2.55042080 -1.99768547 14.66664295 155 134 113
-2.54563482 -3.24622010 14.92108748 134 105 75
-1.63967490 -0.52805410 14.64163368 142 133 127
-2.91886138 -3.93444066 15.60403631 171 138 109
-1.47508395 -1.88126618 14.11473071 165 138 106
-1.42190619 -1.92591315 14.08906573 66 44 18
-2.37862543 -3.90417245 15.34092667 125 88 55
-0.80966842 -1.02997884 13.55951098 161 143 122
-0.73041412 -1.03379333 13.35127813 161 143 122
-0.34974696 -0.04746755 13.21975068 138 122 108
-0.11269714 1.08407946 13.76047517 75 57 43
-0.04636061 -0.03755607 12.94247541 78 59 43
-0.54586650 -1.43136899 13.36613206 164 134 108
0.77570590 -0.33347003 10.93611822 63 43 18
0.58271646 -2.29677319 9.75334984 185 158 128
0.46245028 0.98280575 13.51743037 99 82 64
0.53205119 0.21650279 12.58834851 121 105 89
0.84863807 -2.22764998 9.80352269 168 137 110
0.80892798 1.12974367 13.78321605 70 48 28
1.33965198 -0.96603498 9.99475328 50 29 8
1.33478566 -0.79846933 10.27401005 94 74 50
1.01617086 -2.34817703 9.95067154 94 67 44
1.01547885 -2.65654108 9.80146250 39 21 6
1.31025226 -1.85278888 9.56921685 140 111 79
1.47811135 -1.30719754 9.71117844 93 69 46
1.42052225 -1.59810573 9.59534138 129 101 77
1.39505817 -1.74408501 9.62230538 158 133 102
1.08135903 -2.80312337 9.87680719 157 131 104
1.48758775 -1.58616517 9.69956292 113 89 61
1.65478859 0.08783717 11.99651476 53 32 11
1.61945254 -0.27636635 11.70059217 108 88 64
1.70763382 0.08808497 12.01102590 54 34 10
1.54252912 -2.27120364 9.54374809 81 54 27
1.70819519 -1.71862608 9.74711255 46 28 7
1.92122894 0.47945792 12.40150023 85 61 37
1.92349118 0.26627794 12.08752842 77 53 29
1.90807617 -1.38059271 9.85217189 121 103 83
1.94260800 0.59727119 12.80379176 80 49 22
1.43899355 -3.15397762 9.83344010 165 138 106
1.93450552 -0.33193954 11.69405542 69 45 20
1.90212874 -0.57117359 11.53097834 127 106 79
1.59201082 -3.04766814 9.68718964 149 119 90
1.68242680 -2.89071463 9.63882191 67 42 11
1.95915194 -2.46419592 9.53880699 154 119 87
1.96129245 -2.56713721 9.52146890 73 46 17
2.34018997 0.19979655 12.52875066 79 48 23
2.95793816 2.44989789 13.14053564 204 194 192
2.30383499 0.76492970 14.36566919 68 45 14
2.48199819 -1.00795054 9.69478002 122 106 86
2.30747434 -2.04946847 9.29335158 73 47 20
2.50556855 -1.41557914 9.19463351 49 30 12
2.39820396 1.00566912 15.04731938 77 49 13
2.52981871 1.20556508 15.31008229 106 86 64
2.57925298 0.13261224 12.69326106 131 106 82
2.61043445 0.06595792 12.75580739 78 53 25
2.50102678 -1.93587176 9.18246159 157 128 98
2.60773274 -0.25208328 12.28306059 137 116 89
2.20696611 -2.78233813 9.67724812 80 48 9
2.61910543 -0.07259563 12.64169821 73 45 19
2.62789271 -0.27873429 12.44305050 78 51 30
2.62346990 -0.34295372 12.38541867 74 46 24
2.54516125 -2.33079453 9.26505151 161 131 101
2.29720613 -3.04194558 9.87677210 175 144 108
2.81599570 -0.20607195 12.68570774 157 135 108
2.84629523 -0.23342991 12.79101181 85 55 28
2.63083218 -2.41482761 9.35317340 86 49 12
3.06222880 -1.24688868 8.91490835 49 27 3
3.10617700 -1.26697681 8.86949327 118 100 76
3.12177917 -1.21757920 8.94684403 47 26 8
3.11760705 -1.39507852 8.72302346 58 40 20
3.11729259 -1.39474052 8.72129316 58 40 20
3.14047684 -1.36531548 8.72727124 126 108 90
2.35453701 -3.70095647 10.65068280 69 43 18
3.12857626 -1.89729341 8.85557309 90 60 26
3.20500584 -1.84274089 8.80522504 90 55 24
3.49094596 -1.44412927 9.06555888 0 0 0
3.61916047 -1.23872429 9.21556379 11 5 7
3.61264809 -1.82127003 8.97780670 141 117 89
3.27907970 -3.37585908 11.13112844 151 129 101
3.38371257 -3.12781873 11.17473552 65 36 9
3.35900702 -3.15198306 11.31367689 65 36 9
3.33123846 -3.37034612 11.14919461 209 204 199
3.34724357 -3.33429364 11.16327432 135 114 83
3.40454371 -3.09036679 11.34441418 47 22 2
3.62802510 -2.85917844 11.37884419 75 45 16
3.89227352 -2.21729817 12.04850049 209 206 201
3.85798224 -2.36948702 11.78679726 68 43 15
3.90093214 -2.31999954 11.91792639 115 100 75
-2.43279761 -2.48154342 14.62751428 156 123 88
-0.24274000 -0.42495709 13.19241471 132 112 85
2.72224020 -3.35776449 10.52396823 73 50 26
2.40602742 -1.63960781 9.13699722 144 120 89
2.21577542 -0.85396037 19.25313800 193 161 121
-1.53846811 -1.36638972 14.14480456 232 209 184
-1.03208945 -3.76434737 12.87300057 247 241 226
0.74322274 0.00569087 19.05610129 93 68 61
9.77914785 -9.52615980 32.19233384 88 92 77
-2.55053462 -3.14090144 14.84970389 73 44 13
3.35120685 -1.55086975 15.60335329 135 110 87
13.05321084 -3.78320599 19.02618795 88 85 76
-2.71252004 -2.70434883 15.98517614 76 51 22
-0.50212493 0.58666306 14.14183648 91 82 81
-5.36476091 -3.43407822 15.12646582 139 122 105
-5.35626224 -3.45285465 15.12270744 224 221 217
-5.29324309 -3.47276320 15.19360739 151 125 104
-3.19793974 0.16431336 16.91287557 129 110 100
1.14901864 -3.34620101 10.72049592 93 59 35
0.14069170 -0.86279896 12.44815599 81 59 35
2.35722614 -2.40407622 9.32039961 116 84 47
2.58148192 -2.39070468 9.34039403 185 148 103
-1.25262012 -3.36216828 16.22020643 232 230 225
-2.82925828 -2.00477051 14.94986666 109 83 70
-5.07739643 -3.33571178 14.75032187 146 124 102
0.69659886 0.13595579 12.42701715 94 68 51
4.21833459 -1.52565266 14.91241388 164 133 103
-5.08581324 -3.63539789 15.13460473 217 205 192
-3.34311189 -3.74048384 15.45506587 210 206 202
-2.54369210 -2.86361835 14.78052992 156 125 87
-2.26669139 -3.32138826 15.02037324 85 53 15
-0.58944696 -1.45129398 13.42045228 146 113 81
0.09425758 -0.67923789 12.48267457 108 84 61
1.37041345 -3.12647019 9.89687451 80 49 21
1.40730099 -3.04796956 9.83596969 177 145 104
1.83764973 -2.18333416 9.55422347 133 110 81
2.13098292 -2.55944381 9.46278024 85 58 27
3.40051183 -1.69449279 8.64208794 15 8 4
-5.23628890 -3.32135863 14.92665127 132 119 100
-4.60036198 -3.39333188 15.10075353 124 98 71
-0.77798451 -8.73582975 37.03025765 81 72 59
-4.33520710 -1.95451023 18.14531757 149 147 134
-4.30439742 -1.99585822 18.18974938 144 142 130
-3.19304857 -3.51332130 15.70834916 152 118 75
-3.32234829 -2.20293480 15.41595652 182 160 144
-3.18450458 -2.51746176 15.26862909 176 152 128
-3.26068390 -2.07543282 15.52353556 159 139 123
-2.74012628 -3.26025916 15.15833754 70 47 14
-2.89797463 -2.89353780 15.01181523 152 119 78
-2.65313261 -3.19510282 15.07123494 80 52 9
-2.75162040 -2.71349405 14.93491619 145 117 74
-2.52822755 -3.22786246 14.84744396 136 111 71
-2.49290399 -3.00940428 14.86169320 164 129 84
-2.25675350 -2.84566613 14.75908993 74 47 14
-2.09076264 -3.08647904 14.83434741 172 138 91
-2.32703104 -2.25300419 14.56209275 156 123 86
-2.23888755 -2.09683517 14.47893033 143 118 86
-1.68944052 -2.82554185 14.62575834 116 82 36
-1.72368345 -2.08046752 14.24586701 74 49 13
-1.85951056 -1.37197366 14.32322700 90 68 54
-0.52088805 -1.86433815 13.50271268 76 46 12
-0.41156584 -1.77848976 13.45070673 176 138 93
-0.54187044 -1.11063266 13.13825013 68 41 16
-0.43291530 -1.39293998 13.18679338 175 137 94
0.14970465 -1.80234352 12.95155478 178 141 97
0.20605478 -1.80734407 12.93843939 80 48 17
1.16224833 -3.21614659 10.18883093 195 172 135
1.30593092 -2.96017085 9.76340728 113 82 38
1.55810467 -3.19609895 9.82772396 174 140 95
1.54134779 -2.92554502 9.72945120 172 135 90
1.28647846 -1.44311582 9.63198403 132 107 76
1.68588899 -2.07071229 9.65553843 104 107 87
1.73298198 -1.78968591 9.67192962 109 85 56
2.13412906 -2.21102937 9.38188150 146 117 77
2.83422694 -1.72526142 8.86203616 61 37 5
3.00094294 -1.55550687 8.72184086 54 32 9
0.05639518 3.22842236 12.23519244 125 126 128
-0.54624313 -0.33962747 14.09393228 178 160 148
-3.17639670 -7.66228761 28.12842072 31 30 28
-5.04840467 -3.65576940 15.18162039 209 208 207
-5.05453779 -3.44659808 15.03034209 156 121 78
-5.05453779 -3.44659808 15.03034209 156 121 78
-4.93212308 -3.33476995 14.96187066 123 101 77
-4.59585194 -3.38696857 14.97423317 203 206 205
-4.26074962 -3.85525917 15.75850615 207 202 198
-4.10106913 -3.90470935 15.86871020 214 205 195
-4.28346896 -3.43489281 15.13904858 215 217 217
-3.87812652 -4.01960232 15.96105790 207 200 189
-0.74913405 -8.62532728 36.46303334 160 146 129
-0.74913405 -8.62532728 36.46303334 160 146 129
-4.05641435 -3.57594277 15.14335911 101 77 53
-3.90745985 -3.64335097 15.16470207 125 101 75
-0.58464996 -8.36331341 35.67437771 185 170 156
-4.34263341 -1.91762016 18.22243925 134 134 124
-4.19566757 -1.98952409 18.12991384 97 92 89
-3.41803050 -3.63865637 15.75350107 206 203 197
-3.34291204 -3.70375193 15.53170861 119 107 89
-3.22138390 -3.80970181 15.61170890 128 108 82
-3.23512439 -3.62812468 15.81005451 80 58 30
-3.07853768 -3.92030200 15.63772675 77 54 36
-3.16946100 -3.62697766 15.73190171 146 116 83
-3.43156945 -3.03569378 15.66061180 104 85 70
-3.43156945 -3.03569378 15.66061180 104 85 70
-2.96933342 -3.91559037 15.43799808 152 118 80
-3.70476107 -2.08925370 15.88859732 124 110 102
-3.40144576 -2.75534258 15.52625472 170 149 128
-3.65550003 -2.09648008 15.94984786 164 146 133
-2.93546911 -3.39276383 15.31358053 160 127 90
-3.13607464 -2.74501629 15.23904959 60 38 27
-3.25646835 -2.41583595 15.34400052 105 86 71
-3.25646835 -2.41583595 15.34400052 105 86 71
-3.56359854 -1.54745387 15.82909995 110 96 85
-2.51409445 -3.46940824 15.21598273 158 123 81
-3.28686106 -1.70377603 15.47068346 92 77 66
-3.12612287 -2.06102110 15.22726576 154 139 123
-3.29494311 -1.58563785 15.56205882 156 143 135
-3.23690272 -1.56539751 15.54943412 90 73 65
-3.50819671 -0.68907567 16.30824137 87 73 62
-3.09473354 -1.89634403 15.23304108 88 71 55
-3.24456400 -1.35312543 15.59238381 104 88 75
-2.79779015 -2.53149201 14.85280972 168 140 111
-2.49728268 -3.07442326 14.90741650 73 47 14
-3.58231107 -0.12253672 16.66279649 137 120 110
-2.41282125 -3.01283761 14.81667271 73 48 20
-2.65522315 -2.39627789 14.81005266 150 127 93
-2.36018528 -3.03706098 14.79240118 128 101 71
-2.82232148 -1.77602258 15.00829013 159 144 138
-3.22272282 -0.38408788 16.38489035 128 110 98
-2.75498290 -1.71204313 14.96617215 166 152 139
-3.28433679 0.05259404 16.57268273 66 42 24
-3.28433679 0.05259404 16.57268273 66 42 24
-3.09790643 0.01369305 16.48880203 58 38 15
-1.65638555 -3.53381114 15.43077464 175 147 110
-1.65638555 -3.53381114 15.43077464 175 147 110
-2.54486404 -1.59319266 14.78968560 160 145 139
-2.38407722 -1.88600175 14.85084993 75 54 35
-2.38407722 -1.88600175 14.85084993 75 54 35
-1.91863189 -2.92187363 14.77794826 175 140 96
-2.27843012 -2.08710734 14.48926089 138 114 85
-1.49175507 -3.38337617 15.35005093 188 157 121
-1.48523199 -3.37036839 15.41213758 188 157 121
-1.33500101 -3.31835121 15.81725934 190 161 121
-1.75608313 -2.48598647 14.42571317 71 42 10
-1.71184168 -2.18045132 14.21225367 147 121 90
-0.96945251 -2.41586628 16.33940328 149 112 67
-1.40567491 -2.27216963 14.27547412 83 50 16
-1.18220246 -2.51017778 14.24606987 166 129 80
-1.20732521 -2.14973521 14.03057395 171 136 93
-1.52789372 -1.29546571 14.09246363 157 139 123
-1.48960578 -1.33813879 14.01143107 160 139 119
-0.90645728 -2.52944901 14.30661314 170 136 96
-1.22025006 -1.71544298 13.89988501 164 136 93
-1.41915113 -1.14547581 13.97390939 66 48 34
-0.62529335 -2.61090526 14.63418559 173 143 99
-1.23143331 -1.15235866 13.83071694 184 164 138
-0.56895830 -2.31305239 14.12739278 175 143 96
-0.98044404 -1.50164247 13.64798946 178 151 122
-1.02721966 -0.94650077 13.74775658 70 54 32
-0.91404220 -0.84714154 13.60868759 143 127 111
-0.11850856 -2.19167457 14.04232713 127 89 43
-0.56598413 -1.49118481 13.44067682 59 35 3
-0.82851575 -0.70427835 13.57633895 139 122 104
-0.47648501 -1.37776386 13.29008871 159 126 89
0.27455572 -2.22196308 14.48715139 140 106 61
-0.06537298 -2.00751316 13.54384424 90 57 24
-0.38692854 -1.39587432 13.20570591 68 44 10
-0.69432920 0.13782976 13.98195721 153 143 133
-0.22228208 -1.64501688 13.25479835 161 125 83
0.26115158 -2.20385181 14.08379414 140 108 67
0.20726601 -2.06778042 13.50129919 204 171 128
-0.24372588 -1.16189719 12.93436203 157 126 86
0.27374571 -2.09548502 13.32796422 181 149 110
0.65231075 -2.11023978 13.75055136 180 150 110
0.65500088 -2.15281183 13.10752373 127 94 51
-0.28346007 1.58948650 14.20558951 134 117 105
-0.24354917 1.66537538 14.08027236 90 72 59
-0.26309144 1.75975306 14.08392229 127 115 106
0.17897007 -0.94107175 12.43965405 123 104 80
0.59383688 -3.02239163 10.71995194 183 158 117
0.35903037 -2.73025244 10.23182581 132 106 71
0.64790523 -3.01662432 10.56305980 103 77 40
1.32319630 -3.54443116 11.46752427 147 127 90
0.51202697 1.76697713 13.96318541 97 81 58
1.17252065 -3.47327082 11.04465602 193 170 130
0.70889492 -2.87849509 9.94834987 150 123 81
1.26310673 -3.51548211 10.57595406 191 167 131
1.26094504 -3.39316492 10.47252616 84 48 20
1.40066682 -3.53598772 10.65854945 193 171 130
0.69093030 -2.27034236 9.77721418 129 94 45
1.89912924 -3.80282202 11.24881782 150 121 81
1.82256537 -3.83951524 10.97346599 122 92 56
1.23625390 -3.20932373 10.05653246 182 156 120
0.87854794 -2.17053397 9.98469640 63 36 4
1.22423302 -3.12193833 10.03701613 165 135 102
1.28744678 -3.18912310 10.01865830 176 148 109
1.67620962 -3.54466062 10.51087629 193 165 123
0.96831269 -2.10573940 9.98495387 42 21 12
1.90341542 -3.76533773 10.75837670 134 101 59
0.81622953 -2.00657789 9.62876655 178 153 121
1.38382129 -3.19878638 9.93749647 125 96 61
1.21462323 -2.89759331 9.78339805 87 67 43
2.09706967 -3.76287537 10.77886878 117 84 42
2.09033915 -3.74150290 10.71954525 176 148 108
1.26581614 -2.42070092 9.73173526 153 128 97
1.30660362 -2.27636038 9.76650499 59 39 15
2.49638931 -3.84827968 11.05730215 134 102 61
1.37589803 -2.27179734 9.64616842 53 32 15
2.49110371 -3.68475148 10.89235862 44 22 8
1.88424991 -3.04716793 9.79694648 172 135 90
1.73692772 -2.73555690 9.62372484 157 121 73
2.83263730 -3.54338889 11.09248381 100 68 30
1.94043394 -2.89315653 9.70834198 167 131 83
1.82417147 -1.74559066 9.63686607 179 156 125
2.56610906 -3.11345634 10.16728976 176 147 110
2.03211424 -2.47653249 9.51985387 73 47 18
2.25311134 -2.72110064 9.64764238 83 45 5
3.44431252 -3.08218643 11.26227423 149 128 101
2.35087044 -2.56259370 9.58700157 180 141 94
3.67533506 -2.89000405 11.52197401 94 66 29
3.88087979 -2.52497150 11.78523747 217 210 193
2.30985043 -2.01518261 9.34744258 82 53 24
2.27301153 -1.71136019 9.31099842 150 128 97
2.41650415 -2.12931354 9.25488911 69 47 18
2.33215792 3.62030192 11.38143837 123 128 132
2.48965350 -1.79690253 9.20605008 56 32 3
2.74904342 -2.25123785 9.21761172 171 133 88
2.83468060 -2.24366120 9.23339196 80 45 13
2.58677084 -1.44816331 9.02693585 145 124 97
2.73737812 -1.61232120 8.95898573 142 120 90
3.40751578 -2.32811909 9.57508559 152 127 88
3.12264069 -1.34663315 8.72336168 51 35 11
3.37794783 -1.58533016 8.65844954 139 121 98
-1.17903535 -1.68930515 13.59708552 190 160 125
-3.36423083 -3.26140645 14.88234014 185 151 120
-5.45309599 -0.02659374 17.21029395 148 152 163
0.02336682 0.83549344 13.70574757 38 20 7
1.61553688 0.09535325 12.27906880 56 36 11
0.01519189 1.06231507 13.66503845 102 83 66
1.45012700 0.26878600 12.00033837 127 106 85
3.07337860 -0.83901420 12.49245360 211 204 198
-0.99805245 -0.53328924 18.09279341 145 127 113
1.54789720 -0.58955407 11.44127633 93 68 48
2.97956354 -3.47264773 11.14255058 177 132 90
3.22300992 -1.64236304 8.59025440 107 81 52
-1.79051086 2.10801831 13.92894652 197 192 193
0.05301261 1.12888248 13.68813752 59 41 29
1.10783845 -2.88425905 9.91041833 62 39 21
1.31891039 -1.77136089 9.57198962 92 55 27
1.31891039 -1.77136089 9.57198962 92 55 27
1.31914380 -0.87646183 11.58805882 52 31 14
1.82767448 -2.23260803 9.50260214 160 135 114
2.91272066 0.00971572 13.75409423 212 203 192
2.56268378 -3.34035951 22.88153591 227 221 214
0.35234335 -0.14443731 15.27379542 147 126 109
9.19996786 -8.17814202 25.46116987 86 87 81
-0.35420226 -0.38748990 12.98463676 120 95 73
8.58141830 -6.85473245 20.65186360 100 106 90
-0.66769074 -1.47915420 36.77664508 217 213 206
6.62715722 -8.31181482 26.24103507 83 83 69
3.33226930 -1.74805605 8.66234008 78 44 0
0.08322953 0.40829535 15.41632755 154 133 106
3.02986603 -3.35593223 11.24832226 149 117 80
2.39188245 -4.32441483 24.84191075 234 229 227
-3.83740620 -0.24202808 16.86893163 102 83 68
-3.70884847 -1.51034904 16.11671745 126 111 104
-3.67871396 -1.83695921 15.95734835 124 114 106
-3.61789100 -1.90569557 15.79002861 123 112 107
-3.59934072 -0.72352459 16.53451053 137 120 112
-3.54868217 -0.92770942 16.53758488 74 56 42
-3.54599649 -2.29963233 15.63655218 196 195 193
-3.08368736 0.27567424 16.62257538 46 38 35
-2.59647183 -0.64528933 15.85340793 49 28 9
-2.26958710 -1.33525644 14.75374122 132 118 106
-0.00587331 3.28357785 12.37498061 125 126 128
-2.05962370 -1.55198815 14.43556393 139 121 111
-2.04824985 -1.80330698 14.49689668 58 40 20
-2.10383031 -2.81978587 14.69786340 134 107 80
-1.33948058 -1.10038081 14.04574599 62 46 32
-0.21517039 0.91129611 13.70457672 135 121 111
-0.23295745 0.91596489 13.74396394 135 121 111
-0.24300275 0.03111596 13.13657478 127 111 97
0.12686847 0.79323438 13.57142153 103 85 75
0.64686020 0.17642871 12.50227513 84 65 40
0.57953169 -2.75390869 9.78778781 82 60 38
0.66208596 1.04354759 13.54873061 120 99 78
0.90381257 -0.06479672 12.16117442 62 41 20
0.90381257 -0.06479672 12.16117442 62 41 20
0.73520611 -2.88724283 9.83837607 141 110 77
1.12548267 -1.72526048 9.64460434 114 94 70
1.33111353 -1.32750669 9.58902800 106 87 63
1.46545357 -0.86942912 10.07404809 141 118 100
0.97174553 -2.78970699 9.95212353 129 107 87
1.54410950 -1.62739009 10.08517893 76 54 35
1.46819433 -2.40490426 9.57243417 84 55 25
1.76700038 0.29494636 11.97103843 138 118 94
1.80545369 0.03265673 11.79859931 122 101 77
1.47542050 -2.72096259 9.55235496 76 51 30
1.90453264 0.68093273 12.79065665 73 45 24
1.88061509 -1.33099924 9.94641558 63 42 18
1.87468105 -1.73847441 9.53515651 166 146 121
2.02398713 -0.95471401 10.41257742 127 107 83
2.09125092 -1.26328502 9.79341416 114 98 79
1.76783985 -2.72853060 9.57176569 166 132 95
2.04752226 -2.05544766 9.40288663 96 67 37
2.23679920 0.48199562 12.87152329 79 52 30
2.18063145 -1.70431299 9.44440185 44 26 4
1.93712947 -2.52334011 9.52572267 152 115 86
2.07772912 -2.26034542 9.41330747 175 145 120
2.26178157 -2.16899604 9.35591067 166 139 113
1.97593462 -3.03705085 9.78556432 79 46 11
2.37992168 -2.06142014 9.28038835 165 138 109
2.64995323 -1.11457265 9.34248456 125 107 85
2.11645760 -2.84082621 9.65195116 173 138 100
2.37053027 -2.12577684 9.28106615 69 47 23
2.11221454 -2.90090018 9.67077927 78 45 14
2.65468965 -1.33599934 9.08465673 116 99 79
2.25565251 -2.73674296 9.62967252 83 49 5
2.64410537 -1.86515647 9.03888175 159 133 106
2.79469962 -1.49735495 8.89514975 121 101 76
2.82064231 -0.26690539 12.54183208 151 129 100
2.54502498 -2.47555978 9.42198098 89 53 19
2.96754400 -1.48300511 8.71518915 143 123 99
2.91796798 -1.78068277 8.77790048 94 69 39
3.01243909 -0.09614280 13.12056290 209 203 196
2.93821894 -0.62402377 12.54949797 99 78 49
3.00476720 -0.28692112 13.08249813 120 108 90
2.80641121 -2.27296984 9.19061922 76 48 10
3.24130456 -1.76857980 8.75587965 170 134 101
3.23768125 -1.80676259 8.78152685 91 57 30
3.21209289 -1.90780528 8.81022020 103 72 44
2.82694205 -3.05319786 10.24534213 175 148 116
3.57356492 -1.02580463 9.91138967 96 74 50
3.14339524 -3.27193835 11.13386059 118 89 64
3.73061880 -1.65932813 9.07876082 11 7 12
3.52387577 -3.02913106 11.26674634 140 107 81
3.46671072 -3.27187829 11.27501862 202 195 182
3.88069926 -2.28090777 12.07113248 208 204 201
3.81067844 -2.70019432 11.39849574 77 50 24
-1.64081287 -1.53819116 14.46796469 82 56 34
3.96145594 -2.75073185 12.19780408 194 190 175
2.29443593 -2.76789225 9.18204417 94 59 20
2.80176067 0.50101484 11.99558996 120 99 71
-0.41545719 -2.50767147 10.73137206 88 58 23
-3.78632958 -1.07344070 16.39976293 99 89 79
-3.62126267 -1.70943183 15.86861580 97 88 78
-3.72516802 -2.35211692 15.90035293 181 182 185
-3.80960083 -2.27400127 16.15450581 180 176 173
-3.23359610 -1.30692484 15.67053145 76 60 50
-3.25474517 -0.85197949 16.18473335 64 46 36
-3.03458920 -1.99795365 15.07325085 143 127 114
-3.68156798 -2.70529932 15.92710486 180 184 184
-2.84739028 -1.90189513 14.84140318 130 116 105
-2.33939693 -1.79166288 14.50180676 144 128 111
-2.56856609 -2.38446052 14.57305731 147 123 101
-3.24334626 -3.30876001 15.48651553 188 184 181
-2.40255749 -2.23048364 14.51568256 132 108 84
-2.07698669 -1.50576234 14.47973534 54 37 25
-2.24255410 -2.08755213 14.40463710 123 102 79
-2.13839737 -1.91762952 14.37900445 55 38 21
-1.63758872 -0.82675305 14.22991953 132 121 116
-1.63758872 -0.82675305 14.22991953 132 121 116
-1.80641565 -1.45188373 14.16941436 129 112 96
-1.60362347 -1.04635792 14.14573097 131 121 111
-1.79150539 -0.26471685 15.24619039 38 22 6
-2.62635039 -3.27038592 14.75088838 145 113 82
-2.06468558 -2.29642278 14.37705239 62 38 11
-1.47848381 -0.79851544 14.28886673 85 68 58
-2.50063335 -3.14613379 14.84058227 66 40 13
-0.96280962 -0.46973686 13.74906816 136 123 115
-1.03152633 -0.11331773 14.21806695 127 118 111
-2.06370330 -2.79360901 14.45438993 74 48 20
-1.02848913 0.08548974 14.53311310 128 119 114
-0.87988805 -0.71056501 13.57205753 148 134 119
-0.86997300 0.12542821 14.36990053 137 127 118
-0.24958058 0.26320768 13.20826056 130 120 110
-0.81308606 -0.87374815 13.59544061 67 50 36
-0.37860623 -0.26241202 13.18333957 71 57 45
-0.31524930 -0.16210822 13.15473873 80 64 48
-0.20040179 -0.18033928 12.96433984 73 55 41
-0.51200230 -0.84429454 13.14473968 128 110 91
-0.20581389 -0.06881614 13.08113150 60 42 28
-0.39333503 -0.59436413 13.09156222 70 53 38
-0.34787684 -0.76507459 12.85906010 132 116 92
-0.15899319 -0.24537261 12.85996547 126 111 94
-1.87387736 -2.96274706 14.65318134 161 130 98
-1.52111477 -2.37204489 14.34467077 63 36 7
-0.14836504 -0.63643469 12.56339460 133 117 101
-0.14836504 -0.63643469 12.56339460 133 117 101
-0.11382122 -0.56198936 12.61979407 125 109 93
-0.84297027 -1.64858906 13.52406895 66 44 21
-0.28919674 -1.02640477 12.81898270 156 132 105
0.01949562 -0.39818214 12.63707301 123 106 88
-1.20742951 -2.21205005 14.09834990 64 35 8
-0.37462880 -1.26295557 12.94308793 150 124 98
0.26281414 0.29725237 12.88364765 119 104 86
-0.03005614 -0.91619418 12.49247687 146 121 96
-0.31616030 -1.23973158 12.97455932 143 117 90
-0.07908941 -1.06801577 12.60462981 134 108 81
-0.21909157 -1.18481247 12.84676362 146 120 96
0.40030763 0.25147463 12.71693952 85 66 49
-0.22772240 -1.30164665 12.87986195 51 29 8
0.42611829 -2.56528051 10.02307066 48 27 13
0.28787475 -0.52231721 12.39308910 110 94 69
1.03630203 -1.27845936 9.97346061 111 96 73
1.03630203 -1.27845936 9.97346061 111 96 73
1.02550491 -1.31594005 9.98477106 65 47 25
1.17368036 -1.16494317 9.84799463 114 97 78
1.00538712 -1.74715769 9.75543186 45 22 6
1.10773581 -1.39207555 9.85536174 57 41 18
0.82318844 -2.10418744 9.89270187 126 95 64
1.07998131 -1.69876855 9.73991663 49 28 11
1.30647940 -0.66315110 10.29162702 111 96 75
1.12535006 -1.91615769 9.54392281 144 120 89
1.26889354 -1.68057202 9.50382168 99 80 57
1.35252895 -0.80478344 10.20704126 127 109 87
1.30670238 -0.74841130 10.42476253 137 121 99
0.80945785 -2.40335052 10.06952436 77 49 24
1.23034559 -1.86587971 9.52694243 84 54 28
0.75476974 -2.65860126 10.10525308 96 71 53
1.39748307 -1.22689796 9.78367357 118 97 75
1.10373134 -0.09392983 11.96222025 118 99 82
0.82720674 -2.52059417 10.15403613 69 48 31
0.77777988 -2.62312439 10.21181172 24 10 1
1.12590576 -2.04260549 9.87292245 12 3 1
1.37934098 -1.69420594 9.66926149 130 102 73
1.52991682 -1.34958649 9.65623546 71 46 24
1.48735327 -1.38345764 9.85268607 106 82 58
0.92753991 -2.81397041 9.98631251 9 2 1
1.52416039 -1.42076114 9.81660468 13 4 1
1.22617176 -0.61950433 11.67825101 106 88 68
1.31295334 -0.29441233 11.80155500 113 93 69
1.23694260 -2.38990308 9.69622577 37 19 0
1.15760694 -1.01613584 11.51775991 105 86 70
1.39091095 -1.34423958 10.45063044 42 27 19
1.24812072 -2.32004966 9.82142140 48 31 11
1.21176661 -1.05583037 11.43643292 59 40 23
1.35952042 -2.27328740 9.73171888 34 20 1
1.53237024 -1.62211539 10.00861101 77 58 41
1.21107649 -2.76448161 9.75767820 53 28 6
1.21010597 -2.73677976 9.79022728 65 41 16
1.44308865 -2.21972464 9.73011771 31 14 0
1.62666266 -1.52162282 10.02448884 26 10 1
1.64016671 -1.83033424 9.76355532 85 68 45
1.66474937 -1.77301713 9.76848477 40 22 2
1.39651975 -2.78009668 9.67397637 70 47 25
1.84851238 -1.65986568 9.66120488 103 83 59
1.72699154 -0.57854333 11.54770773 91 73 55
1.54655008 -2.65267880 9.56301306 67 42 20
1.94253898 -1.29069044 9.99234135 51 34 11
1.88503308 0.00145140 11.83935514 104 83 60
1.83573093 -0.20738626 11.75019736 50 27 8
1.80239833 -2.05812717 9.56845216 3 0 1
1.86346681 -0.76185695 11.34615969 71 51 27
1.82655148 -2.23184357 9.50559344 127 105 82
1.92672271 -2.03937759 9.47271859 77 57 36
1.73269206 -2.54763292 9.49197615 141 109 81
2.18564565 -1.20033565 9.73954417 110 93 73
2.18564565 -1.20033565 9.73954417 110 93 73
1.92750836 -0.60149381 11.60012478 71 49 28
2.29578886 -1.14282874 9.71526461 124 105 88
2.29578886 -1.14282874 9.71526461 124 105 88
2.28657923 -1.11484435 9.89664184 118 100 80
2.31468310 -1.26026730 9.62133450 57 40 20
1.81443362 -2.65221812 9.60824932 156 123 87
2.40715206 -1.27899814 9.47993226 106 91 72
2.40715206 -1.27899814 9.47993226 106 91 72
1.83311906 -2.70591590 9.59879173 62 36 11
2.45529604 -1.25373193 9.39064778 113 96 77
2.28269942 -1.80856318 9.25191542 154 129 103
2.28269942 -1.80856318 9.25191542 154 129 103
2.44120244 -0.94812683 9.90429193 78 60 36
2.01665340 -2.42374564 9.52532680 138 108 73
2.45235238 -1.56845804 9.18430646 150 132 108
2.51299642 -1.49827566 9.12738161 141 124 95
2.52509492 -1.38144661 9.25810745 50 31 14
2.09766468 -2.33430596 9.49363153 132 106 74
2.39849728 -1.91808006 9.20255757 64 38 12
2.40521405 -1.91618018 9.17717812 64 38 12
2.75202242 -1.03927340 9.36724971 124 105 83
2.16680040 -2.53756196 9.42211031 75 49 24
2.82477667 -1.17278544 9.12885977 65 47 25
2.70864831 -1.65640955 8.91038130 156 139 114
2.73663187 -1.60477657 8.89648275 152 132 108
2.77536160 -1.54505756 8.86307542 162 141 115
2.82327220 -1.40394301 8.95025407 54 36 16
2.89366591 -0.92799908 9.46838882 72 47 24
2.67955995 -1.80125467 9.00213601 156 131 101
2.64763191 -1.91710016 9.06329165 66 40 15
2.34707612 -2.53280020 9.46671012 154 121 85
2.99036096 -1.34486412 8.78531686 106 91 70
2.82224528 -1.71766580 8.88056756 59 33 11
2.08482737 -3.10557122 9.78714726 109 73 36
2.64959085 -0.16090765 12.41771270 72 48 22
2.63944599 -2.11789592 9.14014990 94 66 36
2.35652627 -2.63585449 9.58763736 74 43 12
2.43605908 -2.55718695 9.53518241 78 47 16
3.11463739 -1.08629877 9.10392427 134 116 96
2.96273576 -1.70387042 8.73274744 85 64 39
2.76681596 0.11911566 13.02893313 123 101 78
3.16410459 -1.07759099 9.04974482 129 112 90
3.17127569 -0.91695220 9.32872340 135 114 95
3.17127569 -0.91695220 9.32872340 135 114 95
3.17127569 -0.91695220 9.32872340 135 114 95
2.66713568 -2.38464404 9.34783865 81 48 17
2.80170652 0.02567290 13.45293404 119 95 71
2.89051417 -0.35396494 12.44888166 68 41 12
3.05167705 -0.42804460 11.67154078 113 87 60
3.24829969 -0.71088715 10.25433970 92 64 35
2.98657149 -2.07398246 8.98154345 96 63 35
3.34634661 -0.96034849 9.40233247 131 111 87
3.07230551 -1.96006412 8.93935413 87 54 20
3.00757577 -0.19281897 13.27321217 187 177 169
2.96311575 -0.31132689 13.28918870 105 85 58
3.27508746 -1.77397471 8.75699386 83 48 17
2.59445534 -3.03558936 9.97038446 165 134 101
2.56229203 -3.08937916 10.15711642 84 49 10
3.54255447 -1.18866903 9.30800635 3 2 2
2.67579449 -3.00965111 10.18859302 170 145 114
3.06399711 -2.36573909 9.45044318 167 129 90
3.04175344 -2.46467485 9.39309296 164 130 95
2.71819487 -3.00770285 10.29921088 106 72 35
3.63227838 -1.12553775 9.44897311 86 64 40
3.45290671 -1.87246836 8.81574476 115 85 51
3.63781140 -1.15407090 9.47689488 122 101 77
3.65195990 -1.28355001 9.19113855 6 6 8
3.48466373 -1.86476835 8.91991751 162 132 97
2.92798501 -2.86097632 10.24823340 65 38 23
2.85813872 -3.05060961 10.28980087 103 75 43
2.85813872 -3.05060961 10.28980087 103 75 43
3.71614398 -1.22935797 9.57526547 117 98 75
2.76838400 -3.27490535 10.46699503 168 147 118
3.74298309 -1.29363981 9.64497983 117 101 75
3.76875391 -1.38620971 9.27943952 126 110 80
2.88964587 -3.08817839 10.74047936 151 129 103
2.97196510 -2.94188880 10.71222995 139 119 98
3.76882317 -1.59544567 9.12637766 18 8 5
3.51486753 -2.00600660 9.72134924 136 104 72
3.63347916 -1.98036240 9.12888994 130 99 68
3.79452544 -1.54541497 9.23403125 151 129 105
3.27567887 -1.91551354 12.58545758 179 155 131
3.62833462 -1.67325852 11.27358401 187 182 176
3.39309618 -1.92242620 12.25718016 74 48 24
3.19174857 -2.62636658 11.68493019 76 57 39
3.19174857 -2.62636658 11.68493019 76 57 39
3.45534411 -1.85435486 12.08617798 196 191 186
3.42016650 -1.90730551 12.37889458 76 51 29
3.61464186 -2.45991217 11.13588669 50 28 5
3.45821724 -3.03473858 11.33317680 49 25 1
3.77857796 -2.19279936 12.02255085 87 61 37
3.55352510 -2.91373956 11.50104069 61 32 8
3.85801851 -2.55342013 11.65449298 107 78 45
3.94050902 -2.52773307 11.81431041 193 190 183
2.19956315 1.05813204 14.65849435 55 31 2
2.23646252 0.97695793 14.88788963 84 60 26
-3.67903985 -3.85334632 17.08567146 196 196 196
-3.94266839 -1.14014934 16.52537030 208 210 219
-2.80020383 -2.24165375 14.21729268 170 147 131
-2.86439559 -3.31977540 15.18574489 166 131 99
2.61679418 0.50351793 15.52501890 132 112 91
-3.75617541 -2.08354673 15.82676693 204 204 213
3.32081289 -1.67284795 8.96524178 3 1 1
-4.78179488 -3.65076056 15.21244073 131 93 45
1.48664447 -2.84922151 9.60396900 171 139 106
2.78548645 0.13275204 14.55380611 143 127 108
3.67777971 -1.22785414 9.19665995 125 106 82
-5.40744008 -3.53952781 15.11317492 164 148 123
-4.16087083 -4.41494977 21.22643750 207 206 202
-3.48335612 -3.77429921 16.06741209 108 84 62
-0.66609857 -1.65610884 9.11675825 224 223 219
3.98795518 -2.29676990 9.88577961 181 163 145
-3.91250936 -3.55814792 15.85724080 225 221 218
-4.96032483 -3.95913155 16.92805729 232 226 224
-1.67618933 -0.24572503 15.18957619 152 137 130
1.38963336 1.78243927 17.90612606 144 122 110
3.43347680 -1.59032325 11.00758602 3 4 2
1.70746847 -0.50641148 15.86189469 70 44 20
2.54937086 0.59395023 14.70076910 205 196 187
-2.50086223 -3.00410489 14.86072443 172 128 85
-1.85384125 -0.93984998 15.73204448 167 147 138
-1.51213134 -3.51038504 16.44096583 162 131 89
0.50541308 -2.23014980 9.91271785 64 38 4
-1.10469146 -0.82663576 15.06757269 61 41 32
2.02748279 -1.13377152 11.01885667 146 122 100
-1.57993043 -2.35073927 14.31922912 170 136 92
0.14651905 0.24361093 12.94045756 123 104 87
1.44810566 -2.40406399 9.65039348 121 91 63
2.80937906 -1.97359627 8.87326063 98 63 19
-4.83962773 -3.42782332 16.90192788 213 212 204
-3.67185605 1.08313882 23.77803468 106 88 74
0.93270620 0.22100303 12.48286562 83 64 43
3.06686033 -1.42285050 8.65601092 64 44 14
-5.18871483 -3.27986093 14.93633121 192 188 184
-1.12973097 -1.01319925 13.80017100 61 43 31
0.01288332 -0.97311595 12.02198787 161 137 108
1.27191741 -1.49094379 11.21042226 81 63 47
1.21706195 -2.94881536 9.73380713 110 85 55
1.87964785 -1.98568686 9.58068535 88 71 50
1.97806884 -2.17019904 9.46664149 158 132 104
2.96017325 2.42768442 13.04690328 204 194 192
2.10019862 -3.10844236 9.72604966 131 93 56
2.93161075 -3.47230682 11.10689031 89 56 21
3.72427733 -1.20210510 9.16681027 111 94 71
-2.61110235 -4.02839089 15.56216165 114 80 35
-2.62155881 -4.03338305 15.54452956 114 80 35
1.78063075 -2.47023690 9.47978241 114 87 56
1.87612839 -2.27150959 9.58809659 55 32 6
2.12968118 -1.84630939 9.31069853 151 128 96
3.62280338 -1.83124397 13.03857616 213 209 193
2.72057175 -3.43114336 10.04791250 11 15 32
-4.10479885 -0.65176232 17.32012304 107 94 85
-4.12417242 -1.44061247 16.81545376 187 185 190
-3.39847952 -0.73685882 16.09928081 133 119 108
-3.83543216 -1.30177659 16.55653525 106 92 83
-2.98889737 0.22000376 16.61862801 91 79 71
-2.50616637 -1.58213031 14.69029831 122 109 101
-2.27821017 -1.42944207 14.50774927 130 120 110
-3.59701857 -3.41062664 15.78209568 175 175 177
-3.59701857 -3.41062664 15.78209568 175 175 177
-3.67312803 -3.66956665 15.75936611 79 59 35
-3.68880616 -4.03633850 15.73064268 126 104 73
-3.35427561 -3.15803661 15.85048358 64 43 15
-2.07641142 -1.75110364 14.35525947 129 108 89
-1.81389912 -1.14688156 14.31342223 135 123 111
-2.22274010 -2.31643731 14.49273445 133 105 75
-3.35498255 -4.15120080 15.83198318 126 97 68
-3.35498255 -4.15120080 15.83198318 126 97 68
-2.52787713 -3.11187892 14.96540545 69 43 13
-3.34672490 -4.19544531 15.93216327 189 182 175
-2.35775586 -3.05692501 14.80767749 131 104 77
-1.34386780 -1.59832070 13.80086819 168 146 124
-3.20527863 -4.19473102 15.94603228 140 120 96
-3.05505412 -3.96252069 15.81558452 56 34 12
-2.60698477 -3.66724336 15.13812680 150 119 83
-0.71347552 -0.62906715 13.40431614 139 125 114
-0.23857635 0.83381178 13.71295591 129 116 109
-0.16595196 0.96286059 13.68302597 131 115 102
-3.07995332 -4.24554864 15.96219704 184 180 179
-0.23492807 0.13668714 13.14940548 90 77 61
-0.40993787 -0.24227632 13.23025233 71 57 46
-1.34678064 -2.07268179 14.02076179 162 136 109
-0.12608247 0.69527410 13.65588507 96 79 71
-0.14436054 -0.25223013 12.81180055 126 111 94
-0.04912388 -0.20465140 12.69531312 124 108 93
-0.94927994 -1.60042699 13.66015286 135 111 85
0.01951253 -0.74558232 12.55265137 107 89 69
-0.49712374 -1.41450578 13.30539652 140 112 84
0.49006337 -2.48975621 9.87325469 128 100 69
-2.40672702 -4.11968289 15.86437382 141 108 77
-0.18083549 -1.14604761 13.13311611 120 104 87
0.56424883 0.02288392 12.46165766 58 37 18
0.81492594 0.32494225 12.52377171 121 104 88
0.73187443 -0.24900439 12.15598621 110 96 77
-2.28303232 -4.04407146 16.36648825 193 192 193
1.17765762 -1.49679514 9.63125472 62 44 24
0.78015587 -2.33279704 9.85661503 153 127 101
1.36362239 -1.40065948 9.55630945 68 44 25
0.80626423 -2.47936368 9.95129973 102 75 55
0.90218042 -2.20544563 10.03219378 97 68 51
1.43062066 -0.76146816 10.48084295 60 43 26
1.04644588 -2.14373649 9.93245238 11 4 0
1.07568446 -2.29005149 9.77215087 55 34 14
1.27791245 -1.91948250 9.65272946 140 109 82
0.82741851 -2.62327466 10.20521547 82 63 47
0.84859304 -2.89725261 9.96718145 14 5 2
1.38143974 -0.01159766 11.88300089 110 92 71
1.41590708 0.25956364 12.10669960 111 93 74
0.99436196 -2.78406046 9.90102491 120 101 80
1.12709983 -2.55355929 9.78071027 134 113 89
0.62583143 -0.40836658 14.15850848 53 35 16
1.49384989 -1.64216239 9.97054090 72 53 38
1.22100781 -2.66807874 9.75090405 122 97 75
1.42799367 -2.67000545 9.60594127 114 94 70
1.87084437 0.08331750 11.90982767 68 42 22
1.87047671 -1.72350582 9.53866942 120 99 75
1.79479550 -1.88425885 9.64018479 80 63 47
2.04862804 -1.47818614 9.65439307 51 31 11
1.93402773 -0.32919043 11.69564945 58 37 18
2.28767666 -1.38536982 9.39998802 111 96 75
2.23456272 -1.75602251 9.26710288 120 99 78
1.75799688 -2.79150834 9.63487018 62 35 6
2.03848590 1.38868024 14.84858074 24 14 6
1.92545278 -2.52553643 9.55286922 144 110 73
2.56164410 -1.09976480 9.51289318 68 46 28
2.57143586 -1.43581686 9.08680150 150 135 114
2.34617792 -1.91126761 9.25761552 121 94 67
2.61099474 -1.39207876 9.07036935 118 101 79
1.59569424 -3.37610863 10.12227125 170 148 115
2.70359569 -1.21882607 9.22996514 59 41 19
1.57066624 -3.27418527 10.37407904 160 126 88
1.57875473 -3.42826885 10.18384767 131 102 73
2.49793429 -1.90270936 9.12258976 156 130 103
2.35363853 1.34346371 14.90912888 47 31 16
2.92356950 -1.13866684 9.14219577 123 106 90
2.34379556 -2.53183880 9.47157732 154 121 85
2.67207389 -1.99865449 9.03211572 135 109 82
2.75305520 -1.85908871 8.97087907 114 92 71
2.46898953 0.88502728 14.91748592 87 54 19
2.85209925 -1.74679006 8.82614720 129 105 81
3.19736615 -1.23039774 8.90034348 96 79 57
3.22898487 -1.26626671 8.86090484 1 0 0
3.24225493 -1.64724933 8.67527863 155 131 100
3.16695390 -1.87682930 8.80577532 82 51 18
2.50097656 -3.14516923 10.23267048 90 53 17
2.43359535 -3.65646468 10.95648648 50 28 5
2.60490214 -3.45045123 10.67779650 171 148 115
2.63149197 -3.41861826 10.74249356 169 146 120
3.45602247 -2.13675678 9.21033467 123 89 51
3.76016649 -1.22570134 9.70508603 184 175 168
3.66401242 -1.78750629 9.10592782 145 124 94
3.68646051 -1.80919743 9.15731932 90 66 39
3.71589453 -1.60122590 9.70374793 154 133 107
2.92773096 -3.06894851 10.83118798 16 7 1
3.74302035 -1.57150882 9.86379226 144 125 104
2.89965523 -3.65449560 11.32151412 184 184 182
-0.55418589 -7.51378332 26.81865043 81 77 74
3.64673507 -3.11916158 11.72190127 186 185 183
-1.14421417 -2.24139806 14.15591437 173 142 98
-0.51192276 0.03792117 13.56272287 106 89 73
0.31501459 -0.52602955 12.31415755 136 118 95
2.82138131 -3.70161975 11.30445332 218 211 190
3.29955383 -3.35042600 11.37699800 147 118 79
0.06894349 3.23897762 12.22244097 114 115 117
1.02552398 4.17398964 11.14642651 181 177 176
-3.02194485 0.31710304 16.72666465 36 32 25
-3.37825126 -2.58063486 15.61120226 158 140 125
-2.79948495 -2.20198654 14.81351876 147 128 108
-2.16273764 -1.33159247 14.50941211 130 117 109
-0.96716930 -0.46581912 13.76038170 130 116 108
-0.87459916 -0.58581491 13.71313493 76 60 52
-2.19289539 -3.31782452 14.94570885 80 48 20
0.46468070 -0.42788743 11.07449959 122 109 93
0.01385420 -0.28622985 12.73725462 51 33 19
0.85959387 -1.89207810 9.54866203 67 49 26
1.50587978 -2.06486481 9.72567424 32 15 0
1.57489978 -2.81099828 9.61778794 164 130 93
2.08455357 -2.10945045 9.37969074 117 88 59
2.37265965 -1.74633791 9.17695395 114 89 64
2.80089575 -1.22692529 9.04029508 121 104 87
2.41408138 -2.13027484 9.26053827 63 41 18
2.64235159 -2.05213667 9.04948224 143 117 89
2.96897137 -1.55747271 8.75580691 41 24 4
3.06072714 -2.21153317 9.03337107 113 83 47
3.43617527 -1.76033368 8.79089500 115 99 86
3.60711749 -1.82111917 8.97962933 120 98 73
3.69171902 -1.75371784 9.08321947 36 19 3
3.69171902 -1.75371784 9.08321947 36 19 3
3.37111480 -3.14268819 11.24285566 56 31 7
3.38114218 -3.31737142 11.29871096 134 112 85
3.81407796 -2.66310343 11.56601436 63 39 11
3.68736249 -1.67332168 15.75452595 230 217 210
2.88836706 -3.96369469 15.12735048 123 95 66
-3.45424479 -3.71587853 17.40908449 229 225 224
3.08210528 -1.86728420 16.06353468 232 222 202
-2.08294950 -2.66814800 14.66271544 175 136 97
-7.43736731 -1.11507860 10.66139233 137 143 143
14.79027787 -7.60578251 25.47655330 113 109 101
65.51681908 -8.51637031 40.40728505 101 98 80
-3.09955388 -0.94335234 15.97150110 173 157 142
10.45340096 13.29862954 -0.67525572 211 206 207
9.23202499 3.71672752 18.58266815 221 194 156
0.80738904 -2.47854043 12.44015001 105 74 47
-4.11957523 -1.77210416 16.64669249 110 77 60
1.58773348 -3.45057936 11.85493433 183 149 115
9.12688562 11.38681142 0.18535961 229 220 213
-4.44765341 -2.09669208 17.85959639 189 194 206
-4.45553713 -2.10014266 17.85470412 189 194 206
-3.58217218 -3.37840036 16.60771551 176 162 161
-3.69573065 -3.22366366 16.64263451 191 177 175
-3.72350039 -3.10258843 16.53278890 89 62 51
-3.88588280 -2.58917564 16.73677340 159 139 131
1.33944350 -2.95039416 12.42490522 182 153 120
0.83631166 -3.25807695 11.26530409 150 116 82
11.95573203 14.50967358 -3.42921879 173 163 151
11.69683545 14.38742901 -3.29734999 130 123 107
9.42108500 14.06905754 -1.90177734 147 135 119
-3.29578207 -3.63331948 16.40692568 129 113 104
-3.40365969 -3.53805317 16.48326542 178 158 147
-3.31549588 -3.77252456 16.28318357 74 52 38
-3.49119515 -3.30628153 16.48412886 104 82 72
-3.74865694 -2.40593934 16.64127337 77 52 43
-4.22207667 -3.90567685 15.74287368 118 86 54
-4.59360433 -3.76218467 15.58087459 125 95 67
-3.73278391 -2.64038932 15.77589407 202 177 159
0.78272285 -2.12818656 12.89903018 121 86 50
-0.47289172 -1.70128994 13.32401352 177 147 112
0.02475927 -1.46052197 12.85934355 79 49 31
0.69028785 -3.02432234 10.36662726 197 165 130
0.28544754 -2.84560161 10.46560876 99 73 46
14.63352970 16.63073735 -4.44896911 203 197 194
18.53825085 20.15649405 -8.33318434 183 173 168
8.62051483 14.21995395 -0.07024527 208 203 200
21.01277502 23.16225311 -11.38287136 171 160 151
0.40433442 -2.74493600 10.52318282 182 148 118
3.42224723 -1.43864034 8.43467613 205 195 169
-7.64347846 -4.92234508 14.02444448 20 20 7
-3.62454588 -3.94410291 16.17375779 80 57 39
-3.79073448 -3.15148557 16.52754055 107 82 75
1.32249041 -3.01941411 12.36866800 59 36 12
-0.11707140 -1.54223693 13.09384987 202 170 132
1.71865121 -0.25070978 11.73923088 113 95 67
1.70040000 -0.26116873 11.74062624 113 95 67
0.34185838 -2.74623037 10.55230525 143 108 73
2.02570879 4.23963020 12.10662118 153 157 160
6.94522114 13.44984192 0.24814571 206 199 192
4.75140149 12.85189348 1.50379788 202 199 194
9.41900564 15.98374803 -2.99280802 96 83 73
8.90100743 15.86028751 -2.67553246 106 98 85
10.15734663 16.27897084 -4.12569795 89 88 86
11.97672556 16.75465467 -6.18287935 56 58 55
9.89283249 15.96967202 -4.07412771 5 9 10
9.22751812 16.07145785 -3.37468161 175 165 164
8.09628235 15.49314684 -2.42374393 108 92 73
8.58422048 15.81457948 -3.28369981 100 95 91
-6.68010010 0.35851334 9.03110169 154 147 138
-3.38282394 -2.98426208 17.74556218 177 173 175
49.10584014 8.59484990 12.03060197 164 156 146
-3.79010915 -3.70664200 16.51924920 180 160 149
-3.86353012 -3.47150217 16.47003602 89 68 56
-4.35596069 -4.13323029 15.81891096 185 158 128
-4.22202853 -2.53758217 16.65064846 148 131 123
-4.47759937 -4.05043202 15.79942795 157 127 102
-1.81704281 -2.51935839 14.39475074 166 136 102
1.31787853 -2.81470984 12.60517548 66 40 22
-1.22820376 -1.74999666 13.84697201 102 76 42
-0.03545088 1.77572555 14.78368675 135 107 94
-0.35409850 -0.55333058 13.19509537 84 62 40
0.63916765 -3.12498875 11.17345746 184 154 124
0.67099412 -3.15362556 11.09572856 95 64 28
0.43238123 -2.54534844 11.49258803 70 43 15
0.73005566 -3.06884895 10.87166516 74 46 25
0.39009994 -2.61537017 11.22469871 160 130 103
0.55747074 -2.93005634 10.15075862 74 43 15
9.70372222 12.94994006 0.09819718 164 146 124
9.70372222 12.94994006 0.09819718 164 146 124
19.76328554 18.17120806 -8.74745284 208 199 190
9.39208590 13.04069953 -0.61821271 203 198 192
11.22391492 14.07992076 -2.95346869 178 168 160
15.15271644 16.22714230 -7.46846427 195 185 175
14.17644765 15.03124678 -7.54345228 125 84 37
11.49961210 15.29330844 -5.43724535 30 27 9
6.63806173 12.90502118 -0.96102511 73 74 66
11.88169616 15.85564844 -6.14839034 24 21 14
8.51879117 12.14857939 -3.86314734 139 133 131
8.51879117 12.14857939 -3.86314734 139 133 131
30.28602476 -8.39940340 29.79987073 87 81 59
30.16357669 -8.57040033 29.51400704 196 182 168
-2.56586511 -2.25951228 18.43607269 168 150 136
-2.52349986 -1.90907952 18.65817116 86 64 49
-2.64827671 -2.30166046 18.32827877 114 95 78
-3.02412697 -2.87321167 17.79135748 83 67 54
-3.03717276 -2.87963985 17.78751779 83 67 54
-3.12527385 -3.00077135 17.67581664 171 158 149
-3.22839737 -3.35984362 17.27496634 86 72 66
-3.27980880 -3.06968801 17.44107147 117 100 93
-3.28753332 -3.37960791 17.21156382 162 148 135
-3.24098659 -3.56597766 16.85600159 175 155 133
-4.31979881 -2.05128487 18.07955591 87 91 95
-4.31979881 -2.05128487 18.07955591 87 91 95
-4.31282511 -2.16116085 18.00003143 92 93 97
-4.32825374 -2.13155869 18.00417338 92 92 96
-4.35909483 -2.08876489 18.02505779 192 193 204
-4.39316087 -2.11168611 17.97765694 85 88 90
-4.39316087 -2.11168611 17.97765694 85 88 90
-4.37826466 -2.16369194 17.93669649 78 84 88
-3.40054469 -3.85222535 16.39501536 135 119 103
-3.56902580 -3.57074618 16.55220947 197 184 167
-3.63689450 -3.57573105 16.52406160 167 154 138
-3.67977998 -3.36720582 16.64666661 179 166 157
-3.71415151 -3.07092262 16.85258662 120 105 101
-3.33248110 -4.17426021 15.93528829 75 43 18
-3.72301870 -3.33087390 16.58394589 106 90 83
-3.79225956 -4.19590827 16.02085298 109 81 51
-3.39726328 -4.23781140 15.83033118 233 210 174
-3.56831311 -2.15032873 17.21962963 161 143 133
-3.80035489 -3.01662464 16.62712393 179 170 161
-3.80815524 -3.06229870 16.58258154 176 166 163
-3.80833368 -2.90776829 16.66692774 99 78 65
-3.74250059 -3.13216607 16.48047608 152 132 122
-3.81418083 -2.83782551 16.66578147 160 146 139
-4.01151317 -4.08560674 15.93148292 99 79 57
-4.01151317 -4.08560674 15.93148292 99 79 57
-4.57347273 -0.69154002 18.30902394 215 210 214
-2.80046104 -4.09743983 15.45885474 211 204 192
-3.83077179 -2.87620233 16.60079686 158 142 134
-3.12734799 -4.11060259 15.54580431 210 185 147
-3.97140790 -3.89021766 15.98353780 150 133 113
-3.89683265 -2.62057477 16.75699804 83 64 48
-3.90812781 -2.99588569 16.40015055 103 83 72
-3.94739693 -2.60255386 16.55449062 156 137 123
-4.03688996 -2.40067001 16.65725456 166 150 137
-4.00626662 -2.03553810 16.84745069 98 73 61
-3.99173960 -1.85298895 16.84355483 103 76 62
-3.94461434 -1.52544642 16.99952302 88 62 55
-4.08876771 -1.69115972 16.91993730 167 148 133
-4.20077918 -3.88019073 15.59370771 191 159 117
-4.12007244 -3.99778824 15.48725594 120 85 56
-4.08743715 -1.58187075 16.84357288 168 147 134
-4.57738154 -3.83537011 15.62677056 177 149 113
-4.39358563 -3.86248108 15.49891284 80 45 16
-3.98582784 -0.65358470 17.19481437 124 106 96
-3.16408804 -1.06726203 16.41705316 94 75 58
-3.66231645 -1.38310209 16.34169279 94 75 58
-3.83502806 -0.55885251 16.76418301 99 73 56
-4.87406129 -3.72687850 15.39156866 131 99 59
-4.87406129 -3.72687850 15.39156866 131 99 59
-4.77565569 -3.73308036 15.33736403 180 144 98
1.61836919 -2.74130215 12.96588642 183 152 119
-3.76804491 -1.44130431 16.17962344 99 76 58
-4.85388313 -3.74871021 15.30025675 84 50 19
-3.91558050 -0.45962385 16.75148046 119 93 81
-3.91558050 -0.45962385 16.75148046 119 93 81
1.88007163 -2.97666120 12.58517166 188 164 136
1.60171831 -2.78764265 12.75629303 184 158 120
-4.83728249 -3.77541865 15.18141722 107 76 47
-5.00061522 -3.63255534 15.28884015 173 143 109
-5.07968576 -3.58681844 15.34664642 108 83 52
-4.96506774 -3.70179478 15.17548252 164 135 106
-0.25860790 -2.15605632 13.67005995 185 154 121
1.25084974 -2.63913755 12.64929578 77 50 22
-5.22696079 0.09960206 17.25828050 148 150 162
1.08830253 -2.34359105 12.75610270 182 150 122
1.86952179 -3.74848963 11.56972871 172 139 107
1.01837040 -2.42997961 12.70914696 175 149 126
1.18471243 -2.57202809 12.53892933 101 68 39
-0.87763594 -2.01856479 13.80484796 106 75 31
0.18717533 1.46003377 15.18722036 78 59 58
0.18717533 1.46003377 15.18722036 78 59 58
1.97485267 -3.84363202 11.23044867 181 152 120
-0.04234826 1.65009316 15.21342558 131 121 127
0.06079256 -1.83881610 13.19540775 197 164 123
0.88359895 -2.53898401 12.38983864 78 48 20
0.70514872 -2.08994813 12.66289929 74 48 21
-4.55045777 0.41156588 16.70591975 223 218 222
0.84097649 -2.65953532 12.17219988 187 158 129
0.90515494 -3.19461444 11.73160411 185 154 126
0.61076340 -2.87826060 12.04436826 85 55 28
-5.47327853 -3.57993221 14.90481527 92 64 38
1.02083558 -3.34056568 11.53735398 80 48 18
1.68454569 -3.65884273 10.97102592 114 79 44
0.37565295 -1.57338592 12.70495018 196 162 127
-0.62310231 -1.01149307 13.34733817 193 168 144
1.55123282 -3.54757142 10.77234516 192 159 130
0.90836326 -3.23665397 11.05486926 175 144 115
0.17745132 0.83923082 13.42681975 222 218 217
0.88966881 -3.32839205 10.79068445 184 155 127
0.96993213 -3.32528785 10.51897614 189 163 134
0.63085034 -3.00483235 10.14901814 167 136 114
0.42129962 -2.64514399 10.37795809 68 44 17
7.51557750 10.53697151 0.09923337 158 145 128
4.51465627 9.56939368 2.88949391 169 160 144
7.24424139 10.76016218 0.33446681 193 182 176
7.18506963 10.70888175 0.37552773 193 182 176
10.80184042 12.42859340 -2.94972140 190 180 168
7.48037039 10.50832187 -0.07407528 120 115 109
8.60848823 11.29774714 -1.08252574 192 184 171
2.18208520 8.54397972 4.01759924 60 69 41
8.90097225 11.78555479 -2.38629376 32 32 23
2.14770061 8.50426078 3.93681385 186 187 175
7.40911760 10.88761192 -1.59023793 30 23 14
0.91655371 8.23506989 4.72121348 76 73 61
7.37966800 10.74139426 -1.76080312 175 166 174
1.90627264 9.00540569 2.87332542 96 85 63
1.40711401 0.06814701 12.02192716 55 34 15
-2.19150876 -2.81867768 14.70473616 67 45 18
3.46811702 -1.31485609 19.04034304 212 200 194
-4.07325141 -3.89429485 15.53466315 163 136 100
-4.41202964 -3.82995680 15.64154778 161 129 92
-3.74078546 -3.53291663 13.13185547 102 70 31
-3.15459231 -3.93116626 19.34988913 215 206 202
-3.51558537 -3.55997205 16.11650032 232 231 228
2.73962421 -2.26703703 9.14564386 193 158 121
1.80855081 -2.44533032 23.10005314 161 127 82
1.44945910 -0.23624812 11.81047797 69 47 27
3.26935866 -0.77403577 9.57677121 216 210 197
-5.71118869 -3.93958763 25.28931906 126 114 103
3.07037285 -0.40087136 10.69583605 227 219 209
-0.18175406 -0.11324081 13.32467673 81 60 43
0.54069644 -1.03796761 11.35705464 136 116 91
-0.45420487 -2.26415367 9.82776430 56 30 3
1.86487836 -1.78625128 9.53546215 72 54 38
-2.17713464 -3.31708099 14.47149152 47 44 43
-0.12149362 -0.45400919 12.90754025 112 91 73
-0.12149362 -0.45400919 12.90754025 112 91 73
1.44505494 -2.40260585 9.64517568 121 91 63
2.02905765 -0.88866664 10.56724919 76 54 30
-3.46948858 0.06724838 16.71792560 128 108 95
0.08308963 -0.36843577 12.58827982 122 104 84
2.60368604 -3.47813782 10.75288704 68 41 14
-2.93951171 -0.97645930 14.86353854 136 119 112
-0.58219524 0.47582065 14.29083052 149 134 123
-0.55025007 -1.13105171 13.37683423 148 126 101
-0.00147918 -0.28696343 12.72138199 90 71 57
1.54256977 -2.65307212 9.56434619 73 49 27
3.77113177 -2.84137782 11.59873137 188 163 132
-3.34386761 -0.53492468 16.38905341 86 67 55
-2.32604153 -1.43081245 14.63995424 159 145 132
0.93382768 0.12826599 12.51616841 82 59 34
1.26294141 -1.50666563 9.59507670 164 143 119
0.39069535 0.98288517 14.19082208 123 96 77
-3.61105189 -2.99515974 15.75199653 183 182 180
-3.60418555 -2.89882256 16.07677844 90 73 55
-3.26989370 -3.60600355 16.07883622 89 62 35
0.04629980 -0.68800475 12.57156651 112 95 75
0.29709483 -2.70414854 10.19383212 141 117 89
1.46946575 -1.02072681 9.84017702 103 83 63
0.91442033 -2.63220642 10.11522142 53 33 12
1.44910917 -2.21330698 9.63178085 47 31 15
1.87136532 -1.72294344 9.53708250 120 99 75
1.58593387 -2.92203864 9.70485253 137 102 70
1.71921589 -2.74195907 9.67362275 150 117 84
2.44000331 -1.50912167 9.13760820 48 28 11
1.88615966 -2.63262529 9.59933475 62 36 11
2.97556190 1.88605652 13.74732628 110 104 88
2.89547108 -1.45567852 8.73747441 137 119 95
3.15079653 -1.31693018 8.75465193 107 89 71
3.19910122 -1.65225894 8.66614459 90 68 41
3.05607596 -2.00095146 8.91494120 105 74 43
3.34080619 -1.63663503 8.66042734 4 2 2
2.63699536 -3.56927373 11.03314781 30 14 1
3.74836346 -1.56113134 10.10367090 191 186 178
3.37634627 -3.36139524 11.37935182 182 179 181
-3.17908379 -1.83257216 15.64935356 173 156 140
-2.86945720 -2.26801889 14.89817575 146 123 104
-2.45080861 -2.22412326 14.61147073 141 117 88
-1.77235316 -1.57389891 14.22276192 160 135 111
1.07331922 -2.00621753 10.06254783 18 8 3
1.77625722 -2.47045654 9.48751273 154 128 90
3.44512452 -2.54413248 11.96824085 82 59 33
-4.82442496 -0.83182039 17.74101309 180 179 184
1.12200819 4.05438174 10.91456377 180 176 177
-2.85035472 -2.83740074 15.03929247 142 115 88
-2.14749329 -2.02594018 14.38429763 124 102 80
-2.12287512 -2.25003398 14.43156074 135 108 80
2.22334057 -1.72387630 9.23058655 39 23 1
2.74386539 -1.54153039 8.83782410 41 24 8
-5.47916998 -3.41718937 15.04900269 186 180 167
-5.16944000 -3.46976481 15.14115723 125 95 60
-5.16944000 -3.46976481 15.14115723 125 95 60
-2.00203407 2.12850770 13.92271605 179 173 173
-4.03068975 -0.92031349 17.02068379 102 88 75
-3.64423443 -2.23459538 15.92485731 101 89 82
-2.85214694 -1.79993956 15.00599009 138 124 115
-2.88566161 -1.79227438 15.08393520 138 124 115
0.21734462 3.06647007 11.82661127 107 107 105
-3.83633643 -3.82899261 16.13883192 76 50 25
-3.63158941 -3.39299357 16.38290910 190 183 179
-3.07505434 -3.08754699 15.32176971 51 30 9
-2.34878975 -0.05737160 16.52645375 42 32 20
-3.40780141 -3.74695945 16.20786432 176 175 177
-3.29325842 -3.56547480 16.13220299 79 53 26
-1.45829424 -0.77952075 14.24892832 79 65 52
-1.45681349 -1.34852267 13.92892441 143 126 105
-2.05026316 -2.67051214 14.49513282 138 107 74
-1.14083844 -0.79184972 13.84806018 136 121 106
-1.61438181 -1.99993220 14.21799440 61 34 11
-0.31316768 1.64786991 14.20915165 71 53 39
-0.31316768 1.64786991 14.20915165 71 53 39
-1.22747762 -1.53151297 13.78086082 156 135 108
-0.57997023 -0.02954476 13.58325092 130 117 111
-0.94438999 -1.04405984 13.62702696 146 128 106
-0.37723382 0.11767990 13.41755128 83 69 58
0.15186404 -0.74404611 11.30251104 128 110 96
-0.06898752 1.40067131 14.02939476 104 85 71
-0.73212854 -1.17907081 13.46602444 53 34 20
-0.74117636 -1.17072241 13.50133119 53 34 20
-0.09092091 0.67460209 13.54988627 65 48 38
-1.01969862 -1.77983462 13.75176969 138 118 90
-0.11828468 -0.00001741 13.01942923 80 64 48
-0.11828468 -0.00001741 13.01942923 80 64 48
-0.23238257 -0.61146226 12.79942759 125 107 89
-1.24940872 -2.21320859 14.20112804 63 33 8
0.03658547 0.34711305 13.14881966 65 49 33
0.19411276 0.40300143 13.04521698 61 42 25
-0.52279058 -1.42330844 13.29499230 143 114 86
0.27260344 0.64817613 13.30001134 114 97 88
-2.38980632 -4.10039505 16.15043498 132 103 71
0.45441882 -2.39456132 9.90538935 152 129 100
0.48559520 -2.55432750 9.88428783 60 42 23
-1.68818900 -3.53034201 15.70639518 166 142 108
-1.68818900 -3.53034201 15.70639518 166 142 108
0.74566601 0.08884838 12.35595601 65 48 32
1.16732949 -1.29838199 9.81081183 72 54 34
0.93708193 0.15291832 12.24332377 59 40 25
0.76618381 -2.33837571 10.01176313 40 22 4
0.75363799 -2.67394006 9.95142277 48 22 5
1.35899319 -1.19753287 9.72075410 60 42 23
1.16294986 0.14149211 12.09018496 107 90 73
1.42309929 -1.46200930 9.51656934 135 110 82
0.73934786 -3.01077515 9.90325298 113 87 54
1.03938869 -2.66065106 9.87027467 125 102 82
1.35342533 -1.78739495 9.87954769 18 8 2
1.16076393 -0.73575807 12.07267935 62 44 27
1.48883803 -1.95722483 9.79195693 74 53 32
1.68687140 0.02413094 11.90134059 99 75 52
1.09600584 -3.04647603 10.04618719 139 113 88
1.60567555 -2.00507032 9.62623566 2 0 0
1.53709608 -2.30634483 9.53504809 70 45 22
1.30546552 -2.78017724 9.69663692 135 115 88
1.79374201 -1.80197395 9.57178073 103 85 62
1.79374201 -1.80197395 9.57178073 103 85 62
1.25218562 -3.17013163 10.02039013 66 41 21
1.95781095 -1.64078223 9.53418740 100 83 65
1.96976048 -1.80619789 9.58044331 37 22 6
1.50251940 -3.07153584 9.77641166 83 53 27
1.68531735 -2.88298358 9.65896225 57 31 8
1.45145116 -3.33832124 10.08485069 174 149 123
1.48968860 -3.36742905 10.17280538 83 54 29
1.43966395 -3.41611645 10.34393572 170 147 121
2.38935602 -1.64505295 9.19432008 100 80 55
2.51498924 -1.51095112 8.91288565 54 35 17
1.53569415 -3.39349812 10.21016755 173 146 116
1.56430707 -3.43291515 10.25586408 128 102 70
2.68470056 -0.69930053 10.04071213 70 44 24
2.30765902 -2.28695507 9.31730712 117 91 67
2.75629836 -1.61227154 8.80119991 141 121 91
2.29923089 -2.63794106 9.54312595 151 117 77
2.86257388 -1.70290573 8.76846932 56 34 17
1.77083092 -3.68802198 10.80652415 136 108 81
1.95845379 -3.83225233 11.11623431 152 127 97
1.96443377 -3.88772267 11.25228682 188 183 179
2.24849022 -3.72170892 10.89651558 155 130 100
2.33856983 -3.66961298 10.85693530 162 137 102
2.69894512 -3.02529028 10.44964208 113 79 46
3.48548636 -1.75705176 8.79515048 1 1 1
2.55526856 -3.48194114 10.80255521 165 143 113
3.69738537 -1.09310941 9.52094601 195 186 176
3.01191980 -2.88849394 10.57071745 139 114 87
3.76375648 -1.70814784 9.51863337 144 126 103
3.80698850 -1.72817516 11.09767161 186 179 169
3.73314676 -1.99115623 12.28744201 188 182 171
3.48316299 -3.03152860 11.46030958 125 100 72
3.91004380 -2.61985999 12.18487135 187 182 176
13.14847042 -3.17861214 19.25314971 168 158 146
3.46643168 -3.29231224 11.29051043 208 201 194
-2.33445283 -2.25824512 14.57450350 159 129 94
0.86033284 -1.08167090 11.99004896 47 29 9
-2.78744398 -2.84707271 15.01302400 77 52 31
1.94927626 -1.84910611 9.52961338 53 32 10
0.53240420 -2.64672019 7.77908742 84 83 69
-4.93240124 -3.72513976 15.57404600 226 222 223
-4.56371387 -3.84038696 16.15968472 231 228 229
0.37739546 -2.58291568 17.14096422 229 223 216
2.27135724 1.46647813 15.14899309 106 92 81
-2.13296118 -4.01043138 16.26072457 235 227 228
-3.22201132 -3.28788894 20.67408905 230 223 211
-1.61799709 -2.28201079 14.23476466 162 128 87
2.93866278 1.99599951 13.98810604 132 125 109
2.95842929 2.41990403 13.11771209 216 207 200
3.41189741 -0.53075405 17.64095925 221 217 200
-1.50505954 -3.93633078 10.55988963 176 146 110
0.67364290 -3.12580257 12.18351912 212 208 199
-3.02355860 -0.14528926 16.38848386 113 91 77
1.65789150 0.07916036 12.02899752 140 120 95
0.95441235 -1.76394942 14.95187296 181 154 122
0.79120815 -2.64670935 15.12156120 202 171 140
-3.13564287 -0.44846532 16.21855048 130 110 86
-0.69425564 -2.27102394 14.08107191 113 76 30
-1.15574473 -0.77473807 13.77791244 86 63 47
3.07122587 -1.42478656 8.66260048 64 44 14
14.59683871 -6.86044157 40.33993985 210 209 217
-2.59819850 -3.17229387 14.01769358 119 95 68
-3.34203861 -0.54771543 16.36059276 86 67 55
-2.65846859 -2.20020797 14.53424159 174 150 137
2.12376184 -2.37419204 9.49827994 70 39 13
2.17598153 -1.86526804 9.28473340 153 129 96
2.38565116 -2.06788751 9.23807408 162 130 91
3.07583745 0.09495915 16.96656950 179 150 104
-2.60314112 -4.08511527 16.69453791 239 238 225
2.78585307 -3.40863579 10.14065699 201 173 145
-3.71961916 -1.55185651 16.03369171 110 100 93
-3.06773226 -4.03256257 15.84966754 77 51 27
12.60903428 -7.10887960 24.32468443 76 72 61
-5.29635264 -3.27273504 15.01021020 210 211 214
-3.03650966 -2.55871317 15.43205370 147 120 92
-2.12759418 -2.24536493 14.43644217 147 116 79
-1.74866323 -2.56802510 14.37401168 142 113 77
-1.32927523 -0.86716106 14.00268802 156 144 128
-1.02880426 -1.68771410 13.75606188 73 48 20
-1.06552712 -1.11045231 13.66356182 161 141 117
-0.38061825 -0.75651688 12.92444195 134 114 89
1.42711918 -3.36890468 10.11103734 186 163 130
1.33345141 -3.17926239 9.97109372 188 161 119
1.64367866 -2.83885982 9.64166233 169 136 95
0.97232512 4.21301243 11.08173224 194 191 180
1.94236179 -2.36064193 9.46948886 155 128 88
1.86630481 -1.73759546 9.52873397 164 140 114
2.09851294 -2.33404474 9.48822743 161 127 80
-3.75749635 -1.52132574 15.98768236 180 178 178
-2.21763541 -2.31491714 14.51426549 134 106 76
3.19122419 -1.27241235 8.76466479 96 81 61
-4.60015582 -3.77301578 15.23835952 139 114 82
-3.36126584 -0.52796351 16.43856820 61 44 34
-2.90814592 -2.25457414 14.98869044 125 104 84
-1.81497440 -2.47983951 14.41381319 131 103 70
-0.73298230 -0.19430173 13.94840369 76 60 45
-0.87224847 -1.19459678 13.65125188 54 36 18
0.30988421 2.12246609 14.04465729 29 18 13
-1.27607844 -2.78786360 14.55661913 153 123 89
-1.46220861 -3.40483006 15.37596591 169 142 112
1.25827406 -0.88924119 10.77687738 116 96 76
1.17600235 -2.49525124 9.74928699 122 104 81
1.57888102 -2.99395955 9.72194109 64 34 7
2.94467330 -1.41287732 8.72466516 114 96 76
2.91772060 -1.62975453 8.74560152 54 35 13
2.97111054 -1.56574068 8.73805820 38 21 5
3.41938433 -1.69858698 8.65442091 0 0 0
2.35474440 -3.66737706 10.79067921 162 137 102
3.63752991 -1.84874560 8.93777828 118 94 62
3.18590429 -2.67462718 11.84576241 19 6 0
3.22051401 -3.40599952 11.39844936 136 114 85
3.43183536 -3.21589132 11.40773631 136 110 79
25.76006633 0.33180328 48.25501768 41 38 31
26.02646145 -0.32790991 49.42865221 99 98 93
26.11235714 -1.65320784 51.06479736 38 37 28
26.17013091 -3.37293811 53.47288874 44 45 40
26.15878859 -2.12687738 51.49975718 101 96 92
-4.69769419 -3.58262160 14.92434725 157 127 93
-5.03830990 -0.90056566 18.05204228 182 180 181
-3.07858391 -1.18222495 15.64130375 80 65 56
-3.09158150 -1.98804179 15.21379742 145 127 115
-3.57630029 -3.00429117 15.94252651 196 191 187
0.04936948 3.35298070 12.45597466 109 109 107
-3.53121848 -3.47285191 15.69070712 185 183 184
-2.68644227 -1.00275781 15.60989615 120 105 97
-3.09001148 -2.73597178 15.29354061 132 107 79
-2.56858187 -1.98735786 14.73162831 142 121 99
-2.19162830 -0.68028529 15.17799080 137 124 114
-3.30036947 -3.56097504 15.79115351 126 105 83
-2.29620718 -2.09663563 14.58240569 127 103 75
-2.28627958 -0.37785676 15.88609276 133 120 111
-2.83473164 -3.33485780 15.12117797 144 111 78
-2.58857144 -3.11808142 14.93277495 141 108 75
-2.69820124 -3.41013853 15.03716780 124 97 67
-1.60814010 -1.26340788 14.14322623 64 46 34
-1.66267734 -1.38630786 14.21140242 130 110 91
-1.65031679 -1.39208517 14.18996153 130 110 91
-1.41421460 -1.57264339 13.98202328 153 130 103
-1.83079284 -3.36312033 13.68470060 128 94 58
-1.39916465 -1.92795982 14.03278947 63 38 13
-1.39916465 -1.92795982 14.03278947 63 38 13
-0.98616079 -1.24256935 13.70859315 51 33 13
-0.29397645 0.87933640 13.88629764 126 108 96
-1.23241066 -2.06710466 13.96724794 158 131 101
-1.73942086 -2.91589411 14.63625896 112 82 48
-1.33705855 -2.20915583 14.19546323 139 108 74
-1.25285698 -2.15974451 14.15566459 157 127 89
-1.49423131 -2.67468680 14.47512400 160 126 89
0.12459555 0.11162864 12.83647126 70 51 34
0.31590896 1.11323742 13.76913753 58 35 17
0.48205780 -2.55282980 9.89209095 53 33 16
0.49336665 0.57492238 13.10008289 76 58 38
0.57462469 0.88324130 13.39200690 51 30 11
-2.00208854 -3.84373518 16.11297925 142 112 76
0.47867641 -2.85926170 9.99151725 173 148 118
-1.38722239 -3.35824538 15.31309294 172 146 111
1.23681978 -1.25528155 9.73688595 70 49 28
0.71835203 -2.91434077 9.86468616 123 95 58
1.20767551 0.06171620 12.06855473 58 40 20
1.20767551 0.06171620 12.06855473 58 40 20
1.49513997 -1.28922210 9.70297633 118 92 65
1.50628183 -1.30116483 9.65908363 118 92 65
1.45141765 0.21460412 11.97690958 112 92 73
1.35407458 0.00640594 11.97981088 103 82 62
1.44664071 -1.60571532 9.98340723 11 4 0
1.03015579 -3.04140361 9.99726432 156 133 102
1.15356333 -2.96013094 9.78603821 151 127 101
1.77193315 -1.69094286 9.63862870 44 26 7
1.42093610 -2.77831975 9.59283008 72 48 26
1.92121865 -1.61477122 9.54847219 53 32 11
1.24235139 -3.16123176 10.05552986 80 50 25
1.50650827 -3.07286222 9.59664581 156 120 84
1.49510753 -3.37413628 10.13682281 100 68 39
2.97777327 2.42699250 13.05109975 192 182 173
2.65020375 -2.07049334 8.97352404 138 111 83
3.24206524 -1.29288295 8.75578818 3 0 1
3.53145165 -1.46492580 9.01073199 0 0 0
2.90441085 -2.85550339 10.53564850 34 26 18
3.66879540 -1.79754356 9.02703586 130 112 85
3.75851558 -1.70175098 9.11400102 166 145 114
3.45836594 -1.88717455 11.81793133 191 183 172
3.59990409 -1.98662422 12.06347970 80 55 27
3.29930211 -3.36109261 11.35623463 138 118 88
3.64109416 -3.17910696 11.44028341 195 190 184
23.55114127 0.23696547 45.21505160 103 98 93
23.55114127 0.23696547 45.21505160 103 98 93
24.04162856 1.34185259 44.55812566 107 99 96
23.77316214 1.32131127 43.57266095 30 26 25
23.98271491 -0.53670029 47.26690033 52 48 39
23.98271491 -0.53670029 47.26690033 52 48 39
24.07585344 0.53561426 45.75321607 113 105 102
24.03782002 0.00767623 46.43162507 105 100 94
24.12577721 1.31791662 44.45138927 103 95 93
24.10064438 -0.48313284 47.25232230 96 91 87
24.45309617 -0.38086455 47.49330506 101 96 90
24.01549255 -0.87355023 46.75052457 58 53 47
24.39627702 0.85562827 45.11138284 50 51 43
23.91706013 -0.10496470 45.21924916 90 86 75
23.80004672 1.06305253 42.98809074 86 83 78
24.59434423 -1.14260192 48.28719481 103 99 94
24.59434423 -1.14260192 48.28719481 103 99 94
24.41347802 -0.71291675 46.34222611 105 102 97
24.91401952 -0.60100013 47.64533365 105 102 97
24.53888343 1.09517963 43.65958341 90 85 81
24.34629537 -2.24897683 48.31036811 95 91 88
24.65345693 1.03614083 43.49698012 80 77 72
24.76238041 -0.25521650 45.76200472 62 57 51
24.68427708 -2.20271333 48.31207022 43 44 39
24.77604431 -0.35940358 45.40245169 114 109 105
25.13213069 1.06753097 43.97311475 86 85 79
24.96215668 -2.38126922 48.55344359 109 101 97
25.61420425 1.02137385 45.01802359 44 44 35
25.12642146 -2.39148472 48.68345335 57 53 43
25.33095620 0.09756688 45.40929389 46 43 36
25.34368595 0.95291477 43.73607743 96 88 86
25.18709085 -0.99151112 46.18237594 51 47 39
25.37217141 0.02229446 45.09719199 107 102 98
25.49673436 -2.50028432 49.14931137 61 57 48
25.35743539 -0.88140224 46.26412591 94 89 83
25.45246599 -2.97264330 49.54648096 97 92 88
25.66280423 1.07593973 43.49549513 27 26 19
25.68100999 -3.21424810 49.84550310 92 87 84
25.55318257 0.91404886 43.35803433 112 109 104
25.66979662 -0.54843984 45.73702583 102 97 93
25.66979662 -0.54843984 45.73702583 102 97 93
25.92772949 -3.23349155 50.19628228 55 53 49
25.81093417 0.36606252 44.38781642 99 94 90
25.81314008 0.89932569 43.34889236 93 90 83
-4.06070441 -2.51310368 17.27511313 141 124 117
3.71106413 -1.46120301 8.74856361 22 22 18
-4.61730304 -0.73726597 18.74432480 136 125 126
-4.31165192 -3.82255171 15.80170403 167 130 82
-4.90844519 -3.71632459 15.56696439 204 202 197
0.05641794 -2.35118076 11.02030438 89 66 35
0.13547415 -0.56691914 12.03952640 68 45 21
0.13547415 -0.56691914 12.03952640 68 45 21
1.49047883 -0.23913017 11.81266283 145 122 103
1.53698014 0.19383353 12.29477053 145 126 107
1.59967084 -0.15892153 13.03383843 46 27 10
3.46613802 -1.61067609 9.16106980 1 1 1
3.67781902 -1.32732032 8.82566915 150 145 127
-4.52213112 -3.77396375 14.45281834 152 117 70
0.86290592 -2.99095420 10.07122296 39 21 5
1.34689307 0.92357538 16.55253568 100 74 68
-3.21093320 -4.07984636 16.93155249 215 216 216
1.30304100 -1.73524380 13.71744162 207 175 149
-1.53290080 -2.31577436 14.33096715 179 142 97
-1.34077615 -1.29365600 13.84416707 174 153 127
-0.72383083 -1.31971203 13.36123671 129 109 77
3.04164960 -1.53233964 8.65425981 58 37 11
3.10556313 -3.36902385 11.22438830 79 46 15
-2.04171647 -3.86153995 15.80566880 164 130 95
-2.83142019 -2.18208229 14.90655848 157 139 123
-0.42592800 1.69982383 14.28804753 130 118 112
0.73924268 -1.00442732 10.80313570 79 62 39
-1.49635779 -1.59563769 13.50780343 188 163 132
3.17361185 -2.03474341 15.90176459 176 156 125
2.75741562 -3.37980026 10.24887607 238 213 185
1.33629183 -2.91062660 10.20411411 195 159 123
-1.87234840 -2.33615881 14.29755708 144 117 89
0.89427506 -2.20432515 10.04883680 97 68 51
3.72671276 -2.02875970 12.15954668 185 182 179
-2.53521471 -1.99850019 14.65688669 179 151 131
-1.46519606 -3.51812775 16.06373371 158 129 91
-1.46773276 -3.36517336 15.99401153 185 156 120
-2.11378086 -1.64074027 14.41920458 146 126 104
-1.90788847 -1.91976930 14.21773456 149 126 92
-1.26567177 -2.61958094 14.48362626 142 108 71
-1.22559932 -1.52911555 13.77243640 185 159 132
-0.45592806 -0.36315547 13.45401069 81 59 44
-0.61549060 -3.85546826 8.51699898 134 114 89
-0.35918203 -0.10147307 13.44685691 139 117 103
-0.35918203 -0.10147307 13.44685691 139 117 103
-0.16437789 1.58769939 13.88756675 70 53 41
1.17487711 -2.06632686 10.11856989 97 71 46
1.77573883 -2.68059474 9.63543083 160 127 89
3.35525653 -3.30772172 11.36813308 144 118 82
2.40739819 -1.92778365 9.17927354 68 46 19
2.40433978 -1.92935333 9.17217951 68 46 19
3.44959303 -1.95467079 10.27906187 159 127 86
0.48942409 -2.39888331 9.82339626 159 133 105
3.46385422 -2.14027982 9.20849758 121 89 52
-3.24435568 -2.58887181 15.30768357 150 134 116
-2.87148326 -2.26273735 14.92579950 125 104 84
-3.18102018 -3.26287209 15.59289516 134 109 79
1.47030458 -1.47062767 9.61026601 63 38 15
1.65846027 -2.83508019 9.62152583 144 112 75
3.33938021 -1.68748144 8.67163183 122 98 63
2.30610697 -3.74652178 10.91053359 27 9 0
3.84683273 -1.47773097 9.20934143 187 178 169
13.79407358 -4.52358966 22.87502231 65 60 51
26.08637353 -0.31804779 49.52519310 99 98 93
26.02456452 0.47419481 47.83525450 100 95 92
-5.25183196 -3.40290003 14.80356956 121 105 95
-5.23610521 -3.40727073 14.73585512 121 105 95
-3.22109606 0.04365420 17.00108664 76 57 40
-2.92389537 -1.91564211 14.99977698 134 118 104
-2.43388521 -1.86844270 14.63377083 138 117 98
-3.23306674 -3.62713026 15.72979208 125 99 75
-0.21694414 1.73100521 14.17101002 72 56 44
-0.71571124 -0.79148867 13.46764918 80 63 48
-1.74580720 -2.91370868 14.64505609 112 82 48
1.16858893 -2.40177039 9.77188406 40 24 3
1.48473193 0.29896381 12.16392784 106 88 63
1.47543109 -2.32487931 9.58665035 128 102 73
1.58810498 -2.52160104 9.57837789 57 36 12
1.37046940 -3.12587277 9.91247259 76 45 17
1.92042296 -2.53068279 9.55619318 150 116 79
2.99450739 2.41171021 13.01724870 192 182 173
2.30266536 -2.13850519 9.32352419 132 109 78
2.80957760 -1.61902743 8.84688417 90 68 42
3.06458490 -1.41640242 8.69317084 48 30 6
2.83279659 -2.93255117 10.38842476 160 133 98
2.57265184 -3.80814722 11.21781830 149 121 91
2.77448805 -3.61543501 11.12041967 144 109 74
3.92255731 -2.33936304 11.98809083 200 192 181
24.24480336 -1.09265383 48.50508752 107 99 96
24.04635345 -6.98172824 57.28605375 104 99 93
24.50433124 -0.38317944 47.62477454 101 96 90
24.54498006 -0.31585501 47.43028184 59 55 46
24.57641120 -3.09280969 51.39017669 50 47 42
24.65641440 -5.25160031 55.09594116 54 51 46
24.70404771 -2.73166797 50.27466923 55 51 45
25.24837811 1.25542043 44.28991301 15 14 10
25.46780416 0.86952514 44.87866024 100 96 91
-4.88385492 -3.55331185 14.61537236 141 111 75
-4.14914712 -3.89624929 15.08503582 131 102 73
-3.96296413 -1.63565751 16.42962307 190 185 182
-4.29659750 -1.58082426 17.44640364 101 86 75
-3.42565310 -0.06426496 16.43215392 71 51 44
-3.41113126 -1.48500969 15.62231943 93 75 64
-3.36581823 -0.91276982 16.09938813 78 59 49
-3.04674672 -2.13653655 14.97607663 139 124 106
-3.19413592 -2.74825681 15.11094510 145 126 110
-3.22884523 -2.88999650 15.28628538 84 64 43
-2.69722434 -2.18574254 14.67734016 134 113 92
-2.51170062 -1.56026036 14.64327949 93 79 73
-3.01973839 -0.51421367 16.47513766 42 24 4
-3.06130175 -3.15604040 15.10610774 121 94 64
-2.63545963 -2.46277248 14.69025582 119 91 68
-2.40122143 -0.97777270 15.11981272 103 90 81
-2.14539090 -1.15993988 14.65426069 87 71 58
0.05064583 3.33722052 12.42922387 107 106 104
-3.15496142 -3.84846250 15.49156494 191 187 184
-2.91080862 -3.39714495 15.23031634 136 104 68
-3.19954751 -3.78413290 15.86477550 183 179 176
-2.04144831 -2.05664432 14.16007358 136 110 79
-3.07414527 -3.82304974 15.74198282 122 97 71
-1.59869434 -2.36240656 13.40202638 123 92 59
-1.33089856 -0.86567188 14.00043830 135 121 106
-1.76943092 -2.13611989 14.23690775 54 32 9
-1.76943092 -2.13611989 14.23690775 54 32 9
-1.53681859 -1.64185841 14.06926827 144 117 87
-1.80688816 -2.58789818 14.32362309 60 35 6
-1.71220660 -2.75289605 14.26208172 144 110 73
-1.25976651 -1.91909949 13.76348285 63 39 14
-1.23214045 -1.81336246 13.89822488 53 33 8
-0.55579696 -0.13040527 13.42440569 126 113 98
-0.55579696 -0.13040527 13.42440569 126 113 98
-0.26266506 1.58381621 14.13199146 110 96 83
-0.83452864 -1.23318962 13.52140602 53 33 10
-0.45209406 -0.22059908 13.28631121 71 55 35
-0.32576410 -0.58229958 12.88070442 65 44 24
-2.26063005 -4.07989563 15.33114645 169 139 103
-0.20728644 1.07741150 13.93218605 101 84 70
-0.13687997 0.33366942 13.28962533 86 68 54
0.11258380 1.81004723 13.96739575 35 19 5
-2.66446134 -4.00155878 16.83384616 132 100 66
0.08986790 0.15458896 12.94502366 70 52 36
0.08346612 0.85719186 13.58890591 44 25 8
0.12192875 0.46636081 13.23076483 58 40 20
0.49297605 -2.56191745 9.86150803 48 30 8
-1.01560161 -2.42148886 14.20609833 155 120 82
-2.16122137 -3.97238459 16.15115566 124 102 74
0.50256829 1.97230639 14.19741322 37 18 2
-1.12575196 -2.93736499 14.79059650 163 130 95
-1.83097874 -3.80286830 16.24631278 148 122 95
0.91385858 -2.12642735 9.92698582 158 130 98
0.87077926 -2.13944552 10.04962017 39 17 0
-1.72922116 -3.74825747 16.20569425 149 125 95
0.75473890 -2.66983061 9.96785808 54 31 10
-0.52251144 -2.40072609 14.04742628 101 65 33
0.67115548 1.25977194 14.01320507 50 33 15
1.02595010 -2.32675239 9.95805629 84 62 45
1.45169642 -1.15584692 9.76801230 59 34 8
0.85544806 -2.91057275 9.97693421 0 1 0
-0.75396910 -2.76415366 14.96997503 128 90 53
-0.78521671 -3.07639600 14.89181377 138 104 66
0.96016621 -2.73389441 9.95506623 35 17 1
1.06932565 1.01697677 13.21304406 33 21 4
-0.52353084 -2.55782143 14.85359527 126 89 45
1.44413164 -2.01743125 9.78724078 78 58 36
1.16338778 -2.96408298 9.77634364 146 123 94
1.03463505 -3.20950232 10.15654001 177 152 121
1.59945379 -1.96370712 9.79905112 0 0 1
1.26839862 -3.04102704 9.77527655 109 81 52
1.56845452 -0.19203344 11.78093090 47 29 12
1.59247480 -2.16948746 9.67202306 9 1 0
1.23473956 -3.09685224 9.95069077 149 123 90
1.19120158 -3.18864300 10.09792454 73 43 8
1.19120158 -3.18864300 10.09792454 73 43 8
1.36035339 -3.10781020 9.84169004 153 121 84
1.78001170 -2.45088915 9.52030625 162 134 104
1.49438664 -3.02088277 9.88396132 61 32 3
1.19218493 -3.27677008 10.74677589 164 141 110
1.01131106 -1.84845604 12.98366741 144 106 70
1.40532988 -3.38356341 10.29284873 88 57 28
1.63748296 -3.33072583 9.85269680 155 124 90
2.61318472 -1.26229853 9.20602705 64 45 13
1.43446166 -3.55350689 10.73900341 105 81 55
2.13057746 -2.54296828 9.49998089 64 39 9
1.55950569 -3.53895252 10.59422537 92 61 36
2.66047080 -1.64331469 8.98207581 38 17 0
2.74892196 -1.59226221 8.88579082 155 131 106
2.89682905 -1.36032246 8.83468047 75 52 33
2.73517820 -1.80812559 8.98146364 59 33 3
1.91505038 -3.39899704 10.13892172 158 123 85
2.22314552 -3.08826766 9.98948374 154 123 86
1.79577608 -3.72576053 10.87100308 176 151 121
3.22137425 -1.45273577 8.66317233 3 1 0
3.22137425 -1.45273577 8.66317233 3 1 0
3.21770096 -1.55686648 8.57376159 141 125 99
2.00488714 -3.78977521 10.80650959 173 149 118
2.03100957 -3.80001571 10.91840857 113 79 42
2.39709401 -3.69219628 10.82345145 30 14 1
2.38078666 -3.91448123 10.99082384 148 126 101
2.88311353 -2.92595855 10.44030850 33 21 11
2.90227532 -2.82518476 10.61872075 33 25 23
3.00903296 -2.74620132 10.73011620 140 110 80
2.59444650 -3.75343274 11.04783003 143 112 75
2.94341450 -2.99622647 10.79118320 129 100 74
2.76896468 -3.58961033 11.15433815 129 95 62
3.12763929 -2.80927920 11.62190865 66 48 24
3.12763929 -2.80927920 11.62190865 66 48 24
3.12459546 -2.79656979 11.81229695 22 5 0
3.48432363 -1.83957989 12.35324538 190 182 170
3.11898196 -3.47686496 11.35481432 143 115 88
3.61515632 -1.82152718 12.41024987 197 183 171
3.17711082 -3.46536945 11.44779082 195 187 181
3.34562853 -3.14437286 11.35473383 48 26 0
3.92648537 -2.65232965 11.89680688 191 184 171
11.29418528 -8.69243616 28.28947852 78 74 69
-0.39469634 -1.82088023 13.49030950 82 51 24
-6.12344964 -2.33462394 21.92976814 204 208 224
3.03466256 2.44707756 13.20095109 198 193 189
3.85853292 -2.48280480 12.43128157 98 70 50
-4.77539718 -3.71416875 15.22517217 152 130 95
-4.59162070 -3.33135085 15.39387851 147 120 90
-5.08165407 -3.42139978 15.12919839 177 144 103
-4.38890408 -3.73230383 15.72916642 167 136 99
-3.26517489 -2.15983100 15.39485123 158 133 114
-1.03166925 -2.13192205 13.97074877 68 42 5
1.77635605 1.33445544 15.31034926 106 84 60
-2.16768191 -7.38187410 19.86085474 216 214 201
0.39917997 3.29414090 23.24124291 154 136 122
2.59023789 -7.58487562 43.11031686 52 49 42
0.94718845 4.15992372 11.07055819 206 200 202
3.58001886 -1.79042200 8.91838687 1 2 1
-3.83802663 -4.03674727 15.49267217 164 141 107
-3.97374209 -3.46072368 15.51577268 212 212 214
-3.26957066 -2.39187385 15.41686262 123 100 87
3.04100853 -2.13380678 14.88638978 224 214 202
1.30562167 -2.96047525 9.76066160 113 82 38
2.14117463 -2.07181263 9.35295154 154 120 83
-4.12130162 -4.15587590 12.92800812 88 89 76
-4.59319407 -3.45308771 15.00582644 108 79 50
-0.14286222 -8.32017440 40.12813979 28 21 12
-3.96176550 -1.43854900 16.81948232 124 107 97
-3.18471547 -2.87473724 15.35810968 151 127 98
-1.38104915 -2.83890717 14.74453908 176 141 102
-0.56681407 -1.88994703 13.54651420 71 44 20
0.16953740 -2.18630921 13.96641276 180 152 113
2.21907312 -8.14688525 19.81482481 8 7 2
-2.58092079 -1.78885122 14.83464992 55 41 24
-0.72688864 -1.16986566 13.48229250 60 41 23
-4.63728438 -3.42062255 14.84016005 203 207 210
-3.01125004 -4.36513379 15.96103064 202 203 197
-3.11153381 -4.17461130 15.86042015 184 159 119
-2.69116994 -4.11549909 16.25713979 151 126 88
-3.57402183 -1.56604273 16.93976507 177 157 138
-3.88803228 -0.77826254 17.07240241 157 143 134
-3.33314940 -0.37607133 16.47800090 135 118 107
-2.15664029 -3.19960105 14.85213867 162 122 73
-1.52066076 -3.43896967 15.45281418 182 151 107
-1.63159727 -2.70043181 14.59765015 163 126 81
-1.68114878 -2.40691461 14.33696558 151 119 77
-1.01342660 -2.33880620 14.34698596 171 138 88
-1.33808814 -1.29900213 13.84086334 188 169 144
-1.23329828 -1.20026900 13.84695414 145 126 100
-1.13599342 -1.30879774 13.81379520 76 55 38
-0.95806628 -1.21618384 13.71819411 55 34 13
-0.00293213 1.77034359 13.94828386 60 41 29
0.22716858 1.41552046 13.81115077 46 29 13
1.37858036 -3.44420341 10.90081279 191 163 126
1.56274083 -3.51914491 10.45961649 178 153 111
1.19706545 -2.56259211 9.76742995 97 71 45
2.62063884 -3.45830447 11.29816966 49 27 6
1.73496699 -2.52551463 9.54246736 172 143 104
3.49675401 -1.83815714 8.65810681 10 8 8
-4.13848264 -1.34815374 17.38313072 110 96 87
-5.23300610 -3.32756979 14.81746843 184 180 172
1.42109558 -1.33945038 9.62204456 68 50 29
2.16466702 -3.74412954 10.81819575 112 82 49
2.43271594 -3.89983932 11.42021020 178 171 167
-2.81294286 -2.65047022 14.85644410 132 108 78
-0.32209702 1.56509592 14.13076128 70 53 41
0.56244792 -2.45762513 9.84425783 135 102 66
1.64769232 -2.83423347 9.63015044 144 107 70
-4.85729506 -3.78343131 15.13216243 189 182 172
-3.36633886 -1.71090921 15.55654154 92 73 66
-4.30952091 -1.12661687 18.05308426 92 73 66
-3.36266984 -2.40424162 15.08361612 105 91 78
-3.17858506 -0.83641336 16.10196623 66 48 36
-3.54836949 -2.56801515 16.13991672 85 69 47
-3.49908992 -3.93843817 15.33127777 158 122 86
-1.76965644 -1.58782789 14.18924729 137 115 91
-2.85491014 -3.94940806 15.62097382 80 48 15
-1.17359242 -1.14542812 13.75526049 146 125 107
-1.67324552 -2.68230102 14.33839167 158 124 90
-1.15925025 -2.16854704 14.09123605 90 58 28
-1.18362191 -2.73205598 14.44364913 107 75 36
1.11426875 -1.89937176 9.59174959 167 136 105
1.12918369 -1.97720224 9.84919696 150 118 86
1.16751132 -2.95769998 9.84654820 167 144 109
-0.22303677 -2.54085532 14.74942851 176 151 121
2.10015714 -2.16779077 9.40008877 53 27 1
2.66279245 -1.70727669 9.01258425 106 85 59
1.75193099 -3.50777919 10.34109097 96 61 31
2.73890718 -2.39598692 9.29299150 149 116 78
2.61346147 -2.72101216 9.75720098 155 118 75
2.10115537 -3.83645618 10.87706661 167 140 110
2.58138156 -3.31439295 10.36728263 177 147 113
2.70018001 -3.02469023 10.35282254 95 65 30
3.62592576 -1.97433206 9.16976043 123 93 55
3.62592576 -1.97433206 9.16976043 123 93 55
2.92269944 -3.43369418 11.17539327 101 72 35
3.59966264 -1.94364309 12.22888610 90 67 42
18.64859781 -12.28219676 66.93412400 79 74 68
18.45122509 -12.54552531 66.43159983 77 73 65
20.88811041 -11.61177787 64.20393228 50 47 38
22.09691831 0.58703993 42.84603829 65 64 56
22.79409998 1.06172889 43.87412250 103 98 93
12.66824959 -5.45389040 20.84581191 69 65 55
22.94020918 0.89728916 44.17428825 94 89 83
23.02557084 0.94674105 43.99541446 55 51 41
23.10087378 -1.62613507 48.34477088 39 38 28
23.24336646 0.25551180 45.17587366 99 95 86
23.24764299 0.95308612 43.85695973 45 41 32
23.08480873 0.03193764 44.45211743 47 44 37
23.08480873 0.03193764 44.45211743 47 44 37
23.57507361 1.00731353 43.54783145 95 93 84
-4.61548394 -1.98240162 16.58176756 180 179 178
-3.91105550 -3.80946101 15.44516128 117 80 42
-3.59528400 -1.76014234 15.89446295 96 82 69
-3.63876378 -1.91587960 15.97506921 140 123 106
-3.45751786 0.11720894 16.77098807 72 54 39
-3.45751786 0.11720894 16.77098807 72 54 39
-3.38939029 -0.61550802 16.29982181 71 55 44
-3.38939029 -0.61550802 16.29982181 71 55 44
-3.18236316 -0.49322031 16.38855370 64 45 28
-2.84429496 -2.29177022 14.85369839 128 108 81
-3.29373374 -3.62790621 15.05813131 184 183 181
-3.01691688 -0.25694551 16.55683676 36 19 0
-2.78081976 -2.11477427 14.92419875 127 107 82
-3.63299370 -2.66791502 16.91465909 56 30 6
-3.63299370 -2.66791502 16.91465909 56 30 6
-2.63559535 0.05903208 16.40122988 53 40 31
-2.63559535 0.05903208 16.40122988 53 40 31
-2.17200985 -1.69628854 14.42248403 143 125 103
-2.24001645 -2.10687500 14.47178035 108 85 59
-3.16266347 -3.88870414 15.62533746 82 61 43
0.02515855 3.42333744 12.56859600 104 103 101
-2.41776092 -2.49611931 14.74935317 55 33 10
-2.02612382 -2.18330748 14.49872988 55 31 0
-1.59708497 -1.27237964 14.10966468 59 43 27
-2.82539449 -3.74177756 15.58026871 140 107 70
-1.15007503 -0.36722912 14.13295506 118 108 104
-1.49902308 -1.95976284 14.14246864 56 30 1
-2.68578421 -4.25838668 16.08812108 194 189 183
-1.09427601 -1.75612339 13.75047595 62 35 5
-1.53484133 -2.69040921 14.48900673 160 124 88
-0.16219348 1.66956303 14.14085867 101 82 67
-0.15828104 0.56428462 13.52741329 118 101 85
-2.04133831 -3.81324297 15.35293800 150 120 82
-0.85415613 -2.07247519 13.74711207 82 51 18
-0.66109680 -1.94648028 13.62413089 69 40 7
0.62569615 -2.25203083 9.89011837 111 72 29
0.96817020 -2.42702947 10.00271736 73 51 32
1.10795350 -2.50693536 9.79940547 40 21 2
-0.09413894 -2.23507987 13.95965164 121 88 48
-0.48559597 -2.70013185 14.99987027 175 143 106
1.30715452 -2.32683694 9.71555221 40 22 3
1.42022149 -1.94917601 9.83224414 28 11 1
-0.80092463 -2.94708662 16.05667903 154 128 98
1.39966683 -2.60407713 9.65421823 41 20 2
1.30656266 -2.95479062 9.77145752 94 64 31
1.46371333 -3.08110479 9.82635405 76 45 17
2.01609321 -1.98746847 9.41881677 117 88 58
2.16135834 -1.86193715 9.32037485 153 126 100
1.79356046 -2.70399405 9.67709353 58 31 3
1.99077020 -2.35820646 9.50335709 141 112 73
1.94080278 -2.57309688 9.57090513 60 31 10
2.36766769 -1.59630692 9.19270028 56 40 9
2.01168577 -2.39990321 9.55307825 128 98 61
1.61788229 -3.49475612 9.97318855 118 89 56
1.45072616 -3.54567448 10.84974754 171 144 113
2.45514124 -1.83929529 9.18126696 43 21 0
2.38103016 -2.07404606 9.24472633 138 107 79
2.01406226 -2.92300304 9.71081563 158 122 80
2.65728516 -1.78476000 9.02861925 142 116 88
3.18202548 -1.36969600 8.65508418 97 81 60
2.70725046 -2.61321392 9.32502197 150 121 85
2.09869150 -3.82739908 10.89999313 166 139 106
2.37511592 -3.53759406 10.46953631 164 135 98
2.17242037 -3.90681995 11.11130362 153 128 93
2.80251557 -2.85657390 10.04606322 165 130 92
2.69958132 -3.02781903 10.29448324 99 64 25
3.06634506 -2.60767702 9.76369972 169 140 109
2.41867470 -3.73808992 11.00466871 42 22 5
3.26812840 -2.42707254 9.52483112 166 132 92
3.76814795 -1.73550092 9.04445213 172 152 119
3.22585775 -3.43662301 11.27947036 135 105 73
3.50829916 -2.97549122 11.37718801 47 25 5
3.55491527 -2.93939476 11.37218135 49 26 2
21.94588138 0.96868351 42.33361266 61 55 50
5.31477006 -7.58866819 -1.30880301 166 155 144
22.11959046 0.26836381 42.69257664 39 39 29
22.28417705 0.30668314 42.22333223 37 36 25
-3.98899315 -3.94436004 16.05296491 236 225 212
2.53998894 -8.04256440 42.16598674 101 73 42
3.85489882 -0.85638202 9.77877299 212 203 194
-3.74983014 -3.25687441 16.89604734 131 104 74
2.37211592 3.52325210 11.24555674 128 131 136
-1.49298230 -3.53973894 16.37731051 180 154 115
-3.19474096 -7.07091617 24.05085725 206 205 200
-3.47002540 -4.58292052 14.27100034 245 240 230
6.71021788 -7.88450851 46.32479927 115 116 102
1.75017080 -3.66498931 11.49228056 135 109 70
1.45235344 -3.08461696 9.82631431 80 45 17
3.57560868 -1.47410480 8.93579756 0 0 0
3.62992245 -1.26151488 8.84202841 208 203 185
-4.07967226 -3.81628722 16.12532710 177 158 130
-4.28790012 -3.81218833 15.94428849 218 213 206
-4.05912570 -3.88527880 15.76662275 150 118 83
-4.36132348 -3.28995878 15.73316390 111 88 64
-4.18588362 -3.33397760 15.61633536 205 205 202
-3.14339474 -0.05733743 16.48198615 111 92 77
-2.41946181 -1.84629222 14.64629899 153 133 108
2.05154635 -2.37095372 9.49627997 161 127 82
3.27040116 -1.66776146 8.56872511 170 141 104
-1.17268516 -1.14752230 13.78837630 182 154 124
3.65232083 3.62556900 15.40091607 108 89 74
-4.74914255 -3.45469653 14.63147617 191 164 134
1.36187859 -2.82788944 9.67523309 63 41 19
-1.33206289 -9.62506228 36.15318208 112 108 99
-4.15825117 -3.83078938 15.76394945 160 129 95
-4.34152200 -2.24732779 16.18324023 199 200 204
-3.42561631 -2.05561364 15.65798417 110 91 77
-2.21389290 -1.73118818 14.45917565 130 112 90
-1.88417375 -1.76243181 14.25009924 64 45 25
-1.88417375 -1.76243181 14.25009924 64 45 25
-0.85580188 -2.57938764 14.61794867 188 154 106
-0.77950751 -1.38176159 13.27854158 57 34 20
-0.05704531 -2.14535379 13.76191145 176 144 105
0.40138698 -2.03934324 15.06388527 139 107 68
0.81685168 -3.15607542 10.53774528 160 132 95
1.20965755 -3.37076455 10.43024498 186 163 124
1.03529466 -2.92566387 9.94498375 63 40 16
1.02323786 -2.08332123 9.87059962 179 144 107
1.45433326 -3.09395005 9.81538916 74 40 5
2.29540778 -3.70374250 10.97714828 65 42 17
2.66455919 -3.65692906 11.17394356 158 128 91
1.79536610 -2.73320120 9.62644683 71 44 9
2.14256554 -2.28740313 9.47125221 158 124 76
3.72616680 -2.04596950 12.18355815 102 83 60
3.60838635 -2.89869632 11.52603779 166 136 107
3.35396439 -1.49276123 8.62194230 15 14 11
-2.57331630 -2.14204466 14.80072059 49 32 11
1.45811672 -2.40697213 9.60649930 77 53 29
1.69897518 -3.42988823 11.13191524 156 125 94
-0.11952426 1.62561821 13.87082541 72 56 44
0.41349459 -2.58870390 9.97484247 61 36 6
-0.12167969 -9.57484488 38.79900032 9 8 4
-3.66353228 -2.20152734 16.33537237 76 57 47
0.77922820 -2.14502797 10.07135780 154 124 90
2.30327409 -2.04505206 9.30852838 72 43 8
-1.95207444 2.19747087 13.85024092 182 173 166
-2.97715292 -2.37442532 15.04531776 146 126 97
-3.42777963 -3.99947028 15.51695725 113 79 33
1.02517993 3.95925866 10.77049036 182 175 169
-2.95147756 -4.01113751 15.64488971 46 25 0
-1.71228181 -1.65337313 14.15917990 46 25 8
-1.71228181 -1.65337313 14.15917990 46 25 8
-1.34912389 -1.82668537 14.04937191 64 40 11
-0.79574219 -1.56394505 13.58473701 59 35 10
-0.62639383 -1.83744806 13.58159039 146 113 78
-1.49447274 -3.59748782 15.14538417 166 136 100
1.04868812 -2.13517250 10.03380244 15 5 2
0.82087475 -2.86173889 10.12139950 0 0 0
0.89307074 -2.54373365 10.24172532 42 22 3
1.56925396 -2.97309276 9.77646891 64 36 1
1.97185682 -2.22549622 9.48684752 45 23 5
1.98063680 -2.51956856 9.57325909 55 32 7
1.68317918 -3.25895116 10.04645454 86 53 16
3.19417870 -1.65417178 8.56832271 62 45 15
2.16163118 -3.84244096 10.96029695 175 146 112
2.22203663 -3.86668512 10.96080467 171 141 104
3.31920250 -2.49807901 12.04354326 54 32 10
-17.01737128 -2.39756194 12.02829819 241 255 255
-16.96925390 -3.97242673 12.80895982 148 168 212
-17.99228007 -3.85639385 13.68119527 255 254 255
-17.99228007 -3.85639385 13.68119527 255 254 255
-17.66762058 -3.57429602 14.06188976 255 255 255
-17.79070545 -4.20410845 24.58289984 111 117 81
-5.12451994 -3.36235111 14.82122173 100 83 54
-4.65887793 -3.59497215 14.92834712 160 130 92
-3.72952989 -3.68656871 15.30907257 86 60 21
-3.68214651 -2.70654811 15.74294538 181 179 179
-3.66942097 -3.65388189 15.33422666 186 185 182
-3.11371232 -2.06757915 15.20393026 153 134 114
-3.59501368 -3.90084656 15.27007775 149 117 73
-2.74129592 -1.87348510 14.94051529 61 43 19
-3.41184267 -3.81743456 15.41446449 86 60 34
-2.93752202 -0.78139514 16.11873042 142 125 115
-2.58152252 -2.13208412 14.81456204 45 26 10
-2.34088612 -2.24898980 14.60344876 96 67 36
0.14887832 3.00077608 12.02807299 108 104 101
-2.98259559 -3.97825980 15.63117267 57 31 4
-1.64385800 -1.55934447 14.19267546 45 24 12
-1.44876879 -1.07901793 14.07275867 73 54 39
-1.95658606 -2.65332064 14.52470949 58 33 5
-0.35246681 1.59462045 14.16723455 68 47 33
-0.95840478 -1.38460974 13.63478675 139 117 88
-0.70029787 -0.99451787 13.36369314 143 120 97
-0.85128638 -1.59794383 13.62597796 60 32 4
-0.65505214 -1.22848239 13.45240226 146 115 86
-0.70034703 -1.46329923 13.51934716 136 105 75
-0.99379279 -2.02845863 14.05057684 78 51 23
-0.59156378 -1.46255724 13.50310508 46 24 2
-1.35831440 -2.88459080 14.63398575 156 121 83
0.50598932 -2.39331483 9.89766486 96 59 14
0.56963681 -2.26839076 9.82501005 150 119 85
-1.00074056 -2.42280464 14.32150727 73 39 5
-1.88056841 -3.78466519 16.34991883 145 120 87
0.98944259 -2.55561693 9.96128779 45 25 2
1.41981663 -1.61325511 9.60160820 126 95 64
1.36250455 -2.36112626 9.67293060 144 122 95
0.06781892 -2.25980849 14.13625852 162 129 91
-0.04829186 -2.40262806 14.60600235 167 138 101
1.38172831 -2.67749891 9.70514942 120 98 69
0.05079303 -2.38851143 14.43716170 114 82 37
0.29131806 -2.21857577 13.94749138 170 140 102
1.14002195 -3.17859961 10.28463610 180 150 117
1.28218541 -3.33376328 10.37426123 165 139 109
2.26797470 -1.64371426 9.26991342 53 33 6
1.42972613 -3.34266986 10.41372562 188 161 124
2.31937733 -1.46875385 9.37739719 69 50 20
1.35244826 -3.51193028 11.01521821 174 149 116
2.30292508 -2.05177259 9.30039364 71 38 10
1.58678863 -3.44487654 10.43199540 166 140 103
2.73432540 -1.66138788 8.94146629 125 100 68
2.32732992 -2.61259047 9.53950483 147 108 67
2.64637050 -2.05386672 9.04794272 133 103 77
2.72989421 -2.93334756 10.10832459 164 131 88
2.60757141 -3.15202072 10.33674632 147 115 76
2.30285850 -3.72513553 10.95092047 22 10 4
2.81756376 -2.81061785 10.25186000 141 98 55
2.71793009 -3.27102500 10.61160600 173 143 107
2.71793009 -3.27102500 10.61160600 173 143 107
3.36975078 -2.27026173 9.34379855 179 148 117
3.47371074 -2.15607984 9.17070000 115 81 36
2.63439491 -3.56006966 11.20734837 25 13 4
3.67900701 -2.83989280 11.71218484 91 58 9
-1.09370172 -8.39264981 34.76588650 123 113 101
-0.62914337 -8.09389473 34.36604968 42 35 25
0.12335671 -8.40448417 34.38447728 165 147 137
0.12335671 -8.40448417 34.38447728 165 147 137
-0.80122360 -7.91185252 49.81477578 58 54 50
0.23629174 -7.02467776 42.86013814 3 4 1
0.50568595 -6.86368622 42.68279993 137 125 113
2.01245024 -6.89462168 56.26357156 12 9 1
2.53520347 -6.55145065 54.60350755 77 74 69
3.69379283 -6.45978534 54.17234475 100 91 90
4.03812954 -6.79776949 54.25839610 86 85 81
4.12955747 -6.64187617 53.49292357 101 93 93
4.12955747 -6.64187617 53.49292357 101 93 93
4.23007515 -6.70736968 54.15515430 47 43 42
4.42384123 -6.80895158 54.50979403 82 77 76
4.64304989 -6.96927322 54.99033604 8 8 6
5.95909727 -6.96683672 53.97551656 37 32 29
6.13019554 -7.03861324 54.30842445 83 80 73
10.91614114 -7.63822199 53.21563854 37 36 29
11.54221712 -7.73952968 54.01407253 93 89 81
11.85771285 -8.02145229 53.83737499 9 8 4
