ply
format ascii 1.0
element vertex 8860
property float x
property float y
property float z
property uchar red
property uchar green
property uchar blue
end_header
-5.08254222 -6.91095887 18.35500592 186 180 165
-5.07946500 -6.90853329 18.34835548 186 180 165
-4.85702717 -7.43276268 18.61663411 112 74 27
-3.43782384 -6.97547797 18.52381916 166 160 154
-0.96579776 -2.19582205 9.57136574 92 65 28
-0.84275005 -1.97622897 9.37985913 99 69 44
-0.65269310 -1.67726132 9.30936760 129 103 76
-0.64709360 -2.02341364 9.29960597 68 44 12
-0.56632675 -1.78244191 9.26440480 186 157 124
-0.55928434 -1.68348951 9.19663193 111 84 54
-0.55596493 -2.00212031 9.23956467 186 155 117
-0.53624245 -3.59856596 10.21237728 81 53 21
-0.49435660 -0.96379325 9.43288811 130 108 74
-0.47698015 -1.53974250 9.38852201 195 195 190
-0.46805483 -1.84296370 9.20796646 87 60 25
-0.48535852 0.32897752 9.61369650 198 190 177
-0.44356591 -0.64186477 9.39728506 127 101 72
-0.47047603 -3.60896138 10.14394010 182 152 114
-0.42214432 0.62083068 9.22915620 194 178 162
-0.45216926 -3.49934894 10.02378445 180 154 123
-0.41499028 -2.74259775 9.18439945 172 139 105
-0.41201910 -1.19990855 9.37798438 101 76 47
-0.40294892 -0.91791972 9.26564099 166 138 103
-0.41513264 -3.25263474 9.84264860 82 54 9
-0.38762840 -1.26677406 9.34996249 148 127 100
-0.41333497 -3.57853062 10.06716829 195 163 125
-0.37977180 -1.63828746 9.19469615 119 87 55
-0.37457869 -1.41963223 9.40029915 103 83 51
-0.37614209 -1.47158982 9.40188986 72 51 24
-0.35894500 -2.70371112 9.12763265 174 144 106
-0.35292938 0.60702212 9.17554600 165 136 103
-0.35628220 0.59680962 9.23660273 180 149 114
-0.34965348 -1.54619202 9.24038068 80 59 33
-0.34922534 -2.55272828 9.12514829 85 56 17
-0.34031290 -1.05554855 9.28233836 193 168 136
-0.33539993 -2.81175980 9.20029145 74 50 4
-0.33230563 -1.45733230 9.35926314 135 115 90
-0.32862424 -0.55209808 9.22969630 78 52 16
-0.32156233 -0.82973048 9.23691532 179 152 115
-0.32156233 -0.82973048 9.23691532 179 152 115
-0.34728391 -3.53605948 9.98793513 181 148 112
-0.31989935 -1.15422032 9.29721109 72 48 8
-0.31442253 -1.21260604 9.25154033 137 115 84
-0.31442253 -1.21260604 9.25154033 137 115 84
-0.33667016 -3.48168374 9.93979390 107 76 24
-0.33667016 -3.48168374 9.93979390 107 76 24
-0.28716816 -2.09951183 9.07730727 78 49 17
-0.26020538 -2.30289309 9.08281578 188 160 123
-0.25798125 -2.82556895 9.15778571 70 44 9
-0.25265946 -1.89010020 9.07675775 88 57 27
-0.23510241 -0.91470548 9.13122320 150 124 94
-0.23120607 -0.07106980 9.12097460 178 155 121
-0.21742376 -0.31922828 9.02178924 193 167 134
-0.21743298 -1.51097954 9.03431751 193 168 138
-0.21694140 -1.86451194 9.06241043 170 140 102
-0.21754571 -1.38360942 9.21947745 117 93 61
-0.21754571 -1.38360942 9.21947745 117 93 61
-0.21686892 -2.60180712 9.12772669 89 60 20
-0.21362756 -0.81946962 9.11007783 174 146 107
-0.20525375 -0.24440336 9.03535812 125 100 67
-0.19666945 -1.64426351 9.05596692 188 155 122
-0.18332968 0.43214374 8.94508247 194 161 125
-0.18332968 0.43214374 8.94508247 194 161 125
-0.17688854 -0.27916769 8.98983670 186 160 127
-0.17747434 -1.86944313 9.02327761 187 155 117
-0.17247869 -1.62585419 9.02179615 137 104 70
-0.16593942 -0.16374323 9.02186553 107 83 48
-0.16724864 0.70192210 8.98746329 171 141 103
-0.16350508 0.62751390 9.00132753 180 149 118
-0.15797885 -0.06441035 9.03654965 112 80 43
-0.15502207 -0.35327220 8.98835277 154 126 87
-0.15883960 -1.33903918 9.21373266 116 92 65
-0.15164232 -2.24407795 9.04006720 80 55 25
-0.14267241 -2.34934765 9.08535602 175 146 106
-0.13911071 -1.31211588 9.16382136 122 99 75
-0.13261759 0.02351740 8.97408827 168 142 107
-0.12387806 0.46341807 8.98140840 161 130 94
-0.11085608 -2.12518268 9.05603755 179 151 121
-0.11016484 0.61592993 9.00012911 85 52 24
-0.11016484 0.61592993 9.00012911 85 52 24
-0.10569558 0.73334023 8.95691964 141 111 78
-0.08957427 -0.06692972 8.91675173 194 168 133
-0.08957427 -0.06692972 8.91675173 194 168 133
-0.08628273 -1.61178562 9.08214154 127 94 57
-0.08379332 0.86594889 9.01482174 82 55 31
-0.08422460 0.01871830 8.92027353 82 52 6
-0.08188639 0.58221872 8.94863749 171 144 110
-0.06166309 -1.31813570 9.15173309 101 78 47
-0.06125931 -1.71057796 8.99660888 80 56 16
-0.05711817 -1.36544575 9.11251783 75 56 27
-0.05550374 0.43360244 8.92544039 156 129 96
-0.05644771 -0.78672033 9.02444090 87 55 20
-0.05187655 0.60303060 8.92859295 155 126 88
-0.04196545 -2.36107792 9.02516199 187 155 114
-0.03881864 0.16619249 8.84989296 132 106 71
-0.03881864 0.16619249 8.84989296 132 106 71
-0.02765329 -3.32274058 9.41702346 109 70 29
-0.02111126 -2.33271922 9.00066981 126 95 58
-0.02111126 -2.33271922 9.00066981 126 95 58
-0.01895470 0.30198006 8.93490600 70 44 9
-0.01202916 0.76696907 8.96737411 162 132 99
-0.01202916 0.76696907 8.96737411 162 132 99
-0.01086579 -2.30413426 8.99649640 193 163 130
-0.00470821 -0.10767384 8.84578248 77 52 13
-0.00470821 -0.10767384 8.84578248 77 52 13
-0.00410573 -2.26696075 8.99988132 93 66 32
-0.00068347 0.66242487 8.95315554 70 41 7
0.00575189 -2.60565940 9.02620491 163 129 92
0.05327829 -1.73242899 8.95672542 75 46 14
0.05818513 0.21061454 8.80754642 150 124 90
0.05892379 -0.13310753 8.76326699 165 135 99
0.06867243 0.34430721 8.86600023 153 126 97
0.06737618 0.48856140 8.86808555 125 97 61
0.08495831 -2.63292282 9.01826430 175 140 103
0.08709238 -0.69593849 8.93014052 175 142 100
0.09969155 -2.67072617 9.02631200 74 48 18
0.11192749 0.55148357 8.92109388 60 36 2
0.11530467 -2.17102689 8.96934934 174 140 102
0.12065522 -1.12232722 9.02145349 170 138 99
0.13068620 -2.63840568 9.00852942 174 140 101
0.13478967 0.35504290 8.83813662 88 61 31
0.13478967 0.35504290 8.83813662 88 61 31
0.13562856 0.43017674 8.85185063 98 71 41
0.13562856 0.43017674 8.85185063 98 71 41
0.14256481 -0.70904274 8.89601998 86 54 17
0.13945087 -0.09440505 8.68712843 175 143 106
0.15540656 -2.08508234 8.94246414 91 58 23
0.15922538 -3.18614324 9.14459034 182 155 115
0.18892654 -1.59885335 10.22549344 72 55 29
0.16129893 0.51856247 8.69450722 148 119 87
0.16430870 0.82371146 8.94264109 54 41 21
0.16773171 -1.17031825 9.00731548 128 98 63
0.16434733 -1.72720315 8.88760529 161 128 93
0.17846622 -0.11126838 8.70705523 156 122 86
0.17846622 -0.11126838 8.70705523 156 122 86
0.19584887 -2.18545470 8.96858282 170 137 96
0.19580225 -1.01194870 8.92833601 97 65 26
0.19991353 -1.66114240 8.89092709 168 137 104
0.20206278 0.00659213 8.71792117 73 46 16
0.20220730 -0.48523393 8.76618530 150 117 81
0.21130577 0.77837059 8.99154879 123 101 75
0.21692060 -2.00272112 8.97188866 77 48 19
0.21003828 -0.63368142 8.80707069 170 136 94
0.21502107 -2.64959816 8.96706787 155 123 79
0.21626267 -1.73737695 8.89058629 165 133 95
0.22483868 0.68622883 8.90010289 121 94 65
0.22213186 0.30697116 8.74936978 140 114 74
0.23437852 0.34625786 8.75189517 71 43 4
0.24862585 -1.52897886 9.06043813 117 92 62
0.23870615 0.13148703 8.68680730 146 117 82
0.23870615 0.13148703 8.68680730 146 117 82
0.24944657 -0.65880272 8.82034349 79 53 21
0.26020065 -2.92699156 9.04840577 65 36 6
0.25597898 -0.84637936 8.87508946 168 136 97
0.26139671 -1.79820070 8.94252439 70 44 13
0.27109658 -1.46977367 9.07425272 53 34 13
0.27281523 0.47220202 8.79919253 78 48 14
0.27715576 -2.83311281 8.98201151 123 91 52
0.29755349 -1.29453265 9.01931285 60 40 13
0.29836582 -0.82887095 8.85939090 174 141 100
0.31707311 -1.62511744 8.91862511 135 106 80
0.35622214 -3.13702131 9.16424097 196 168 130
0.34640477 0.37653354 8.68469986 160 134 101
0.36840896 -3.18160822 9.17168396 150 112 68
0.36840896 -3.18160822 9.17168396 150 112 68
0.36362935 -2.16092222 8.92451496 112 79 44
0.36362935 -2.16092222 8.92451496 112 79 44
0.35380224 -0.31023143 8.69235017 155 121 83
0.37690916 -2.26603255 8.95194128 64 40 7
0.39444432 -2.21005799 8.92006858 151 121 83
0.38404199 0.28953847 8.63796211 75 45 9
0.39087243 -0.04634857 8.61612338 150 119 81
0.40569930 -1.73180097 8.87572709 99 67 29
0.41501293 -1.81382764 8.91888271 174 143 105
0.42547233 -1.61762053 9.01867093 100 80 56
0.42382108 -2.23443339 8.95234699 85 56 24
0.43793117 -2.20680260 8.93545395 76 47 20
0.44005099 -1.59146762 8.96006594 85 63 40
0.44343192 -1.86658411 8.95309223 57 34 11
0.45023691 -1.64638161 8.99290754 69 47 21
0.45034542 -1.64621699 8.99170216 69 47 21
0.45223254 -1.54384285 9.02183584 116 92 66
0.45834376 -1.57807543 8.99857932 63 43 14
0.46760350 -2.18219376 8.92259195 81 54 27
0.49370711 -1.45112920 8.94482856 156 127 97
0.50215008 -2.01240570 8.96557440 78 54 19
0.50302292 -1.74134629 8.94310524 182 154 118
0.51888429 -1.70868276 8.96698808 79 53 18
0.52152935 -1.53548762 8.96191390 82 57 27
0.51037052 -0.46813344 8.68153582 173 136 91
0.52168161 -0.94078095 8.83666443 172 134 90
0.51677078 -0.28810676 8.59235577 159 127 93
0.53488683 -0.73049446 8.77552457 82 52 18
0.53348919 -0.69836459 8.74169257 169 136 91
0.55148293 -1.51774870 8.98117996 146 116 79
0.53764033 -0.20331918 8.61318051 165 131 84
0.53614699 -0.24025234 8.60453210 77 46 16
0.56482371 -1.80012610 8.98561666 172 151 121
0.53974609 0.27461973 8.55526560 164 134 98
0.56886225 -1.14675257 8.92796940 171 137 98
0.55078169 -0.47351638 8.66647490 79 47 15
0.59152304 -3.03310357 9.13301515 203 176 139
0.59376966 -1.48620479 8.97301597 164 129 93
0.59997667 -1.52761199 8.98606089 156 124 86
0.61555267 -2.06356343 9.03456693 79 54 14
0.60146145 -0.89102975 8.80153180 176 143 100
0.58908793 1.64141284 8.18196545 202 192 180
0.61993158 0.24880622 8.50330393 62 33 3
0.62108635 -0.06532189 8.47782596 147 115 75
0.62247857 0.16514603 8.47259305 169 135 97
0.64156449 -0.12222398 8.51255260 163 128 88
0.69153048 -1.49237375 8.98721071 145 116 81
0.66498736 -0.40686865 8.62296436 74 45 11
0.67853247 -0.59265069 8.63493825 173 136 96
0.66363764 0.40436458 8.46595905 127 98 66
0.70860255 -1.28787345 8.95286553 171 140 108
0.72446529 0.19078624 8.39632551 145 115 79
0.75601018 -0.58020256 8.65100755 72 43 6
0.76797912 -0.79736906 8.72111075 165 129 88
0.85612013 -3.39987559 9.57614221 199 174 139
0.75542852 -0.12303355 8.43371017 145 115 76
0.75149848 0.29757846 8.35818204 146 117 84
0.81750394 -1.02230463 8.84265472 93 61 19
0.81222094 -0.75383597 8.66519951 168 133 91
0.78969000 0.47773817 8.37434457 184 160 124
0.79318750 -0.13082093 8.37635219 99 64 26
0.81800811 -0.54598970 8.63859181 72 41 9
0.80441123 0.29817094 8.32590174 195 163 125
0.80441123 0.29817094 8.32590174 195 163 125
0.83521730 -0.32638731 8.46548186 147 117 80
0.88384320 -0.24380767 8.41643075 82 53 16
0.88033307 -0.06505090 8.30323990 104 72 34
0.88033307 -0.06505090 8.30323990 104 72 34
0.90194536 -0.05169682 8.30797362 108 74 36
0.89938051 -0.01586635 8.28500023 176 144 109
0.93334801 -0.17165739 8.35948416 168 136 96
0.92459364 0.48839781 8.26077636 60 34 2
0.96066085 0.52342358 8.22269945 64 38 2
0.98734820 -0.16331879 8.31412173 78 49 6
0.98410589 -0.12545924 8.27890047 166 135 96
1.05432897 -1.00547635 8.77648710 179 149 115
1.01105319 0.39874111 8.15926174 160 131 92
1.02279200 0.70435045 8.15500154 169 146 117
1.08421085 -0.38246809 8.36994518 156 127 91
1.07078799 0.69969003 8.11718757 185 166 127
1.09684537 -0.08230500 8.25023827 82 54 15
1.09773297 0.23434113 8.10228216 171 138 103
1.12607787 -0.05746582 8.21419760 77 54 17
1.13928166 0.63773354 8.06240732 66 40 5
1.15948496 0.55855471 7.99983086 182 153 118
1.17068339 0.20057201 8.04306062 143 113 78
1.16534762 0.36274946 7.96481960 161 132 97
1.19374158 -0.00512853 8.14713820 94 62 23
1.19374158 -0.00512853 8.14713820 94 62 23
1.22151524 -0.02176706 8.10691112 166 138 102
1.22274754 1.70204991 8.10227487 191 181 171
1.22897023 0.05140185 8.10212759 171 136 94
1.21191754 0.78644148 7.98319321 158 133 102
1.21191754 0.78644148 7.98319321 158 133 102
1.23337983 0.86863551 7.97105410 94 67 33
1.30042447 0.73059810 7.91275623 74 49 8
1.31360043 0.43339758 7.85792907 173 144 105
1.31360043 0.43339758 7.85792907 173 144 105
1.33691856 0.09253783 7.97969862 80 52 16
1.30331123 1.86303362 7.75850907 201 182 163
1.32751004 0.85286787 7.85667872 156 134 103
1.32690112 0.37429559 7.87134475 153 120 78
1.36890559 0.01020144 7.94336403 158 130 92
1.36585468 0.38888431 7.84390861 171 139 99
1.38466226 0.40145540 7.82091259 171 138 100
1.43012417 -0.10386432 8.04428037 87 56 24
1.40143270 0.76047373 7.83022222 146 121 87
1.44393467 0.15935134 7.87849756 81 52 11
1.39616832 1.83319160 7.56446563 171 141 108
1.39856380 1.92939382 7.54721807 92 60 21
1.44730328 0.40122966 7.76292022 87 58 16
1.48721663 0.21195067 7.81922812 173 141 103
1.48292358 0.91803254 7.70722798 169 147 110
1.48292358 0.91803254 7.70722798 169 147 110
1.52866437 0.00169671 7.89024730 156 123 84
1.45656808 2.09830859 7.50543606 83 57 30
1.48030120 2.01310480 7.52087257 73 44 11
1.53880089 1.48109968 7.77732391 164 141 110
1.53361840 1.50625279 7.75368912 159 129 95
1.56915712 -0.01747075 7.87454662 81 54 19
1.56492998 0.01585478 7.85037069 155 123 80
1.50164974 1.78686905 7.53934238 100 65 33
1.49392189 2.11576863 7.48484359 102 74 37
1.56037810 0.18254539 7.78101543 139 109 71
1.55107890 1.50867427 7.71516401 163 131 91
1.57076521 0.21908128 7.74801870 81 52 21
1.55331095 0.96096321 7.64593180 187 161 128
1.57028462 1.13662181 7.72790461 143 122 90
1.56680367 1.47690939 7.70207952 84 60 32
1.53756378 2.13468098 7.45620629 131 106 81
1.54449707 1.84646880 7.47823882 109 77 36
1.54449707 1.84646880 7.47823882 109 77 36
1.58502605 1.46789579 7.58303016 135 111 77
1.60242375 1.51320159 7.60901794 167 142 107
1.60242375 1.51320159 7.60901794 167 142 107
1.61123331 1.23801679 7.63608444 158 126 84
1.59460857 1.42335685 7.54082279 101 77 41
1.61037252 0.47627260 7.60233656 87 59 17
1.60584531 1.39711296 7.51675410 181 149 113
1.64856067 0.29443405 7.65412803 160 128 89
1.60702941 2.17584321 7.45946123 86 75 62
1.60151378 1.84825038 7.41530272 140 111 74
1.64534323 0.35008657 7.57930546 184 152 113
1.67970692 0.03220825 7.72633393 107 76 46
1.62249128 1.91731938 7.43787521 86 57 17
1.62249128 1.91731938 7.43787521 86 57 17
1.66753658 0.82030272 7.49025503 131 103 69
1.66753658 0.82030272 7.49025503 131 103 69
1.67707931 1.17979885 7.53764433 174 146 108
1.67663710 1.31787703 7.51574916 151 116 76
1.64839094 1.82748331 7.37186933 192 162 125
1.67446026 2.20187068 7.47494484 97 88 91
1.76692979 -0.24431301 7.86714670 118 84 40
1.70150913 0.31467261 7.58438346 162 130 91
1.73183945 0.08705353 7.69782481 175 141 103
1.68988133 0.97688477 7.50603194 151 119 80
1.68376341 2.18759775 7.48736068 79 69 69
1.69189708 1.29661104 7.49169462 97 61 13
1.70147564 2.17529318 7.51114112 145 127 107
1.78322015 -0.22798907 7.84699224 173 142 104
1.72569432 0.25684694 7.60047856 137 111 76
1.68589994 2.04395487 7.40285379 193 168 140
1.71146802 1.32169843 7.45969105 90 58 12
1.71146802 1.32169843 7.45969105 90 58 12
1.71004299 1.75417071 7.40475603 87 53 15
1.71004299 1.75417071 7.40475603 87 53 15
1.71430344 1.51186604 7.40736568 129 105 71
1.74427417 2.17318090 7.47772063 144 127 117
1.74502601 1.08445910 7.46604681 151 126 93
1.76118060 0.51129343 7.46283197 117 91 61
1.78176502 2.16709953 7.46581521 156 139 128
1.78466707 0.58547550 7.45206460 149 120 74
1.81803773 2.19891701 7.51763690 93 83 80
1.81197789 0.36410326 7.48243244 167 135 95
1.82206184 0.33770894 7.49210957 74 50 11
1.80674108 1.11709694 7.41140728 143 112 83
1.85010474 0.22839451 7.48289427 96 64 21
1.85084385 1.98639978 7.43304944 153 129 104
1.89952159 0.01193133 7.61672582 171 141 105
1.87475089 0.36669431 7.45106852 79 49 14
1.84954035 1.56897373 7.31171201 107 77 42
1.86713910 1.79968577 7.35284878 142 116 87
6.56432955 6.12939897 25.78272563 113 82 50
1.92022737 1.84883300 7.37522923 88 63 37
1.93569563 0.84824313 7.33890134 65 39 2
1.94647784 0.89289684 7.32921221 165 136 97
1.96547060 0.34039554 7.36837765 89 59 25
1.96868991 1.95736948 7.37494809 164 142 128
1.98716154 2.03523547 7.43798006 164 147 135
1.96670881 0.37329499 7.35779298 145 120 89
1.98976984 0.45547994 7.36390461 164 131 89
1.96956692 1.16181226 7.25563389 121 89 50
2.01040915 1.85987252 7.38337773 73 47 25
2.00705211 1.88892251 7.36709849 160 139 121
2.01308602 1.82442407 7.33983213 177 158 137
2.05675498 1.90773217 7.36923909 156 148 138
2.06142243 1.87564408 7.35757948 155 139 129
2.05159817 1.63716546 7.27636604 115 94 65
2.05980040 0.86744231 7.26331787 131 101 67
2.10490133 2.34374216 7.41918607 200 196 193
2.06119655 0.59648982 7.24214657 85 55 26
2.07391372 1.50911977 7.26260186 151 125 98
2.19070456 2.16759862 7.62095261 120 119 124
2.15805940 1.76326693 7.43168429 152 136 123
2.11004907 1.13844711 7.25561044 79 54 24
2.17377140 0.03988404 7.42982189 84 54 9
2.14835056 1.64989396 7.32494137 165 152 143
2.13231274 0.98402808 7.23466266 150 119 88
2.17191199 1.50017910 7.23058607 91 60 31
2.17191199 1.50017910 7.23058607 91 60 31
2.18850403 0.77500823 7.23859961 168 137 103
2.19982009 0.55091005 7.25065213 146 113 73
2.22741833 0.10358492 7.34267413 165 130 87
2.18691594 1.25445364 7.21087822 153 126 95
2.20934124 0.20312584 7.28138840 163 130 91
2.23324116 0.30373186 7.31713776 78 47 6
2.21166792 1.35769424 7.24509154 136 110 87
2.21391581 1.49226712 7.22632669 101 73 44
2.21804503 1.44378986 7.23418243 170 145 122
2.24097499 0.18010268 7.28185984 178 144 104
2.24097499 0.18010268 7.28185984 178 144 104
2.22715667 1.51219718 7.22914383 187 170 156
2.22489122 1.14322399 7.21636710 114 93 60
2.24033824 0.52914193 7.26310511 74 48 16
2.22605235 0.79755167 7.21431056 136 107 73
2.24204134 1.47416291 7.23040149 110 90 64
2.27550050 0.79756213 7.20561954 81 53 15
2.32771345 0.11330859 7.30589667 79 49 11
2.32110304 1.39170815 7.24613629 152 135 116
2.32867916 0.21976073 7.24277104 162 132 95
2.32867916 0.21976073 7.24277104 162 132 95
2.34596299 0.39447717 7.24023613 152 119 81
2.34004434 1.07697302 7.19728763 161 135 108
2.39701438 -0.04453335 7.35095853 179 149 113
2.37382073 0.37540008 7.25522713 72 49 15
2.37527377 0.58947165 7.22769117 75 46 13
2.42798022 -0.09216466 7.36989991 177 144 102
2.40012022 0.05082687 7.26415583 98 65 20
2.40345756 1.52190139 7.27672091 110 109 108
2.40345756 1.52190139 7.27672091 110 109 108
2.42173815 1.25811120 7.26131424 90 70 45
2.43333779 1.52128764 7.28442333 176 180 183
2.43333779 1.52128764 7.28442333 176 180 183
2.44458536 0.20910625 7.26234658 160 128 88
2.45553014 1.53462407 7.28594697 175 178 184
2.34552881 1.39881440 6.94173936 110 111 113
2.44095830 0.89561772 7.20110379 176 152 125
2.53464748 -0.19538504 7.46250448 175 152 119
2.47667911 1.50413261 7.28828424 177 183 183
2.47667911 1.50413261 7.28828424 177 183 183
2.46152335 0.21929040 7.22214767 159 125 85
2.56447012 2.15706497 7.50723210 121 121 133
2.46384268 0.42185014 7.21361269 68 45 20
2.48575459 0.00332940 7.26787719 175 144 104
2.46027623 1.14526263 7.18510790 193 172 151
2.51790342 1.60065986 7.31323010 114 118 118
2.51790342 1.60065986 7.31323010 114 118 118
2.53295915 1.49645350 7.29736704 175 176 178
2.49919376 1.02376250 7.18625345 129 114 94
2.51997587 1.08285740 7.22322527 51 32 8
2.55090497 1.57560645 7.31268284 107 111 114
2.55090497 1.57560645 7.31268284 107 111 114
2.54160463 1.40776046 7.26395076 172 176 172
2.54160463 1.40776046 7.26395076 172 176 172
2.53227702 1.30368397 7.23322395 166 167 161
2.53075195 1.18725829 7.22673578 95 80 62
2.55015144 1.38289914 7.26130092 108 114 110
2.59410686 -0.14405738 7.36756542 137 110 73
2.54264005 1.12983269 7.22217595 82 64 47
2.57845435 1.56784772 7.30493373 178 183 183
2.57845435 1.56784772 7.30493373 178 183 183
2.54923240 1.05435461 7.21673068 149 131 115
2.59449586 1.62866401 7.32195371 181 185 186
2.54036650 0.80128180 7.16747227 195 173 149
2.58886105 -0.06696935 7.28975724 188 161 132
2.57077293 1.07346097 7.21908574 90 69 50
2.60695426 1.61148989 7.31681591 108 112 113
2.60760770 1.56615490 7.31255800 101 105 104
2.55776500 0.38333989 7.16714831 77 51 17
2.62419885 1.64804054 7.32955192 173 176 175
2.56982342 0.59194893 7.17818556 117 90 67
2.60464868 1.14585792 7.24770577 157 142 126
2.58591219 0.28879206 7.19087433 149 118 87
2.60121912 0.06395776 7.22542973 177 149 110
2.63464221 1.25822385 7.31721346 100 82 65
2.64634697 1.66370945 7.33517812 180 184 183
2.64634697 1.66370945 7.33517812 180 184 183
2.57698730 0.34525137 7.14289871 81 51 16
2.60487859 0.48589198 7.20288780 82 59 27
2.59264231 0.54756480 7.16652727 104 78 41
2.61558839 1.01364117 7.21745797 171 157 141
2.66426834 1.62804537 7.33624661 177 181 182
2.59975123 0.15575119 7.16097163 96 65 27
2.60064579 0.41539206 7.16349891 81 54 26
2.60623756 0.29957283 7.17485144 156 128 91
2.65225902 1.50571144 7.29647365 98 106 109
2.66739195 1.58349099 7.32771264 178 180 182
2.67847179 1.68664669 7.34798030 177 180 183
2.67847179 1.68664669 7.34798030 177 180 183
2.63355191 0.09675459 7.20547865 155 127 90
2.61550381 0.81914737 7.16291020 92 71 52
2.66970708 1.04761558 7.30717252 67 44 9
2.66764287 1.49080194 7.29123763 167 173 173
2.66764287 1.49080194 7.29123763 167 173 173
2.62154242 0.40524450 7.16115338 173 150 113
2.62154242 0.40524450 7.16115338 173 150 113
2.68818265 1.28635637 7.33399817 99 84 72
2.69444788 1.65011821 7.33852971 179 181 180
2.69444788 1.65011821 7.33852971 179 181 180
2.66190827 -0.02231671 7.24499318 142 108 61
2.65454485 0.91388798 7.22518409 79 51 26
2.65454485 0.91388798 7.22518409 79 51 26
2.65253473 0.07517262 7.21648543 69 35 1
2.65340209 0.96465682 7.21951953 74 50 25
2.67749499 1.46882823 7.28808042 121 120 122
2.67749499 1.46882823 7.28808042 121 120 122
2.70696507 1.60989110 7.32353611 177 182 177
2.70696507 1.60989110 7.32353611 177 182 177
2.71537949 1.66546072 7.34425685 175 177 174
2.66870549 0.91949407 7.21676738 99 74 51
2.66870549 0.91949407 7.21676738 99 74 51
2.66870549 0.91949407 7.21676738 99 74 51
2.68041799 0.00148419 7.24332708 183 154 120
2.74774338 1.37020458 7.42152883 160 147 140
2.66551051 0.12176486 7.19828283 183 156 123
2.66264114 0.50663332 7.19114536 96 76 51
2.65208777 0.40614135 7.15603079 146 121 90
2.70950971 -0.02026758 7.30004032 128 96 50
2.71678830 1.59275871 7.32254996 120 121 116
2.75327233 1.20781592 7.41361030 147 138 129
2.65790923 0.36519901 7.15055250 166 136 105
2.70348102 0.71582558 7.24111508 72 45 28
2.73446508 1.58371719 7.32053138 175 176 178
2.73446508 1.58371719 7.32053138 175 176 178
2.75562453 1.66854434 7.33940978 129 131 130
2.75562453 1.66854434 7.33940978 129 131 130
2.68827636 0.81559547 7.16263807 188 171 148
2.70379942 0.85573106 7.18913982 125 107 85
2.72389888 0.74665047 7.21686458 82 64 42
2.76487751 1.52773282 7.32427565 111 117 115
2.72082333 0.84542016 7.20838542 103 84 67
2.77579625 1.73078519 7.35235980 112 118 116
2.77248430 1.07666138 7.32933393 174 164 153
2.71850783 0.35181384 7.17580255 150 123 89
2.77824680 1.17060209 7.33371441 100 82 66
2.77969439 1.66262722 7.33680343 172 174 172
2.74474112 0.70589777 7.24227665 110 91 67
2.74474112 0.70589777 7.24227665 110 91 67
2.70740056 0.39774025 7.14613019 169 145 113
2.71339036 0.17195482 7.15816920 162 133 100
2.77785805 1.61396793 7.32831556 181 183 182
2.77785805 1.61396793 7.32831556 181 183 182
2.81969116 1.11899561 7.42549183 138 124 110
2.78029219 1.58989054 7.32609049 117 123 122
2.72174255 0.85292163 7.16548297 170 152 142
2.80454710 1.15391697 7.38218569 96 76 55
2.72725908 0.31340667 7.17319102 54 38 10
2.75251329 0.51943321 7.23573320 78 53 29
2.75062362 0.86752851 7.20479538 154 140 131
2.74336141 0.34190279 7.17376539 70 50 27
2.82395097 1.17497985 7.38531920 159 147 135
2.80576745 1.63168772 7.33686094 172 176 175
2.80026597 1.58093287 7.32082547 175 179 180
2.81469761 1.75988105 7.35499282 97 100 105
2.74830094 0.14654112 7.16357762 67 46 3
2.77848555 0.72624088 7.23834047 165 148 133
2.77625924 0.52927369 7.22669391 144 123 104
2.86166774 1.19200433 7.42630872 110 92 78
2.80116763 0.56611460 7.25293429 62 39 8
2.78000649 0.13716261 7.17415131 73 49 10
2.78000649 0.13716261 7.17415131 73 49 10
2.81633665 0.78998966 7.25694278 119 96 66
2.81625556 -0.01981260 7.21444127 189 162 126
2.90396408 0.53491105 7.42291756 96 78 62
2.83878456 0.60056805 7.23835371 181 163 151
2.98544732 2.19554258 7.60640094 190 189 194
2.83460011 0.00081676 7.21515783 120 85 49
2.82736929 0.04891493 7.18775496 106 74 26
2.87922139 0.73789033 7.29882086 150 133 117
2.90200534 0.91436126 7.34457800 166 157 147
2.90200534 0.91436126 7.34457800 166 157 147
2.89654146 0.67939109 7.29115846 94 76 66
3.09523198 1.33595042 7.77539100 124 112 102
2.91633810 0.80472315 7.31672600 174 164 155
3.03670571 1.12449378 7.57216770 108 89 72
3.03670571 1.12449378 7.57216770 108 89 72
2.85436447 0.13732013 7.11038032 175 143 102
3.01317485 0.99637649 7.48984910 151 138 126
2.91496555 -0.01614078 7.24024664 179 154 116
2.97170418 0.71411874 7.35664896 175 166 154
2.97170418 0.71411874 7.35664896 175 166 154
2.91312101 0.11866652 7.17402357 78 48 11
3.12279318 1.11804533 7.66924860 133 120 108
3.02899130 0.72416827 7.44125591 116 103 87
2.98115348 0.40029357 7.32921101 182 184 177
2.91721101 0.20540409 7.13156162 98 64 35
3.17095593 1.10671673 7.70353562 197 197 199
2.99043769 0.34685934 7.14582645 193 189 177
3.10210198 1.87884569 7.39047899 95 100 98
3.04442252 0.10379714 7.21734788 90 57 24
3.03391578 0.33294465 7.15515364 188 192 177
3.08247773 0.09904078 7.21499442 81 54 23
3.15921113 1.79609517 7.37725134 91 98 106
3.15921113 1.79609517 7.37725134 91 98 106
3.15921113 1.79609517 7.37725134 91 98 106
3.16072731 1.83444087 7.33407787 170 179 191
3.11544063 0.30507845 7.21996194 111 92 64
3.20718831 1.82580430 7.40314558 174 183 197
3.20718831 1.82580430 7.40314558 174 183 197
3.21492174 1.78382933 7.38592093 169 178 191
3.23491798 1.76809631 7.37099981 182 190 202
3.23491798 1.76809631 7.37099981 182 190 202
3.22047904 0.12165876 7.19455474 170 142 108
3.25923596 0.28498340 7.18835096 193 189 176
3.25837836 0.19862911 7.16007782 118 94 65
3.25837836 0.19862911 7.16007782 118 94 65
3.30744244 0.14969600 7.19411116 171 145 112
3.32671785 0.16663876 7.19199201 184 159 128
3.49358199 -0.06315536 7.35504210 174 150 114
3.42872386 0.24606446 7.22228335 128 111 83
3.67543363 0.24294865 7.31380141 189 184 174
3.70697297 0.18123099 7.25485479 136 121 90
3.82675996 0.10678205 7.34257244 174 152 114
3.86779451 0.02186270 7.38273164 135 113 83
3.96987414 0.11088702 7.36779104 136 129 104
4.01714911 0.04295388 7.40520831 95 71 43
4.00394509 0.04098538 7.37331945 95 71 43
4.02126633 0.08393980 7.37679579 183 182 169
4.08841183 0.02372886 7.41720325 186 183 169
4.08765734 -0.00440693 7.38258702 144 130 102
-0.99983491 -2.20505662 9.40298252 139 111 77
-0.98906672 -2.16526903 9.46618359 190 194 186
-0.98663898 -2.08871061 9.41641172 135 118 91
-0.97080742 -2.12809226 9.44719288 105 86 52
-0.93087667 -2.40454948 9.36531406 84 56 19
-0.91742563 -2.19978820 9.40204923 124 97 66
-0.90308649 -2.02641847 9.33613361 116 90 56
-0.87360807 -2.36555421 9.30370575 174 147 111
-0.90988599 -1.95900858 9.45168380 209 204 186
-0.75318765 -2.37063594 9.17167544 188 159 125
-0.78374492 -1.83009647 9.40583041 138 111 82
-0.76052423 -1.96915037 9.32191283 69 48 16
-0.71054772 -2.15611211 9.22848699 180 155 120
-0.64714048 -1.97038366 9.26885040 179 152 121
-0.60991203 -1.91603763 9.22661694 174 146 116
-0.60991203 -1.91603763 9.22661694 174 146 116
-0.55804619 -2.01607285 9.17190061 72 47 20
-0.54702861 -2.04989565 9.14118814 128 101 66
-0.53873564 -1.65432713 9.22395067 132 105 75
-0.50305063 -1.99812784 9.14182201 184 154 116
-0.46947451 -2.22224413 9.07592864 171 140 107
-0.46002036 -2.26458201 9.10198978 81 56 18
-0.48163525 -0.86351398 9.53605782 115 95 70
-0.45613651 -1.04819451 9.52104548 112 89 58
-0.43344674 -1.28332914 9.49403598 100 72 42
-0.29992715 -2.24787983 8.95714477 172 144 107
-0.32083577 -1.84723081 9.03069558 83 52 21
-0.28832756 -1.82598254 9.02780135 169 139 99
-0.27522513 -1.86069566 9.03318799 80 50 14
-0.36770487 -0.38594241 9.46061766 121 96 63
-0.23644648 -2.15558240 8.95292622 96 71 40
-0.26753770 -1.58875894 9.13031480 168 142 109
-0.32163299 -0.57989416 9.36457841 163 139 104
-0.33736057 0.11920435 9.67445462 113 106 87
-0.14288019 -2.12637406 8.96849008 76 52 17
-0.23587189 -0.47030234 9.26533437 78 51 23
-0.15557089 -1.68064075 9.02302435 82 54 15
-0.27986956 0.37901935 9.28275195 129 93 48
-0.24218547 -0.11605794 9.33852494 167 140 109
-0.29412576 0.63973868 9.21993000 96 66 30
-0.19164438 -0.86003898 9.20691405 80 55 12
-0.26907966 0.60792109 9.21739285 182 153 117
-0.23838825 0.24109404 9.32577667 182 156 124
-0.23649776 0.44465721 9.21307270 189 156 123
-0.09654290 -1.68242817 8.94714890 75 46 15
-0.06851748 -2.04544262 8.86656445 147 117 82
-0.06851748 -2.04544262 8.86656445 147 117 82
-0.18009699 0.08239939 9.16083810 174 151 118
-0.20387201 0.54630172 9.18208131 81 49 11
-0.17133115 0.21255673 9.28433758 100 75 43
-0.08572015 -0.76709906 9.13513783 163 131 93
-0.10986594 -0.11858583 9.15439134 122 101 68
-0.09828739 -0.16071381 9.08340492 127 103 66
-0.07851585 0.02645985 9.08514975 82 52 6
-0.03454834 -0.65903957 9.03727450 198 165 130
0.07890505 -1.70188996 8.88166190 176 143 111
-0.05385746 0.58134351 9.08553042 113 85 50
0.05556481 -0.71959700 9.03946067 172 137 97
0.01399231 -0.13060306 8.97749325 149 123 88
0.01183234 0.08233932 9.03967525 69 45 11
0.00991473 0.49423209 9.07523602 142 113 74
0.05667412 0.10343164 8.99488310 77 46 15
0.03421770 0.63483409 9.07105034 178 152 119
0.05834760 0.27965574 8.99753212 95 69 34
0.12216791 -0.45389800 8.96245343 175 141 105
0.07754616 0.81640280 9.08581780 151 122 90
0.28672067 -2.19986675 8.74777092 76 49 27
0.12397428 0.81692367 9.08242849 141 114 89
0.20149191 -0.42164188 8.92879790 158 125 84
0.18795822 0.12022816 8.85867829 171 143 106
0.18402916 0.29200377 8.93030384 152 123 89
0.29207465 -0.54015189 8.88758981 166 131 91
0.29207465 -0.54015189 8.88758981 166 131 91
0.24960498 0.83883464 9.15903318 77 61 45
0.37626558 -1.78614304 8.78007546 183 152 114
0.40218918 -2.18347198 8.71615585 85 56 24
0.40322065 -2.24223305 8.69485785 172 145 115
0.39780250 -2.04938711 8.74482816 117 96 71
0.39812267 -1.90327022 8.78205703 106 76 42
0.35757947 -1.03281018 8.95193614 166 132 95
0.38065983 -1.04347459 8.92664959 74 45 6
0.30932563 -0.09672438 8.80502077 145 112 75
0.45114111 -2.09615052 8.70942878 78 52 18
0.45114111 -2.09615052 8.70942878 78 52 18
0.31800549 0.48862908 9.01639516 83 50 15
0.42859345 -1.27276119 8.91790109 147 114 82
0.46867162 -1.94971532 8.76805290 167 143 110
0.38715306 -0.54599332 8.82286877 167 132 89
0.43474016 -1.06282352 8.90024259 143 112 80
0.37535204 0.49305299 8.93678355 151 124 97
0.49584238 -1.33614655 8.92013488 161 131 96
0.47221976 -1.00390650 8.87601899 81 45 14
0.41040521 0.48558067 8.91260071 105 74 40
0.41654023 0.03785846 8.74532237 137 105 62
0.50306132 -0.75088994 8.84560619 77 43 8
0.42994045 0.08761619 8.69826875 176 145 108
0.42994045 0.08761619 8.69826875 176 145 108
0.57125282 -1.54965737 8.90444226 68 42 4
0.59696628 -1.34018057 8.90569188 57 31 2
0.54169508 0.18485507 9.07784177 118 89 53
0.61840995 -1.52537110 8.88025380 70 42 14
0.51892248 0.01740027 8.72188591 158 126 85
0.63946651 -1.32956605 8.90133377 61 32 1
0.55171700 0.51142971 8.98504950 149 122 93
0.68004329 -2.18971714 8.66816498 95 69 38
0.67462784 -2.09982233 8.65972067 87 60 29
0.68578561 -1.51196028 8.88803058 72 45 15
0.70270042 -1.59858454 8.84748895 102 75 45
0.72093781 -1.80918760 8.82495527 135 110 79
0.73255130 -1.45565294 8.95518880 142 110 72
0.72884189 -1.74160172 8.82318225 176 152 128
0.72797229 -1.50747873 8.89087670 75 48 15
0.75336472 -1.82078997 8.79978030 101 72 37
0.76288758 -1.80302877 8.80982064 96 69 27
0.76379462 -1.85810063 8.76253216 98 72 33
0.75761674 -1.57625487 8.87179435 93 67 34
0.76219603 -1.62931702 8.87928260 87 58 22
0.62085494 -0.04467246 8.58991346 188 160 120
0.77160167 -1.74469111 8.82388308 105 78 42
0.78488899 -2.18344957 8.68422745 126 103 69
0.77973808 -2.03761417 8.69939960 77 54 17
0.77779477 -1.47374744 8.88624600 92 60 19
0.79246890 -1.92250724 8.78637291 146 121 90
0.81788536 -2.12223251 8.71351791 62 41 6
0.68431154 -0.15458073 8.60977563 90 61 20
0.79615486 -1.23063324 8.84558297 166 137 105
0.66937879 0.06095997 8.54715803 153 125 88
0.87934093 -2.34769995 8.73151764 121 89 51
0.85091975 -1.31346285 8.87381706 93 59 30
0.72941494 -0.11596708 8.56735387 90 57 21
0.90451747 -1.55328693 8.98650553 105 89 63
0.78616956 -0.47791207 8.64573991 135 105 67
0.86966771 -1.26693994 8.82747884 125 96 61
0.79158538 -0.33301578 8.58258307 79 47 18
0.94723312 -1.45145864 9.01555939 96 72 39
0.79867931 -0.29746047 8.56941423 171 138 95
1.00242143 -1.72341283 9.04038140 198 198 191
0.99120976 -2.01082339 8.84708902 124 103 77
0.80505557 -0.15768994 8.49408217 168 138 102
0.80376354 -0.13006460 8.48922808 99 64 26
0.99821592 -1.68542005 8.95718689 188 193 193
0.79209529 0.34134266 8.46595782 162 133 99
1.03377078 -2.45717937 8.75967530 190 165 130
1.02428324 -1.99286965 8.85425522 82 60 36
0.86678674 -0.29681978 8.50401792 165 135 97
1.05624854 -1.87443859 8.87557202 111 84 58
0.83635240 0.40347964 8.48229417 60 33 3
1.07797332 -2.28360506 8.81317392 96 68 31
0.97045398 -0.70333660 8.64483508 96 67 27
0.98979390 -0.87678030 8.66674951 182 153 116
0.87658514 0.18770369 8.35741630 160 131 93
0.89505031 0.36801388 8.37216738 170 141 109
0.98835676 -0.44120480 8.49418099 84 52 15
1.09812224 -0.97986553 8.69102149 112 78 40
1.01088010 -0.23913099 8.34423515 171 142 105
1.17223424 -0.83137482 8.60973188 154 124 87
1.06262889 -0.07515098 8.31147173 166 132 93
1.18273033 -0.86597852 8.60815730 116 84 48
1.04793013 0.88399927 8.35430776 100 72 36
1.04643920 0.55512875 8.21601848 152 125 89
1.21919549 -0.77112002 8.57566900 181 149 110
1.21919549 -0.77112002 8.57566900 181 149 110
1.07378098 0.88104772 8.31804702 164 140 109
1.12466778 -0.02295999 8.23797320 168 134 96
1.21585509 -0.56633110 8.42511841 171 142 99
1.17675574 -0.27819418 8.31860528 85 55 18
1.26022092 -0.59973442 8.43012080 170 144 107
1.26022092 -0.59973442 8.43012080 170 144 107
1.19039120 -0.03263509 8.21045549 186 160 120
1.24604092 -0.26331703 8.25289379 168 137 97
1.21193513 0.29921945 8.09833276 143 111 72
1.20144164 0.80336047 8.12781687 175 150 120
1.26704342 -0.06819086 8.12349197 176 146 110
1.31813058 -0.26126420 8.18463720 94 58 4
1.31813058 -0.26126420 8.18463720 94 58 4
1.25223629 0.70157695 8.11819245 72 46 11
1.39683534 -0.39015344 8.23504848 164 135 96
1.36053464 -0.14001974 8.13717752 88 59 19
1.29667634 0.44268622 7.96804919 143 111 73
1.43481048 -0.45182185 8.24940232 175 148 105
1.37587916 -0.09625936 8.10453412 167 138 96
1.49323312 -0.68784865 8.39356113 185 159 122
1.51018534 -0.55428597 8.28802075 171 143 107
1.51018534 -0.55428597 8.28802075 171 143 107
1.38631128 0.12914281 7.93790619 76 49 10
1.36155414 0.86612023 7.93228950 167 147 114
1.37339997 0.53433463 7.90170466 155 126 96
1.41116840 1.41973773 8.16159555 94 82 68
1.56277443 -0.48302313 8.20967420 190 158 116
1.33928049 2.02645295 7.82191752 196 176 159
1.42344507 0.92725840 7.90343584 160 137 103
1.35515417 2.01374007 7.79377275 126 106 83
1.51270379 -0.15524223 7.95402403 166 136 102
1.49903570 0.42821942 7.81459849 94 61 26
1.51848735 0.10462217 7.82965040 114 83 39
1.39185054 2.06973511 7.68602561 86 66 42
1.43924182 1.98132704 7.65359803 77 47 7
1.43924182 1.98132704 7.65359803 77 47 7
1.69397379 -0.37175680 8.05171639 106 72 18
1.52071763 1.34836211 7.75320152 83 74 57
1.56368176 1.26740125 7.85777308 184 159 121
1.51059412 1.75155747 7.65749221 174 142 107
1.58920431 1.44122386 7.82430001 149 124 90
1.55229764 2.16971223 7.52367678 190 184 175
1.64490571 1.49661795 7.61469985 76 51 10
1.64490571 1.49661795 7.61469985 76 51 10
1.67705774 1.22955591 7.64917143 161 133 98
1.63612794 1.71694391 7.57144270 159 125 81
1.68772847 1.28126574 7.63657140 103 70 29
1.68772847 1.28126574 7.63657140 103 70 29
1.73963312 0.29906129 7.62076396 83 54 10
1.71905533 0.79387152 7.54893631 167 137 103
1.94764473 -0.47470278 8.01640464 130 96 56
1.65892044 2.09255080 7.52501651 156 131 104
1.74616964 0.92542815 7.54073839 155 129 97
1.70421608 1.65236814 7.49933228 110 77 37
1.70421608 1.65236814 7.49933228 110 77 37
1.71957682 1.59348179 7.50334448 156 124 86
2.04881768 -0.49546037 8.05099053 138 110 70
1.78188409 1.20367457 7.51482960 172 138 100
1.78324413 1.34204085 7.51964634 135 106 76
1.85307029 0.23415459 7.47979953 96 64 21
1.77823463 1.70018260 7.44622305 107 73 39
1.81937829 0.90011884 7.45267869 103 77 43
1.82519229 0.84559414 7.44724773 146 116 82
1.84199995 1.41885030 7.46689212 104 72 41
1.85607671 2.02730541 7.56045880 85 57 34
1.86786546 1.24522491 7.47453914 153 121 83
1.87050376 1.16107703 7.43275390 156 125 93
1.90604789 2.00411407 7.50144441 155 131 106
1.93159134 0.88459223 7.40924429 161 133 96
1.93737744 1.27604443 7.40314022 90 56 19
1.93209260 1.64784320 7.39722313 138 110 82
1.95923567 0.95352454 7.34125562 166 137 107
1.97399097 1.77319229 7.40594908 99 68 42
2.00799159 1.66967992 7.37262450 146 121 91
2.06053341 1.92599385 7.49223056 111 87 71
2.02889625 1.32090428 7.33224276 60 34 6
2.08718727 0.16065814 7.32749710 90 57 22
2.03916218 0.64321441 7.26403966 120 98 67
2.06933716 1.67333362 7.34407535 164 143 125
2.14015767 0.48718817 7.29472034 72 48 11
2.17329577 0.05477851 7.30214832 79 51 12
2.25635008 -0.11156641 7.37539435 95 61 22
2.25635008 -0.11156641 7.37539435 95 61 22
2.19147164 1.51235025 7.29825456 91 60 31
2.30756222 -0.10409946 7.30651734 138 105 72
2.28775633 1.58490359 7.41534567 133 112 91
2.24628887 0.57610449 7.22048440 159 129 91
2.32183160 -0.06314318 7.27392860 172 140 102
2.26106660 0.45150822 7.17583393 120 90 54
2.27403030 0.64341855 7.14657517 104 72 33
2.30036532 0.22434730 7.13976089 162 132 95
2.30626720 1.25713645 7.24240034 135 111 88
2.31825315 0.60965293 7.17304415 173 143 106
2.34715949 0.04000824 7.15578454 167 134 97
2.34541276 0.15125151 7.15222199 76 48 8
2.38646728 -0.06488491 7.21247627 98 64 19
2.36508085 0.05651619 7.14590217 98 65 20
2.35503942 0.50409706 7.13730010 65 38 6
2.42588851 -0.05088471 7.19134145 97 62 6
2.56372150 1.52965219 7.58152223 110 111 113
2.45591880 1.48634249 7.29454131 174 177 179
2.46422363 1.46824111 7.29261084 110 111 113
2.41493544 0.49398496 7.09765985 139 107 75
2.48113063 1.46033646 7.28416233 173 174 177
2.49397541 1.44157964 7.28326315 113 115 111
2.51449635 1.52460322 7.32209399 178 181 186
2.51449635 1.52460322 7.32209399 178 181 186
2.51389267 1.40932262 7.26569831 98 99 104
2.51389267 1.40932262 7.26569831 98 99 104
2.48115737 0.25909731 7.06123029 157 128 87
2.52249568 1.22804165 7.22176392 106 90 73
2.56774904 1.51721693 7.30364976 181 183 183
2.56774904 1.51721693 7.30364976 181 183 183
2.58435784 1.54496994 7.32229285 108 108 110
2.58293498 1.50473464 7.29217905 116 119 117
2.58293498 1.50473464 7.29217905 116 119 117
2.52603864 0.82292227 7.12029480 94 74 49
2.59011762 1.43772367 7.27819244 178 180 178
2.54586379 0.06383968 7.06681505 177 149 110
2.61996962 1.48128746 7.29040712 105 106 108
2.61996962 1.48128746 7.29040712 105 106 108
2.55223532 0.16024968 7.01539256 96 65 27
2.65563988 1.52832125 7.31342393 177 179 182
2.60835648 -0.01655960 7.08963466 142 108 61
2.61565914 0.93562137 7.16036760 176 158 144
2.72809404 1.64331410 7.36259138 112 114 113
2.69916756 1.51059521 7.28277073 175 179 181
2.81684864 -0.18461262 7.38746289 181 183 176
2.67303332 0.79202156 7.13799617 148 127 103
2.68210297 0.68577223 7.14044476 136 118 97
2.75793485 1.64064281 7.33682226 183 187 186
2.75793485 1.64064281 7.33682226 183 187 186
2.69589684 0.61065749 7.12769888 154 130 107
2.69589684 0.61065749 7.12769888 154 130 107
2.64963048 0.41824558 7.02157964 80 57 26
2.70175569 0.77330362 7.12287297 121 99 78
2.78291836 1.10066896 7.29226964 96 76 51
2.83419083 1.21838823 7.38371017 106 90 74
2.67754872 0.20274102 7.00898035 100 72 36
2.68657283 0.05090548 7.00835439 125 89 53
2.80161341 1.72244293 7.35378809 184 182 178
2.77182011 0.77818145 7.21378706 181 163 149
2.73003785 0.64223903 7.10548842 196 173 150
2.71537774 0.00420838 7.02943566 183 155 121
2.74873949 0.55743310 7.11357304 62 39 8
2.77511814 0.52495292 7.14414893 65 41 12
2.64978174 0.17494858 6.81243427 153 121 84
2.77971868 -0.01350335 7.01245793 177 156 115
2.89123760 0.73336121 7.21665720 165 157 146
2.85742490 0.32100152 6.99989077 103 79 51
3.11937054 1.84658582 7.34232217 176 183 192
3.10893416 1.79052015 7.30903224 142 145 154
2.97065393 0.13162909 6.94411519 169 139 101
3.01390458 0.23049141 6.90358411 108 87 60
3.08022829 0.07809695 6.95091501 154 125 96
3.34908822 0.97576769 7.34586624 188 188 188
3.47226276 0.21196871 6.93341943 137 120 92
3.73197165 0.02604803 6.94112034 91 70 43
3.76199306 0.00424220 6.92668892 149 133 106
3.88024968 -0.02631314 6.95370521 134 120 96
-0.81861175 -2.37066480 9.29447411 192 163 124
-0.81914795 -2.31122875 9.28681793 118 92 56
-0.77369836 -2.16607354 9.27905478 187 158 122
-0.51714115 -1.82266713 9.19820004 95 61 37
-0.32218182 -2.43132643 8.98761478 190 160 124
-0.28672996 -2.54741440 9.01316607 80 52 15
-0.25620107 -2.50941650 8.97069873 197 164 133
-0.39774668 0.61846941 9.27726791 123 100 76
-0.19328648 -1.81366978 8.99156835 179 146 115
-0.26837261 -0.40005814 9.21696414 189 163 126
-0.26709673 -0.39909583 9.21814464 189 163 126
-0.15357338 -2.25233966 8.93558413 180 148 119
-0.13544994 -1.48127770 9.24925631 66 47 23
-0.09956742 -2.32902985 8.93227116 190 157 123
-0.20934278 -0.61172550 9.17660676 168 138 100
-0.17139200 -0.11419908 9.16778449 158 133 103
-0.10134701 -1.13222974 9.11937297 199 167 131
-0.06706144 -1.67035681 8.96521425 179 147 114
-0.11451095 -0.78602556 9.14103948 176 147 113
-0.16959186 0.39228007 9.11238943 191 158 117
-0.03337101 -1.67590970 8.94696367 187 154 119
-0.09803467 0.06537702 9.03104625 170 143 108
-0.02175789 -0.99589269 9.09827788 94 61 27
0.04383780 -1.70136473 8.93206147 168 131 95
0.01702839 -0.72289542 9.02814202 182 148 110
-0.00056162 -0.06152586 8.94159152 173 144 113
0.09132906 -0.94584141 9.04482962 85 54 13
-0.00478041 0.52048364 9.01417670 80 48 10
0.16773255 -1.67671073 8.84588488 145 111 76
0.02731021 0.80379697 9.04025164 166 134 101
0.03179783 0.63718557 9.00540397 170 139 109
0.26435074 -1.93504660 8.88117406 149 114 79
0.32564869 -2.18806358 8.77867112 177 143 108
0.31318190 -1.80766395 8.85724927 74 48 11
0.18266502 0.29958260 8.86798586 183 154 124
0.28729905 -0.63306253 8.87689251 86 52 19
0.36621946 -1.58461733 8.98124576 49 27 3
0.40350436 -1.62982865 8.93075992 79 53 29
0.43051368 -2.16199497 8.81074129 192 159 126
0.41847069 -1.76869747 8.84715554 117 82 50
0.42392305 -1.61457070 8.96361119 122 98 74
0.30624626 -0.13432103 8.76106215 102 70 34
0.31287160 -0.02880427 8.72220225 192 158 121
0.31287160 -0.02880427 8.72220225 192 158 121
0.41603653 -1.00207213 8.92623401 185 150 112
0.47860220 -1.89904482 8.87706450 66 40 10
0.50658542 -1.89214164 8.87452179 165 138 110
0.39306196 -0.22455838 8.68249425 167 132 92
0.39306196 -0.22455838 8.68249425 167 132 92
0.56549441 -1.17560306 8.92183099 94 62 18
0.61929711 -1.82454066 8.91102196 170 140 107
0.59541675 -1.44338758 8.92494590 171 137 104
0.51198677 -0.49684706 8.75061179 88 55 19
0.46606641 0.19526633 8.67746265 71 44 5
0.46851047 0.36361309 8.68345994 105 75 39
0.67699687 -2.24153789 8.78006663 91 60 29
0.68998144 -2.27749531 8.78374961 94 67 30
0.75498302 -1.91467849 8.88516156 145 115 87
0.79343895 -2.00791927 8.88328206 96 66 38
0.81993964 -2.36466218 8.81082548 100 70 41
0.78485063 -1.53627893 8.92375748 182 155 125
0.77353263 -1.29012013 8.92063170 90 59 24
0.69404229 -0.27670519 8.59310396 155 122 81
0.80375996 -1.00351491 8.85656365 179 147 106
0.73475844 -0.36548160 8.63071802 90 58 15
0.94916454 -1.69524357 8.95883678 119 95 69
0.91698873 -0.09495149 8.34942071 135 100 62
1.07552680 -0.72610680 8.59119298 138 109 74
1.09788101 0.18926647 8.19925658 98 65 27
1.25791462 -0.78818261 8.60490582 190 158 118
1.19521502 -0.22568243 8.29480607 202 166 126
1.16935392 0.57193868 8.07723076 188 161 125
1.35610359 -0.40058830 8.31057728 102 68 31
1.25289693 0.63625592 7.95343653 211 183 144
1.44887055 0.02569480 7.93850644 221 188 145
1.56190147 -0.43799826 8.22084709 188 154 115
1.44751053 0.19687273 7.89896532 181 148 105
1.36488611 1.93934025 7.72195884 189 159 126
1.50959296 0.76844415 7.69332209 208 178 150
1.59771459 0.27689448 7.73977988 175 139 103
1.73589352 1.78247658 7.43866024 84 52 12
1.73589352 1.78247658 7.43866024 84 52 12
1.83288067 0.27006256 7.49674039 117 84 46
1.81671252 1.21856977 7.43802660 159 124 83
1.84963004 1.64198684 7.39754602 101 69 24
1.84963004 1.64198684 7.39754602 101 69 24
1.90318304 1.04977910 7.39531650 89 60 18
1.88258530 1.85293950 7.42097792 70 48 28
1.91172612 1.67474555 7.37104851 80 48 14
1.93381845 1.44898217 7.35489607 160 133 104
2.06860877 1.92850797 7.45956343 173 165 154
2.25741748 0.43677256 7.22842650 115 82 41
2.34172434 0.04892389 7.22582109 188 156 116
2.47956727 1.54984300 7.30418184 198 201 206
2.48079657 1.52608738 7.29468987 135 140 143
2.51220966 1.43308499 7.26152718 189 194 195
2.51583617 0.86565154 7.19196799 117 91 74
2.52874866 1.46623853 7.27451579 138 143 146
2.56954320 -0.06840720 7.19820409 204 176 141
2.54029442 1.12817501 7.21459853 97 77 59
2.57597976 0.00450148 7.17272754 102 68 29
2.57597976 0.00450148 7.17272754 102 68 29
2.57926384 0.99266646 7.21447848 202 184 171
2.60427484 1.56196734 7.31411966 118 124 124
2.58753442 1.40635050 7.24941983 130 134 137
2.58753442 1.40635050 7.24941983 130 134 137
2.60267961 0.02277039 7.15839602 99 61 9
2.63683692 1.32256101 7.21168836 118 100 90
2.64666167 0.72394428 7.15758503 198 177 149
2.68093954 0.61238816 7.13082194 187 164 140
2.71714745 0.94313451 7.20076351 165 148 134
2.76590072 1.55182289 7.30084813 182 186 188
2.78457506 1.68349491 7.33315817 126 130 128
2.78457506 1.68349491 7.33315817 126 130 128
2.74004562 0.07971720 7.08806907 113 76 38
2.81970073 1.61615348 7.32111767 127 133 131
2.80727826 0.61305685 7.17783665 191 169 152
2.85156925 1.63921109 7.31545946 125 130 134
2.82127097 0.59289551 7.17358602 187 169 150
2.93534350 -0.03667684 7.15105811 190 164 127
3.27953920 0.05762930 7.10921904 170 137 104
3.43501466 1.76472074 7.45884013 150 165 186
3.43501466 1.76472074 7.45884013 150 165 186
-8.91745068 -6.46201081 21.37107753 208 191 171
-2.59380207 -6.14903766 17.72663701 162 159 154
-2.59380207 -6.14903766 17.72663701 162 159 154
-0.82676687 -2.35950312 9.19151665 184 157 121
-0.67336254 -2.20662972 9.14921368 83 56 19
-0.47962625 -2.70855505 9.05313701 82 54 22
-0.37098328 -1.26143060 9.33539495 140 120 93
-0.26523624 -2.85285185 8.91400701 172 143 103
-0.16397990 -2.51979889 8.93091007 162 130 93
-0.14566646 0.55426582 9.14841760 169 141 105
-0.11107174 -1.64175076 8.91980182 148 114 77
-0.06231379 0.57378493 9.11483242 113 85 50
-0.06034965 0.47548313 9.08369764 75 49 8
-0.06034965 0.47548313 9.08369764 75 49 8
-0.02151213 0.46774689 9.05856637 154 125 89
0.00350777 0.28998822 9.00173087 139 111 79
0.03172663 -1.30393740 9.03609610 112 88 60
0.03573239 -0.75484862 8.95905891 82 54 21
0.04264320 -0.30649201 8.87638644 95 60 22
0.10814052 -1.53197160 9.11402250 51 32 17
0.13948423 -2.85711770 8.87045940 67 42 2
0.17290094 -2.37669825 8.83027852 166 132 94
0.20668103 0.83055119 9.26078805 52 35 18
0.27586413 -2.78403145 8.84126497 123 91 52
0.30942221 -1.48539324 9.02530104 104 78 48
0.31066687 -2.66655616 8.87827145 47 23 1
0.41719460 -1.20738052 8.95548997 166 131 92
0.44750924 -2.25751278 8.83467072 103 75 37
0.44750924 -2.25751278 8.83467072 103 75 37
0.47550085 -1.96984774 8.87530449 173 149 115
0.47924944 -1.17751783 8.91116693 164 130 92
0.49825916 -0.71835586 8.78405954 174 140 96
0.53514638 -3.07908379 9.05803587 187 164 123
0.56275110 -3.03798154 9.04907346 197 168 130
0.58731634 -1.60442098 8.98849952 96 67 32
0.57058204 -0.70690367 8.75629631 79 45 8
0.59414750 -1.68920114 8.95010322 103 73 37
0.59414750 -1.68920114 8.95010322 103 73 37
0.56577791 0.06164637 8.57327392 168 137 96
0.59755417 -1.12509255 8.90342400 172 137 101
0.62026858 -1.57589419 8.97836401 135 105 77
0.60779717 -0.16655531 8.58957508 163 130 87
0.66837322 -3.27924581 9.24068846 140 110 72
0.67839624 -3.18380610 9.16281994 207 179 146
0.66773672 -0.84999612 8.77359096 172 137 100
0.70299708 -1.31629788 8.97220945 86 56 19
0.72438614 0.44080538 8.47558477 166 140 107
0.78533398 -1.64196546 9.01357421 87 58 22
0.79890011 -1.48040178 8.99772698 92 60 19
0.78579647 0.47339850 8.41762265 184 160 124
0.80275845 0.19307748 8.37439415 71 42 7
0.80275845 0.19307748 8.37439415 71 42 7
0.88858995 -1.27025940 8.92212239 125 96 61
0.92166160 -1.95562751 8.99914031 143 122 93
0.95096364 -2.18526058 9.02155728 156 129 96
0.97561363 -2.69513194 9.09055301 107 78 37
1.01029253 -3.03824611 9.25359863 186 162 125
1.03373825 -3.09126610 9.30361068 72 42 5
0.95125400 -0.60035608 8.58043886 143 113 75
1.03651428 -1.73172348 9.18268831 198 198 191
0.92828012 0.05482622 8.28150403 82 48 11
1.04569748 -1.96273703 9.10463572 71 51 21
1.09440827 -3.08060101 9.31250441 173 141 102
1.09373405 -2.24478721 9.12533073 136 114 87
1.09373405 -2.24478721 9.12533073 136 114 87
1.11733579 -2.90777160 9.25409640 73 51 20
1.10336100 -2.43165365 9.15251601 172 151 123
1.16967144 -1.84885633 9.32345811 183 191 192
1.11650008 0.19846123 8.11787144 92 67 26
1.26946165 -0.32967189 8.22952784 174 143 107
1.51767124 1.49195941 7.83419613 82 73 55
1.56545635 0.56105809 7.56420153 177 149 110
1.77772617 0.11537159 7.61150607 163 131 93
1.72518641 1.58582046 7.41136046 159 127 90
1.79195051 1.99001871 7.43239879 82 57 30
1.79810968 1.81076736 7.39054708 63 41 8
1.79810968 1.81076736 7.39054708 63 41 8
2.12442835 1.06780314 8.31396413 116 88 49
1.88833594 1.03318645 7.35150631 85 56 21
1.92083507 1.28925774 7.32385938 155 121 83
1.92723987 0.84184221 7.32150150 65 39 2
2.11746538 0.75101948 7.22040430 154 125 87
2.24055573 0.21420324 7.23601114 165 135 101
2.38616690 0.62625552 7.20102290 176 150 118
2.54593373 0.24097863 7.17241818 63 36 15
2.58681805 1.43719471 7.26756166 178 180 178
2.64919440 0.32421151 7.16051933 153 123 89
2.72100699 1.64363187 7.33354986 112 114 113
2.76401137 0.74054867 7.22200858 156 135 121
2.82499279 1.56755140 7.33107944 111 115 114
3.04993351 1.34915583 7.78433861 108 92 77
2.80474931 0.12768662 7.15138322 77 48 9
2.91426241 0.20768742 7.11878251 98 64 35
3.05328661 0.32406259 7.21142455 107 88 61
3.51306500 -0.11424727 7.52253714 190 186 174
3.46263555 0.11655309 7.30580600 170 138 100
3.58837410 0.07994501 7.33911562 83 51 18
3.58837410 0.07994501 7.33911562 83 51 18
3.63117647 0.12636038 7.31548828 182 158 126
3.63859483 0.20541007 7.28259541 172 155 128
3.87371661 0.16903469 7.37756471 137 116 89
3.89222723 0.03072969 7.41684627 135 113 83
-16.14428256 -0.59765879 21.13765112 142 136 124
-7.07203452 -2.25638619 12.35849856 93 91 79
-9.72360923 -6.79825190 23.33666565 48 32 10
-9.81526195 -7.04442372 23.59935499 195 169 151
-5.37510498 -7.01041043 19.00339448 188 185 172
-3.50929813 -7.28417482 18.98394343 189 186 179
-2.57711302 -6.95986604 18.45801345 164 163 156
-2.57711302 -6.95986604 18.45801345 164 163 156
-2.46173961 -5.88402903 17.76706574 166 163 155
-2.41713028 -6.02089061 17.78156127 9 13 13
-2.39112686 -5.94586453 17.64063753 10 16 12
-2.55720270 -7.29772432 19.21004244 7 11 10
-2.10606059 -5.67478445 17.23112430 9 10 12
-2.10721939 -6.23107701 17.66059339 8 7 9
-0.94199430 -2.01895724 9.34071050 126 102 76
-1.99478805 -5.95502521 17.58531330 36 41 37
-1.97634770 -6.02167723 17.47759991 3 4 5
-0.88706584 -2.57235135 9.19195473 161 134 102
-2.12534325 -6.89484295 19.10977216 153 148 146
-2.07826544 -7.04236366 19.37459985 11 13 11
-0.81039371 -2.68462951 9.17303031 197 194 180
-0.77058549 -1.96814304 9.23395757 77 51 26
-1.75612691 -6.26092788 18.08036651 4 4 4
-0.76354195 -2.26625113 9.62408749 190 161 129
-0.66481119 -1.91593001 9.11934576 201 174 147
-0.63489647 -2.63100315 9.03797207 197 165 126
-0.61873165 -2.22796959 9.12397317 86 57 23
-0.55316881 -1.65738451 9.14124396 142 118 85
-0.49503589 -0.48462050 9.58426103 203 206 211
-0.44783535 -2.45921216 9.02733092 175 144 111
-0.43544858 -2.61560330 8.94133000 193 162 124
-0.41565077 -0.45817215 9.44809618 127 104 68
-0.43996802 -0.21515387 9.73323984 201 199 194
-0.38838146 -0.39720044 9.41454216 136 113 78
-0.37420073 -0.92291341 9.29989563 168 142 106
-0.36673833 -1.19785145 9.38564556 78 52 16
-0.32229309 -2.69915717 8.90073597 170 139 104
-0.38631025 -3.46781818 9.81180438 119 86 30
-0.32271851 -0.64177513 9.24684044 199 173 142
-0.37975195 -3.19143958 10.22564184 171 138 96
-0.28484913 -0.98833332 9.16230257 190 161 129
-0.30779254 -3.14215857 9.51838131 44 31 14
-0.25865144 -2.73278438 8.92363403 180 148 110
-0.24599596 -1.83545652 8.92744116 197 164 132
-0.25379995 0.74417240 9.30510657 126 96 62
-0.22296973 0.28111625 9.28382972 173 142 103
-0.20603640 -2.09490440 8.90247994 92 58 25
-0.20180563 -0.50942825 9.08684108 172 148 114
-0.20228883 -0.42987283 9.13419795 80 55 15
-0.19404018 -1.80776597 8.93155438 179 146 115
-0.19365660 -2.33464998 8.96445489 84 61 21
-0.18491029 0.30744457 9.21981054 118 88 54
-0.17027377 -0.14932972 9.19669926 118 95 64
-0.15237827 -1.67499307 8.91776337 89 59 14
-0.14248229 0.87778860 9.26034342 106 81 54
-0.10120780 0.45486885 9.13840292 87 57 23
-0.10120780 0.45486885 9.13840292 87 57 23
-0.09450686 -1.68659050 8.89767077 82 53 18
-0.04535266 0.56012653 9.09515126 154 125 91
-0.03070560 0.79873997 9.19115315 183 153 116
-0.03164492 -2.47985126 8.80260258 180 147 111
-0.00954139 0.02878529 8.87498603 175 150 118
-0.00355582 -0.18271136 8.85345267 152 122 86
0.00237519 -0.95005855 9.01396001 172 137 96
0.01440068 -1.71294783 8.83982491 89 58 22
0.07592959 0.66388646 9.08321644 168 139 107
0.08965030 -1.12631646 8.97443229 175 140 106
0.09051970 -1.73438115 8.84859811 88 55 21
0.09006360 -3.12599909 8.88347036 203 174 137
0.11051978 -0.45914261 8.83625676 171 137 93
0.10991273 -1.15833197 9.00955375 74 52 17
0.12589830 0.53074480 9.02154630 143 113 79
0.13758624 1.03984558 9.17070638 209 199 190
0.13292888 -2.35257194 8.70719678 190 153 115
0.17983052 0.32687932 8.86526987 89 57 19
0.17410547 -1.66333857 8.73375480 145 111 76
0.19676328 -0.68842523 8.85949389 87 58 20
0.19395058 -2.99589788 8.81512602 203 176 135
0.21412678 -0.86882745 8.87947046 180 146 101
0.23725089 0.59815157 9.06509793 91 61 30
0.23464508 -1.10683488 8.90481137 90 57 24
0.25963876 0.43813585 8.90485338 157 127 89
0.26774830 -0.61700822 8.79365046 186 151 110
0.26228268 -2.20853802 8.79985790 81 54 29
0.26637664 -2.52555312 8.74443611 114 80 41
0.30187882 -0.60236359 8.77345299 178 143 101
0.36163010 -0.14524767 8.63691226 153 119 81
0.35384330 -2.42450270 8.83006856 176 147 110
0.39172048 -1.42539978 8.94637103 44 22 0
0.41285535 -0.76705583 8.82239383 195 160 120
0.44212174 -0.26757665 8.64788077 185 149 105
0.43483638 -2.04875875 8.87690396 58 31 4
0.43007497 -3.14196331 9.00103609 205 180 149
0.44812900 -0.98402658 8.85158766 190 152 116
0.43972542 -2.14896712 8.78915793 192 159 126
0.44797509 -1.23164550 8.89213606 86 53 17
0.45716757 -0.74555338 8.75589808 186 152 109
0.50041495 -0.26324438 8.61674407 87 54 16
0.51233949 -1.33262919 8.89576595 175 141 103
0.52287743 -0.83079603 8.72628916 156 122 84
0.53004888 0.02360857 8.59295951 158 125 89
0.52311363 -3.11961245 9.00873515 199 173 140
0.56027281 -0.67828277 8.70212948 185 148 105
0.57672796 0.41499916 8.59879362 103 74 34
0.58645751 0.20724400 8.43701126 75 44 13
0.60396755 -0.00516418 8.49547337 185 153 113
0.60656168 -3.32094712 9.19575269 209 183 148
0.61748421 -0.65044409 8.62737479 187 150 107
0.62510274 0.38382417 8.52791580 187 160 125
0.63343505 0.63941436 8.71290404 154 129 104
0.63483550 0.54218717 8.60779890 166 142 113
0.63483550 0.54218717 8.60779890 166 142 113
0.69690071 -1.79130040 8.87917234 146 117 89
0.69310379 -2.22957157 8.79696507 91 60 29
0.72883650 0.48907444 8.45877065 118 92 57
0.73193956 -0.41026002 8.54370812 179 150 110
0.74097363 -2.01538073 8.86784588 115 88 54
0.75479501 -1.26386582 8.87220178 181 147 111
0.76819346 -0.32070799 8.45697132 172 137 98
0.80932614 -2.00002066 8.91108938 96 66 38
0.83332672 -3.19901004 9.19362781 199 170 136
0.83332672 -3.19901004 9.19362781 199 170 136
0.82046614 0.25105121 8.31187927 166 134 95
0.83099241 -2.07571209 8.90653091 89 61 21
0.83298897 -2.21367606 8.85139428 146 119 92
0.85497272 -2.39041031 8.85163731 172 144 107
0.86790830 -2.15542551 8.92397995 70 43 13
0.88982634 -1.99653247 8.93741853 171 145 117
0.89621910 -1.84324973 8.95431187 157 127 99
0.90817144 -2.27359684 8.91373007 70 47 14
0.98403164 -1.39414716 9.09867666 184 152 121
0.99161570 -1.49226266 9.26668809 118 97 74
0.98091041 -2.26555948 8.93671291 99 74 46
0.99542952 -0.87001552 8.60898123 199 165 127
1.00884268 -2.20990143 8.94594137 151 128 96
1.01762454 -0.63601377 8.56854494 186 153 112
1.03352961 -0.00849415 8.14617132 133 97 54
1.03352961 -0.00849415 8.14617132 133 97 54
1.11070430 -1.81901711 9.20420882 111 90 59
1.11070430 -1.81901711 9.20420882 111 90 59
1.10720048 -1.77837582 9.10893053 154 135 110
1.04852842 0.30386831 8.08789321 159 127 89
1.81744591 -6.63069354 18.64992725 1 1 1
1.12093156 -1.90452888 9.13632204 125 101 74
1.11131665 -2.28437686 9.04657839 152 127 99
1.11440952 -2.85388598 9.13642885 195 168 135
1.13542150 -3.12161705 9.34196501 89 62 29
1.06790649 0.27255208 8.08723937 169 136 93
1.06790649 0.27255208 8.08723937 169 136 93
1.82133387 -6.22467369 18.22874034 2 6 4
1.13492316 -3.14897052 9.29407430 152 126 96
1.17680739 -2.19636785 9.17021067 189 163 142
1.13829354 -0.69694486 8.50272206 192 163 123
1.13254070 0.75542356 8.08151724 188 165 131
1.21221306 -2.09387641 9.27822889 128 114 90
1.17556923 -0.57008560 8.42332891 161 127 90
1.26901126 -2.69769657 9.39890217 198 189 178
1.18561744 -0.30423079 8.20370207 165 130 93
1.21033769 0.48220700 7.92722899 85 56 28
1.28273000 1.85678554 7.91741806 212 202 190
2.34129805 -6.33032197 18.43613749 3 5 10
2.25445437 -5.38771156 16.96212688 23 42 52
2.33540829 -5.50869476 17.39196370 23 38 45
2.41350021 -5.59237542 17.23056197 17 28 39
2.41350021 -5.59237542 17.23056197 17 28 39
2.31701965 -4.53870092 16.19318484 5 12 20
1.38048627 0.88169850 7.80791533 196 169 138
2.50122194 -6.04835920 17.71394232 5 10 15
1.37490080 1.79023483 7.63596913 198 165 128
2.45816880 -5.32835677 17.08877200 160 162 165
1.38962754 0.53581584 7.69428862 155 125 90
2.49284142 -4.05100687 16.83848636 177 181 183
1.42350191 0.05362699 7.84492144 198 167 127
2.47945984 -3.73979361 16.41847097 103 117 125
1.44322999 0.95440645 7.77631943 98 69 39
2.60577085 -5.79271380 17.36194653 7 18 31
2.58583453 -5.38460619 17.03196295 1 4 9
1.52765894 -0.54784067 8.30397141 197 164 122
2.87808601 -6.39392583 18.20345239 0 7 18
1.50942325 2.04659734 7.53954063 77 49 12
1.52382510 1.82105318 7.53960814 116 80 30
1.55388514 0.44140380 7.59838020 97 64 29
1.69838045 -0.74502992 8.60732692 170 143 108
1.60596476 -0.11229926 7.79053924 179 143 105
1.61843382 0.89227766 7.55318087 70 46 3
1.64207328 1.22890339 7.54768836 130 88 39
1.64207328 1.22890339 7.54768836 130 88 39
1.66265164 2.17303202 7.51831622 156 138 126
1.66265164 2.17303202 7.51831622 156 138 126
3.07154486 -3.87408288 16.87831713 107 106 104
1.65150454 1.83372079 7.41929196 213 179 143
1.79057782 -0.82371496 8.54797108 196 200 203
1.65510113 1.44448087 7.43687157 173 143 107
1.65909038 0.51931765 7.51001022 168 130 90
1.69014981 0.26704896 7.54671200 99 67 28
1.72048280 0.28362437 7.51564147 94 62 23
1.89810215 -0.53900608 8.55369948 171 137 98
1.73306313 0.52825047 7.46780531 96 67 34
1.71897074 0.67739319 7.35065555 160 131 97
1.74585773 1.73664442 7.36697142 178 148 113
1.75143704 1.56513410 7.39172699 74 45 6
1.75703239 1.93556398 7.38612568 180 152 122
1.75733961 0.30175058 7.48616086 90 60 22
1.76160254 0.84534519 7.36479334 192 163 131
1.78612389 1.95436307 7.39449589 173 150 119
3.29652811 -3.38427341 16.20062453 141 144 147
1.80727239 0.29441256 7.43136134 168 136 98
1.98528371 -0.52703936 8.46726965 147 127 90
3.39785433 -3.48773250 16.34783723 122 124 125
1.84586703 0.14384693 7.50534377 185 151 107
1.88294350 0.00257437 7.51739837 180 148 111
1.85832027 0.76224424 7.29664239 163 135 98
1.93200453 2.12158245 7.54546029 169 153 139
1.88073565 1.32764475 7.28816832 191 157 126
1.88073565 1.32764475 7.28816832 191 157 126
1.89497658 1.40416384 7.28867206 170 141 107
1.94352106 2.12495593 7.47908760 117 106 105
1.90893307 1.49230129 7.30414704 167 133 98
1.89316766 0.59526886 7.28636216 99 64 20
3.61503523 -4.09296419 16.51730703 17 32 53
1.90739078 0.40507399 7.32628515 179 141 102
1.91162126 1.34421239 7.27920772 177 148 110
1.93771122 0.64890335 7.29424126 176 142 102
1.97692071 1.77219136 7.30212939 198 176 153
1.97692071 1.77219136 7.30212939 198 176 153
1.96149668 1.23596928 7.26173561 168 141 111
1.96910517 0.40499035 7.33474014 83 55 15
1.96349137 0.85737562 7.27930730 82 50 14
2.03241724 1.60802622 7.27350375 150 122 95
2.03241724 1.60802622 7.27350375 150 122 95
2.03385731 1.48340913 7.23972308 164 138 108
2.01624963 0.78954331 7.18639792 186 157 125
2.05817067 0.49190846 7.28850153 177 140 100
2.07118079 0.32108033 7.24619279 122 87 45
2.09415937 0.49690156 7.22289142 170 135 96
2.15450729 1.65677323 7.34698516 187 175 164
2.15282615 1.53028297 7.25190182 172 151 127
2.14719792 0.52770579 7.22693813 172 138 93
2.16770712 1.19191914 7.20152881 156 125 93
4.37993510 -3.75723713 16.98516822 25 30 42
2.16970940 0.81807505 7.12392191 178 147 118
2.16970940 0.81807505 7.12392191 178 147 118
4.49189531 -3.67514108 17.02905096 166 164 167
2.21941819 1.02644209 7.17409027 132 105 75
4.49220974 -3.58529767 16.94341843 163 161 162
2.23483636 1.20668549 7.15688643 183 153 125
2.26037025 0.76874104 7.16621188 94 65 31
2.28978984 0.09749792 7.27231568 94 60 22
2.27799915 0.51019512 7.19924977 127 103 69
2.31255783 0.21174055 7.17421804 182 150 115
4.87845042 -4.69650683 17.32092539 49 51 50
4.87845042 -4.69650683 17.32092539 49 51 50
4.68421858 -3.23565330 16.37534512 127 127 127
2.37675616 0.86703060 7.16031029 189 163 129
2.37883249 0.04338211 7.17601893 119 84 39
2.38899093 0.18600741 7.19254201 172 132 95
2.42980938 1.49046409 7.26925169 134 138 142
2.41062535 0.15558215 7.19839807 86 57 19
2.48667707 1.13862783 7.18225991 206 189 174
2.48769671 0.81961863 7.14088396 154 128 103
2.52054908 1.25780583 7.23042078 193 194 191
2.58726936 1.16168799 7.25828505 169 153 145
2.60828496 1.19972921 7.28930746 171 158 149
2.58420257 0.89250685 7.19850916 123 96 78
2.58420257 0.89250685 7.19850916 123 96 78
2.57221141 0.25313679 7.15893148 70 42 6
5.26378100 -3.36195141 16.74644192 168 168 168
2.60111888 0.12815701 7.18162621 163 130 91
2.61360971 0.02410221 7.21481538 99 61 9
2.68893783 1.28650603 7.33891796 120 100 92
2.62599037 0.13197366 7.14936479 154 119 83
2.70969289 1.56763637 7.32391814 187 192 196
2.74648907 1.79731569 7.38214027 188 193 189
2.64610378 0.36055245 7.11000457 186 156 125
2.67321284 0.86445136 7.17027720 105 82 61
5.53471882 -3.55249435 16.96874313 0 5 8
5.39385796 -2.89783109 16.30356503 198 203 215
5.41754677 -2.98557037 16.27170175 154 153 150
2.71747479 0.23252931 7.13233291 90 66 30
5.42499054 -2.91386241 16.15024656 135 140 143
2.80815269 1.58931378 7.34348046 190 196 194
2.82025800 1.76620384 7.37246356 117 117 120
2.80584667 0.67766741 7.25522818 88 62 34
2.80584667 0.67766741 7.25522818 88 62 34
2.99033118 -0.10319009 7.76577023 198 200 195
5.74082984 -3.16048692 16.62740397 169 170 172
2.82538401 -0.01369638 7.23504195 209 181 143
2.83823200 0.15420749 7.16171700 188 149 104
2.95227229 0.75929752 7.36845271 189 176 170
3.08798942 0.96072739 7.63428099 169 156 142
2.91500431 0.20712716 7.12211709 120 86 48
3.19757007 1.23419664 7.84254079 211 211 218
3.19768984 1.22955289 7.78962513 203 207 216
2.99115013 0.11953658 7.19675655 94 56 20
3.23045963 1.80117556 7.42558844 186 197 208
6.44445524 -3.06730342 16.66646189 170 171 167
5.69402028 -1.20356558 13.91402858 233 248 255
3.25496581 0.27839558 7.22542445 143 122 100
7.30813082 -3.56582588 17.16263906 120 121 114
7.47520310 -3.45218793 17.48275293 75 77 66
3.54968137 0.24810619 7.30891215 158 136 108
3.63264788 0.27656729 7.36502084 210 206 198
3.70299746 0.08365389 7.40796774 98 64 33
3.78567919 0.18023334 7.40929625 136 110 82
3.83010914 0.21161285 7.42543638 161 141 114
3.88362874 0.04484409 7.45743378 171 150 118
3.92927794 0.22000312 7.49868012 207 200 191
3.92917610 0.12512581 7.45624582 187 162 132
4.06798340 -0.11296602 7.68274407 145 109 51
-0.69213018 -2.33451104 9.13652470 174 142 117
-0.33008072 -1.75342606 9.00507822 174 145 114
-0.24670448 -1.00816526 9.17741249 134 100 63
-0.14958995 -2.05558004 8.92195609 165 134 105
-0.21047412 -1.03650436 9.17064552 145 111 74
-0.10067876 -2.46401447 8.86830942 157 124 93
-0.01648357 -1.92235350 8.86755446 77 51 18
0.06301473 -1.07715052 8.98413928 161 128 89
0.01692714 0.30741920 9.01613173 125 96 64
0.03332016 0.68664821 9.11968030 70 37 7
0.29115600 -2.34038657 8.76306079 89 48 8
0.13712153 0.27387956 8.94053907 151 121 91
0.36175563 -2.19847789 8.79187483 152 118 83
0.36230697 -2.11558101 8.78697358 95 62 29
0.34372277 -1.77784532 8.82641351 153 122 85
0.47592163 -2.09434532 8.81162551 144 117 87
0.45562173 -1.81138373 8.82114413 161 131 100
0.33042646 0.47415831 8.91883839 85 54 30
0.38953618 -0.32387159 8.73172654 78 50 14
0.55482881 -1.68987321 8.90634591 131 104 74
0.66011749 -1.44579128 8.91105544 144 111 78
0.87358224 -1.54410068 8.99785523 82 61 32
1.67890293 1.85571295 7.44138119 143 113 84
1.80172180 1.08071270 7.43457146 114 84 50
2.29283451 0.58727471 7.20300702 158 127 89
2.42949993 1.49103148 7.28210771 118 120 114
2.48055362 0.52631502 7.12795803 150 123 97
2.51557632 1.08204208 7.21010583 53 34 15
2.52816095 1.18573019 7.22232138 97 81 66
2.64721191 1.59093421 7.32221619 102 108 110
2.69692503 1.69485216 7.35434928 173 182 178
2.68508265 1.52166809 7.30063229 121 124 124
2.82602729 1.61894031 7.33418234 114 118 120
3.38548469 0.06382596 7.18334851 142 113 80
3.63338441 0.06975269 7.21168535 146 114 74
3.94084243 0.06403208 7.23687443 162 144 122
-0.67036839 -2.62682374 9.11113375 196 163 130
-0.21318601 -1.66436233 8.96372516 82 58 26
-0.08093795 -2.76738349 8.91099285 175 143 104
-0.06887292 0.91049106 9.20636534 199 188 174
0.04382484 -2.57372553 8.84992606 178 144 109
0.04552955 -2.60728996 8.86096333 73 47 9
0.38922706 -2.78498119 8.86967624 108 76 39
0.79008855 -1.92601089 8.98841208 85 58 18
0.80040395 -1.89228789 8.99876688 98 72 33
0.83369362 -2.36762072 8.92922721 111 84 54
0.80096718 -0.58182439 8.63739681 97 67 28
2.54333127 1.59563241 7.32375816 177 178 180
2.80223265 0.12497118 7.15025741 77 48 9
3.12290987 1.89368994 7.43134434 95 100 98
3.19866993 0.51170343 7.53712477 180 181 176
3.41532221 0.07868348 7.31294398 147 116 82
-10.14303687 -7.14330886 23.95265875 214 198 180
-6.07429794 -4.56539933 15.44949811 189 183 171
-2.27150049 -6.01135159 18.47888407 9 10 12
-2.03184296 -5.32778446 17.62365675 101 93 77
-2.03407261 -5.38099224 17.66901444 87 80 62
-2.10632869 -6.21774299 18.55866006 36 41 37
-2.01702548 -5.56558264 17.98074135 177 178 173
-1.96183642 -5.31995511 17.62119892 163 159 147
-0.58861635 -2.19154329 9.04767977 162 130 93
-0.40308257 -2.27681391 8.97497127 82 56 17
-0.30106590 -1.61433314 9.36248946 202 172 142
-0.24838926 -1.21969171 9.17786910 79 55 21
-0.21891848 -1.60290444 9.42545731 193 160 124
-0.17588586 -1.89635086 8.93282660 84 55 13
-0.10592932 0.75002440 9.21366661 171 142 104
-0.09818659 -1.91566837 8.88867990 85 55 26
-0.05150506 -2.18418844 8.84131324 131 103 77
0.11022885 -2.24678197 8.77543984 98 66 31
0.12979086 -2.88399028 8.84714491 108 76 43
0.22472020 0.84121768 9.32680429 63 44 28
0.31829498 -2.63440776 8.78783249 181 148 112
0.33434682 -1.11136171 8.91442682 151 121 83
0.35047570 -2.45780300 8.80150531 80 52 19
0.36128367 -1.82088662 8.83408298 75 51 15
0.43270977 -2.04312908 8.80588686 58 31 4
0.44384536 -2.18402830 8.82139546 84 55 23
0.47290112 -2.15811052 8.79751721 92 63 31
0.59267938 -1.16261292 8.91047872 92 59 14
0.63235933 -1.81803036 8.93900940 170 140 107
0.71759203 -2.14065091 8.85234322 88 59 24
0.79059439 -1.58778044 9.01719686 107 81 49
0.80239757 -1.82457759 8.96247063 106 73 42
0.82595781 -1.40704537 8.95102097 185 151 114
0.92570593 0.33588874 8.23721455 175 143 104
0.98211744 -0.69506971 8.63789631 99 69 34
1.03273054 -2.15358017 9.09937999 86 64 39
1.13060805 -2.54123874 9.17633327 184 156 130
1.15962677 -2.75855167 9.21882895 158 128 93
1.19037174 -2.86027912 9.30712282 182 153 123
1.62461103 2.02791120 7.46382653 129 97 60
1.62461103 2.02791120 7.46382653 129 97 60
3.60249627 -3.83044974 17.22070263 192 188 184
2.51292122 0.86550125 7.16842647 117 91 74
2.71504914 0.84073083 7.19488326 122 96 79
3.23643825 0.81988238 7.72668028 204 208 211
0.25107357 -1.51525560 9.04690811 97 77 49
0.32930763 -2.37043744 8.78103932 104 71 30
0.34127986 -2.33554102 8.77265494 165 133 95
0.59701089 -1.44650714 8.94518898 136 105 74
0.95725374 -0.77720338 8.64716730 178 148 109
0.95725374 -0.77720338 8.64716730 178 148 109
2.54137574 1.37450852 7.24643016 123 128 128
-10.79487273 -7.37269282 25.06321251 86 62 34
-6.00881871 -5.65701560 17.48146820 185 182 174
-1.32153400 -2.01888325 6.91348168 196 196 196
-0.85661800 -3.72380692 7.06105116 186 183 174
-0.98380989 -2.15651126 9.30704006 207 204 197
-0.97550899 -2.03558550 9.29495272 148 125 96
-0.91878941 -2.16399323 9.26915630 88 62 18
-0.89168618 -2.36644411 9.22574619 181 152 116
-0.75624148 -2.08395366 9.14606174 187 161 127
-2.89670764 -6.46053480 19.69029085 141 138 134
-0.74602985 -3.05375847 9.85766429 183 184 178
-2.65065699 -6.51038062 19.51262384 3 8 7
-0.36433120 -2.24938175 8.99107464 189 159 126
-0.30120167 -2.04790903 8.96541582 181 150 114
-0.32747585 -1.60652930 9.03472747 186 158 121
-0.29950172 -1.64765192 9.00726130 91 61 27
-0.36362809 -1.04082653 9.27732585 178 153 124
-0.59161102 0.34749662 10.15540549 206 199 189
-0.54450583 -0.01684204 10.10152648 128 125 110
-0.30115435 -3.45181793 9.81839286 184 153 115
-0.29908391 -1.36523129 9.33272193 60 37 6
-0.28391926 -1.12882819 9.26187334 83 56 19
-0.14091636 -2.75000644 8.88774002 179 145 111
-0.20438893 -1.49142182 9.24911122 69 48 20
-0.14925574 -0.40627644 9.04700423 79 53 18
-0.15493120 0.31495284 9.16568729 171 148 114
0.07793694 -2.70920494 8.75830192 102 66 20
0.07793694 -2.70920494 8.75830192 102 66 20
0.09783622 -2.71159623 8.81690473 179 147 113
0.03625994 -0.36788927 8.84432305 150 121 88
0.16851803 -3.11090018 8.94306096 170 139 101
0.04944662 0.01217309 8.84616780 156 126 95
0.17855052 -3.07462091 8.97432409 87 52 0
0.17672967 -2.18755233 8.82030426 73 50 14
0.20291491 -2.87173227 8.87281614 75 46 11
0.20921121 -2.97362654 8.87851504 124 91 58
0.26194098 -2.61829303 8.84089805 165 131 94
0.27800856 -2.06353000 8.74728146 101 71 37
0.25615117 -1.78323856 8.83059079 67 45 20
0.29373668 -2.40515982 8.87371763 155 120 85
0.25445927 -0.42233445 8.77204865 88 55 20
0.27332045 -1.45604968 9.06355089 57 36 16
0.35578022 -2.26002618 8.80994186 121 92 61
-0.71461589 -6.21671288 19.24804704 26 32 40
0.29392958 -0.15368472 8.71460340 83 53 20
0.26318811 0.38628457 8.88177289 100 71 41
0.40879877 -2.29095737 8.86013221 91 61 33
0.33294230 0.17898700 8.69858660 190 161 128
0.33294230 0.17898700 8.69858660 190 161 128
0.43017998 -3.14085547 9.05669828 189 162 130
0.28325354 0.83496919 9.32021389 79 61 47
0.40720037 0.08078895 8.60693840 185 156 118
0.48967724 -1.44074940 8.94806669 147 117 91
-0.30910931 -5.80886816 18.78854547 15 28 39
0.49877238 -0.22568033 8.63170227 176 141 106
0.57243318 -2.93615375 8.99371187 128 97 66
0.50957948 -0.47495948 8.67407179 160 126 91
-0.27955208 -6.29307831 19.52491750 14 23 28
0.53286442 -1.18391515 8.96434148 80 47 14
0.59709597 -2.97824662 9.02882702 205 180 149
0.65181765 -3.26005607 9.24244677 201 172 138
0.67052741 -0.25093825 8.51969511 167 137 101
0.76362998 -2.19091929 9.00022096 70 45 15
0.78460893 -3.29805973 9.38975238 196 170 137
0.78108513 -2.10837229 8.99514899 99 72 45
0.28990559 -5.59462548 18.25923110 164 158 145
0.78630822 0.31113425 8.34562522 175 148 116
0.81782055 -0.51724585 8.63823964 170 137 102
0.85428720 -0.56263717 8.65542052 151 122 87
0.90313600 -2.24983176 8.99415799 65 44 21
0.91428481 -2.29854105 8.99865551 73 49 21
0.87535615 0.00897778 8.31919817 89 58 16
0.87891442 -1.49000769 9.12839934 145 117 85
0.92277665 -2.50642065 9.03501185 107 73 33
0.91411218 -1.59650715 9.16731074 133 113 86
0.91348733 -1.53715305 9.18995756 86 67 43
0.93650356 -1.48328707 9.16568593 167 144 118
0.95078708 -1.41009274 9.17862646 93 68 46
0.96429807 -1.70395954 9.27492316 110 89 63
0.96398556 -1.45368148 9.24069077 77 58 39
0.66278170 -6.06366788 18.74851264 19 17 21
1.04143826 -2.37953970 9.11697411 152 131 106
1.05192319 -2.05213191 9.24786311 121 99 76
1.05408275 -1.74951785 9.29192412 97 82 62
1.05499224 -1.98277844 9.41592440 105 80 50
1.09843365 -2.67742770 9.24513021 142 117 87
1.11165195 -3.07762557 9.41404973 175 143 105
1.08379710 -0.69609277 8.61805413 179 153 120
1.13279623 -2.48380154 9.23940207 134 110 85
1.16118822 -2.67965162 9.32525967 75 46 12
1.16118822 -2.67965162 9.32525967 75 46 12
1.16065694 -2.34375629 9.26105656 81 55 37
1.16065694 -2.34375629 9.26105656 81 55 37
1.18576386 -3.09038301 9.45870009 176 147 117
1.17119714 -1.80126604 9.44302747 108 100 87
1.24460854 -2.68896744 9.50258874 85 64 37
1.25562785 -0.58967727 8.48554690 171 142 110
1.20208740 1.70030234 8.22176481 201 192 183
1.27489936 0.71172460 7.86258010 101 80 39
1.35147850 1.35550147 8.20444359 105 92 76
1.43762771 -0.44236950 8.25177806 158 130 91
1.56541777 -3.33183511 17.06547766 67 71 65
1.45133598 0.90876929 7.71407549 178 154 125
1.66987371 -3.32939749 17.08260731 150 146 141
1.80619882 -3.36803579 17.05549005 189 190 192
1.54274505 1.24009074 7.73850800 171 142 106
1.54274505 1.24009074 7.73850800 171 142 106
1.57770668 0.18045006 7.66846083 154 124 92
1.60427888 2.02025223 7.42288669 153 128 97
1.65373293 0.47850943 7.48916263 85 57 19
1.63344778 1.55269710 7.44706661 185 155 121
2.19387261 -4.60923711 18.53072818 101 99 92
1.71925477 0.28170555 7.52327748 90 60 22
1.69512105 2.18786731 7.51325430 94 85 82
1.75711531 0.82894437 7.32795750 171 146 112
1.76153862 0.99156032 7.39415314 171 144 111
1.79637099 0.55041317 7.37135201 88 61 16
1.81187983 1.38131324 7.33576171 102 71 33
1.81187983 1.38131324 7.33576171 102 71 33
1.84070867 1.61489661 7.33129147 93 63 28
1.84070867 1.61489661 7.33129147 93 63 28
1.87627386 2.30205180 7.45921035 201 201 204
1.87540192 1.90283291 7.32295389 190 168 147
1.93345459 0.78588977 7.24982711 149 123 96
1.92897142 2.09409791 7.48260756 159 143 131
1.94034449 1.93411234 7.36618669 184 165 151
1.97664499 1.30603808 7.25084302 122 92 56
1.98948224 1.24050641 7.23239884 141 115 80
2.07109266 0.70569508 7.20472270 159 125 88
2.23273502 0.20121726 7.19188390 165 135 99
2.26230101 0.08203612 7.30153195 100 70 33
2.30481155 0.54926383 7.17799047 84 55 25
3.89067468 -3.71679254 18.03475789 161 161 163
2.41359561 1.24318061 7.21675589 80 63 45
2.45690193 0.94042774 7.14496835 196 177 153
3.21419782 -1.65148826 12.29828172 183 188 193
2.51555620 0.67198949 7.16181663 187 161 134
2.55707876 1.25899836 7.25624512 127 115 109
2.58366785 -0.13912970 7.32514847 124 90 53
2.56106427 0.69876236 7.16015758 160 132 110
2.56636361 0.13712086 7.12326945 160 132 92
2.57894535 0.99986220 7.20614017 174 161 146
2.58983874 0.12546511 7.10448822 182 154 115
2.61329078 -0.04327600 7.23595613 185 159 126
2.64762482 0.72106740 7.18443485 185 163 144
2.67614135 1.07106066 7.26458456 140 119 98
2.73086466 0.78126099 7.20943730 114 89 73
2.72881484 0.85600354 7.18614671 195 180 168
2.73344782 0.47796629 7.15505540 140 121 105
2.75518130 0.08335976 7.14734816 99 71 30
2.76894306 0.44690371 7.17657370 152 129 110
2.80018314 0.86358845 7.27439889 172 158 152
2.81950576 0.74218565 7.28300441 79 54 32
2.84077101 0.48804584 7.25977038 73 50 26
2.82258060 0.20328552 7.06940759 155 127 91
2.86076510 0.68941422 7.28683120 111 92 81
2.85651292 0.55459931 7.24284932 92 74 61
2.98483670 1.40458504 7.83588985 99 78 59
2.89454631 0.25308776 7.06249320 182 157 127
3.06324519 1.11202410 7.64270225 155 142 133
3.28315688 1.82456235 7.49815625 182 190 203
3.24488478 0.13790022 7.24044087 171 145 109
3.40927105 0.12660651 7.27500310 174 142 103
3.56751746 0.98559038 7.86186086 188 193 197
3.67459026 0.23845215 7.32047935 141 124 106
3.73202705 0.13015169 7.34982329 195 167 136
3.80883962 -0.09232764 7.51502265 137 102 56
3.87804643 0.07978891 7.42853319 84 57 24
3.96373510 0.04519197 7.43377804 152 130 99
3.99111395 0.18914781 7.47661962 195 193 184
4.40781115 2.11433034 8.70868170 141 147 159
4.00710082 -0.06420830 7.47293816 144 119 80
7.35995433 -3.28492504 17.21270111 145 141 140
4.13730910 0.07106704 7.47622544 192 189 176
4.16546416 0.05367165 7.53431865 192 187 169
4.20525286 -0.00005461 7.51565765 132 110 86
7.50882222 -3.49313832 16.53003833 89 90 89
7.94875794 -2.92716732 16.47607793 131 124 116
7.98203705 -3.89975798 15.95623357 4 7 12
8.04991952 -3.95169350 15.63919635 6 10 16
8.59029679 -3.43344397 16.33725576 171 169 165
8.65852769 -3.93701946 15.58577235 102 104 100
8.75513059 -3.90136279 15.31982544 158 157 155
9.30478549 -2.49087610 16.34151014 159 159 149
9.48455183 -4.18951964 16.47723923 141 142 136
9.53580568 -2.77954404 16.39908377 35 38 29
9.53580568 -2.77954404 16.39908377 35 38 29
9.90972436 -4.89718943 16.99168493 58 67 47
9.54971110 -2.56497612 16.13716933 101 108 91
9.49432454 -2.36378822 15.97641244 56 68 46
9.81586892 -3.19351574 16.52788797 35 50 30
9.64891859 -2.09393340 15.95247143 99 112 84
9.77469119 -2.93536908 16.14956966 62 76 59
-0.75114668 -1.90699088 9.23956236 164 138 110
-0.59127263 -2.40748735 8.98182706 72 44 6
-0.57110329 -2.08300517 9.02768727 181 151 115
-0.47978227 -2.33540093 8.89240203 183 153 115
-0.47978227 -2.33540093 8.89240203 183 153 115
-0.32365914 -1.80348952 8.99001559 184 153 123
-0.09845732 -1.88434151 8.83533574 84 57 22
0.10274798 0.73907571 9.64339652 68 40 3
0.28937037 -1.74819823 8.76122217 156 124 87
0.31575609 -1.66319537 8.74113212 191 161 127
0.40532822 -2.23803453 8.67442692 172 145 115
0.59345569 -1.53687837 8.99717523 156 124 86
0.61838893 -1.32810274 8.99856828 169 140 105
0.43363165 0.22254172 8.86511191 146 120 84
0.75734070 -2.25552191 8.77804489 98 68 37
0.68981547 -0.37019039 8.75815241 167 133 95
0.62733190 0.10078847 8.66995882 143 110 70
0.89796455 0.37128613 8.42120111 170 141 109
0.91535040 0.16856606 8.31055793 155 125 87
1.72606137 1.37610856 7.45859426 155 123 82
1.80125845 1.93456470 7.46839931 103 72 43
1.87319861 1.44215009 7.33027361 83 51 12
1.96689652 0.46360446 7.15903242 150 118 78
1.98309378 0.70061617 7.11651438 156 128 84
2.05605572 1.37380700 7.21105605 111 81 47
2.19428582 0.20444689 6.99235689 103 68 30
2.14629132 1.23659252 7.06478761 153 126 95
2.26882705 0.13892665 7.00595887 75 47 1
2.30609958 0.19472620 6.94988330 164 132 93
2.29774886 0.49510256 6.96834058 65 38 6
2.52501796 1.46489443 7.25289863 119 120 122
2.65582768 1.64344242 7.36167600 115 119 120
2.65582768 1.64344242 7.36167600 115 119 120
2.70494367 1.67319849 7.38957375 112 113 114
2.70494367 1.67319849 7.38957375 112 113 114
2.79427301 1.64088965 7.37436743 105 108 109
2.82649599 1.71306599 7.38916110 116 117 112
2.82649599 1.71306599 7.38916110 116 117 112
-6.18836849 -5.19812957 16.82607990 193 191 178
-0.50272892 -2.19334051 8.99944646 182 152 117
-0.41820221 -0.96789640 9.54963391 180 157 121
-0.22519673 -2.05429371 8.92240828 188 158 123
-0.01349377 0.69150169 9.38475057 180 150 114
0.73128847 -2.03073140 8.86596216 115 88 54
0.82812977 0.61285750 8.57470117 122 93 56
1.15015342 0.35353339 8.03581511 194 164 125
2.03421441 0.82824344 7.15113564 128 95 61
2.47954336 1.52609268 7.28032173 135 140 143
2.51219133 1.50087914 7.27494099 119 125 128
2.63820064 1.68273378 7.36217523 141 146 152
2.63285644 0.83024382 7.06214552 154 137 123
-7.13618961 -3.40513338 15.14572565 95 63 36
-0.85277169 -2.08411135 9.20549964 182 150 115
-0.77141131 -2.44037578 8.93694546 162 129 94
-0.70738673 -1.91778656 9.20342067 161 135 102
-0.57189144 -2.07216067 9.01459416 169 140 110
-0.54855251 -2.31386509 8.89965368 179 148 119
-0.46868208 -2.13810458 9.76680075 152 121 92
-0.48414910 -2.34855896 8.78443956 156 126 91
-0.48020128 -1.92381504 8.99253781 152 121 92
-0.45169444 -1.90315100 8.96009621 191 160 131
-0.43242220 -1.96546542 8.95584704 177 147 112
-0.43194570 -0.71509492 10.07548048 103 76 49
-0.43194570 -0.71509492 10.07548048 103 76 49
-0.40001616 -1.90398200 8.92304323 177 149 112
-0.35052162 -0.96113217 9.67265831 144 118 83
-0.31278010 -1.88711379 8.85660363 100 71 38
-0.27922243 -2.09465814 8.79135379 87 61 25
-0.29935982 -0.83548445 9.51161642 194 166 128
-0.24815379 -0.44328875 9.68513329 179 149 112
-0.22640649 -0.78460952 9.45614728 186 156 123
-0.19244128 -1.78793977 8.90326545 146 116 80
-0.19228746 -0.85040250 9.44389001 161 129 91
-0.13638132 -2.35386110 8.64896607 158 130 97
-0.19226557 -0.10451830 9.88247288 186 156 125
-0.16669442 -1.73377553 8.82624773 157 125 86
-0.14275722 0.23246138 10.05620465 84 60 15
-0.12235986 0.17596547 10.12677170 84 62 33
-0.13465910 -0.07833340 9.73910337 89 56 21
-0.11300024 -0.59125160 9.36973016 148 114 78
-0.07043577 -1.14831872 9.21286026 178 145 112
-0.13128244 0.68927864 10.02141465 145 112 79
-0.03074328 -2.24669899 8.59389769 173 139 102
-0.01819948 -2.15969021 8.61972152 84 54 17
-0.09786857 0.57800076 9.91808641 163 133 98
0.01011304 -2.19943679 8.58857851 107 71 36
-0.00541817 -1.66224318 8.84461525 158 127 86
-0.06631243 0.37059535 9.76228696 180 150 119
-0.05614978 -0.07517858 9.44873822 179 148 118
-0.04814852 -0.47252885 9.23804305 186 163 129
0.04089447 -2.05582440 8.60647605 165 132 103
0.08607498 -2.29446009 8.59170074 169 132 96
0.02416566 0.32470456 9.75214164 86 59 24
0.02664298 0.30443207 9.69765179 71 46 6
0.11617222 -1.91010358 8.67223871 74 44 16
0.05239405 -0.08932394 9.25302128 78 46 13
0.16609291 -1.68834435 8.87159801 116 82 46
0.08486474 -0.25488474 9.12592369 156 120 80
0.10933428 -0.58888222 9.05327116 162 127 94
0.11912170 -0.38744710 9.05156935 161 126 91
0.22729457 -1.00343788 9.01652281 160 128 91
0.26755429 -0.85854811 9.04130273 174 134 99
0.32072812 -2.08801302 8.61852412 176 145 114
0.32545146 -2.09080522 8.63816350 162 130 99
0.32545146 -2.09080522 8.63816350 162 130 99
0.19328342 0.09463508 9.14810157 150 115 85
0.32848198 -2.03063528 8.59028953 154 123 92
0.37432586 -2.15904711 8.68157790 156 127 94
0.38026528 -2.20165847 8.66352069 135 110 79
0.35696741 -1.76027419 8.75435267 154 122 87
0.38254157 -1.28943061 9.08994111 82 50 9
0.26092608 -0.38864053 8.98155758 160 122 83
0.38157105 -2.15404720 8.61225197 85 54 20
0.43616098 -2.13027456 8.67461949 79 54 17
0.45342482 -2.11153683 8.66801604 167 141 112
0.39565546 -0.91280009 8.95343369 91 59 15
0.38968095 -0.31955938 8.94582869 156 122 78
0.73321138 0.11888130 10.54398403 77 46 18
0.49188242 -0.98914836 8.98325857 159 122 77
0.60860280 -1.82849052 8.91073875 148 119 89
0.42493023 -0.38911899 8.83030162 92 59 24
0.41757071 0.24459502 8.92551599 157 128 99
0.51044855 -0.63785367 8.81801451 100 64 29
0.66679073 -2.02974497 8.80191035 75 44 18
0.48463620 -0.39750408 8.79087184 101 66 25
0.69553627 -2.18303380 8.72556577 144 119 91
0.70825310 -1.59688076 8.99614513 76 50 13
0.52715026 -0.26118327 8.83272993 74 44 9
0.74694631 -2.02468130 8.85813694 160 135 105
0.57125115 -0.59073266 8.78759569 91 53 12
0.80080971 -2.28301145 8.81321658 101 73 43
0.75513755 -1.08762254 9.01351539 160 125 87
0.86672554 -2.26921742 8.89259966 65 38 16
0.58665702 0.12556821 8.77169579 173 136 107
0.90626432 -2.14061917 8.98654538 118 89 57
0.89084275 -1.55389439 9.15714370 161 133 96
0.94892297 -2.30145221 8.95636471 91 66 33
0.86995837 -1.32875106 9.05838972 154 121 86
0.64078416 -0.18484185 8.70646995 78 49 17
0.95947306 -1.95648947 9.06665625 84 58 31
0.61982027 0.26413695 8.75345946 74 49 21
0.80820615 -0.53450140 8.77519180 158 126 88
0.73017174 -0.16761718 8.62538460 157 128 94
0.90530652 -1.06384157 8.87350673 98 62 26
0.73638150 0.02594620 8.53244900 169 133 101
0.76770592 -0.04905928 8.57984477 163 128 91
0.75691171 0.20117315 8.60072734 156 122 87
0.79615155 -0.08925467 8.49768576 166 134 97
0.79932833 0.29852202 8.55445146 179 146 116
0.79932833 0.29852202 8.55445146 179 146 116
0.86855007 -0.31374367 8.48286029 101 73 37
0.86781815 -0.11618427 8.39322519 91 59 20
0.96961087 -0.43009102 8.51997996 161 126 83
0.89405432 -0.03265833 8.39402209 172 141 108
0.89697345 0.19789108 8.34650010 180 150 116
0.94028429 -0.02817835 8.30504047 166 136 101
0.97782829 -0.24935273 8.30521321 106 70 35
1.13962386 -0.71103992 8.62727312 160 134 99
0.96247673 0.35444192 8.38752595 142 109 74
1.00638510 -0.20661779 8.30062156 94 63 34
1.52515104 -1.12322609 9.28293609 176 179 178
1.03161883 0.67485028 8.40051182 139 110 76
1.04062115 0.39025218 8.20576045 69 40 13
1.04062115 0.39025218 8.20576045 69 40 13
1.22721906 -0.49616393 8.40790999 98 65 23
1.07545276 0.70505898 8.31770745 122 92 63
1.08809528 0.11792657 8.06459515 162 132 99
1.12334904 0.11688816 8.03884954 165 132 98
1.17195426 -0.01986381 8.11727674 172 141 109
1.19298790 0.80215757 8.25197859 154 127 99
1.25132402 0.95051243 8.37458020 142 115 87
1.30463346 -0.25041455 8.12109512 96 63 21
1.24947179 -0.03144239 8.01284455 99 66 27
1.50448715 -0.54448152 8.37731437 173 139 102
1.21381861 0.44480710 7.88708350 176 146 120
1.30150869 0.03390529 7.87836185 171 142 112
1.42614811 1.08937498 8.29842481 87 55 18
1.35353922 0.01480975 7.84324014 159 130 91
1.35353922 0.01480975 7.84324014 159 130 91
1.42020337 -0.05980736 7.95332581 160 125 86
1.31978895 0.47435272 7.78624687 168 137 109
1.34934559 0.41291097 7.80525959 149 114 79
1.39704286 1.99923719 8.18076331 186 172 151
1.39399017 1.99320219 8.05780901 108 85 60
1.43140396 0.53085686 7.53266910 105 66 26
1.43140396 0.53085686 7.53266910 105 66 26
1.57016235 1.27095677 7.88524856 153 124 92
1.45948863 2.08276783 7.82499781 168 140 102
9.29340021 -3.93401620 23.03058749 205 231 255
1.50082522 0.77088494 7.50914136 174 146 116
1.55961162 0.16768960 7.45797077 164 132 101
1.51546141 1.69263565 7.68266749 165 135 99
1.54173947 0.73210603 7.50731231 148 117 88
1.60331670 1.89574124 7.62725338 92 61 14
1.60331670 1.89574124 7.62725338 92 61 14
1.59531743 0.86617539 7.37263988 107 78 51
1.61833461 2.10454508 7.63326004 67 40 11
1.62890925 1.37502318 7.47330516 171 137 99
1.65833836 1.47214071 7.54262129 149 123 87
1.68497885 2.21090268 7.61316996 89 80 81
1.68605384 1.65039358 7.37260640 118 85 47
1.68605384 1.65039358 7.37260640 118 85 47
1.72138416 1.80720321 7.45538654 143 110 75
1.80405558 0.18799459 7.25348197 160 127 94
1.77689357 1.95727384 7.49364432 148 121 97
1.72869100 0.89087459 7.18836781 99 70 38
1.82251607 0.88385747 7.16868072 127 97 66
1.88421826 1.85166869 7.44849316 67 40 20
1.80412095 0.91783852 7.10418097 98 69 35
1.80412095 0.91783852 7.10418097 98 69 35
1.86630788 0.42596284 7.07453046 72 43 13
1.82732349 0.67360698 7.03427160 147 113 75
1.87888741 0.86730897 7.07551898 65 42 8
1.94031647 0.15699852 7.05227882 90 59 17
1.92113128 1.11482441 7.08558482 144 114 79
2.07738911 1.88597833 7.47409432 144 134 129
1.94308495 0.68314313 7.00678457 78 47 23
2.09207159 1.70242205 7.38787936 91 70 47
1.97984435 0.73781840 6.98668772 150 116 83
1.97222138 0.60788588 6.93366873 154 124 95
2.09058570 0.09161150 7.02513912 87 58 24
2.19271325 -0.07291238 7.03265650 132 96 62
2.08032213 0.78059822 6.98324217 147 116 89
2.05177823 0.65130363 6.90752795 97 61 35
2.26229957 -0.10372344 7.03577137 166 137 103
2.15776723 1.45169791 7.09953924 172 147 127
2.13515777 0.50597755 6.90448075 86 58 28
2.13515777 0.50597755 6.90448075 86 58 28
2.17299086 1.21443445 7.05026070 154 128 101
2.11707136 0.65809121 6.86563646 179 150 120
2.22577831 0.18962494 6.94640673 161 127 90
2.17353687 0.27564758 6.86439218 94 60 23
2.21175714 0.84142870 6.93553980 172 144 115
2.22533231 1.10876829 6.97366976 101 76 52
2.34631877 -0.03242503 6.94007048 148 118 84
2.35149076 0.22794184 6.85887153 65 39 9
2.58887446 1.52890430 7.28802295 164 169 169
2.44431392 0.13777921 6.83354673 139 109 71
2.51688176 1.09798263 7.07484509 141 127 118
2.58448991 1.18507423 7.17553115 85 64 46
2.50833989 0.05706887 6.87155986 160 132 89
2.42360616 0.39451608 6.79389375 159 133 104
2.64535229 -0.05762370 7.03681462 175 175 170
2.69515102 1.61522721 7.35504365 106 114 117
2.69515102 1.61522721 7.35504365 106 114 117
2.74990566 1.74009991 7.42772879 109 113 112
2.74990566 1.74009991 7.42772879 109 113 112
2.44671970 0.20763741 6.75004141 90 61 28
2.76716210 1.73059967 7.41447348 172 177 173
2.65913627 -0.02427716 6.97217656 139 106 71
2.79174871 1.70051870 7.40067821 168 172 171
2.55702928 0.42611094 6.83037002 97 69 47
2.84368887 0.71993704 7.23353278 120 102 92
2.61692859 0.13116782 6.82208994 175 150 116
2.67169398 0.28192086 6.77187603 87 60 34
2.78276002 0.13307452 6.87286296 76 51 12
2.70355206 0.28026667 6.76698461 91 65 32
2.73681696 0.28884439 6.76427800 102 78 45
3.00832120 0.25140172 6.82627657 118 97 71
3.69704478 0.08575719 7.21888801 174 151 117
3.78639740 0.02735695 7.29300302 93 67 39
-5.22253893 -3.75908274 12.94337165 190 186 181
1.25583934 -0.25380708 8.22914484 133 102 70
-2.98763521 -7.41837088 21.46143082 16 15 11
-0.31463653 -2.55463982 8.79366491 145 119 84
-0.24876439 -2.49187570 8.80429028 75 46 12
-0.25288358 -2.64713490 8.74245259 139 106 67
-0.16428305 -1.39605084 9.26521459 66 43 19
0.11719018 -0.38980703 8.97383399 176 143 104
0.48967835 -1.45993190 8.96787053 156 127 97
0.48869042 -1.22076626 8.98035742 80 46 15
0.97660326 -0.68762343 8.70677935 64 34 1
1.76731406 0.97567976 7.39782876 80 51 12
2.25543370 -0.10448755 7.15226135 138 105 72
2.62204847 1.66664032 7.37393961 112 116 119
2.43194255 0.43804039 6.97991521 73 50 19
-0.11683127 -2.76662144 8.75072723 77 54 18
-0.07968964 0.77101230 9.53340948 175 142 107
-0.07194457 -1.86753742 8.87403646 190 158 123
0.73635882 -1.90788841 8.92107535 121 93 69
0.73635882 -1.90788841 8.92107535 121 93 69
-1.79597185 -10.03223732 30.04928228 20 18 8
-0.26787133 -1.48385373 9.85223917 57 34 2
-0.44921599 -2.32127733 8.84876431 164 134 106
-0.35299957 -2.09706841 8.89197353 90 65 31
-0.10186424 -1.54474590 8.89331880 95 63 26
-0.09320906 -1.72201734 8.85951669 90 57 24
-0.01569228 0.06258957 9.36343088 89 59 23
-0.01569228 0.06258957 9.36343088 89 59 23
0.07529414 0.25758404 9.44458379 85 50 22
0.07337248 0.26056245 9.42150151 85 50 22
0.10399884 0.27792006 9.38857110 77 46 17
0.25912433 -2.14806442 8.67200185 159 125 88
0.20998103 -0.30047354 8.95755398 99 67 29
0.34880552 -1.81840585 8.82614015 68 42 12
0.35469414 -2.21701595 8.70880879 59 29 3
0.42047868 -1.22870845 9.01961274 153 117 78
0.37194154 -1.73434410 8.76206903 154 122 84
0.53244574 -0.40741309 8.77156135 146 112 74
0.79250649 -0.57042851 8.75734505 63 33 1
0.89548743 -0.76108466 8.72093652 80 49 6
0.78828614 0.20807098 8.55761001 154 120 87
0.98538312 -0.71677162 8.72764896 86 58 20
1.06835001 -0.67250151 8.64836149 154 123 86
1.34851420 -0.70949071 8.54088499 116 83 41
1.34033183 -0.68283744 8.52125656 173 141 103
1.10641701 0.71993672 8.30785322 152 127 103
1.37020100 -0.67974530 8.50776757 178 149 114
1.23037353 0.06139950 8.09115001 168 129 88
1.38073026 0.83336536 8.37446656 154 128 101
1.36240197 1.09288361 8.34367199 147 121 93
1.45915965 0.18302142 7.76682295 80 52 20
1.63957256 0.53666351 7.45289934 151 118 85
1.69400701 1.22464444 7.48783608 117 89 51
1.69031440 1.57441728 7.51971193 150 122 86
1.83773369 -0.02894604 7.41270547 163 130 94
2.16753053 0.09130692 7.11670960 79 50 10
2.15323877 0.74982740 7.06784346 80 53 23
2.14135652 1.27102336 7.10515125 144 122 98
2.22295869 0.26162709 6.97405313 94 60 23
2.29452274 0.41310519 6.97931347 147 115 83
2.30920201 0.62907952 7.01199112 167 137 109
2.67700271 0.13501213 6.86471010 82 52 13
-0.42088040 -1.78588832 9.05984516 191 161 127
-0.27763895 -1.66912393 8.97642701 158 128 98
2.72647177 1.72101988 7.39404475 186 191 194
2.72647177 1.72101988 7.39404475 186 191 194
-0.33428477 -2.66169267 8.84380660 179 147 106
-2.47271702 -5.57106628 17.40862098 10 5 2
-2.40782546 -5.02841292 17.32867650 109 97 85
-1.60791687 -4.74366176 17.22971725 117 107 89
-1.29472609 -5.05433545 17.75812550 135 127 116
-1.14403800 -5.46794231 18.15924160 151 146 141
-1.36280996 -4.45789188 16.60956384 146 139 125
-1.00825683 -5.07607062 17.90177454 59 57 45
-0.81404374 -5.65016140 18.81706260 60 60 52
-0.72684495 -6.16981864 18.56383844 19 28 26
-0.69669302 -6.09403164 18.43680556 156 153 147
-0.70877384 -4.83756867 17.57759459 152 140 126
-0.54935379 -5.84375379 17.99923802 63 50 34
-0.52141315 -5.78096366 18.15331500 125 123 107
-0.58522203 -5.44895990 17.88151435 151 145 130
-0.45335443 -5.78960675 17.89616121 63 52 33
-0.45256687 -5.32078271 17.91335530 102 98 84
-0.38185819 -5.65859523 18.14228647 176 169 145
-0.37405988 -5.52453109 18.24477975 205 198 187
-0.46997500 -4.47833995 17.38890708 161 158 149
-0.38446972 -4.12040917 16.94133566 110 108 96
-0.94287966 -2.10961526 9.32555776 83 59 19
-0.59685706 -0.28418262 10.93475675 189 182 175
-0.76903318 -2.10421261 9.12865726 153 124 95
-0.74056715 -2.32974408 9.03794652 159 127 96
-0.68316326 -2.35348794 9.04582167 155 125 87
-0.64207976 -1.76726379 9.27966926 78 50 10
-0.46677098 -1.13352234 9.95419581 105 82 50
-0.46144850 -1.37664686 9.83555068 85 56 25
-0.48430279 -0.71025170 9.88904918 77 51 18
-0.48959537 -0.76550110 9.72265452 164 139 108
-0.55476610 -1.98504091 9.07914488 66 40 8
-0.53185496 -1.95580274 9.08109412 161 133 99
-0.43441109 -0.92576056 9.64166010 154 127 97
-0.43441109 -0.92576056 9.64166010 154 127 97
-0.41669781 -0.96037944 9.56559793 144 118 85
-0.33724036 -1.63083541 9.56502884 81 61 32
-0.01640233 0.50932060 11.11929183 85 54 11
-0.38043778 0.52608359 9.83382245 155 127 90
-0.34521581 -2.21903435 8.93213094 161 131 95
-0.27797370 -1.12565633 9.39235068 68 43 7
-0.26263135 0.27240995 9.80320688 170 141 110
-0.27076769 -0.32096243 9.56910187 81 54 24
-0.03045736 -1.50279285 9.91375383 93 73 48
-0.27658985 -2.02846356 8.94627776 163 132 97
-0.26123611 -2.07027058 8.96486863 75 49 17
-0.24091695 0.73545493 9.72593675 147 116 84
-0.22733956 -1.47836422 9.12171782 38 19 1
-0.23563480 -0.40929139 9.38435249 139 109 73
-0.25445036 -1.95485305 8.89908662 115 87 53
-0.22710813 0.57573199 9.64873513 86 53 11
-0.19236638 -0.43041201 9.41058553 74 45 14
-0.18519270 0.33147499 9.62209801 77 49 14
-0.18519270 0.33147499 9.62209801 77 49 14
-0.21208754 -0.37234622 9.34307479 142 113 75
-0.21102410 -0.33418020 9.34779627 100 69 38
-0.15748985 -0.11846494 9.54485499 140 115 84
-0.18916957 0.40834893 9.58256712 156 124 83
-0.17217034 -0.06067794 9.48567060 97 65 24
-0.16753356 -0.59996019 9.34637668 149 117 78
-0.19268307 0.86219578 9.63261982 116 87 56
-0.16073249 -2.27054022 8.82848179 155 125 91
-0.13740835 -0.61742155 9.31646606 86 57 13
-0.12623390 -0.20695053 9.40811394 61 35 8
-0.13181737 0.39337197 9.54003099 164 138 104
-0.13074366 0.65721774 9.59369468 82 51 12
-0.13074366 0.65721774 9.59369468 82 51 12
-0.13307782 -2.19746110 8.83465110 73 53 16
-0.13006142 0.03740678 9.42204616 165 139 103
-0.14405449 -2.20996081 8.79283836 155 123 88
-0.12816983 -0.07097706 9.39036015 152 127 97
-0.10704570 -0.01101185 9.42291991 101 68 30
-0.13717000 -1.50268920 8.95019594 128 103 73
-0.11057832 -0.15500743 9.35441905 116 91 60
-0.11166023 -0.11002623 9.36131084 96 73 39
-0.11604849 -0.33018764 9.27963899 153 123 94
-0.10516907 -2.00818792 8.81292589 159 129 96
-0.09176430 0.18445830 9.31389913 158 132 100
-0.06584582 -1.57403477 8.89007427 88 58 28
-0.05675186 -0.46420663 9.18661061 174 147 114
-0.02883227 -1.49273433 8.92776281 44 27 8
-0.00082752 -1.52595316 8.95054241 119 97 68
0.01324916 -1.70828103 8.89146720 69 39 9
0.01070346 0.25270839 9.36221426 77 48 14
0.02697066 0.66991497 9.47831813 134 108 75
0.00099382 -0.09610289 9.18761850 72 44 3
0.02560281 -0.26950455 9.12597006 152 119 87
0.08590927 -1.10617363 9.05472938 149 119 83
0.08943860 0.69470629 9.48547614 136 107 74
0.08943860 0.69470629 9.48547614 136 107 74
0.06855957 0.52727796 9.37624886 127 103 67
0.15507211 0.75247658 9.57334915 77 48 15
0.06408112 -0.45843866 9.04688582 154 122 85
0.11320433 -1.69407290 8.82697714 154 121 87
0.16032063 -1.21892294 9.01876795 138 110 73
0.23577335 0.89028777 9.65680280 74 60 46
0.15982791 -2.03890076 8.70830124 88 58 18
0.18247579 -1.57030669 8.85927522 106 84 54
0.21501655 -1.96573757 8.76945014 80 46 14
0.19417480 0.41932908 9.25969538 117 91 64
0.21631938 -0.63495910 9.00625584 153 119 81
0.21305305 0.19891713 9.10826630 67 37 9
0.26201283 -2.02741323 8.70807238 132 103 73
0.26948163 -2.05119149 8.70376610 91 60 31
0.22120681 0.02101986 9.04141377 72 42 11
0.29603447 -0.82393624 8.94915991 155 123 82
0.25623279 0.19890867 9.03188047 132 105 76
0.42448972 -1.61737463 8.97986926 87 70 44
0.36761601 -2.11142367 8.72748213 110 79 48
0.45920561 -1.59015176 9.00079402 49 30 1
0.40754018 -1.95527347 8.79155092 150 120 91
0.45472395 -1.35739325 9.01489618 132 101 70
0.43563177 -1.92375744 8.79190385 152 123 93
0.36008020 0.40218145 9.08251709 135 109 76
0.48349139 -1.73539704 8.84167702 161 136 102
0.51229973 -2.17658190 8.74782972 138 113 82
0.40537597 -0.03577944 8.85614905 150 119 84
0.61685776 -2.06127141 8.83238354 94 68 31
0.45178069 0.32489154 8.92243527 138 112 76
0.57943157 -0.95239270 8.91476984 75 44 0
0.62158586 -1.14529862 8.93641167 79 49 12
0.47417647 0.00430473 8.80588248 152 119 86
0.67023675 -1.13788305 8.96952162 81 47 16
0.69470446 -2.31821434 8.77187844 157 131 104
0.58182078 -0.70873675 8.84913394 79 44 14
0.64024873 -0.92928584 8.92706839 80 46 9
0.78075393 -1.56275304 9.01985438 148 123 96
0.78331335 -2.04122731 8.87978028 78 58 34
0.59367339 0.53028759 8.93118977 126 99 70
0.82878418 -2.05062252 8.90838433 135 110 81
0.81399536 -2.25595884 8.80978369 145 121 97
0.65498914 0.59087261 9.02442453 79 50 15
0.66848931 -0.62513348 8.79342088 153 120 79
0.59610689 0.39174769 8.84180480 134 110 77
0.59141172 0.34869673 8.82054443 158 129 98
0.69442229 -0.58492026 8.78008261 137 105 67
0.85254529 -1.33058583 8.95946205 104 73 39
0.91350615 -2.25300763 8.90210729 168 143 112
0.91350615 -2.25300763 8.90210729 168 143 112
0.72506502 -0.61634354 8.76129810 77 47 9
0.76107231 -0.33956049 8.75134154 152 120 81
0.68420709 0.14577692 8.67839258 153 122 87
1.20269222 -2.41288040 9.17483139 157 136 113
0.73604906 -0.06425383 8.58362869 151 119 73
0.84731981 -0.68805355 8.67142031 144 115 76
0.84731981 -0.68805355 8.67142031 144 115 76
0.80497717 -0.32861707 8.63017902 75 43 12
0.96291915 -0.93088439 8.80323656 154 124 88
0.77646274 -0.20572074 8.56636753 157 127 93
0.97490537 -0.94381954 8.77616522 91 56 15
0.82790100 -0.25665736 8.54186329 153 120 87
0.82994832 0.50876758 8.62423835 145 121 85
6.19328465 -3.89694459 17.90989118 147 148 150
1.08956360 -0.88703300 8.74814649 118 84 39
1.14386595 -0.97756982 8.81706779 113 82 45
0.96924269 0.81487082 8.79927307 77 46 5
0.96924269 0.81487082 8.79927307 77 46 5
0.87107533 0.04352570 8.44579444 151 123 81
0.88421364 -0.12038949 8.44036616 93 62 30
6.24955543 -3.92560061 17.80946180 51 55 52
1.00391484 -0.44420545 8.54168993 77 49 8
6.24464981 -3.79941119 17.67578079 144 146 143
0.95577938 -0.23020193 8.44819210 139 114 80
1.00737872 0.85633574 8.72270108 95 66 32
1.01829934 -0.41664648 8.47357128 93 61 25
0.93181526 0.33007687 8.43389453 133 104 71
1.01839130 -0.11910928 8.39741079 145 118 76
0.97844359 0.06159260 8.33113975 131 103 66
1.08859927 -0.32452408 8.43067513 159 127 88
1.09911832 -0.35776916 8.43415506 83 51 13
1.28481410 -0.82199609 8.64610248 109 79 43
1.06418046 0.88090060 8.51969983 137 116 85
1.10416205 -0.29001868 8.35826312 153 123 83
1.11802532 0.93435472 8.54699928 77 48 10
1.04971364 0.40803680 8.33100581 139 111 77
7.00103550 -4.09928256 17.97115972 137 135 133
1.13419253 -0.23856077 8.31561383 155 126 89
1.13419253 -0.23856077 8.31561383 155 126 89
1.31230805 -0.68178345 8.55283072 93 61 19
6.95374899 -4.29113204 17.78351573 105 105 104
1.17893708 0.95821775 8.49410302 82 53 19
1.14460533 -0.02310551 8.27128684 154 122 83
1.18339673 -0.22989824 8.28531597 158 128 90
1.20820726 0.96997021 8.46214941 78 50 14
1.14612194 0.80971321 8.31868029 65 41 4
1.29189160 -0.41023239 8.30540533 154 121 80
7.50533746 -4.34752967 18.16718697 162 161 157
1.24081620 -0.19444773 8.24293339 153 123 84
1.16067619 0.77766830 8.23369710 134 111 87
7.57940640 -4.43447117 18.17590763 63 64 62
7.44398285 -4.59054128 17.87942478 2 3 7
7.38655003 -4.54698586 17.77771647 2 3 7
1.42596430 -0.60739370 8.40326520 98 64 19
1.42596430 -0.60739370 8.40326520 98 64 19
1.42650139 -0.57455686 8.39725411 149 120 82
1.29969477 -0.17556607 8.22514673 157 125 86
1.24814164 -0.04003518 8.15012924 93 62 32
1.24814164 -0.04003518 8.15012924 93 62 32
1.19530816 0.29190865 8.07055435 151 118 84
1.40865152 -0.42701285 8.26491332 111 81 42
1.20372372 1.75113809 8.23072565 182 174 163
1.25090810 0.32000684 8.04411070 147 117 79
1.29561582 0.86534811 8.16290781 125 98 69
1.43680657 -0.34027714 8.19378446 92 62 29
7.71804774 -4.58883729 17.64384009 14 21 26
1.41822437 1.45940126 8.33490208 77 69 58
1.29231511 0.35261027 7.96250028 146 116 76
1.30517395 0.44801099 7.91468784 109 79 45
1.73670124 -0.62711915 8.41488843 133 108 78
1.42024895 -0.09851362 7.98930104 83 51 10
1.43622603 0.09660434 7.87697299 96 71 38
1.44173292 0.06458009 7.85993937 170 140 112
1.50435770 1.67147968 8.12557997 148 122 88
1.44686684 0.20516018 7.81618946 159 125 87
1.42073978 0.43726436 7.80693638 142 112 78
1.52791499 -0.03983142 7.87560056 78 46 8
1.53898045 1.62652953 8.09782099 149 123 92
7.94676420 -4.77460116 16.80151529 166 168 164
8.08834272 -4.92846266 16.96883673 6 7 9
1.59333560 1.13696003 8.06580533 123 102 72
1.44224425 2.09772740 7.96671941 75 53 29
1.49079388 0.22381978 7.77343373 154 125 86
1.52860715 1.68180807 8.02874694 142 111 77
1.50896873 1.12346674 7.87678172 123 102 72
8.17896264 -4.78272573 16.89340135 171 171 165
8.17896264 -4.78272573 16.89340135 171 171 165
1.51341792 0.23664036 7.72480934 152 123 83
1.57214434 1.17780185 7.91891293 65 41 14
1.45878300 1.98843863 7.84003684 90 58 19
1.45291587 2.06330059 7.81490302 138 114 81
1.63125528 1.45210483 7.95869617 115 96 66
1.48471438 2.13065704 7.82703812 103 84 57
8.41228850 -4.94283939 16.90145837 6 5 9
1.53835697 1.00818023 7.72241031 132 110 74
8.47744030 -4.85049682 16.92982208 143 146 138
1.53129812 1.84048802 7.78779037 145 112 74
1.58068217 0.54586540 7.65071039 112 83 51
1.58068217 0.54586540 7.65071039 112 83 51
8.68034713 -4.82918796 17.02214305 153 155 144
1.56907874 2.16702533 7.78820918 99 79 54
8.82648767 -4.99980418 17.10781315 95 99 89
6.25000096 -1.40641224 13.92463280 180 196 219
1.56605972 1.31768566 7.63298311 153 128 97
1.56605972 1.31768566 7.63298311 153 128 97
8.98399884 -5.15875295 17.22561550 4 2 3
1.60137057 1.88520237 7.72285363 82 54 15
1.65264438 1.42555881 7.63162660 148 122 90
1.68501213 1.22859098 7.64446885 139 114 81
9.31398225 -5.20442362 17.32979480 144 144 136
9.57859784 -3.54633194 17.84095766 31 34 22
1.66720871 1.44740810 7.60007791 113 84 52
9.64893851 -3.76195191 17.88840884 34 36 22
9.64893851 -3.76195191 17.88840884 34 36 22
1.67917215 0.42543081 7.47949495 137 108 78
1.78885821 0.09037455 7.55074237 81 53 15
9.75056574 -3.51656808 17.84913456 42 44 31
9.96446043 -4.19286562 18.03949833 38 48 22
1.72840066 2.13672884 7.65406468 141 119 98
1.74353500 1.52344206 7.54408314 148 118 91
9.68402439 -3.44848645 17.56271887 107 115 100
9.79356320 -3.36196642 17.67349998 57 70 45
1.84969794 2.22067389 7.74790306 135 124 114
1.77256457 1.61161770 7.52819765 139 109 77
1.95678121 -0.07470544 7.55898756 112 82 46
1.75157867 0.58935097 7.36202988 140 111 74
1.82102864 0.57107626 7.37409364 77 49 14
1.78113788 0.75066163 7.33115634 116 92 61
1.79677450 0.85082104 7.36306213 147 117 91
1.84244794 0.22851779 7.34506889 111 79 40
1.83749778 0.60827469 7.38070913 135 105 70
1.82823937 0.51486224 7.29415706 88 61 25
1.91261246 1.86725306 7.50175049 72 46 24
2.07577631 -0.11038118 7.38532105 120 89 50
2.06719766 1.89027946 7.56027731 75 56 34
2.01781672 0.28954290 7.26345373 104 73 28
2.10507382 1.89692820 7.52398298 145 138 133
2.11641988 2.36600797 7.59146283 186 186 188
2.10411211 1.89645358 7.52220903 145 138 133
2.08362439 1.82151541 7.48515366 129 113 98
2.08518139 0.15842522 7.22046877 85 55 18
2.15405026 0.04243157 7.26394583 82 51 9
2.04898761 1.13879539 7.25285545 143 113 79
2.25616673 -0.12819432 7.33733877 84 51 14
2.05963834 0.60655071 7.14827626 83 54 24
2.22508130 0.10669038 7.21397775 143 111 74
2.14147361 1.18707926 7.22211163 142 113 82
2.25801978 0.12190702 7.17731260 148 116 74
2.23273047 0.43111412 7.06899356 90 62 25
2.23273047 0.43111412 7.06899356 90 62 25
2.20983560 0.37362262 7.00936817 137 109 69
2.40750202 -0.09659233 7.18810147 147 118 74
2.40158810 -0.07437758 7.17599587 95 62 14
2.40158810 -0.07437758 7.17599587 95 62 14
2.25528727 0.59282303 7.05645947 138 113 76
2.26869537 0.63223560 7.05504093 112 79 47
2.34035176 0.05747107 7.07066495 98 67 38
2.31497477 0.60529105 7.07918995 149 124 94
2.48761722 1.50231270 7.29525810 157 165 167
2.52511901 1.50425366 7.29678070 107 113 117
2.43191764 0.88815173 7.09389862 155 135 114
2.59815680 1.62576858 7.35313270 163 168 172
2.52167098 1.21989073 7.19520476 97 84 76
2.57514077 1.44334518 7.27474098 107 115 117
2.57514077 1.44334518 7.27474098 107 115 117
2.68147562 1.70642007 7.39217367 121 125 128
2.67005887 1.62643567 7.35679718 160 168 171
2.55391748 0.00745456 7.04272911 80 47 16
2.57321208 1.10225240 7.16070965 136 126 114
2.57710804 1.04415172 7.14129478 141 129 118
2.72780396 1.61737751 7.36119410 166 171 175
2.72780396 1.61737751 7.36119410 166 171 175
2.59020341 0.46909222 7.06721995 82 60 34
2.57961826 0.71443578 7.06517599 161 143 121
2.54553149 0.34579709 6.97039369 85 55 22
2.79700953 1.59308949 7.35771112 109 119 120
2.79700953 1.59308949 7.35771112 109 119 120
2.57066489 0.40993130 6.99442333 85 60 33
2.64415752 0.01044310 7.03391688 148 122 87
2.68148980 -0.03564217 7.05935200 129 101 71
2.81205524 1.58700553 7.33968287 164 171 169
2.58277949 0.39760653 6.96923893 162 139 113
2.82195933 1.55825858 7.33955319 115 120 123
2.66466024 0.70568067 7.08383043 67 49 27
2.70103325 0.73651576 7.09563351 102 85 69
2.71089465 0.50920985 7.07968522 79 59 33
2.70989206 0.80873757 7.09981254 165 150 125
2.77163128 0.71811214 7.11749064 101 82 62
2.66745020 0.17038838 6.94544816 162 135 105
2.70129047 0.13978476 6.96479964 72 46 7
2.76418004 -0.01913347 7.01401998 172 146 112
2.83658530 0.35143214 7.11142283 167 165 157
2.75770461 0.13100777 6.99238360 83 54 20
2.78686123 -0.00399246 7.00511660 115 83 48
2.76765142 0.04403580 6.96333438 107 76 41
2.76765142 0.04403580 6.96333438 107 76 41
2.78828172 0.02028297 6.98069177 157 127 93
2.88145969 0.13370069 6.96641391 150 123 87
2.91962387 0.10806486 6.98925641 86 57 20
2.83199145 0.31589117 6.90947892 97 72 46
3.49892859 0.05798129 7.13663720 97 68 36
3.78754046 0.02933194 7.40118055 91 64 28
4.00720042 -0.00493934 7.26336033 150 152 138
-2.19269605 -6.78206528 19.51826226 44 44 40
-1.36817463 -3.89648632 11.96969031 8 11 11
-0.47985700 -3.47609182 9.88967008 93 60 21
-0.30681795 -3.80332449 10.10623144 169 146 113
-0.04081987 -3.65391139 9.78989699 12 8 5
-0.04106705 -3.64546408 9.75391119 12 8 5
-0.01346672 -1.10496563 9.07510581 161 128 90
0.80458282 -3.20020433 9.14393706 152 126 88
0.73555630 -1.31321332 8.98779162 74 44 12
0.99574473 0.37063375 8.32661102 158 126 89
1.85667771 0.64224767 7.20702710 166 134 93
0.89682996 -3.25301004 9.24199625 202 173 136
1.03695357 -3.09718484 9.21174552 84 50 20
-0.15888426 -0.47569342 6.15100604 215 213 208
-0.33386505 -2.02066240 8.92001381 74 48 16
-0.31319861 -2.40526300 8.77573043 164 132 93
-0.19246666 -0.76028518 9.34049815 185 156 124
-0.22051781 -2.21453211 8.77600046 159 126 93
0.11459828 0.38200934 9.47502907 63 37 1
0.16269227 -1.69692490 8.77624190 155 125 87
0.16836057 -0.44800536 9.02937917 160 126 89
0.31266281 -0.86854551 8.99805704 79 47 8
0.65369076 -0.00225700 8.63136177 175 143 111
0.89765390 -0.24706874 8.50494475 73 44 12
0.92887469 0.32136083 8.42563997 154 123 94
1.50352006 -0.03869776 7.84368457 77 48 13
2.08155400 1.05954581 8.22440836 84 54 27
1.62699652 0.91316330 7.59819647 66 36 8
1.62699652 0.91316330 7.59819647 66 36 8
1.75852462 1.01850693 7.38889084 153 123 87
-0.59165652 -6.41648885 19.61218033 30 34 38
-0.32427507 -1.79925565 8.98585799 185 157 122
-0.28300773 -1.80820247 8.96456105 166 136 100
-1.35112462 -4.44420645 13.85229217 145 125 95
-0.52425170 -1.24240080 9.81078035 152 135 108
-1.43797163 -5.65669425 18.75007995 157 148 129
-1.19233735 -4.84024596 17.21304410 140 132 120
-0.87827283 -2.05859053 9.14162749 152 123 91
-0.85389726 -2.03534073 9.14181871 143 119 86
-0.77862002 -2.29577688 9.01592426 160 128 95
-0.74843189 -2.23394652 8.98636895 163 134 100
-0.67291440 -1.84696081 9.10463767 162 135 105
-0.39256430 -1.39899453 9.85567885 124 107 79
-0.58324011 -1.92567260 9.03776793 156 127 93
-0.49070790 -1.69221690 9.02843342 166 140 107
-0.26026713 -0.17895457 9.71796803 83 50 10
-0.21759811 0.21256700 9.85932001 82 62 34
-0.27009321 -1.49385315 9.05265498 117 93 70
-0.21216481 -0.74777345 9.30474806 168 139 106
-0.27580836 -2.09700760 8.82335264 84 60 18
-0.21330343 -1.81214756 8.89425090 161 128 94
-0.08532665 0.60980639 9.58926146 146 120 86
-0.10292447 -2.05321451 8.80483678 161 128 89
-0.08101006 -0.33227813 9.23045526 150 121 91
-0.09391876 -2.26237883 8.74800091 158 129 93
0.02243931 -0.72890934 9.13763783 157 125 87
-0.00536000 0.21558982 9.29089047 152 128 94
0.00441472 -0.10691922 9.19312334 72 44 3
0.12427738 0.38836808 9.31747103 127 104 70
0.20053793 0.52586518 9.48315596 96 69 39
0.15261400 0.45071126 9.37486915 86 59 30
0.18530669 0.56479312 9.39666379 129 105 71
0.17244004 0.13690844 9.10861121 135 106 75
0.28649938 0.22076494 9.08321751 65 38 10
0.40854805 -0.78607577 8.93685275 154 120 82
0.43361805 -2.17604715 8.68139758 145 117 79
0.38104374 0.25215376 8.99552679 134 109 69
0.55175630 -1.14305175 8.93304781 153 123 91
0.43022507 0.13033424 8.84120240 128 101 71
0.65641113 -1.05030946 8.87659055 145 115 79
0.65641113 -1.05030946 8.87659055 145 115 79
0.81777182 -1.34151238 8.97128302 145 115 83
0.81777182 -1.34151238 8.97128302 145 115 83
0.75647657 -0.84982029 8.83162113 75 46 7
7.38499150 -4.19287136 18.27788607 80 77 69
0.84638855 -0.77237486 8.74834323 155 123 77
0.82815321 -0.49282860 8.64117498 145 117 80
0.87885536 -0.36814725 8.51953641 159 133 96
7.91388172 -4.63075821 17.82615378 102 105 101
7.73079972 -4.47424268 17.55672148 86 85 81
1.05397343 -0.09586866 8.36670734 153 121 84
1.03205105 0.67677773 8.39744082 122 98 65
1.15753701 -0.30635653 8.33593228 77 48 14
8.06640727 -4.65776616 17.10904624 127 127 121
1.11088152 -0.04388471 8.28190472 151 118 77
1.08977163 0.70263203 8.35173275 107 83 49
1.08831228 0.20753376 8.24170021 145 116 84
1.15249225 0.77578461 8.28180102 145 123 100
8.64537331 -4.93236489 17.19605196 143 146 138
1.47073818 -0.60749677 8.39598739 154 124 86
1.20086398 0.77303399 8.21345180 96 71 41
1.24716185 0.01723647 8.16308446 83 54 21
1.32461592 1.03270172 8.34645755 86 60 29
9.89509132 -3.36427131 17.91534083 150 154 140
1.37942230 2.06063431 8.07508864 175 164 150
1.39141519 0.43360321 7.83117161 111 81 48
1.60110776 -0.21940358 7.96653800 86 50 18
1.51586512 1.15362491 7.97827710 77 53 19
1.43719183 2.01284310 7.85386752 149 121 81
1.60490430 1.15288867 7.83562106 119 95 69
1.48745382 2.14113170 7.78720490 108 88 66
1.63820889 1.06426734 7.67214782 69 44 21
1.74395507 0.06634599 7.59668265 78 53 8
1.63408621 1.41007186 7.60168624 151 124 93
1.69084825 1.32950499 7.57668219 147 116 78
1.81553041 0.27103182 7.36242402 94 65 28
1.76707494 0.70439157 7.32724321 92 63 30
1.89478490 1.45550727 7.36855885 74 48 17
1.88896926 0.92141618 7.25967716 91 65 32
1.91324199 1.56942923 7.32377226 150 123 101
1.94913585 0.34511397 7.20847273 90 60 32
1.97310729 1.70278372 7.37892168 83 63 39
1.95824121 0.52803996 7.11971175 141 112 82
1.95824121 0.52803996 7.11971175 141 112 82
1.95328296 0.52880889 7.11120511 141 112 82
1.95328296 0.52880889 7.11120511 141 112 82
2.04842814 0.71610652 7.17669513 138 110 76
2.11663058 0.52414424 7.13334688 142 112 74
2.29429405 -0.09901352 7.19692471 106 75 46
2.24070852 0.81844915 7.05952409 146 121 91
2.23781710 0.88395292 7.04446976 161 136 106
-1.33215597 0.62578670 3.66561855 177 145 108
2.44593851 -0.03678493 7.09147621 81 50 8
2.31840476 0.58541002 7.02785890 67 42 11
2.66733317 1.69638096 7.32838239 163 171 174
2.58907708 1.47790614 7.23485209 107 115 120
2.58371902 1.42365272 7.20400554 100 109 110
2.58371902 1.42365272 7.20400554 100 109 110
2.55105361 0.06564750 6.99777871 154 125 95
2.51824461 0.29160257 6.95094580 142 116 88
2.66774268 0.31253330 6.95410698 49 30 1
2.72854430 0.07967899 6.92262316 162 135 105
2.79141711 0.34151930 6.94246628 174 173 160
2.75215395 0.12210853 6.88493977 79 52 23
3.14799855 1.09480116 7.12952987 175 175 173
-6.20095152 -1.72994953 11.13110779 77 54 18
-6.18831236 -1.84631251 11.25723068 146 138 127
-5.94162586 -2.90070497 12.48915948 127 120 109
-3.53217694 -5.54195879 16.80532521 164 162 149
-3.10963724 -5.33904406 16.17805737 151 148 140
-3.01854276 -5.43320664 16.47419062 17 19 10
-2.81843039 -5.91379025 16.58030622 1 1 0
-2.78723018 -5.74139126 16.57265958 3 4 6
-2.77284885 -5.70276474 16.67469442 45 45 47
-2.79108579 -5.33124721 16.15269092 1 5 7
-2.64188124 -5.84378314 16.59328831 2 1 3
-2.73241627 -5.05300062 15.83103370 6 5 3
-2.52277975 -4.77972694 15.81351438 94 87 69
-2.26328847 -5.63625323 16.57414551 1 3 1
-2.08587822 -5.53494043 16.52139665 64 66 64
-2.14740316 -5.20897362 16.28595705 1 2 3
-2.05118634 -4.80293234 16.23288345 96 93 78
-1.78008376 -5.93334786 16.97247172 120 114 103
-2.06003676 -4.13573510 15.48134224 127 118 102
-1.66162039 -5.91121829 16.82796216 22 15 7
-1.45234828 -5.86353097 16.97442899 88 89 83
-1.53188371 -5.02368269 16.59225403 5 4 2
-1.33454986 -5.81434865 17.07671265 1 1 3
-1.35418560 -5.60325820 16.88182912 19 28 35
-1.29439378 -5.86393213 16.80912171 4 3 7
-1.37120301 -4.96328126 16.82070191 76 73 58
-1.57788723 -4.26684877 16.03022896 103 103 93
-1.28081251 -5.76116178 16.77534790 137 130 113
-1.44773961 -4.79558212 16.41304101 155 147 128
-1.26460783 -5.40846420 16.77439679 143 135 130
-1.11121668 -5.31330827 17.16799189 16 17 21
-1.29730638 -4.74650537 16.46948002 150 142 129
-1.29709852 -4.74589113 16.47373196 150 142 129
-1.30392964 -4.72848407 16.42788134 150 142 129
-1.08041689 -5.74205711 16.92178527 0 3 12
-1.09331726 -5.43361997 16.86199212 151 143 133
-1.12736859 -5.57958189 16.51369838 1 2 9
-1.42307120 -4.15288403 15.72264685 157 150 132
-1.04510865 -5.15069799 16.93789438 6 9 15
-1.08146654 -5.27620609 16.62672127 9 10 10
-0.93248601 -5.70820930 17.00750451 2 1 2
-0.93248601 -5.70820930 17.00750451 2 1 2
-1.01738306 -5.30394307 16.56089083 146 139 120
-0.96023890 -5.08312634 16.96099347 161 152 150
-0.91002206 -5.47609638 16.87186458 24 22 21
-0.99013958 -5.21614250 16.57391928 15 18 17
-0.91153994 -5.51309124 16.76619579 156 156 150
-0.92588384 -4.83049401 16.94499025 72 66 53
-0.86729031 -5.11398788 16.88145111 69 66 54
-0.91183873 -5.62692166 16.27610112 2 1 1
-0.86489397 -4.96866479 16.92189435 85 79 65
-0.87346620 -5.48651981 16.42775463 129 126 113
-0.90857436 -4.90779000 16.54018866 160 153 142
-0.90857436 -4.90779000 16.54018866 160 153 142
-0.81387371 -5.35871422 16.62846839 134 128 116
-0.84641821 -4.72407373 16.73227657 164 160 155
-0.76324516 -5.27279866 16.42840542 66 59 33
-0.73939924 -4.82970589 16.81534955 81 77 63
-0.81511972 -4.46353549 16.54618152 142 133 115
-0.96450794 -4.08173097 15.95209978 131 128 117
-0.68491991 -5.60690450 16.33669860 94 90 78
-0.71341674 -4.71960407 16.67779922 182 176 156
-0.61220820 -4.84687507 16.68081611 87 82 70
-0.77306768 -4.23736751 16.18808861 135 128 112
-0.70277284 -4.33580494 16.43698958 131 124 108
-0.51694046 -5.58527646 16.50506518 108 105 92
-0.51564066 -4.88942061 16.87047474 181 177 168
-0.77255902 -4.00456738 16.05631332 164 163 153
-0.59537034 -4.53787843 16.56491842 78 69 50
-0.66715691 -4.24748066 16.35728567 94 88 70
-0.66715691 -4.24748066 16.35728567 94 88 70
-0.44270038 -5.14614480 16.81122747 152 149 136
-0.57292559 -4.43159334 16.42998108 83 75 54
-0.38673195 -5.02247690 16.83798717 80 77 67
-0.39123770 -5.19268829 16.67423140 195 190 171
-0.41574139 -5.38299996 16.45623289 165 159 143
-0.43869636 -4.77280330 16.67223519 178 175 167
-0.37271766 -4.93746689 16.85190461 95 96 90
-0.32575768 -4.97560309 16.76515537 161 160 162
-0.35265443 -5.45716314 16.36670996 187 185 162
-0.37247607 -5.30405838 16.35384010 72 59 43
-0.57890382 -3.94847003 15.89477897 131 128 119
-0.57890382 -3.94847003 15.89477897 131 128 119
-0.11008445 -5.23555453 16.66337992 156 156 147
-0.04951514 -5.39843382 16.60552179 147 147 137
-0.05416600 -5.49835259 16.52527901 17 30 38
0.04135764 -4.89362291 16.90479421 178 179 174
-0.29353458 -3.80350557 15.92000920 12 8 2
-0.29353458 -3.80350557 15.92000920 12 8 2
0.18491792 -5.38239311 16.72346239 149 146 134
0.28630716 -5.21120691 17.08500799 126 129 125
-1.37176446 -1.88166102 12.01485408 182 181 177
0.31511935 -5.27161857 16.87201345 18 25 29
0.44588749 -5.17184158 17.39559802 92 96 90
-0.07665467 -3.72087965 15.97370703 12 12 3
-0.07665467 -3.72087965 15.97370703 12 12 3
0.40529415 -5.22300458 17.03418434 19 29 37
0.40529415 -5.22300458 17.03418434 19 29 37
-0.12196736 -3.55545866 15.67996729 161 161 157
0.57145797 -4.91797306 17.17787197 169 174 177
0.13375754 -3.63295113 15.99312574 18 15 9
0.13375754 -3.63295113 15.99312574 18 15 9
0.39559524 -4.97398189 16.29853546 17 26 41
0.66532613 -5.45956161 16.97764734 12 21 31
0.65074701 -4.97508962 17.11206835 19 28 37
0.77583203 -4.92646607 17.33909840 144 146 150
0.11075516 -3.32016052 15.60659436 169 169 162
0.85163572 -4.91577782 17.51678208 74 81 81
0.92958825 -4.98101994 17.56764704 105 110 107
0.79264024 -3.47151625 16.13652349 86 94 103
-0.94001829 -3.37967276 9.82642247 10 13 16
-0.91363581 -3.45984446 9.85997138 17 22 21
-0.90786307 -3.36443487 9.87606043 165 145 113
-0.50278027 -0.93589769 11.82349875 117 119 114
-0.85269157 -3.40062140 9.80274848 68 44 7
-0.86527810 -3.39767146 9.70155457 142 117 85
-0.83570104 -3.18695329 9.72429039 67 44 10
-0.81646067 -2.84609996 9.54182509 179 155 126
-0.79735150 -2.91157108 9.56872916 168 144 115
-0.77422497 -3.12070324 9.55550902 163 136 99
-1.02823922 -2.05944163 9.20709414 151 152 148
-0.65647227 -0.02171007 10.80009067 119 115 103
-0.97555131 -1.97778050 9.10152714 121 100 71
-0.94490995 -2.23794478 9.00361207 160 129 91
-0.92686733 -2.23039107 8.92842841 154 124 89
-0.86192750 -1.82571513 9.14833171 139 114 84
-0.57780766 -0.96990120 10.00179204 191 187 174
-0.78363476 -1.73020059 9.26798703 180 178 170
-0.55734156 -1.08635825 9.99074120 183 177 169
-0.52371853 -3.27548760 9.41522373 166 138 98
-0.83369105 -2.45210750 8.88666167 139 111 75
-0.75831519 -1.68837395 9.27694164 191 185 171
-0.56184422 -0.94421755 9.96335643 94 75 47
-0.78074861 -1.83866161 9.17301976 122 97 66
-0.53530237 -1.20629017 9.94795857 190 181 179
-0.79884322 -1.89049621 9.10337611 64 39 12
-0.75526695 -1.71265177 9.25414151 103 82 57
-0.54816089 -1.10424339 9.91764888 107 94 76
-0.73100527 -1.66071693 9.28135363 181 179 167
-0.48919944 -0.97438119 10.05281774 109 86 55
-0.54208952 -0.85623441 9.90987632 152 131 107
-0.51290782 -0.77890468 9.99353806 85 57 35
-0.47629956 -1.25292014 9.93456672 139 122 96
-0.53430333 -2.99913108 9.23240853 157 127 97
-0.49666666 -0.75251563 9.93084022 73 42 14
-0.52497739 -3.01466019 9.20883137 61 34 17
-0.47605587 0.47593595 10.20897056 191 183 172
-0.55031416 -0.93051465 9.64491388 142 120 90
-0.50106394 -2.97847816 9.19108021 151 123 87
-0.71144068 -2.46926051 8.83487913 134 104 68
-0.38867476 0.16526005 10.30805395 97 90 74
-0.68472650 -1.88885686 9.01936418 156 127 97
-0.40174842 0.54972411 10.31582726 188 180 167
-0.48024344 -1.27157857 9.60835512 63 39 4
-0.46719700 -2.93282786 9.15872352 18 10 6
-0.45811690 -0.58898020 9.81330416 172 149 117
-0.65411403 -1.89600006 8.99856418 155 126 93
-0.65020375 -2.08531766 8.88452685 144 111 78
-0.44943460 -1.03654181 9.62450495 63 39 11
-0.43844093 -2.95889169 9.11156073 147 141 122
-0.47715029 -2.88948021 9.04200602 27 14 5
-0.60682233 -1.70611432 9.05325126 158 133 101
-0.37893809 0.50723061 10.06604827 170 138 105
-0.63147775 -2.54700706 8.69150431 68 44 6
-0.35998202 0.59429508 10.12164818 176 146 117
-0.39925183 -2.99823590 9.08528859 23 14 5
-0.56692340 -1.68341807 9.05141070 141 114 84
-0.30605149 0.29146508 10.11760180 169 144 114
-0.32560007 0.34657513 10.08162554 178 152 123
-0.39036275 -3.06317731 9.04065162 155 131 95
-0.33994067 0.52531522 10.05684483 76 50 11
-0.37605040 -3.00245968 9.04631051 122 101 70
-0.57693119 -2.52147697 8.66396039 150 116 77
-0.33418441 0.57080557 9.99538153 69 42 6
-0.33418441 0.57080557 9.99538153 69 42 6
-0.54635967 -2.57715466 8.70897741 68 42 8
-0.34855734 -3.08391703 8.97580346 155 129 96
-0.34855734 -3.08391703 8.97580346 155 129 96
-0.32000723 0.55621661 9.95031731 153 124 94
-0.39067684 -2.90257631 8.90951208 163 137 103
-0.29787222 -0.25993743 9.76808456 135 111 86
-0.52760838 -2.66786185 8.64231708 90 61 27
-0.34929558 -1.05604093 9.43609118 171 142 110
-0.50754651 -2.16298258 8.80268710 59 38 10
-0.51902676 -2.51116833 8.64921880 123 93 52
-0.49737249 -2.30554514 8.73581787 116 87 46
-0.39549856 -1.54578988 9.05999560 134 108 83
-0.44903590 -2.32255947 8.71879981 158 128 94
-0.26551548 -0.40839260 9.50945331 153 126 96
-0.36365063 -2.83963808 8.62841735 65 40 4
-0.24268244 -0.75854471 9.33375110 177 150 118
-0.25840699 -0.58043274 9.34161508 156 128 99
-0.29135179 -1.53641994 9.00897257 136 110 76
-0.22471678 -0.81770705 9.29260870 149 119 83
-0.11541466 0.16649756 9.73745652 73 43 11
-0.15411049 0.69243297 9.77642180 144 115 81
-0.16348846 -0.26336985 9.51623093 65 38 9
-0.09453481 0.39581561 9.71209905 62 33 1
-0.09453481 0.39581561 9.71209905 62 33 1
-0.27424526 -1.99132410 8.77346100 168 141 109
-0.14047019 -0.01497541 9.47971432 159 130 98
-0.22848383 -1.76277149 8.82546759 142 112 72
-0.11225491 -0.82843790 9.27706178 65 40 8
-0.07897342 0.38000734 9.59599472 157 130 100
-0.16332819 -1.82899308 8.90081068 159 128 90
-0.11689350 -0.78715630 9.23499925 152 123 86
-0.05187136 0.22641694 9.55529493 130 106 81
-0.18899159 -2.22317408 8.65881369 158 128 92
-0.13008006 -1.82836203 8.81898463 150 121 81
0.01349036 0.81609544 9.69263414 151 125 95
0.01349036 0.81609544 9.69263414 151 125 95
-0.14207230 -2.65536036 8.56577526 158 125 91
-0.01274391 -0.15395741 9.33462693 69 46 14
-0.00901373 0.21970796 9.42487501 84 55 20
0.06031417 0.84064803 9.69180466 130 105 74
0.04091389 -1.31922357 9.13494111 98 77 49
-0.07056205 -1.66639223 8.83249134 67 45 4
-0.00233802 0.17541726 9.36206674 150 123 93
-0.00233802 0.17541726 9.36206674 150 123 93
0.09358149 0.66596846 9.64593675 132 107 77
0.00326760 -0.13648587 9.28207375 72 47 18
0.11201839 0.85830113 9.70660212 132 107 76
-0.03829794 -2.23611667 8.68000783 121 90 54
0.08822177 0.52027584 9.42063039 122 95 66
0.06367371 -0.08280657 9.17699520 71 47 10
-0.01932662 -2.26004977 8.54254201 151 119 79
0.11410053 -1.38425595 8.97814268 62 46 22
0.05907859 -2.06196054 8.71808825 134 102 64
0.07866644 -0.69388484 9.04213220 154 122 84
0.01689886 -2.30642959 8.55932868 69 41 8
0.03969946 -2.52375638 8.52642712 64 40 10
0.10189376 -2.52313444 8.61370307 143 118 81
0.09546712 -1.91329295 8.68443618 69 45 11
0.19439357 -1.08215788 9.02627399 158 126 86
0.15715254 0.27184900 9.22229345 143 117 92
0.16041894 -0.21770411 9.06510350 148 116 78
0.17726789 -2.74332068 8.54157079 164 135 96
0.22481737 0.17120148 9.23311083 58 35 4
0.11914428 -2.53526530 8.46384669 67 43 18
0.20185795 -0.43096671 9.04203404 154 122 87
0.27036133 -1.06229417 9.01800512 156 124 85
0.19817241 -2.65245070 8.50904161 162 132 98
0.22224225 -1.56936203 8.77903105 113 91 67
0.22234490 -2.50572126 8.57941710 136 107 67
0.22234490 -2.50572126 8.57941710 136 107 67
0.19050166 -0.11811796 8.99663819 100 68 29
0.19050166 -0.11811796 8.99663819 100 68 29
0.19853759 -2.70260295 8.44102913 105 74 35
0.19853759 -2.70260295 8.44102913 105 74 35
0.30258538 0.20597216 9.18984466 68 44 18
0.27829726 -2.38752313 8.58631517 49 18 2
0.32611823 0.38079107 9.23229353 72 45 20
0.40705255 -1.25910407 9.01913597 75 40 8
0.29704397 -0.17892503 9.01066714 77 48 16
0.30465002 -2.27703223 8.57483030 140 115 85
0.33949776 -2.71091822 8.53847195 160 131 101
0.44922943 -1.24710592 9.02480022 66 37 6
0.50294398 -1.38908213 9.03553362 43 24 3
0.36340336 -2.24883721 8.61246314 85 59 32
0.38823594 -0.90769773 8.92483590 86 56 18
0.41605559 -1.68417184 8.80155629 161 140 101
0.37739955 -0.60284192 8.94197962 71 42 7
0.43946243 -1.87112652 8.78587644 62 45 14
0.43946243 -1.87112652 8.78587644 62 45 14
0.50573300 -2.88648069 8.66454493 113 82 43
0.46332994 -1.97494122 8.75885322 78 49 15
0.52535755 -1.57227273 8.91367635 133 106 79
0.42653843 0.27772711 9.10462988 60 37 6
0.58725423 -2.94542931 8.73016876 167 142 114
0.39385386 -0.54560803 8.87738224 159 126 88
0.47754161 -2.48238702 8.60436057 95 62 28
0.51349691 -2.73978867 8.60021321 154 130 98
0.52499392 -1.95937316 8.77233084 141 115 91
0.44300937 -0.56554385 8.90663255 84 54 25
0.54642358 -1.74009154 8.84677027 90 62 24
0.50928163 -2.20775002 8.66343319 82 53 24
0.56016336 -2.02188242 8.77869742 69 42 12
0.57863033 -1.17373068 8.96372317 69 41 4
0.53445666 -0.96800528 8.88955229 74 42 12
0.64053535 -2.78027633 8.66616010 169 149 117
0.46540948 -0.02874906 8.88890717 151 118 84
0.60960678 -2.60472200 8.60927533 108 82 47
0.58484673 -2.46999914 8.58563488 136 116 87
0.59097461 -0.89910170 8.85609133 155 123 84
0.63998110 -2.40885653 8.61771452 93 68 28
0.97782022 -3.07897135 9.03353314 78 53 14
0.76288679 -1.29485145 9.02282817 159 130 100
0.70529947 -2.10507527 8.76022947 125 104 80
0.52023735 0.33447314 8.90907184 139 113 86
0.98903771 -3.03675973 9.00727604 154 127 99
0.84989579 -1.55581045 9.06066882 103 84 52
0.54798507 -0.29155298 8.80240044 127 100 74
0.75577883 -2.07371249 8.80275955 69 41 11
0.78683565 -2.15555986 8.78180129 71 47 7
1.01215335 -2.75543788 8.98151477 128 105 81
0.62628785 0.05545079 8.85818471 146 113 79
0.72804170 -0.84350839 8.85553991 155 123 85
0.74903734 -0.81172002 8.77158503 158 125 88
1.13445790 -2.57636927 9.04043075 145 133 105
0.63360672 -0.07058294 8.66295926 136 107 73
0.63360672 -0.07058294 8.66295926 136 107 73
0.67103628 0.17850128 8.71827049 167 138 107
0.82734965 -0.59178300 8.74048186 78 50 20
0.78047271 0.45752240 8.75351090 129 104 74
0.78047271 0.45752240 8.75351090 129 104 74
0.78368224 0.51831292 8.74509026 61 35 7
0.85891282 0.70719876 8.76345801 148 125 93
1.08765991 -0.97519059 8.78538558 161 136 100
1.09775375 -0.99889380 8.78484743 101 73 33
0.84911388 0.50580561 8.65880486 142 115 86
0.93151984 -0.47385594 8.61382722 156 128 90
0.98323262 -0.79764720 8.63541108 144 115 84
0.90619778 -0.37508456 8.55767610 173 144 110
0.88187349 0.31260525 8.59922847 173 147 119
1.11091446 -0.91664356 8.72782167 158 134 101
0.85481247 0.01097478 8.49984342 154 121 88
0.87474104 -0.21289655 8.47038440 159 126 91
0.86586621 0.26656573 8.53222099 149 119 84
1.28821178 -0.97671711 8.81707624 146 123 93
0.96930072 0.67762590 8.57144685 69 44 13
1.19986656 -0.75893900 8.66342582 164 133 92
0.92966330 -0.03672337 8.36960640 104 72 35
1.23587163 -0.83951355 8.66476920 154 124 86
1.00296757 0.69391513 8.57787881 65 38 7
1.06836100 -0.35823529 8.48736089 162 132 97
1.05983973 0.87798279 8.66173167 84 54 30
0.98017639 0.67442163 8.45619756 128 103 74
1.05383257 0.85880315 8.58656592 146 122 95
1.13578767 -0.52327748 8.44503154 157 127 94
1.04608713 0.73827022 8.47637498 68 42 15
1.06451057 0.12603277 8.35755484 82 57 19
1.52340116 -0.91917011 8.80086140 144 121 93
1.10803376 0.89333683 8.50012760 137 116 89
1.28630160 -0.60729990 8.48878724 140 114 79
1.05571860 0.72529034 8.36373051 132 106 79
1.06432710 0.18419085 8.28858227 158 124 94
1.16581840 0.97055767 8.51309939 132 107 73
1.42353565 -0.70026361 8.57168479 151 126 92
1.11854226 0.72195725 8.32698027 142 118 90
1.40484372 -0.68189370 8.44967703 126 97 59
8.37316406 -4.96607057 17.04671868 168 169 162
1.19144243 0.82112693 8.32596942 64 39 9
8.63719597 -4.49492155 17.42597025 159 160 153
1.17758397 0.01909273 8.17795314 159 124 84
1.30296307 -0.22158378 8.30038136 73 40 5
1.12710278 0.24694543 8.13162704 152 119 85
1.15070964 0.31566733 8.10339529 123 89 55
9.18793595 -5.38878135 17.73239543 6 6 6
1.70224233 -0.77021120 8.60273458 196 219 247
1.18531005 0.57042929 8.12692173 154 125 93
8.75343057 -4.95853585 17.15616541 77 77 76
1.21293371 0.30088929 8.05701461 152 122 88
9.28201106 -5.07272944 17.66300741 100 101 85
9.28201106 -5.07272944 17.66300741 100 101 85
9.60526701 -4.13756739 18.17580479 157 159 146
1.28928842 0.05197515 8.05949236 90 61 18
1.29809316 1.01534682 8.18934039 138 113 82
1.29825147 0.89043254 8.16148535 57 32 6
1.45822715 -0.30162402 8.18125664 154 119 79
1.42108050 -0.11678302 8.06457989 75 43 15
10.68150148 -7.12383542 18.61808193 25 31 18
10.68150148 -7.12383542 18.61808193 25 31 18
1.42803058 1.12724230 8.21244968 128 101 71
1.39323707 1.93723184 8.27579815 189 177 165
1.47280871 1.11297435 8.25117110 71 45 13
1.47280871 1.11297435 8.25117110 71 45 13
10.89520636 -7.00779511 18.81445618 96 105 84
1.36370707 0.14352552 7.95383972 152 118 80
1.35705467 0.14467224 7.94382734 152 118 80
1.74093888 -0.54331111 8.31248660 113 80 43
1.37455101 0.37938333 7.93739443 144 111 76
10.96153463 -7.03205442 18.72715077 97 110 85
1.45493164 -0.06456592 7.97179090 153 121 82
1.52681693 1.76249953 8.31084399 80 71 62
10.86481220 -6.98414247 18.60304063 97 110 85
1.46541299 1.80500255 8.20792197 151 125 101
1.38752426 0.40169670 7.87196815 157 125 87
1.41205833 1.85603203 8.07805690 161 129 98
1.35856390 1.94140178 7.99843598 158 128 93
10.64205973 -3.43328228 18.49595377 92 102 77
1.64036499 1.57606161 8.26314616 70 62 49
1.40124359 1.77189299 7.99038436 158 129 99
10.72438908 -6.61603735 18.07077228 45 52 34
1.56530815 -0.00319482 7.89729735 157 126 89
1.37794835 1.82574222 7.91236565 147 118 88
1.54528760 2.03140730 8.10187696 163 132 104
1.39580381 1.85170783 7.89815308 146 117 87
1.38238486 1.99357719 7.89461092 152 122 95
1.38238486 1.99357719 7.89461092 152 122 95
1.42195204 1.92404668 7.92274678 92 59 24
1.56750087 1.53326297 8.00140298 149 125 93
1.45928489 0.42317403 7.68015816 80 51 19
1.40892497 1.88312379 7.80598328 123 93 60
1.62541496 -0.15874987 7.78145901 155 124 93
1.60584184 1.40486826 7.95334841 130 106 77
1.52318143 1.14307834 7.81719404 129 104 81
1.74955049 -0.32254463 7.88161339 161 127 90
1.58408363 1.50408698 7.90771595 58 41 9
1.52533425 1.02638670 7.76339117 69 44 13
1.53666976 1.53327460 7.84189198 146 120 82
1.59433361 0.08115366 7.70939593 141 107 67
1.59077078 0.25484933 7.70436275 163 131 93
1.66449832 -0.07709321 7.65899090 113 81 39
1.61571103 0.27489261 7.63194205 157 123 94
1.54753546 0.97389844 7.63860030 170 144 118
1.58993133 1.59978867 7.76190732 153 123 86
1.83339916 -0.27614787 7.76672650 161 134 97
1.64689732 0.25412944 7.60729082 75 45 6
1.50672525 1.88615596 7.65254287 157 124 91
1.72284409 0.07640832 7.64336927 155 123 89
1.67404807 0.26618528 7.57551031 75 46 4
1.52174702 1.91590519 7.58784649 149 116 81
1.63706622 1.51538858 7.63588942 76 52 29
1.58060576 1.39944289 7.54098988 158 130 100
1.60012230 1.36262583 7.54996364 159 129 95
1.60612373 1.47857476 7.55950492 66 41 17
1.65731919 1.19706998 7.54668708 142 117 87
1.79277019 0.09350525 7.52660633 73 47 14
1.66775586 2.22809054 7.64799665 86 76 75
1.63220714 1.48195091 7.48467172 125 99 65
1.68218984 1.76890707 7.47132957 74 45 15
1.84034757 2.30339820 7.68917106 119 119 118
1.78879903 0.15423811 7.35941316 157 128 88
1.77241707 0.36851149 7.34678853 157 125 83
1.76430244 0.88865877 7.29029222 91 65 33
2.19421148 -0.37431138 7.58695233 129 98 64
1.77527414 0.84096241 7.29048316 138 114 83
1.69544179 1.24374531 7.24820369 146 117 83
1.86180565 0.41192855 7.25370100 150 118 85
1.82937944 1.46566033 7.33260169 138 112 77
1.84884425 1.48263282 7.31481740 142 115 83
1.81604912 1.26154594 7.24456762 147 119 90
1.89422120 1.95024928 7.39656116 174 159 152
1.84682298 0.91488063 7.21564366 101 74 40
1.90020872 1.31042633 7.23476049 157 131 96
1.07089096 0.65295056 6.30870710 142 112 77
1.96555383 1.66816312 7.29076798 145 120 98
1.95766931 0.46825516 7.14050351 143 114 74
1.88608243 0.92464383 7.11328000 130 101 69
2.02857299 1.70197971 7.33226786 94 74 54
2.07158342 0.26806013 7.18020619 147 114 78
2.22584653 -0.11764040 7.26815132 93 58 27
2.03565307 0.33328469 7.08617421 119 86 49
2.03565307 0.33328469 7.08617421 119 86 49
2.00857797 0.59452984 7.03336599 145 119 83
2.04551233 1.17084999 7.06297372 153 124 92
2.14878853 0.56447674 7.00262116 161 132 99
2.33940466 -0.04286923 7.09397728 156 128 98
2.16412147 0.64466479 6.98048209 177 151 121
2.15500770 0.51180744 6.95534881 122 96 67
2.66462956 0.29395787 7.30997084 142 113 80
2.30872340 0.50934377 6.94194982 136 109 79
2.38763801 1.41688253 7.10608542 152 158 164
2.43144204 1.39078873 7.11518553 162 167 170
2.33651230 0.48962148 6.92827041 161 135 110
2.40500822 1.06528418 7.03985834 57 33 9
2.48534720 1.42123588 7.14057937 167 171 174
2.53383481 0.00365640 7.01932337 79 49 12
2.46823875 0.02824171 6.96164586 158 129 91
2.53192102 1.48389463 7.16536830 106 111 114
2.49998236 1.44380774 7.12528166 164 169 171
2.60241034 1.67204054 7.23875523 110 115 119
2.46759662 1.01478244 7.03229044 140 123 113
2.54561294 1.51153944 7.14669190 108 113 117
2.54561294 1.51153944 7.14669190 108 113 117
2.52413154 0.02424000 6.96736752 77 47 11
2.56757381 1.50687702 7.13823046 161 167 165
2.56757381 1.50687702 7.13823046 161 167 165
2.42147392 0.80918575 6.93568163 95 78 63
2.47174021 0.96976790 6.98291443 177 164 155
2.46763418 0.94208984 6.97396886 169 155 145
2.55048169 0.05518585 6.96048617 67 39 2
2.63819471 1.53308365 7.18272417 159 166 168
2.61362683 1.49933512 7.15344081 109 115 119
2.61362683 1.49933512 7.15344081 109 115 119
2.50942035 0.89299811 6.99470719 77 56 24
2.55498715 0.68731875 7.00493230 55 35 27
2.52476341 0.89871903 6.98381380 93 76 46
2.65884442 0.54069805 6.99006425 66 45 28
2.55127283 0.34399364 6.87505222 146 120 94
11.56166853 -4.70060786 14.30928005 151 176 202
2.73604272 0.54466166 7.01469237 112 102 89
11.00948459 -5.28411450 13.66408802 138 173 227
2.93912822 1.79571390 7.21615724 85 90 98
10.72720863 -4.82907545 13.02268069 87 88 90
3.77840064 -0.16440549 7.20755194 110 83 46
3.75621161 0.01563501 7.07568993 94 74 48
3.75621161 0.01563501 7.07568993 94 74 48
13.82531822 -3.90229605 13.88512490 239 255 254
13.95232415 -3.86155990 13.82878056 138 180 234
10.39462286 -2.95237917 10.60559837 252 254 255
10.49551256 -3.04113795 10.64536482 236 254 253
9.87994366 -2.79327938 10.08912004 96 102 115
10.22517450 -2.50953740 10.02750207 253 255 255
-0.37917821 -2.17604742 8.87013973 175 143 107
0.31457367 -0.92552932 9.38283353 74 44 12
0.11606774 -0.39518846 8.98365004 176 143 104
0.93030923 -3.10720439 9.19896058 182 154 116
1.09656623 0.41613687 8.21659085 71 47 5
-0.02120478 0.47864144 9.38602480 126 97 62
0.43172739 -1.87996681 8.84461824 108 83 55
0.53348310 -1.20606944 9.00850388 75 40 4
0.41345815 0.24035009 8.91339416 157 128 99
0.80804165 -1.30008344 8.99929419 77 44 6
1.13337959 0.90421952 8.42454825 147 122 96
1.14088907 0.77217444 8.26708408 163 135 106
1.21187961 0.68771896 8.06737113 73 43 6
1.26446962 0.63506583 7.99477777 188 159 132
1.66063611 -0.07445326 7.67447167 113 79 41
1.73319765 0.31266251 7.44004956 74 45 23
1.81115224 0.12180998 7.43619277 78 47 19
2.01897234 0.73622838 7.48914761 162 128 97
1.79572692 1.43796695 7.35622801 147 114 77
1.83049689 0.89841410 7.22173090 157 130 100
1.95294556 1.32718052 7.22131317 145 117 81
2.35458229 0.64303997 6.99188164 147 121 97
-0.03532588 -2.15280787 8.79604530 152 125 95
-5.65707288 -4.34196136 12.72319459 127 96 54
1.76144721 -5.25011132 23.56023264 155 159 155
-0.05694472 -1.85886790 8.86426786 183 151 113
-2.44289938 -5.29284236 16.62288428 10 5 2
-1.53930626 -4.76027677 16.89699812 104 97 84
-0.52921597 -5.25086168 17.36558375 66 61 49
-0.55493207 -0.82182864 10.05221639 165 161 156
-0.54529270 -0.85708299 10.00753618 118 101 81
-0.37512111 0.64965366 9.92450708 150 121 88
-0.35863288 0.62936357 9.95237715 152 123 88
-0.40192198 -1.90241319 8.94198773 157 129 99
-0.34046805 0.69788588 9.87825930 154 126 86
-0.22317083 0.29315897 9.73581000 158 128 92
-0.22064665 -0.17153021 9.53536232 148 128 95
-0.21192280 -2.13787148 8.79190459 103 76 43
-0.15531103 -0.80227918 9.24841943 152 122 84
-0.06376743 -0.97334471 9.16239902 147 115 75
-0.05502597 0.64229565 9.54759999 146 118 85
-0.00991998 0.30087875 9.39894489 130 104 73
-0.02478351 0.07341849 9.25377780 71 40 12
0.04479044 0.37066991 9.40038873 62 39 5
0.06384497 0.22250807 9.21859442 132 106 73
0.38705265 -2.17663093 8.75045419 159 130 91
0.22260458 0.17224956 9.05243606 148 121 89
0.23503741 -0.16388752 8.97439102 137 107 70
0.48687050 -1.54113437 8.95361495 63 42 15
0.53642242 -1.34668214 9.00101278 147 117 81
0.51261932 -1.15728312 8.94298156 152 122 85
0.67653995 -0.65620669 8.80476596 84 54 19
0.65424978 0.06278599 8.73485883 66 40 5
0.69799540 0.59224978 8.87578326 142 117 86
0.69183196 0.02882613 8.62456839 95 66 32
0.91117739 -0.70776636 8.75565480 146 117 80
0.78843841 0.50023071 8.68065843 138 113 84
0.96650063 -0.45086283 8.60377340 159 126 85
0.87753511 0.59419875 8.58879360 148 124 91
0.94514693 0.66452988 8.60578184 65 38 7
0.94842096 -0.06403246 8.40204256 148 119 87
0.94560019 0.09588117 8.39737545 146 116 78
1.29328282 -0.82412454 8.66884134 109 79 43
1.01090817 0.38516322 8.36078125 143 112 83
1.51277339 -0.88303754 8.74481623 133 112 84
8.45321666 -4.16555455 17.51661952 129 129 119
1.07848798 0.09808477 8.23946977 103 77 42
1.35550466 0.09531048 7.99891005 76 52 16
-0.02767312 0.48647222 5.99647136 62 38 3
1.49134070 0.44965839 7.79200510 140 111 77
1.39897706 1.88183840 7.92813796 88 57 24
1.48941291 2.16761248 7.98490716 177 170 160
1.58488214 0.22080058 7.70845664 74 43 12
1.42561016 2.11901171 7.79540141 95 81 65
1.78180806 -0.24647276 7.81136705 109 79 35
1.66167442 0.29975340 7.58269251 150 122 86
1.71376434 1.18300985 7.54467818 132 107 75
1.88818307 2.12502308 7.53863461 150 135 128
1.83942640 1.64240559 7.37893217 77 50 16
1.88759905 0.85824835 7.29704124 133 104 72
2.04119313 0.20829825 7.26987602 77 49 8
1.94036183 1.31411596 7.25743339 134 105 73
2.00261707 0.70318621 7.18299951 137 108 72
2.12301913 0.48069982 7.15072818 65 41 6
2.15295660 1.42622222 7.21389328 146 123 99
2.23143854 0.64990912 7.04820221 164 138 101
2.54283604 0.01506180 7.08993739 149 118 82
2.46151750 0.23730497 7.01513885 150 122 91
2.60453190 0.96974638 7.22281089 144 124 105
2.56950322 0.39527614 6.94423761 162 139 113
-7.42986385 -6.82271042 20.10760318 132 97 65
-2.61997885 -5.78902952 16.38414985 5 3 2
-2.72438232 -5.07530122 16.28480653 106 97 83
-2.69872940 -5.21054410 16.18272393 6 5 3
-2.31913418 -5.75361018 16.49018883 12 9 4
-1.98189429 -5.86936019 17.10794314 8 14 22
-2.11557380 -4.33007474 15.88654948 134 121 104
-2.11557380 -4.33007474 15.88654948 134 121 104
-2.00928909 -4.28594622 15.92942180 127 118 102
-1.24178313 -4.72317332 16.72553073 49 45 33
-1.21690763 -4.85801124 16.63168376 60 56 48
-0.87445843 -5.25864361 16.47197326 112 109 96
-0.75754227 -5.15133000 16.77686976 76 71 63
-0.73973946 -4.83863175 16.54574329 143 131 118
-0.60808110 -4.61849631 16.50759373 142 136 114
-0.47693157 -5.40769754 16.32551827 109 109 95
-0.54186640 -4.49297005 16.44245306 137 128 111
-0.42439033 -4.79452579 16.69535833 178 175 167
-0.37842794 -5.36675646 16.24912265 67 59 40
-0.20547443 -5.07429381 16.85214326 88 91 84
-0.05823447 -5.19168957 16.88886639 177 183 176
0.10985434 -5.32697755 16.46336239 158 156 148
0.30709215 -5.16822684 17.30304182 120 123 118
-0.26500521 -3.93242806 15.83330930 99 102 96
-0.26500521 -3.93242806 15.83330930 99 102 96
0.22726284 -5.33450886 16.58382353 148 149 135
0.28258870 -5.34305807 16.58713062 17 24 32
0.75031286 -6.31878977 17.68668352 31 37 28
0.52768936 -4.71120760 17.07394428 124 127 121
0.49871096 -5.12825634 16.68802605 17 26 41
0.75022187 -3.43208808 15.98112393 86 94 103
-0.79592993 -3.33650725 9.63632469 162 138 103
-0.64892887 -2.98435913 9.29498077 172 143 111
-0.84947271 -2.19066906 8.94508932 93 66 37
-0.77601489 -1.73698418 9.29133659 180 178 170
-0.58059015 -3.13777308 9.16858116 168 140 101
-0.50260168 -3.00753645 9.18530844 142 119 83
-0.49073677 -1.20046481 9.94545538 89 66 25
-0.48621168 -2.92497578 9.12182509 18 10 6
-0.47844854 -2.95925678 9.06490334 32 26 22
-0.69208563 -2.43549197 8.75614863 109 82 37
-0.44155961 -2.95190092 9.02620419 31 14 4
-0.64408432 -2.48577059 8.71632069 133 103 69
-0.64408432 -2.48577059 8.71632069 133 103 69
-0.57616167 -2.01326162 8.93626167 91 62 27
-0.55407836 -2.30398254 8.76002097 145 115 81
-0.52470202 -2.70198311 8.65409257 153 123 87
-0.35606082 -0.28327876 9.91949946 91 68 34
-0.36676860 -0.61003302 9.59216340 139 116 85
-0.45767702 -2.30518322 8.71191356 164 134 99
-0.45767702 -2.30518322 8.71191356 164 134 99
-0.43245332 -1.95138416 8.87157773 153 123 88
-0.33216740 -0.83411728 9.45826576 165 138 108
-0.33216740 -0.83411728 9.45826576 165 138 108
-0.26819975 -0.36821968 9.68967486 72 48 17
-0.23671657 -0.11288438 9.70277781 157 134 104
-0.31846459 -1.60391915 8.97602946 75 48 19
-0.34958899 -2.51652527 8.57726660 78 51 22
-0.22523052 -0.47549359 9.49933524 69 40 5
-0.20740549 -1.59936788 8.89661746 162 129 97
-0.18499938 -1.46770319 8.95596021 62 42 18
-0.16696324 -2.67341523 8.49462093 68 40 16
0.02137259 0.93841512 9.85913400 81 57 38
-0.01347411 -0.75260384 9.22021107 161 127 90
0.04710178 0.96885726 9.77583309 194 181 172
-0.03199831 -0.05032723 9.27768155 151 123 91
0.00229335 0.50359046 9.51260511 122 97 67
0.07098969 0.97109426 9.66781746 183 175 164
0.06505222 0.96986933 9.65159705 183 175 164
0.06067495 -2.84950507 8.43635960 172 142 110
0.10036977 0.10943533 9.30293926 65 39 7
0.21588238 -2.96486928 8.55559991 118 85 50
0.20250336 -2.93240416 8.53825764 183 155 131
0.10449460 -1.87522798 8.68888432 149 118 85
0.43396580 0.59488091 10.04190882 116 89 59
0.17581827 0.37770023 9.35388853 82 56 23
0.30137680 -2.90782306 8.58926164 115 86 43
0.19874901 -2.53616548 8.49053932 155 127 93
0.33079427 -2.12938168 8.60553590 163 137 103
0.36323377 0.05706939 9.15458723 64 39 1
0.44402416 -1.71392561 8.76630135 162 138 102
0.49737009 -1.19071328 9.00130665 152 123 91
0.52928962 -1.57407440 8.92773027 133 106 79
0.48905091 -1.01583353 8.99046747 69 38 10
0.53323834 -2.63272481 8.58099036 176 147 117
0.47891515 -0.76652311 8.90085465 69 38 4
0.49845728 -0.49890484 8.88992332 153 123 83
0.65555681 -2.30140232 8.62975099 99 70 36
0.48030970 -0.26541077 8.87496850 153 119 81
1.11050889 -2.90003509 9.11531137 9 5 1
0.64944965 -0.15340158 8.75167661 159 127 90
7.27466019 -4.39257945 17.94737917 102 100 92
0.76858815 0.69636861 9.04304945 139 116 85
0.77933680 -0.09600104 8.75507454 155 126 87
0.69828773 0.42772267 8.74110008 118 93 62
0.71139500 -0.08888006 8.61831322 155 126 87
0.98380031 -0.68305689 8.77961964 149 118 81
0.78987032 0.32062472 8.67565129 139 112 79
1.12396484 -0.94496023 8.80739208 152 128 92
1.08317893 -0.88805073 8.73633505 111 76 31
0.89019729 0.59387900 8.72892320 64 40 4
0.99768162 -0.36531553 8.50980216 166 133 99
0.93526306 0.78576349 8.66659685 140 114 88
1.12769497 0.28099339 8.29022920 140 110 73
1.12769497 0.28099339 8.29022920 140 110 73
1.12582331 0.76108636 8.38157599 138 114 86
1.30074937 -0.24519463 8.37468512 75 45 7
1.20938363 -0.00487445 8.29377765 163 129 92
1.27756275 1.06046923 8.39481833 145 119 92
1.26826651 0.87477947 8.18363529 65 40 7
1.35097494 1.05535763 8.30023391 75 44 24
1.35097494 1.05535763 8.30023391 75 44 24
1.29390061 0.33824465 8.03586723 152 120 86
1.37564511 0.07643090 8.08729414 78 51 12
1.45485979 1.11395634 8.15949924 73 48 15
1.31844622 1.80829400 8.05169686 138 111 78
1.42838777 0.37438181 7.90821583 78 49 17
1.28927048 1.98722948 7.88450786 68 46 27
1.31373521 1.94800176 7.89577083 158 127 97
1.46551968 1.09959098 7.91877119 133 109 81
1.77332961 -0.33552140 7.98250969 151 118 83
1.50304266 1.64094055 7.96511675 72 45 13
2.10550320 -0.55326153 8.26078749 191 199 211
1.60955214 0.02935620 7.77300050 157 123 86
1.80575110 -0.31189883 7.89781897 158 125 87
1.41226316 1.74073135 7.74553449 158 124 89
1.58329260 0.48883856 7.68835143 146 115 81
1.57089533 1.04155775 7.75345466 62 39 6
1.58669456 1.52114297 7.84310622 61 37 4
1.81125804 -0.23667763 7.79511948 155 125 91
1.60053379 1.39443735 7.77598485 126 101 70
1.75779039 -0.08735685 7.65004158 142 110 73
1.63942543 1.26282745 7.69765033 149 119 90
1.88501951 -0.09376405 7.69233880 168 136 97
1.41685797 2.15312703 7.50284089 187 181 183
1.51435628 1.67402565 7.49301464 143 111 68
1.84312286 0.00000195 7.56569798 151 123 86
1.60844101 1.58728168 7.48951502 145 117 87
1.81639607 0.28456214 7.42747011 150 120 91
1.66771518 1.60454694 7.33652084 152 120 86
1.80455019 0.68454546 7.25464083 142 112 77
1.86458149 0.71669681 7.23483852 161 132 106
1.95546204 0.44044882 7.22482008 148 118 84
2.25958237 -0.14107221 7.39656264 88 54 16
2.09288362 0.24870392 7.27345997 151 121 87
1.88461148 1.45677851 7.16066615 130 105 74
2.24180147 0.05758044 7.26088640 91 62 29
2.24796235 0.08184078 7.17447360 72 46 8
2.24243934 2.08755699 7.42466940 119 125 139
2.06376776 0.96681580 7.03482237 146 119 90
2.18663434 0.79047936 7.06808723 149 124 89
2.33101084 1.43233856 7.07862252 168 173 179
3.40643074 -0.28052428 7.84540587 160 160 148
2.41009719 0.83068522 7.01874292 83 63 42
2.43381423 1.09181972 7.03947791 107 88 66
2.51256769 0.24360329 6.95547608 60 39 12
2.55521063 0.08245648 6.95897638 178 149 117
2.73079415 0.53122074 7.04299917 101 83 68
2.73563646 0.48836545 7.02772627 104 93 80
-5.99985029 -2.73067030 11.38139277 82 52 18
-6.22836839 -1.71276344 11.56945619 168 159 148
-6.14000704 -2.88574927 13.13709837 172 162 152
-5.98891510 -3.13480513 13.01129617 163 154 145
-5.95724904 -3.81070079 14.20030503 116 109 92
-5.97982958 -4.30710171 15.14985190 82 53 18
-5.80777628 -3.68228549 14.25508532 178 170 157
-2.98066494 -5.99313524 17.62033787 0 0 0
-2.66565553 -6.01560052 17.56140149 42 43 38
-2.51923878 -5.71072165 17.48842675 13 7 4
-2.59374025 -5.24964102 17.07718105 176 171 162
-2.53846049 -5.27736687 17.11596553 76 64 49
-2.02604003 -6.24246855 17.62180047 8 8 6
-2.02604003 -6.24246855 17.62180047 8 8 6
-1.73739726 -6.16554976 17.44731812 1 1 1
-1.73739726 -6.16554976 17.44731812 1 1 1
-1.30958007 -6.32217095 18.02363796 100 93 75
-1.20013076 -5.13198805 17.07282204 3 4 2
-1.55222356 -4.15366197 15.92043357 165 156 141
-1.55222356 -4.15366197 15.92043357 165 156 141
-0.86289858 -5.71780447 17.58788819 138 129 108
-0.95176377 -5.13276278 17.19053141 174 164 154
-0.70256191 -5.77959419 17.76833903 14 24 21
-0.86879894 -5.38252775 17.10514452 19 14 13
-0.87811157 -5.29754130 17.12771858 181 172 157
-0.94534727 -4.83403628 17.16199482 156 147 130
-0.83146837 -5.15175562 16.99955283 86 75 58
-0.83146837 -5.15175562 16.99955283 86 75 58
-0.60608835 -5.56023994 17.00777625 155 147 129
-0.74955150 -4.91815013 16.80729613 82 74 54
-0.56923859 -5.51880337 17.03158707 71 55 32
-0.23437498 -5.48964817 16.83413309 75 59 28
-0.43272834 -3.97497442 16.43302477 112 107 88
0.05039014 -5.66490576 17.10439390 13 20 30
0.05039014 -5.66490576 17.10439390 13 20 30
0.32058459 -6.06777252 17.98237248 11 19 29
0.66888694 -6.28454472 18.12230537 23 31 39
0.77715562 -6.45400262 18.18593774 13 12 8
0.74175630 -4.86530980 17.49496648 50 55 53
0.95735357 -5.20450320 17.42838433 0 3 6
0.89712808 -4.83022784 17.41484392 170 171 166
0.34144677 -3.53723340 15.92746345 18 19 14
0.35117546 -3.59419301 15.88407604 198 194 189
1.44709126 -5.71556309 17.29059466 24 30 42
1.46592311 -5.72600876 17.31694786 24 30 42
1.50137593 -5.66062300 17.16294079 152 147 135
1.77764917 -6.02572929 17.82616430 12 9 17
1.57414725 -5.56587573 17.34410746 9 13 23
1.50419498 -5.49860005 17.14572717 9 13 23
1.69386203 -5.69352416 17.37754302 143 141 148
1.03207011 -3.59643342 16.37696625 77 74 65
1.69920175 -5.74629381 17.25735096 3 3 5
1.30863448 -3.78989680 16.79429916 109 115 124
-0.80726747 -3.51325296 10.12691557 151 136 115
-0.77763517 -3.09395870 10.23382637 24 22 28
-0.73234665 -3.63988642 9.99722693 178 150 121
-0.78756518 -3.22430187 10.02621607 175 147 115
-0.79431947 -3.24482841 9.98619890 79 52 22
-0.36648051 -0.98623509 12.19028380 122 123 117
-0.66180752 -3.73017976 10.03257763 5 3 1
-0.73390814 -3.23039578 9.86935493 70 42 3
-0.75084658 -2.98591472 9.85572829 172 144 105
-0.66780850 -3.35240557 9.75601091 167 134 98
-0.96461519 -2.04140806 9.35345582 108 88 57
-0.94433993 -2.09594437 9.34462942 69 45 12
-0.56181532 -3.39456652 9.71466832 80 43 7
-0.67248426 -2.82799950 9.62361952 162 136 109
-0.68009915 -2.69682172 9.66622991 147 122 90
-0.56104366 -3.39391973 9.63392526 166 132 90
-0.88882979 -1.82702814 9.36481115 122 103 76
-0.62140457 -2.89914356 9.57456768 165 136 104
-0.88848909 -2.42674375 9.05783868 117 83 46
-0.57638929 -3.11063848 9.56159062 171 138 104
-0.86681425 -1.92545223 9.28555716 133 105 69
-0.85076974 -1.79900073 9.36630409 120 96 70
-0.47922751 -3.36791052 9.56417400 181 148 110
-0.53187447 -3.08550032 9.49853548 173 139 106
-0.56897956 -2.88050809 9.48743194 166 133 99
-0.81689740 -2.27798444 9.06535642 161 129 95
-0.44354945 -3.31713444 9.52371046 83 47 5
-0.44354945 -3.31713444 9.52371046 83 47 5
-0.73684409 -2.62028439 9.03553867 150 120 86
-0.47858545 -3.23991173 9.40820742 170 137 99
-0.43166369 -3.32133465 9.46558004 166 130 94
-0.93173042 0.43177534 9.72354537 190 182 169
-0.42975320 -3.24175501 9.41341733 170 135 98
-0.52871666 -1.15354319 10.01241139 190 186 175
-0.83318767 0.24903454 9.81848798 188 180 169
-0.54416178 -1.06600078 9.97363023 107 85 61
-0.49795346 -1.27038445 9.94709444 98 77 52
-0.66681567 -1.64480657 9.37211394 185 180 172
-0.55994953 -0.89773574 9.92384210 158 132 107
-0.48609064 -1.36565611 9.84526980 102 78 52
-0.41316709 -1.55740775 9.92260646 192 187 176
-0.33030197 -3.24848476 9.41868557 174 139 100
-0.40386624 -3.01867389 9.30702299 18 12 7
-0.55353185 -0.83289581 9.79941547 144 119 94
-0.55685280 -0.98574560 9.72264286 138 114 82
-0.21092558 -3.52975471 9.53068217 163 136 99
-0.62667597 -1.64215199 9.28628549 121 92 61
-0.62354141 -2.14573188 8.99126183 72 45 17
-0.29605762 -3.23056318 9.32468892 94 55 7
-0.61724288 -1.85806104 9.08695222 161 131 95
-0.41118216 -1.30335689 9.75828971 72 49 13
-0.59270962 -2.53807425 8.84241711 158 127 90
-0.35950101 -3.01725138 9.19466514 22 10 7
-0.57071288 -2.06670412 8.98492877 97 67 31
-0.56887786 -2.11519225 8.95719949 157 123 94
-0.38569096 -1.54936557 9.59246050 116 90 66
-0.38569096 -1.54936557 9.59246050 116 90 66
-0.29320991 -3.16589813 9.18978084 106 69 28
-0.54418437 -2.55371609 8.83578694 163 128 90
-0.55172460 -1.99145557 9.01576607 120 91 57
-0.52696576 -2.50188879 8.84489689 148 114 79
-0.52696576 -2.50188879 8.84489689 148 114 79
-0.53053638 0.55730381 9.92503144 100 84 63
-0.50739763 -1.94034795 9.00454541 156 125 89
-0.29013653 -2.97849512 9.08256902 69 41 11
-0.37448026 -1.57671137 9.36295197 71 49 24
-0.22002449 -3.16276237 9.09926040 91 57 16
-0.44766141 -2.64592441 8.76720869 135 106 75
-0.41886696 -0.91698120 9.40712555 154 125 91
-0.45942280 0.45450234 9.80741946 90 56 16
-0.49809345 0.59361170 9.74845562 147 119 82
-0.36995731 -2.81057400 8.82897997 164 133 100
-0.35716608 -1.14444753 9.35173497 73 44 14
-0.35126127 -0.39336555 9.61080930 73 46 10
-0.37693966 -2.57052005 8.71819536 133 99 55
-0.14661393 -3.14965668 8.99113864 93 56 14
-0.23074599 0.25710043 9.99464103 79 52 26
-0.35594180 -0.25943733 9.50653635 129 103 70
-0.31430874 -0.18298338 9.59330450 79 49 15
-0.11137269 -3.12033677 8.90781604 99 60 17
-0.30535741 -2.39998545 8.74678039 163 127 92
-0.28999429 -2.64236111 8.65741692 67 42 7
-0.17482179 -2.94744384 8.79651292 87 59 31
-0.17482179 -2.94744384 8.79651292 87 59 31
-0.26605392 -2.41104695 8.74908457 162 125 91
-0.18953089 0.17441367 9.76921545 74 54 25
-0.06208109 -3.15183606 8.84559272 177 147 111
-0.15120834 -2.94185551 8.72233292 87 58 29
-0.20493858 -0.86588080 9.30291036 78 45 10
-0.19048337 -2.63385357 8.60653619 166 130 95
-0.16814345 -2.67337471 8.62092519 71 44 14
-0.17501078 -2.16751265 8.72549995 146 115 80
-0.17038735 -2.14547428 8.74156309 82 52 16
-0.17955266 -1.99375592 8.75536246 161 129 90
-0.12638430 -2.63948367 8.51545823 160 124 88
-0.10604230 -0.76568810 9.16892992 154 115 79
-0.04386707 -2.71835174 8.62898039 73 44 10
-0.00598532 -2.98544068 8.58068729 179 147 111
-0.00598532 -2.98544068 8.58068729 179 147 111
-0.05449764 -2.46497832 8.61689057 157 125 87
-0.07112808 -1.51925470 8.87231655 144 115 83
-0.08914119 -0.54408736 9.12196381 151 117 86
-0.02523441 -2.06031267 8.73344934 160 126 88
0.00274615 -2.69749216 8.57604209 161 124 86
-0.02516383 -2.46461040 8.58733299 154 122 83
-0.01186110 -0.94652277 9.09514599 159 123 88
-0.07045483 0.30314796 9.33965815 63 36 7
-0.00019912 -2.30524961 8.64102157 76 45 20
-0.08779581 -0.14233894 9.15590838 99 72 42
-0.08779581 -0.14233894 9.15590838 99 72 42
0.00683117 -0.88766756 9.08061526 118 80 42
0.00683117 -0.88766756 9.08061526 118 80 42
0.02426853 -1.68668541 8.79178285 74 47 11
0.05767406 -2.61565936 8.55274318 157 123 88
-0.02421393 0.63933320 9.39833096 146 118 80
-0.00010661 0.51178168 9.38094333 124 95 61
0.23218146 -3.05087852 8.69991217 127 94 61
-0.00809530 0.07656805 9.20580709 72 42 13
0.06054696 -1.90495906 8.71739620 74 49 9
-0.00492680 -0.49406975 9.03733388 154 119 78
0.05834314 -1.69802241 8.77387488 71 43 16
0.04892295 -2.17060795 8.58035311 83 51 12
0.14074712 -2.76125416 8.54922833 75 45 20
0.09295754 -2.32262185 8.56547509 65 39 4
0.09590384 -0.89928340 9.01886649 160 125 85
0.10841801 -2.49953426 8.54836108 159 122 87
0.09297560 -2.28785714 8.57262353 160 125 86
0.03774323 0.50446120 9.31674088 123 96 66
0.09773255 -1.67180254 8.73710327 150 116 81
0.30107963 -3.03587749 8.67993895 172 144 106
0.14694249 -1.64937606 8.78552092 151 117 79
0.27951390 -2.86386588 8.59608933 179 148 120
0.20165802 -1.97288354 8.70490592 122 95 65
1.68118243 -0.01756770 11.90256027 140 107 76
0.21040697 -1.86486971 8.66020644 153 122 90
0.23485544 -2.12217830 8.63459096 160 127 85
0.23257205 -1.98897397 8.65706196 127 98 66
0.27162905 -2.33290423 8.60201453 157 123 85
0.43564041 -2.96518446 8.68978200 119 84 46
0.27714390 -2.20869997 8.60138543 145 116 84
0.31350057 -2.17905475 8.64323528 59 27 3
0.33183651 -2.04141080 8.68375557 154 124 84
0.34163991 -2.14311826 8.61098491 86 56 27
0.24769375 0.35805616 9.14514838 72 43 14
0.34474476 -2.54084455 8.48498250 160 130 94
0.41619412 -1.61441861 8.84041152 73 49 20
0.50545283 -2.76994413 8.65049366 169 139 108
0.73204357 -3.08169277 8.92354115 180 151 121
0.28419361 0.36030109 9.07841935 144 117 87
0.49139479 -1.59219585 8.86088911 136 108 78
0.82479464 -3.19100396 8.98188443 20 11 6
0.53238082 -2.36780413 8.70060164 94 58 22
0.50157827 -2.29421349 8.65100520 94 60 23
0.52794222 -1.58469871 8.87261061 97 63 28
0.45292246 -0.97842166 8.90933779 168 131 88
0.39368414 -0.78999096 8.85142635 73 40 9
0.87399624 -3.18528197 9.00101146 150 122 90
0.36457014 -0.58627991 8.84696070 77 44 12
0.59695884 -2.60883228 8.62494970 117 85 50
0.43911287 0.52671382 9.21310908 133 105 82
0.43911287 0.52671382 9.21310908 133 105 82
0.95258582 -3.17323610 9.04134564 151 121 90
0.95258582 -3.17323610 9.04134564 151 121 90
0.34074782 0.28014972 8.93193244 76 49 19
0.62578269 -2.52424888 8.64084548 114 78 52
0.38925446 -0.33473205 8.82918098 84 51 17
0.60552844 -2.34252177 8.60744602 159 131 100
0.42728708 -0.54237014 8.79165670 81 48 12
1.00217643 -3.10181014 9.05273232 150 125 102
0.66843230 -1.51473664 8.92036698 73 44 15
1.00559137 -2.95601407 9.07496960 177 148 116
0.69054080 -2.04893396 8.76483456 153 130 100
0.53760032 -0.70919284 8.86353652 165 129 92
0.73677211 -2.05846184 8.78901294 75 48 22
0.73932649 -2.44430219 8.66274198 165 139 111
1.01438268 -2.84503234 8.96255013 14 11 10
1.03437616 -2.81765340 8.97531736 13 8 13
0.53068156 -0.20700128 8.74884216 160 126 87
0.86369308 -1.36002170 8.96597254 140 107 74
0.63979952 -0.59767930 8.67244613 160 125 88
0.64204645 0.38176615 8.81078011 134 108 75
1.00855748 -1.09476482 8.97786139 142 105 67
0.22522057 1.91137641 8.40933795 189 185 174
0.66055248 0.42480216 8.73232327 131 105 72
0.72740375 0.60970801 8.82504125 140 113 83
0.75882841 -0.34863304 8.62079857 81 46 16
0.82576299 -0.61974328 8.64856744 90 56 30
0.69507964 0.45266062 8.64424530 145 116 84
0.73371680 0.45530113 8.69718488 145 116 84
0.77452079 -0.12871865 8.57184370 129 96 62
0.79129489 0.67608486 8.70390519 139 113 79
0.89403018 0.75533981 8.68108720 146 119 88
0.93128284 0.84328228 8.74139985 140 115 84
0.89207308 0.62727048 8.49710724 142 115 78
0.93819583 -0.14895114 8.36620796 158 125 83
1.03204291 -0.32873098 8.41174338 155 123 82
7.38976535 -4.66866003 16.12886057 8 8 6
1.02268524 0.15784739 8.29053180 156 127 85
1.08477212 0.71343113 8.27650422 175 154 122
1.18727362 0.94769036 8.34810090 138 113 82
1.19564142 0.02889984 8.14880378 155 120 79
1.13986673 0.75921520 8.19835946 151 127 89
1.21491549 -0.02167376 8.11120587 157 125 89
1.26001112 0.88135505 8.21564293 82 55 26
1.56908379 -0.44264808 8.23409873 158 124 86
1.35805924 1.06546262 8.23141650 79 50 10
1.45353908 -0.16103682 8.01433825 151 117 81
1.47063547 -0.09366834 7.99101676 79 49 16
1.31811923 1.89225543 8.11852472 100 79 51
1.34637449 0.76238668 7.93150303 65 39 9
1.30372133 1.94064765 8.00781815 72 49 22
1.44473016 0.18631096 7.83320461 168 133 97
1.42455323 0.38442512 7.81667308 80 51 8
1.39775264 1.78698404 8.03912468 90 64 15
1.52797714 1.60438556 8.02891272 83 57 35
1.50081597 0.99616704 7.87715583 68 42 15
1.55612245 0.23676825 7.72670834 166 133 92
1.34193236 1.93590527 7.74913309 86 53 11
1.52412000 0.47390566 7.67335069 153 120 74
1.58378881 1.57709524 7.80454671 144 111 72
1.51643762 1.79945917 7.75736298 85 55 20
1.61406905 1.56506254 7.80522138 75 46 14
1.60592006 1.48629269 7.75767816 97 72 39
1.56859093 1.62171790 7.69702036 153 118 76
1.76258292 0.08778711 7.63652090 161 126 84
1.96837946 -0.26760227 7.74540849 100 66 21
1.71127945 0.50424468 7.55125680 73 50 16
1.64926567 1.56083067 7.62580643 131 101 63
1.66573864 2.06301533 7.66994520 162 137 103
1.75830995 1.11016975 7.60140802 54 28 5
1.82488002 0.35172049 7.51810212 154 121 80
1.90813150 0.13343711 7.46409994 80 49 15
1.84766527 1.23064786 7.42019997 145 114 75
1.87560121 0.51585754 7.33722740 89 62 22
2.37134304 -0.36922036 7.70506259 140 107 72
1.93000755 1.25771793 7.32236822 85 61 26
1.95395646 1.85205839 7.42656970 141 120 90
1.99614510 1.91403909 7.42401220 145 136 128
1.99909694 0.74579598 7.25169956 128 97 58
2.00152031 1.65925873 7.34827803 111 85 57
2.07491853 1.71919609 7.37538956 91 65 43
2.10197294 0.95431563 7.22009862 148 119 81
2.15455061 0.96497982 7.21937419 138 110 72
2.46013856 -0.14200473 7.29180648 163 130 92
2.19299270 0.99932899 7.19232500 144 123 87
2.44032054 -0.06697606 7.26559790 163 128 90
2.31986267 0.78540148 7.14448446 75 55 27
3.04275464 1.77344677 7.95973922 159 164 170
2.40357375 1.33474394 7.19018857 171 163 151
2.40357375 1.33474394 7.19018857 171 163 151
2.53164399 0.46262346 7.15803893 143 116 86
2.68467382 -0.00966841 7.12308873 157 126 87
2.69336447 0.02164636 7.12437547 90 57 15
2.78612129 1.26722379 7.36711131 120 111 103
2.82430446 -0.06357347 7.20501913 176 163 136
2.81109802 1.25780393 7.35545314 185 186 185
2.76822162 1.17009972 7.29970320 108 93 79
2.70386921 0.87802679 7.16258545 146 129 115
2.86864379 1.17509599 7.34138449 182 181 177
2.81372872 1.06631627 7.26979475 111 94 73
2.74360740 1.01575596 7.18873174 120 104 74
2.76230808 0.74030984 7.16818416 178 161 143
2.72293091 0.55334305 7.09150812 159 138 119
2.92721064 1.59333671 7.40496158 116 117 122
2.89281707 -0.01151569 7.13785851 169 143 116
2.83182827 0.86965197 7.19272140 109 89 74
2.81360162 0.95752291 7.17706311 176 176 165
2.96056211 0.93261610 7.30303840 182 177 166
2.79786943 0.42014921 7.08394031 102 81 53
2.80760242 0.17150785 7.06001365 167 138 106
2.84039957 0.13956384 7.07488699 79 47 16
3.00821790 0.49853019 7.22310151 167 167 153
3.01056824 0.57526589 7.22968416 179 174 161
3.15655195 0.09511616 7.13415447 104 73 43
3.47595889 0.11180591 7.25184028 166 139 113
4.19099283 -0.17635934 7.53551535 117 87 41
-0.13181867 -2.27411945 8.71761896 80 56 30
0.64409455 0.39844179 8.84762092 172 143 111
0.95535877 0.69972299 8.57511566 110 81 47
0.93891386 0.64063841 8.44968924 156 132 97
1.30546696 0.70148008 7.90508364 145 120 89
1.99547807 -0.00292254 7.41066713 177 145 102
-2.03146347 -4.87267680 18.16840368 131 129 112
-1.82541094 -4.88214901 18.29045992 205 208 201
2.75159661 -6.39983511 20.93936145 162 164 157
2.82087104 -6.37742546 21.01035145 125 125 121
2.57418461 -5.29171484 20.56533067 23 37 48
-0.15614846 -0.80511978 9.23813000 170 139 101
-0.01057369 -1.05194825 9.10596959 139 109 75
0.05590971 -0.25048211 9.03415764 160 125 86
0.78276028 0.50467998 8.65509870 186 158 123
1.51340587 0.96704809 7.69575292 179 150 117
2.35690016 -0.15538354 7.21703957 206 175 138
2.79255362 1.65230590 7.28938565 188 190 192
-0.50243467 -2.24468210 8.82428141 109 82 49
0.37210105 -0.59874658 8.91778770 79 46 17
0.59314866 -0.94281346 8.90571776 74 44 9
0.84463016 -0.52469396 8.72473285 167 135 96
0.86257171 -0.05935621 8.46682758 148 113 88
1.05967195 0.86864508 8.49927189 153 126 100
1.42192841 0.42656124 7.77036133 153 119 85
1.45235775 0.44773702 7.74024210 149 116 83
2.05108605 -0.17700825 7.58681355 163 134 93
1.72626634 0.99892180 7.41483907 155 125 90
1.94600393 0.20718903 7.32355170 157 121 76
1.81633492 1.03474364 7.33434893 130 100 66
2.82986483 1.56270468 7.30516524 116 122 118
-2.40323146 -5.04140903 16.46219805 93 81 65
-0.94200192 -4.38441238 16.54179267 170 164 151
-0.64434579 -1.69157433 9.15041052 156 133 102
-0.32385991 0.63488558 9.96269009 81 48 9
-0.08100454 -0.05549813 9.33041573 150 125 90
0.32976974 -1.06829605 8.98835830 66 38 0
0.24878251 0.32682796 9.22964243 132 107 77
0.51823390 0.35451035 8.87997693 140 113 82
0.76818168 -0.62824946 8.72793846 132 102 68
1.34210481 1.92644511 7.66122473 85 57 20
1.65017294 1.76434046 7.48180101 137 109 71
11.06809543 -2.77817313 11.33286833 209 249 253
-2.43207369 -6.56003792 18.99541083 2 5 5
-2.42836256 -5.79603454 19.50826463 175 170 162
-1.13647472 -5.52599493 16.85571137 21 28 39
-1.25138971 -4.18317641 16.16818933 71 64 45
-0.75261455 -4.24198085 16.36861742 69 62 49
-0.57106784 -4.14379837 16.48852080 164 160 151
-0.02541296 -5.35779253 16.60324122 153 153 141
-0.01598216 -5.02207751 16.85722323 187 188 184
-0.20556643 -3.40454418 15.83886481 172 174 169
-0.76315421 -2.62671194 8.78050287 155 132 100
0.43539632 -0.42623175 12.48293107 142 125 106
-0.25114187 -0.19694332 9.62429766 123 98 72
-0.17937617 -0.88020239 9.27571676 127 100 70
-0.08764444 -2.41411433 8.51266315 125 95 56
-0.10268522 0.39303768 9.54345911 157 130 100
-0.06512697 -0.46028718 9.15268354 185 155 118
0.24580084 -2.53813552 8.48508898 83 53 27
1.33758601 0.07250312 11.62240034 113 87 56
0.26782663 -2.07865282 8.58630437 162 134 98
0.58749432 -2.75970291 8.58411265 169 149 117
0.51655998 -0.46800496 8.81453448 155 121 83
0.49364296 0.20170819 8.89192474 65 40 7
0.67706411 -0.11760338 8.66191311 150 121 82
0.69347291 0.03551205 8.62743718 99 70 38
0.84192829 -0.06430459 8.50377491 118 91 50
0.95970099 -0.35824738 8.44214074 166 133 99
1.13744004 -0.24183334 8.31853571 157 129 90
1.25203478 0.81030348 8.16245847 123 102 74
1.68821511 0.03123179 7.72467302 77 48 12
1.35026775 1.90068450 7.81000531 92 59 24
1.31042180 1.93877767 7.59723126 85 55 19
1.91198967 0.00863582 7.48102803 147 118 80
1.72523807 0.95360474 7.48077595 62 41 9
1.69276763 1.30941246 7.52089153 88 59 27
1.80270570 0.87476951 7.37912144 135 110 79
1.97530878 0.40711218 7.26302823 65 42 11
1.98490814 0.83117197 7.20030561 121 97 67
2.37495262 -0.11216911 7.30129118 115 80 51
2.93128903 -0.01219922 7.04073163 122 92 57
-1.90965726 -4.76331486 16.56300581 172 169 160
-0.94759988 -5.98097782 17.62058807 1 1 3
-1.15580463 -4.81458735 16.80942279 161 151 133
-0.56521188 -5.35577394 16.82171257 168 156 136
-0.41489776 -5.05218735 17.03381723 174 166 161
-0.38255472 -5.14988167 16.72573163 58 51 35
-0.52920832 -4.62448248 16.73789688 142 131 113
0.14583470 -5.11570305 17.12384990 101 101 103
0.63307795 -4.78293731 17.22263321 50 55 53
1.41037078 -4.99810386 17.46786949 2 7 13
-0.70217134 -3.40495297 9.81178585 72 42 10
-0.58776311 -3.03255716 9.42939439 148 114 81
-0.67817716 -1.72975336 9.26583280 94 65 35
-0.37064295 -0.48079154 9.60269375 156 129 89
-0.37064295 -0.48079154 9.60269375 156 129 89
-0.20036582 -2.42847198 8.68066049 159 124 91
-0.24111655 -2.09069170 8.79480770 88 62 30
-0.24368129 -0.17826715 9.48398342 152 126 91
-0.06361694 -2.21327743 8.64702712 124 86 43
-0.26124196 0.54718615 9.60553544 76 49 7
0.17972698 -1.62044854 8.73958868 159 127 89
-0.01584097 0.54482403 9.41247208 78 53 23
0.46330608 -2.03175720 8.67416369 139 109 79
0.49403687 -1.24826455 8.92351962 148 112 76
0.54263418 -1.43108741 8.88823422 147 112 79
0.64496483 -1.04839863 8.86589137 157 122 86
0.38459414 0.12071507 8.87764961 66 39 9
0.80935455 0.49723982 8.59621252 126 98 61
1.15556289 0.76107447 8.21608928 151 127 89
1.25096394 0.07408223 8.06629310 156 122 80
1.47549499 1.80927548 8.15150919 90 64 15
1.52805908 1.52446280 7.95141976 162 129 94
1.66176700 0.71772236 7.54002094 67 44 14
1.83778253 1.42039800 7.40279757 86 56 17
1.83972626 1.45656233 7.40016011 144 116 78
2.25620038 0.10781049 7.21086498 155 118 81
2.01649444 1.36757443 7.26864280 130 102 64
2.52901533 1.08493178 7.15202249 63 37 10
2.67749785 0.24721580 6.98818211 123 97 72
2.77662348 1.56643551 7.30063707 168 170 167
2.83857544 0.33341594 7.05616353 108 91 64
-3.43947631 -5.77425989 17.18741956 165 156 147
-2.35942150 -5.40415429 17.08386606 6 6 2
-2.34730091 -5.05871028 16.82623901 184 172 154
-1.23473474 -5.59050841 17.08002385 2 9 12
-1.22056357 -4.87016933 16.58651918 62 61 52
-0.87587396 -5.64006640 17.13995520 156 146 136
-1.04586111 -5.13244477 16.50237704 13 11 6
-0.83372303 -5.30413205 16.61596088 121 111 94
-0.68122250 -5.36932263 16.52462336 79 66 44
-0.89477495 -4.09828646 16.23161590 67 56 36
-0.40950646 -5.39197792 16.44438309 170 159 139
-0.40376850 -5.39633617 16.45916779 170 159 139
-0.65192887 -4.49426335 16.44852150 135 120 101
-0.75910033 -4.12479701 16.29148075 88 81 52
-0.58308886 -4.24788288 16.57307760 166 156 144
-0.04921259 -5.13710847 16.92952874 111 109 90
-0.39724441 -4.26291802 16.43305475 113 102 77
0.01656051 -5.14877699 16.96487560 103 100 89
0.19724578 -4.98424716 16.89464781 193 190 180
0.29208022 -5.26671315 16.91954867 19 23 30
1.37086728 -5.62876575 16.90280485 23 24 27
1.49399418 -5.80538965 17.11527492 2 3 9
1.53283917 -5.61293469 16.80408867 2 3 2
0.97663556 -3.53950144 16.06512610 152 144 129
1.06823449 -3.59793685 16.09960749 184 184 184
-0.76292715 -3.18506589 9.82108922 170 144 111
-0.99304176 -1.99850440 9.32341020 191 185 178
-0.50592006 -3.32423798 9.50985256 92 54 4
-0.48097382 -3.31001186 9.48420456 93 51 11
-0.46871626 -3.33577217 9.48835513 174 136 98
-0.91323310 -2.25648763 9.13846735 159 127 88
-0.91290140 -1.90733821 9.34952808 194 192 177
-0.84994275 -1.87658432 9.28502940 95 69 36
-0.48327522 -2.92264025 9.30595849 149 116 81
-0.74395066 -2.49712611 8.93556256 164 129 89
-0.37140502 -3.24079172 9.31998672 106 67 29
-0.39392745 -2.98263316 9.21670724 152 144 127
-0.44282278 -2.88208542 9.15364809 159 134 94
-0.34649601 -3.04341186 9.20983066 19 10 0
-0.34649601 -3.04341186 9.20983066 19 10 0
-0.67687315 -1.89260448 9.13054918 145 116 80
-0.27488923 -3.07950379 9.00567907 157 124 91
-0.28090223 -3.07528440 8.99150377 157 124 91
-0.56106172 -1.95620198 9.03564897 66 41 3
-0.21226752 -3.14335137 9.00877121 86 50 8
-0.55935999 -1.67853527 9.07797481 136 107 66
-0.12323593 -3.11339229 8.88689466 105 63 18
-0.33230251 -2.60315144 8.70650531 160 126 82
-0.31336057 -2.42715121 8.73472173 73 43 4
-0.35413306 -1.05333212 9.40571004 129 96 56
-0.33268364 -1.49822060 9.06069027 45 23 1
-0.16877552 -2.86781361 8.58683845 121 79 37
-0.28979704 -1.50486601 9.04207257 131 99 69
-0.31954054 0.37595543 9.75978760 96 59 24
-0.06052292 -2.53216869 8.58216431 127 98 64
-0.19953595 -0.13832357 9.46970151 138 109 79
-0.04411331 -1.88016440 8.76378507 75 45 11
0.09641254 -2.72399971 8.54058068 166 128 86
-0.23093460 0.67729055 9.59904235 146 117 81
0.13780860 -2.66523082 8.50496767 163 128 87
-0.00279359 -0.54102373 9.09450126 72 48 14
0.07602777 -0.73479724 9.04957827 84 51 12
0.21946286 -2.28372620 8.54279431 156 121 80
-0.04590146 0.79809739 9.55529877 157 127 93
-0.01813232 0.81785418 9.53613048 158 128 100
0.00747461 0.64640926 9.44888693 131 105 73
0.03524680 0.28176158 9.23535865 88 64 20
0.80624223 -3.04598181 8.93906672 109 76 42
0.38748382 -2.12249208 8.63865775 95 63 25
0.43930482 -2.09332678 8.65405819 137 108 76
0.46548359 -1.93925091 8.75211571 102 73 37
0.46548359 -1.93925091 8.75211571 102 73 37
0.53044756 -1.57240422 8.93666172 142 116 83
0.57381493 -1.53244285 8.91097408 73 44 10
0.72627483 -1.91618314 8.84098100 94 65 31
0.73918091 -1.55241048 8.95704606 169 141 112
0.30554972 0.12831704 8.94478481 135 106 72
0.33957454 0.38406574 9.04372575 139 112 82
0.59056822 -0.89778069 8.86339808 157 123 80
-0.67235600 -1.99835747 6.33576642 4 9 12
0.80650202 -1.32527277 8.90610321 109 74 35
0.50094435 -0.22899552 8.77115273 159 125 87
0.47181360 0.15054133 8.83706641 122 96 61
0.54683486 0.22251909 8.79352222 71 43 11
0.54683486 0.22251909 8.79352222 71 43 11
0.54576635 0.22242364 8.78978980 71 43 11
0.61178765 -0.07557824 8.63646734 142 110 68
0.68185691 -0.15956019 8.63687363 81 46 6
0.80554210 0.49530115 8.59041415 130 100 66
0.89602482 -0.19702980 8.43962115 156 123 80
0.81857832 0.30580010 8.49979253 159 126 91
0.93854860 -0.17210846 8.42379077 156 122 84
1.12047746 -0.06550127 8.25822784 80 46 10
1.46309708 -0.70550966 8.46866571 174 144 110
1.04132163 0.54917074 8.31003114 131 102 70
1.25530015 -0.22189194 8.23310832 85 49 14
1.08641114 0.71376655 8.27610952 162 136 102
1.18930251 0.20483422 8.08229420 129 100 64
1.22243011 0.68251700 8.15183509 70 40 6
1.34312863 -0.11273483 8.05214862 149 116 72
1.25604040 0.63132682 7.98166837 158 128 90
1.25685490 1.94728262 7.98774576 188 173 154
1.45574078 0.39960210 7.76737815 80 51 14
1.62943281 -0.07346362 7.74427840 138 104 64
1.62944351 0.04870625 7.70369054 150 117 76
1.47680057 1.64894242 7.91460794 83 50 15
1.47680057 1.64894242 7.91460794 83 50 15
1.54588018 1.34077904 7.89846683 72 63 47
1.47092308 1.62533019 7.86634638 147 117 81
1.57598500 1.15117038 7.83230051 124 99 68
1.63141357 1.42927573 7.58504754 119 88 53
1.73680412 0.91986988 7.45382455 139 108 74
1.75170438 1.36139269 7.46298324 80 52 14
1.95496117 1.87512435 7.40978156 81 55 42
2.07482705 1.15708743 7.21129002 141 112 78
2.14703944 0.97043937 7.16114607 156 125 87
2.35133934 0.16537944 7.09690142 155 120 82
2.29172401 0.51178913 7.09085281 119 90 58
2.27060831 0.65172456 7.08103940 174 144 108
2.23229879 1.14141172 7.13632823 130 107 76
2.24539470 1.22272179 7.15110300 153 132 103
2.48368036 -0.00791518 7.10336316 161 128 85
2.48372128 1.33235003 7.21188265 130 126 107
2.59290104 0.51211225 7.02775149 154 131 103
2.77527694 1.56405870 7.28799247 167 168 163
3.13821870 1.84240013 7.36572831 97 101 104
3.81497676 -0.01299636 7.21325080 156 134 109
11.59447393 -2.45215251 9.82139915 64 67 72
-0.43402343 -0.66789117 9.85823989 82 60 29
0.28058270 0.04985646 8.96605402 71 44 14
0.28058270 0.04985646 8.96605402 71 44 14
1.01438982 0.55796034 8.38717103 72 44 8
1.24608917 0.50974910 8.01282869 77 45 8
1.29649581 0.83624086 8.02839135 159 134 103
6.58360898 -4.19765288 21.24192303 149 148 145
0.80353513 -0.77176554 8.74611401 189 154 114
1.16912799 0.60989504 8.21163108 155 129 94
1.43155390 2.10724872 7.74912629 192 165 135
2.24216920 0.34148134 7.07311270 165 131 93
-0.41516420 -1.60819424 10.00145509 203 198 196
0.57438249 -0.95247451 8.90424671 74 42 6
1.03933247 -0.09465966 8.36054950 167 132 95
-0.90202494 -6.43250404 19.76975865 30 39 47
0.74999449 -5.73741841 19.29666494 109 108 100
0.78662272 -5.68821610 19.34565636 145 145 135
0.82790582 -5.64830534 19.37414263 108 108 97
1.33473470 -5.00837056 19.76330007 162 171 178
1.83663322 -5.04272440 20.23878855 152 154 152
1.54595386 -0.22519541 8.01549868 181 149 114
-0.12404773 -1.38661170 9.92482514 68 45 23
-0.03305768 -0.65255051 9.08426600 173 140 107
1.17928562 -0.84259841 8.72064545 147 120 85
1.24567173 0.62335722 8.02758667 161 135 100
1.24567173 0.62335722 8.02758667 161 135 100
-0.91466165 -5.69231776 17.22483314 25 24 29
-0.38629511 -5.13811856 16.67575965 74 64 50
-0.76755672 -2.56230402 8.86622378 79 46 10
0.17371363 -2.68878374 8.47425323 105 78 36
0.71020617 -2.24319322 8.67515292 94 67 37
0.37623335 0.30349994 9.02905753 69 44 14
2.14326683 0.75167528 7.15924950 145 116 80
-2.28718451 -4.93874601 16.67432459 175 169 157
-1.13911143 -6.07177614 17.68097468 148 140 117
-0.76492245 -5.35267482 16.77014024 155 146 130
-0.80798843 -5.08129994 16.71838297 140 127 110
-0.39911879 -4.91730472 16.91000650 198 192 186
-0.47646036 -3.19143284 9.39050268 166 133 92
-0.46782651 -1.45376018 9.81793415 120 97 72
0.08618985 -2.84371249 8.51503754 184 155 123
0.21852987 -2.57500024 8.57352005 57 31 0
-0.13396865 -0.02458755 9.33388305 100 67 23
0.93400111 -0.78393089 8.65884569 172 140 100
3.09754040 1.82598697 9.00658885 135 109 73
1.73281501 0.79104014 7.45167773 131 102 69
-0.93028291 -5.63012331 16.04398395 4 3 4
-0.93028291 -5.63012331 16.04398395 4 3 4
-0.58448460 -5.06086087 16.89268125 197 188 175
-0.70717165 -3.40835269 9.81034862 74 41 0
-0.52216117 -3.35705215 9.53027508 183 147 110
-0.98360703 -2.05748512 9.33015949 181 167 157
0.01732107 -0.85657266 11.97568651 106 103 86
-0.32696176 -3.28588027 9.30575438 129 92 49
-0.37585418 -1.16867609 9.45586330 85 61 26
-0.39636694 -1.73042466 8.97573717 156 124 84
-0.37457210 -0.57447595 9.58818257 79 53 24
-0.37457210 -0.57447595 9.58818257 79 53 24
-0.42927433 0.56990341 10.08687978 164 138 104
-0.42191329 0.44387793 9.77939341 163 132 101
0.46889094 -2.91242555 8.69533814 129 95 60
0.46889094 -2.91242555 8.69533814 129 95 60
0.10703498 -0.72576334 9.02690046 79 47 8
-0.07870850 0.49924538 9.39798200 72 44 5
0.66139320 0.12546327 8.63616671 138 106 69
1.23688120 0.37747743 8.01401582 148 115 80
1.23688120 0.37747743 8.01401582 148 115 80
1.56179994 0.01132631 7.79763445 164 128 81
1.58645972 1.48269960 7.74299663 107 80 50
1.69191692 1.27337827 7.64858870 87 54 21
1.72848094 1.56402782 7.50974719 69 40 15
1.72848094 1.56402782 7.50974719 69 40 15
1.75386876 1.54545856 7.46598309 128 98 63
1.80753479 1.84111487 7.44209971 69 42 6
1.80753479 1.84111487 7.44209971 69 42 6
2.42519950 0.07933283 7.08027170 94 60 26
2.76389252 0.10255386 7.00995926 171 138 105
-3.05858879 -6.09794685 17.82018297 146 137 133
-3.02024488 -5.90855446 17.54542919 48 44 40
-2.97948682 -5.74804444 17.42268750 162 155 145
-2.87385985 -5.92459504 17.49530262 10 11 6
-2.78049546 -5.91761804 17.18214302 4 3 0
-2.69368439 -6.02106722 17.20839922 54 49 37
-2.43104527 -6.42778246 18.11360306 134 127 119
-2.55836490 -5.97357627 17.29403937 1 2 3
-2.35585569 -5.90009399 17.28378488 73 67 69
-2.48252910 -5.50983384 17.16272297 9 8 4
-2.57441131 -5.21016146 16.74332873 103 92 70
-2.54185077 -5.16515519 16.85319183 180 170 161
-2.24487320 -5.82492150 16.87659490 29 30 24
-2.51168898 -5.16155226 16.71549375 86 79 60
-2.15607037 -5.85900563 17.06312503 134 124 105
-2.32025013 -5.40094730 17.04655733 5 7 3
-2.12929926 -5.74278014 16.85130379 3 3 1
-2.08683711 -5.72316887 16.95546684 54 53 55
-1.82420589 -6.00893689 17.09138436 29 34 36
-2.17613297 -4.79069215 17.04674999 133 121 106
-1.70961410 -5.50676777 17.31016841 152 143 141
-1.70961410 -5.50676777 17.31016841 152 143 141
-1.11757009 -6.10687911 17.88568649 133 118 98
-1.66895990 -4.96803213 16.66456602 162 149 131
-1.52928459 -4.73707412 16.65007162 173 159 151
-1.49549872 -4.57562118 16.63948137 178 165 156
-0.85815839 -5.73274578 17.47061146 19 25 25
-0.87825792 -5.71216894 17.37330197 19 25 25
-1.54250151 -4.42325659 16.30804951 172 154 137
-1.00640921 -5.44763070 17.07217513 11 9 12
-1.60263627 -4.36695231 15.88399422 172 154 137
-0.79236357 -5.61855646 17.27080434 22 26 30
-0.91076472 -5.38133302 16.90129017 148 139 118
-0.82356227 -5.51527045 17.09807389 169 153 142
-0.83009113 -5.45700123 17.08291825 42 39 31
-1.47682361 -4.19571062 16.07874437 162 146 129
-1.01376494 -5.00664096 16.79639249 170 153 142
-0.99050446 -5.04370550 16.76700473 122 115 97
-1.01757702 -4.95841022 16.78135278 77 68 60
-0.87689014 -5.30497540 16.63238740 128 119 103
-0.86184634 -5.24933067 16.72417683 140 133 121
-1.08083622 -4.65111133 16.78018567 60 50 28
-0.92979550 -4.90955478 17.02427330 80 71 54
-0.85228023 -5.05365191 16.95185426 88 78 64
-0.81515647 -5.22454259 16.75094548 128 114 97
-0.88438872 -5.04707652 16.67197842 86 82 63
-0.88904297 -5.06913069 16.59597701 68 64 43
-0.74708873 -5.43750295 16.56875877 159 148 129
-0.93777078 -4.79927833 16.94004775 161 151 134
-0.86861540 -4.80332600 16.96288852 98 90 79
-0.75524846 -5.15786599 16.77869663 83 72 56
-0.65150336 -5.11841171 16.93592522 66 59 34
-0.67578146 -5.02006011 16.78102809 97 85 70
-1.00100492 -4.34022901 16.32473537 175 167 151
-0.66471895 -4.92751134 16.71175362 119 111 93
-0.51328292 -5.31147923 16.69790322 175 164 146
-0.60037627 -5.01742623 16.74384774 194 180 166
-0.48274198 -5.24273215 16.74205806 84 71 47
-0.46580437 -5.21672982 16.85426879 83 72 47
-0.47508660 -5.26085079 16.70366109 85 72 50
-0.88790602 -4.28590842 16.37319019 179 167 151
0.24069800 -5.97271583 18.11637425 147 132 120
0.12321148 -5.92115389 17.52631261 21 21 29
-0.33117439 -4.59365752 17.90923640 137 121 106
0.01696100 -5.82503783 17.07233771 21 21 29
-0.64000129 -4.22325624 16.39421467 177 164 150
-0.23317840 -4.48692980 17.08946688 190 176 163
-0.00495863 -5.53963404 16.34088956 13 21 33
0.13293150 -5.25793176 16.90905461 166 159 153
-0.46750027 -4.15985397 16.16400933 182 171 157
0.30564827 -5.38053267 16.70363632 13 16 25
0.60031729 -5.05588859 17.37292625 21 31 34
0.32078563 -4.63612566 16.91410382 134 123 106
0.73016227 -5.07194052 16.97583721 14 23 31
0.68856541 -4.71290029 16.91966104 173 168 162
1.24785753 -5.59615037 16.96732890 17 25 36
1.23531578 -5.58697331 16.91559871 17 25 36
1.12311296 -5.46459698 16.62813490 19 24 34
1.32682439 -5.72166524 16.73575137 4 6 9
1.33976610 -5.62525291 16.89132928 19 21 28
1.20496854 -5.33985768 16.54422154 6 11 12
0.26099457 -3.61437186 15.62412952 77 72 65
0.22884798 -3.63520637 15.45912151 184 180 172
0.34366786 -3.39522669 15.94841872 128 122 111
-0.79672665 -3.11159444 10.14397154 128 103 78
-0.75768764 -2.99789424 10.05247935 168 135 101
-0.62491128 -3.43285772 9.67408804 162 125 81
-0.72944394 -2.79644297 9.98746766 103 77 42
-0.56732829 -3.37010251 9.67027962 89 48 4
-0.64258473 -3.13723561 9.65571477 163 124 85
-0.50038342 -1.00620263 11.77367930 123 120 111
-0.88473400 -2.40728376 9.53008741 189 180 172
-0.65896890 -2.67867931 9.79588389 134 101 73
-0.56095133 -3.09846714 9.57044998 175 137 97
-0.66823327 -2.69114033 9.66707119 136 105 76
-0.98802329 -2.13836120 9.24983535 115 88 46
-0.92900005 -2.30204509 9.24426853 198 188 173
-0.42894523 -3.32003444 9.47567860 187 147 103
-0.56929341 -2.94027269 9.47620035 127 94 58
-0.45582878 -3.06650267 9.39306601 67 40 1
-0.47594445 -2.83713572 9.36411562 184 145 104
-0.31540386 -3.25684220 9.34315782 173 131 84
-0.78934275 -2.27754406 9.10168181 169 131 92
-0.42269517 -2.92507759 9.32403698 33 19 1
-0.43822394 -2.84890066 9.30413676 82 48 11
-0.78607198 -2.20498348 9.05578167 105 72 37
-0.28200991 -3.19974777 9.27509303 99 57 7
-0.69099896 -2.33429725 9.01853943 70 41 3
-0.61677430 -2.55889177 8.92657985 80 48 9
-0.34413993 -2.95912205 9.16745814 178 142 101
-0.66657871 -2.24748260 8.98168169 153 118 82
-0.64639647 -2.13196417 9.05508872 77 51 20
-0.51927849 -1.16279548 9.93168390 103 82 49
-0.59312678 -2.14461497 9.02467286 74 43 13
-0.52110622 -0.99479643 9.94324592 71 48 16
-0.10176532 -3.21704170 8.99539202 172 135 93
-0.55551445 -0.81773283 9.73136218 161 136 106
-0.44310284 -1.32044956 9.53513752 131 107 80
-0.10898778 -3.13405569 8.89372536 183 143 104
-0.48477062 -1.80432102 9.06915774 129 101 66
-0.39970443 -2.33035461 8.82084079 176 139 108
-0.39970443 -2.33035461 8.82084079 176 139 108
-0.12454553 -3.02977780 8.85493779 176 133 90
-0.18392024 -2.92725276 8.77254995 97 62 31
-0.43793585 -1.84763940 8.97851805 114 83 48
-0.30387871 -2.56538771 8.70873234 113 70 34
-0.30387871 -2.56538771 8.70873234 113 70 34
-0.30387871 -2.56538771 8.70873234 113 70 34
-0.42997095 -1.57805342 9.13179155 64 40 11
-0.45437234 -0.92483935 9.52895314 133 103 67
-0.45437234 -0.92483935 9.52895314 133 103 67
-0.25811004 -2.64386798 8.70952782 70 41 0
-0.43694920 -1.22060812 9.34260756 60 36 2
-0.24144591 -2.43863188 8.77169823 78 49 16
-0.20787624 -2.45058974 8.75169644 80 46 10
-0.31416507 -1.80553266 8.95896658 76 46 12
-0.15308875 -2.42913363 8.70339998 178 137 99
0.01867210 -2.98532018 8.61476023 199 167 133
-0.34382781 0.28034334 9.98957633 173 143 108
-0.42936017 0.45530000 9.87390808 83 49 7
-0.20611863 -1.76317916 8.85829431 117 81 43
-0.11874049 -2.06039507 8.80512716 70 42 5
0.32187011 -3.17852307 8.86088069 126 88 43
-0.19492898 -1.62629565 8.94203502 85 55 15
-0.47052356 0.63563499 9.86158325 72 48 30
-0.44318494 0.48136535 9.80782450 77 45 12
-0.32479289 -0.21034292 9.55202540 63 36 2
0.06585272 -2.75920277 8.61688208 137 101 68
-0.40911371 0.48635898 9.81890882 158 125 91
0.05322312 -2.72720930 8.60967514 76 44 6
-0.45090860 0.67279897 9.85043644 81 55 37
-0.21025007 -0.76481553 9.34195960 127 92 54
-0.21025007 -0.76481553 9.34195960 127 92 54
-0.38989764 0.43155373 9.77416882 148 114 74
0.01484532 -2.50691516 8.64600900 74 43 8
-0.06532095 -2.04368916 8.77453237 160 122 84
-0.28754813 -0.22239975 9.51384935 136 108 76
-0.34413386 0.61929073 9.90987766 71 39 13
0.09191896 -2.70715329 8.60164408 165 125 77
0.33706869 -3.04737460 8.76287168 167 137 99
0.31677518 -3.02343515 8.73769555 190 157 116
0.39938780 -3.12991271 8.79871304 184 150 116
-0.11581141 -1.42829964 8.97684771 49 32 7
-0.24716275 -0.50190709 9.29419406 136 108 73
0.18075078 -2.76263191 8.61452453 74 42 9
0.31716287 -2.93697550 8.69858379 136 99 55
-0.07314584 -1.52180623 8.85877280 152 122 87
-0.05702711 -1.56417091 8.85660089 146 110 74
0.31322512 -2.86452775 8.66985919 205 171 133
0.31548468 -2.88414856 8.63873741 133 91 56
-0.00214259 -1.67809286 8.83334347 75 46 12
0.04764533 -2.03720055 8.68944047 139 100 59
0.20360325 -2.63316671 8.54231917 179 139 104
-0.19350803 -0.16918650 9.32430901 108 82 48
-0.19350803 -0.16918650 9.32430901 108 82 48
-0.17886097 -0.28029346 9.29162387 171 139 102
-0.17452767 -0.11454279 9.37517936 145 115 87
-0.21341751 0.07046231 9.37776812 158 128 92
0.20737536 -2.35292304 8.63183156 86 52 17
0.19781748 -2.31818840 8.63772150 167 127 86
-0.21998660 0.45703447 9.57199266 166 131 93
-0.21998660 0.45703447 9.57199266 166 131 93
-0.13159479 -0.34140724 9.22982371 139 107 69
0.73410367 -3.09380921 8.97156847 196 163 130
-0.15411229 0.39870677 9.55535169 64 35 2
0.30776299 -2.37895269 8.66461359 56 26 0
0.20094555 -1.92760940 8.73474682 73 42 7
0.48390208 -2.77520879 8.67351250 167 132 101
0.15513105 -1.47678232 8.91342711 59 39 15
-0.08708358 -0.47629586 9.08103315 193 159 122
0.13786736 -1.61040261 8.79926802 179 145 107
6.13111206 -4.09332266 16.84930427 116 113 104
0.24263517 -2.11637063 8.65717046 155 120 78
5.98194990 -3.85578407 16.75508547 152 139 140
6.09352508 -3.96851909 16.85368284 116 112 106
0.23820137 -1.74961327 8.78933413 74 47 17
0.85764954 -3.01796965 9.00928416 92 56 19
0.35141372 -2.14258350 8.69799821 178 141 100
0.49840368 -2.66730697 8.62639695 190 159 125
-0.10951256 0.43605322 9.39898143 143 109 78
0.20653473 -1.10907234 8.99580725 75 43 5
-0.06952492 -0.00551831 9.17363158 152 122 85
6.34659272 -4.17261731 16.76642049 2 7 5
0.35629234 -1.44546759 9.00074884 102 79 48
6.29001542 -4.04267782 16.70107607 77 73 62
0.37038188 -1.81458854 8.77425136 75 46 18
6.56686673 -4.27504070 16.93788911 5 6 10
6.34916989 -4.23209697 16.61232284 5 6 10
0.63010132 -2.61533918 8.71605493 125 89 57
-0.01497010 0.06842250 9.17902321 64 39 3
0.88283884 -2.88462823 8.93379692 185 153 123
6.39195805 -4.07366548 16.70459616 84 83 69
0.45916760 -2.12657973 8.67931031 161 128 97
0.38179707 -1.56276818 8.84311966 59 32 10
6.44403232 -3.99520422 16.67077602 171 162 153
0.54889425 -2.01472159 8.79538692 73 39 9
0.43530854 -1.70700736 8.76083730 176 142 106
0.55712943 -2.02447974 8.75878170 107 75 40
0.06413204 -0.13081080 9.01489075 128 98 58
0.04792817 0.65866449 9.40244810 150 125 97
0.06945323 0.51481580 9.30988768 150 124 88
0.13540632 0.77380767 9.52748663 123 99 74
6.56312641 -4.26063403 16.37843608 24 24 23
0.11934330 0.41839099 9.27460953 63 39 3
0.12424756 0.53716481 9.33651741 149 120 88
0.54025126 -1.33165724 8.96985138 169 135 94
0.67142212 -2.07444702 8.76374564 148 118 98
6.64776158 -4.26118141 16.37102938 112 108 98
0.43301637 -0.98748218 8.94920689 161 123 78
0.17893320 0.84826874 9.50739828 84 68 53
0.11492822 0.37342905 9.15232424 132 103 71
0.77077822 -2.14038700 8.80692629 78 46 23
0.13937174 -0.03549528 8.95196419 67 37 1
1.07320233 -2.33765815 9.03073152 133 122 109
0.79929169 -1.70937882 8.95162194 137 111 80
0.76830944 -1.52275865 8.97146896 106 75 43
0.46784221 -0.74086082 8.92817276 166 127 84
0.20399296 0.30088699 9.06171761 144 113 80
0.26708291 0.00393295 8.91299983 130 104 64
6.92447640 -3.63203518 16.53491136 153 144 129
0.30481639 -0.04645359 8.86090111 164 129 90
0.30481639 -0.04645359 8.86090111 164 129 90
6.98724358 -4.61039147 15.91803373 6 8 8
0.39958575 -0.36547256 8.78978349 132 99 66
0.56205410 -0.68052729 8.83462001 165 128 84
1.16867740 -1.48368252 9.23106262 180 177 172
0.65485972 -0.85232114 8.79403115 163 125 77
7.09980241 -4.47606469 15.88466569 174 168 155
7.34743038 -4.64365910 15.96073370 15 14 10
7.24147901 -4.12357664 16.04788857 159 153 140
0.44885021 0.34062954 8.90314073 84 54 18
7.44875728 -4.56371247 16.01429885 157 152 146
0.65799332 -0.58202986 8.71655443 136 101 63
7.59269027 -4.58775731 16.06956117 84 81 73
0.58680319 0.63216323 9.12515860 148 118 92
0.58680319 0.63216323 9.12515860 148 118 92
7.54218482 -4.50729883 15.97978349 167 161 149
7.64144417 -4.54758415 15.98738169 105 104 87
7.64144417 -4.54758415 15.98738169 105 104 87
5.77823755 -1.96693447 14.78322082 202 219 249
0.60390985 -0.17014879 8.66495998 163 125 88
7.62236678 -3.47832915 16.36023143 108 103 84
8.03164134 -4.95469157 16.15661471 150 146 133
0.61790338 0.65765103 9.00741475 134 107 83
0.61790338 0.65765103 9.00741475 134 107 83
0.94385745 -0.78452373 8.66397871 171 138 104
1.08009325 -0.92865998 8.76920095 163 129 91
8.21649077 -3.44664214 16.80326956 121 125 97
8.61566097 -3.41692693 17.11171424 52 55 41
0.63417417 0.22356477 8.57990499 166 137 99
8.22360765 -3.51847206 16.49135379 39 42 24
8.22360765 -3.51847206 16.49135379 39 42 24
0.75509314 -0.05909819 8.55788442 160 125 85
0.69688312 0.26264655 8.57616404 134 105 64
0.80286206 0.77279973 8.91590114 142 115 85
0.86553587 -0.23085253 8.51795012 166 129 90
0.88280441 -0.21831919 8.48597031 161 126 84
9.06366970 -3.11188306 17.01128110 105 114 85
1.36286903 -0.80410112 8.59461774 177 146 108
1.08718718 -0.32189109 8.40726657 170 135 93
0.95942544 0.81056077 8.52101078 153 127 100
0.98289921 0.85285551 8.53976443 96 66 31
0.94053425 0.64866405 8.38270439 167 138 103
1.49242991 -0.54370526 8.51773682 161 126 87
1.22123410 -0.21594547 8.26726173 177 138 96
1.09307493 0.28655824 8.24707271 143 108 72
1.09307493 0.28655824 8.24707271 143 108 72
1.06664969 0.88197890 8.43368534 157 132 97
1.41484786 -0.31555730 8.22702836 169 131 87
1.31096871 -0.14717658 8.16932826 162 123 82
1.81819839 -0.61447903 8.49096994 139 117 85
1.40566256 -0.09668247 8.20604831 167 128 87
1.15606190 0.75735825 8.20382653 163 139 101
1.18878366 0.66295582 8.19971099 66 40 1
1.34513154 0.11416857 8.09608534 163 127 83
1.24154863 0.69222486 8.10776538 60 34 0
1.37118343 0.10104535 8.02205010 72 43 11
2.00746992 -0.53575690 8.23969068 122 97 56
1.83642747 -0.44998517 8.06594989 179 147 106
1.50926688 0.05471967 7.84775355 164 126 87
1.86179290 -0.43835440 8.01771637 177 144 104
2.02564692 -0.48013308 8.14152351 163 131 92
1.34883795 1.96314173 8.21246134 192 176 157
1.31134052 1.93440833 8.15781109 192 176 157
1.38468633 1.86277984 8.19323833 190 173 154
2.10378648 -0.49132342 8.12824978 145 112 71
1.44592330 1.78743396 8.11495451 89 57 12
1.59815527 1.67788773 8.16631645 158 124 95
1.30900126 1.81736432 7.90826686 144 111 69
1.98810937 -0.37565111 7.84831545 174 141 105
1.69338626 0.06875783 7.69177077 161 123 77
1.32431634 1.99841670 7.92266187 63 46 26
1.60182123 0.50161876 7.64141703 149 115 82
1.60611536 1.15960179 7.82032214 132 103 71
1.46012438 1.69385046 7.80761912 89 56 11
1.74085755 0.31924348 7.57826287 157 122 81
1.41322601 2.07428964 7.73108294 163 133 102
1.42276262 2.00585413 7.71550607 78 48 13
1.67451839 0.59684410 7.47041476 135 102 61
1.68340759 1.08562706 7.60364542 68 42 15
1.70539188 0.55429099 7.47053254 154 119 77
1.71538597 0.98736326 7.51174372 121 88 53
1.75261992 0.96368410 7.50421014 66 39 3
1.64207691 1.73920751 7.56567646 154 121 82
1.59465685 1.86796184 7.55752789 130 101 67
1.74931504 1.30525261 7.52241223 134 105 70
1.68618172 1.50017901 7.51987557 143 117 84
1.66004720 2.24394966 7.60796110 108 98 101
1.73396126 1.79218281 7.50442310 68 42 7
1.73396126 1.79218281 7.50442310 68 42 7
2.17158189 0.06424490 7.39460119 166 127 87
2.00340583 0.44981204 7.33824162 151 118 76
2.15044692 0.28197525 7.38765963 157 118 74
1.93458426 0.65627040 7.28974504 146 113 72
2.15539758 0.24923067 7.30209555 76 43 3
1.95808761 0.85088437 7.28568168 59 34 4
1.87078787 1.83582627 7.43891480 151 126 95
2.21271478 0.31556359 7.21359702 157 123 79
2.00713821 1.73109053 7.38685752 95 67 45
2.06769558 1.15067908 7.25474585 144 112 71
2.03688763 1.82794900 7.38708819 171 158 140
2.19887137 1.01275878 7.30101596 136 108 74
2.09989716 1.32105085 7.29558356 133 104 70
2.11405461 2.38200897 7.55139307 189 186 181
2.34646430 0.15425475 7.17455764 156 119 76
2.20233242 0.78598095 7.15142850 145 115 79
2.21362126 1.01902679 7.20838684 152 122 91
3.01821855 -0.18354460 7.49403406 177 170 154
2.28946077 0.73955630 7.12638991 129 102 68
2.24570586 1.40721159 7.24187509 81 56 31
2.41565900 1.10536658 7.11529375 160 138 113
2.84713105 0.56275496 7.16017943 102 80 59
2.86237277 0.09388657 7.05982489 176 145 106
3.25522839 -0.08377548 7.26908181 145 105 53
3.37970357 0.09855353 7.19454892 127 97 68
3.62381762 0.03944710 7.31886498 143 113 77
3.60325747 0.07016445 7.21448192 138 101 65
3.62771581 0.13451716 7.23585332 178 152 119
2.53153771 1.53843878 6.02637154 193 197 206
-1.81528240 -5.11035713 13.29055339 8 7 7
28.92210476 8.80692946 70.76815085 112 100 86
0.80703005 0.51780581 8.54472787 168 144 108
0.79589938 0.50950512 8.41921874 168 144 108
1.46381833 2.13978232 7.68246033 105 81 56
1.26071771 -1.06826296 9.21137784 168 133 95
12.68413885 -2.66295617 21.71178632 109 126 94
1.45297926 1.01536662 9.50706288 92 62 28
1.05785573 0.34484604 8.17829987 173 143 107
1.19388361 0.52294105 8.07407423 179 149 111
0.48010438 -0.52377620 8.82144427 82 49 16
2.03328812 1.52861289 7.26383947 73 49 13
5.77564213 -3.40768983 19.61426425 123 124 120
1.27820409 0.82880834 8.00784423 168 144 116
0.82831147 -5.24235046 19.52426661 118 120 118
1.22619247 -5.16052447 20.02555990 183 181 172
1.31886067 -4.87622666 19.91095983 159 165 166
-0.17414530 -1.06800153 9.15757899 85 57 20
0.57343963 -0.97510580 8.88734813 133 103 67
-0.00899952 -2.06332002 11.27961342 180 180 177
-0.76973796 -2.59287170 8.88683369 154 128 94
0.26702921 -2.58402697 8.53167204 135 104 77
0.40787835 -1.72115568 8.79960746 151 117 80
1.06246134 0.44616470 8.21631285 147 113 75
-0.44756323 -5.21616336 16.75718869 147 140 121
-0.19484411 -0.60628707 9.26381627 144 110 74
-0.04388087 0.52644585 9.41542976 68 41 8
1.31438655 -0.23068437 8.18334958 144 112 73
1.46420754 1.70735462 7.86666693 146 111 71
2.37032291 -0.11578400 7.31061049 97 65 15
-2.82295856 -5.81063085 17.42398446 13 12 12
-1.62163307 -4.46558810 16.46282802 104 92 76
-0.90394561 -5.15907456 16.71405491 69 61 43
-0.80768199 -4.96958992 16.70519197 84 71 58
-0.96539247 -4.55094346 16.82226581 182 173 157
-1.23975805 -4.18963406 16.18356049 82 67 48
-1.08406217 -4.07511371 16.28644101 175 166 159
-0.51311958 -4.42361312 16.68662088 191 178 163
-0.46194865 -4.36430384 16.82707185 112 103 91
-0.49679371 -4.29172670 16.86101939 169 157 143
-0.56950292 -4.25004962 16.53806520 169 157 143
-0.53646791 -3.90450324 16.16197766 111 105 83
-0.63819284 -2.52127760 10.17957117 201 189 175
-0.67548211 -2.51714939 10.04688976 201 189 175
-0.55085077 -3.11999377 9.51049710 69 40 1
-0.50957590 -3.10524685 9.48867076 70 42 0
-0.61558703 -2.73317546 9.49027491 123 96 60
-0.40821566 -3.27730111 9.45894085 83 44 3
-0.49190899 -3.04587965 9.42784766 171 131 94
-0.49564761 -2.87132954 9.35119912 79 47 3
-0.52124966 -2.00393014 9.94961486 178 142 110
-0.84961253 -2.01697976 9.11850813 178 142 110
-0.43360805 -2.60409669 8.79655853 80 44 9
-0.25871900 -2.80329217 8.74367489 161 120 75
-0.35113692 -2.38001396 8.79149619 154 117 74
-0.46803018 -1.60974475 9.07955179 141 110 79
-0.45549429 -1.08930428 9.43190308 146 118 82
-0.43341164 -1.60234739 9.06131434 138 105 74
-0.05986168 -2.97214896 8.71968527 94 57 15
-0.28552431 -1.81452118 8.91421007 78 49 12
-0.21702251 -2.20207217 8.77326141 145 108 65
0.08695658 -3.00447262 8.67116549 150 111 75
-0.05012576 -2.67068647 8.62674404 175 134 94
-0.16015659 -2.16558544 8.73500802 155 119 84
-0.15490898 -2.05570510 8.79256921 82 54 14
-0.26103269 -0.98129985 9.21759844 162 130 92
-0.26103269 -0.98129985 9.21759844 162 130 92
-0.28987911 -0.34148779 9.39964885 83 57 20
0.06100286 -2.31383458 8.66277915 84 50 14
-0.28624901 0.51096471 9.63024513 89 57 10
-0.02356578 -1.02276030 9.08242020 140 107 73
-0.24880639 0.66424269 9.56144294 151 118 82
0.07859106 -1.69956169 8.79697005 73 46 17
0.32880185 -2.17766556 8.68174107 60 28 2
0.18138392 -0.87044527 9.02904648 163 121 79
0.50303422 -1.50571049 8.92105680 144 110 74
0.17624629 -0.17130211 8.92789869 169 132 93
0.72711787 -2.17824554 8.76096052 155 122 95
0.44629223 -0.50592926 8.79272666 167 130 90
-0.18156013 -1.25641359 7.34187090 171 134 91
0.90054216 -0.47043265 8.58205806 157 123 78
0.74901045 0.63335377 8.75876283 132 110 81
0.83031695 -0.00260656 8.47976584 156 121 78
1.12095090 -0.55035678 8.50221445 162 124 85
0.97478393 -0.13239561 8.34770412 155 122 76
1.01386128 0.39489681 8.26465291 145 112 77
1.24237867 -0.19321822 8.26240393 169 130 87
1.26082107 1.78287421 8.38597376 189 177 163
1.58395134 0.02405482 7.83984791 170 134 86
1.22383503 1.98616865 7.93517468 184 171 154
1.47705771 1.09751489 7.91651396 149 122 92
1.44078390 1.94761554 8.08601496 143 111 67
1.54952196 0.53887738 7.59342758 108 73 36
1.54952196 0.53887738 7.59342758 108 73 36
1.40241174 1.97301973 7.73051019 82 50 12
1.44857054 2.10861200 7.68891892 134 108 81
1.69551222 1.54008563 7.50747554 63 37 9
1.81676183 1.26565596 7.38006775 145 113 74
1.95557262 1.97125542 7.42525749 163 147 129
2.03280071 0.78660345 7.18561215 170 142 105
2.44189262 -0.13291091 7.28404739 181 146 104
2.43830662 0.64279981 7.12391543 175 143 110
2.50482503 0.43010608 7.09679851 71 42 10
2.53137235 1.08563997 7.15040916 85 60 42
2.72966471 0.08267623 7.08645067 89 56 21
2.98729168 0.00975316 7.11231992 113 81 35
-2.45858625 -5.38414823 16.89514519 128 116 96
-2.47648033 -5.27178900 16.85352364 90 78 64
-1.54925879 -5.04441491 16.79386525 75 70 64
-1.18616400 -5.45030516 16.93246724 15 15 16
-1.16156941 -5.41042289 16.82547507 143 136 130
-1.39881970 -4.92827981 16.57111542 65 64 48
-1.16788629 -4.80028929 16.70089929 153 140 122
-1.13122862 -4.83997963 16.72594414 150 140 129
-0.97123661 -5.23564449 16.55183101 15 16 15
-0.94938092 -5.24525419 16.62588778 15 16 15
-0.93480631 -5.16899609 16.74949184 140 132 123
-1.47848286 -4.25205695 15.98949227 108 100 93
-0.69628955 -5.24984582 16.37045174 59 46 15
-0.60633084 -5.19126264 16.76530067 182 165 149
-0.65979195 -4.87680960 16.82513690 147 132 111
-0.48662950 -5.24186751 16.72975476 82 76 44
-0.65915669 -4.64535671 16.66185915 149 141 122
-0.78698011 -4.12290477 16.25088349 92 83 68
-0.14262674 -5.05435271 16.94530991 175 168 165
-0.36295799 -4.29858729 16.68022835 115 103 79
-0.32205648 -4.20540592 16.52250252 100 93 74
-0.11148365 -4.41026971 16.97579861 173 164 149
-0.28134994 -4.20853343 16.41522847 175 168 158
0.73852487 -4.77840059 17.47434449 160 153 147
0.74078271 -4.83155398 17.29313073 35 35 29
0.29372615 -3.62011676 15.77429065 68 70 63
0.92665405 -3.54643864 16.25398670 76 75 63
0.95195126 -3.48142671 16.29009080 173 172 173
-0.82130221 -3.52279284 10.07491706 21 15 8
-0.79527030 -3.49919306 10.05031932 150 122 85
-0.69063363 -3.66961274 10.04720916 15 12 1
-0.60571957 -3.59531552 9.93032218 172 137 100
-0.81399289 -2.90926997 9.98869865 134 106 78
-0.74713039 -2.98066463 9.83312452 152 122 88
-0.66418742 -3.31583457 9.70566642 135 100 60
-0.74103874 -2.81794805 9.92073071 64 40 1
-0.76116485 -2.88984598 9.79047913 96 67 34
-0.62557434 -3.35269943 9.66535650 173 134 93
-0.52586678 -3.07314123 9.49713129 166 128 84
-1.01021185 -2.20175613 9.15638382 120 90 55
-0.95225340 -2.27077644 9.14916851 80 46 17
-0.40528220 -3.27579957 9.47300735 84 46 7
-0.95900530 -2.08353935 9.22245735 63 37 4
-0.43361504 -3.23046006 9.39079753 174 136 88
-0.53753552 -2.85833910 9.42728953 161 122 83
-0.85499703 -2.27166955 9.03863930 154 121 89
-0.30717666 -3.25631880 9.36755646 165 125 81
-0.86472311 -2.06140223 9.12010663 136 106 70
-0.51477398 -2.80011306 9.26110083 143 105 64
-0.44913982 -2.84885153 9.28456461 87 48 19
-0.76231026 -2.32724529 8.98789069 71 41 4
-0.26454352 -3.22854443 9.30462913 171 132 89
-0.77687580 -2.29455218 8.97647791 138 108 69
-0.78307191 -2.11740026 9.06189298 67 38 2
-0.38496921 -2.93497739 9.22952896 19 14 5
-0.42046603 -2.79675669 9.23537220 164 127 83
-0.25035498 -3.17476811 9.27778018 84 50 15
-0.78997090 -1.78291136 9.22684060 124 103 76
-0.64098980 -2.52282562 8.88648159 168 128 88
-0.49539261 -2.75245821 8.86784439 155 117 77
-0.57709080 -1.05940510 9.86829649 110 87 57
-0.18580181 -3.15120238 9.11536153 88 51 12
-0.27755468 -2.93188978 9.05277316 168 130 89
-0.34811600 -2.81418932 9.00015162 98 68 39
-0.58462394 -1.93029298 8.99998956 173 141 104
-0.52049240 -1.18404466 9.60073409 140 115 86
-0.39337543 -2.61153402 8.77874184 75 43 16
-0.54360736 -1.66979093 9.10572725 179 146 114
-0.50054860 -0.49425759 9.88513694 147 129 106
-0.49539405 -1.74649189 9.02652740 178 143 105
-0.46565693 -1.78388491 9.01055739 74 44 7
-0.35103170 -2.41831982 8.77656989 72 46 9
-0.28151889 -2.72816678 8.66656526 163 129 96
-0.40174330 -1.96695732 8.89655139 164 130 92
-0.28129773 0.10589355 10.40789777 93 82 64
-0.26682003 -2.58025001 8.69372557 123 85 41
-0.34190960 -2.00919532 8.88506879 74 44 1
-0.37830204 -1.07305631 9.32116160 159 125 88
-0.41061997 0.32775158 10.10021956 97 87 75
-0.29112211 -2.02039166 8.85994756 82 52 13
-0.34645121 -1.60564766 8.97061119 89 56 25
-0.40175940 -0.43916235 9.55457631 100 73 34
-0.40950467 -0.51393221 9.49783932 183 152 114
-0.12942388 -2.65746424 8.61585927 168 129 91
-0.26068019 -1.79870994 8.86880858 152 117 78
-0.45086094 0.51406129 9.85816350 156 119 80
0.29335839 -3.21411532 8.91259507 136 93 50
-0.26601620 -1.46501199 8.96493603 62 42 17
0.12709688 -2.93236741 8.68148331 103 62 18
0.00500703 -2.71297656 8.61477366 75 42 5
-0.35423497 0.22290900 9.70481290 111 77 40
-0.26985347 0.17053295 9.79427311 123 102 80
-0.46470011 0.65959910 9.75096475 87 62 27
-0.43789609 0.47351155 9.68439687 157 122 86
-0.30613060 -0.15020579 9.51703766 152 124 86
-0.13796280 -1.01334629 9.14006567 157 122 80
0.26967849 -2.94492702 8.70967330 200 165 133
-0.24939039 -0.47106851 9.24939721 69 35 6
-0.24939039 -0.47106851 9.24939721 69 35 6
0.07436955 -2.52585959 8.61957180 78 48 8
-0.01066347 -2.08989485 8.72680686 84 51 15
-0.26465655 0.19764248 9.56148893 71 46 16
-0.25866794 0.12397662 9.47532324 123 96 67
-0.35506469 0.59127045 9.57143914 135 100 63
-0.23146366 -0.56536302 9.13150433 191 158 123
-0.23146366 -0.56536302 9.13150433 191 158 123
-0.36122674 0.66220640 9.58203422 81 47 9
-0.12662766 -0.79837967 9.11464673 157 123 85
-0.19000928 -0.47559086 9.17773804 132 105 67
-0.24771485 0.25886280 9.47508554 62 32 4
0.03979031 -1.89498579 8.76157768 79 50 11
0.23525545 -2.70120746 8.61599694 172 139 98
-0.32857700 0.00858176 9.22159012 71 41 7
0.42336843 -2.95029250 8.75538559 201 169 131
0.75427832 -3.12546152 9.09021170 189 159 127
-0.27131611 0.63086526 9.50303891 152 120 81
-0.24757632 0.61047990 9.48072336 173 141 106
-0.26330701 0.67466272 9.45290950 168 139 102
0.18643180 -2.13260300 8.66114753 83 50 11
0.34701932 -2.67534986 8.58453314 176 142 106
0.59727550 -2.90718302 8.82522345 172 143 115
-0.19495154 0.84734235 9.54661113 95 72 45
0.66598185 -2.93189198 8.88212263 125 91 55
0.41242470 -2.56185875 8.63439211 170 136 103
0.82368332 -2.96448752 9.02907596 179 150 118
0.31390696 -2.24503997 8.62772780 163 133 100
0.64737401 -2.84550306 8.81811775 190 159 129
-0.11434490 0.58939228 9.38835391 175 145 111
-0.07678202 0.76284884 9.46188339 167 136 106
0.64557699 -2.79045598 8.75759614 184 153 119
0.54855878 -2.62652465 8.65999765 186 156 126
0.41588970 -1.96080515 8.76758003 161 130 99
0.42453882 -2.15674524 8.66035398 157 133 97
0.01310852 0.91828369 9.52517187 196 179 165
1.00639930 -2.89598440 9.10361845 155 123 75
0.49822178 -2.18989695 8.70158838 86 52 10
0.39509800 -1.72666926 8.77275534 137 103 65
0.23846646 -0.88452078 8.93666089 77 41 3
-0.01246215 0.92308776 9.34571408 204 190 177
0.95944813 -2.71516516 9.00055603 160 135 106
1.06825482 -2.72494348 9.09730737 124 104 79
0.56206382 -1.34999460 8.97844877 69 39 5
2.20127589 -2.17046456 10.86027447 157 136 109
0.22278497 0.30640988 9.01212830 141 113 81
1.00471543 -1.51460471 9.18092055 186 181 175
0.56891847 -0.90337915 8.84510984 174 136 91
0.32183514 -0.17606381 8.77682205 136 106 67
0.77745369 -1.22938206 8.92760764 166 132 95
0.33515280 -0.08921531 8.78194403 168 134 99
0.43497080 -0.31108374 8.73974439 78 46 8
0.35986849 0.03581592 8.74886501 139 106 65
0.63634478 -0.63755787 8.75208617 159 122 78
0.52120523 0.49095184 8.88188878 153 126 96
0.52535279 0.12818371 8.69475088 168 136 98
0.78852690 -0.56280006 8.70722992 76 44 5
0.72221827 -0.41760684 8.66325379 151 116 80
0.59251893 0.51078243 8.77965110 144 114 80
1.35285051 -1.06705223 9.07156721 186 181 176
1.35300337 -1.03637548 9.07429497 202 192 179
0.67697955 0.61346807 8.76773267 107 77 43
0.78643127 -0.02951840 8.50327437 151 117 76
0.79082062 0.48175287 8.56017023 136 110 80
0.91717802 -0.18978724 8.39446177 164 127 85
0.92830136 0.63195275 8.40025011 170 143 114
1.68344232 -0.79223049 8.77529994 198 191 187
1.40906804 -0.41056983 8.26918663 114 81 40
1.13486809 0.23523955 8.06559321 156 124 85
1.14995306 0.74909298 8.18795861 163 138 107
1.85108423 -0.56273025 8.39717021 147 111 67
1.70002146 -0.35674933 8.10350193 177 140 98
1.58030402 -0.20894383 7.97857316 178 139 97
1.84759633 -0.26199069 8.11938588 147 110 69
1.38292027 1.88830907 8.17218045 110 82 58
1.39600230 0.93347249 7.92199409 77 49 15
1.43780236 0.56162685 7.75974330 135 105 71
1.44106174 1.82832495 8.05825726 82 50 13
1.49192182 0.41475701 7.73377476 85 53 13
1.49270531 0.37339288 7.69005380 134 105 67
1.92236813 -0.28131339 7.87825914 112 74 34
1.55776650 1.33858743 7.90748168 77 55 32
1.36192120 1.86493472 7.84944250 88 50 8
1.33187935 1.86108351 7.75963848 85 51 14
1.57596539 1.17021434 7.80728744 64 36 1
1.57633609 0.96933721 7.65894447 183 153 117
1.67989452 1.25549020 7.67402589 93 60 21
1.47438560 2.14234115 7.62866280 90 68 44
1.86438353 0.14721975 7.48077996 167 129 84
1.69280186 1.32823658 7.55083021 151 116 76
2.04071322 0.01167078 7.48596696 161 127 79
2.40493773 -0.12989969 7.71778180 129 92 50
1.95454090 0.39541887 7.34690471 73 44 11
1.88154199 0.98168060 7.35672194 145 116 86
1.92328388 1.04446916 7.32830915 86 52 14
1.94872013 0.80549232 7.28396400 137 107 77
1.93908036 0.87576071 7.28074205 142 109 74
2.02147841 0.61847826 7.22041501 129 101 72
1.96374210 1.36799825 7.28959769 139 106 71
1.96374210 1.36799825 7.28959769 139 106 71
2.06108849 1.62545727 7.26988130 174 158 149
2.55173745 2.23260526 7.69860837 117 115 120
2.19235612 1.13437883 7.19224708 144 119 88
2.34777590 0.60722724 7.15414731 166 134 93
2.52570848 0.01563448 7.17503218 163 130 85
2.52570848 0.01563448 7.17503218 163 130 85
2.32419432 1.05713088 7.16588430 161 137 103
2.41161518 0.55598443 7.11153812 149 122 93
2.38043337 1.03274818 7.16001292 70 45 16
2.38043337 1.03274818 7.16001292 70 45 16
2.77432142 1.98095039 7.56319777 192 190 193
2.48625390 0.66859683 7.11554051 169 140 110
2.59793934 0.28627635 7.09199898 163 130 91
2.68991517 0.08435209 7.12100556 75 40 3
2.63392180 0.27613492 7.09034729 69 39 5
2.94857478 -0.00051123 7.26303102 141 102 55
2.75143354 0.73204556 7.17150220 71 51 32
2.82694061 0.56690543 7.16668801 91 71 49
2.95806854 0.14277779 7.09863438 105 71 33
2.92640349 0.37229529 7.08204127 195 192 187
3.28868003 0.13385105 7.19466895 132 95 55
4.16856119 -0.14184996 7.53700118 143 102 51
4.16856119 -0.14184996 7.53700118 143 102 51
-0.22080489 -1.62796954 8.97860246 154 122 87
-14.72107296 -3.43727373 26.07331073 201 197 186
-0.91553179 -2.18693616 9.23490459 99 72 45
-1.97607075 -5.51453585 18.05930599 121 122 108
-0.45596150 -1.97032945 9.02247768 159 127 90
0.47399039 -1.01038989 8.88763639 85 51 5
0.61648047 -1.34948245 8.99250506 63 39 4
0.75687897 -1.51678905 9.00700757 84 56 31
0.80365440 -1.93063854 8.94666984 98 69 39
0.80806727 -1.48230731 9.01061933 102 69 30
5.41973870 -2.98633264 16.37828659 126 127 124
2.86906650 1.63879245 7.37272040 192 196 198
7.32961502 -3.46413836 17.14796010 125 125 113
7.62895330 -4.00927264 16.74696620 14 21 30
4.36022557 2.04411069 8.60813237 152 164 178
4.36022557 2.04411069 8.60813237 152 164 178
7.91267850 -3.01473997 16.56904210 138 136 131
8.03062001 -3.95591962 15.89888129 185 185 186
8.07948602 -4.07250288 15.92335642 11 13 13
9.44258101 -4.61834784 16.44610422 17 31 13
9.85765496 -3.31807765 16.86834436 44 63 38
-6.44805649 -6.45301106 19.34356429 176 174 161
0.16479101 -1.85195539 8.80511313 133 100 68
0.74315598 -1.27923219 8.95891267 164 132 99
-0.88813540 -2.13053954 9.20478830 171 145 117
-2.45506974 -5.47224458 18.19489846 183 183 175
-2.44306159 -5.89896080 18.94507100 165 156 141
-0.45835782 -1.45949098 9.07747451 200 199 195
0.02974679 -1.89437241 8.85231960 175 142 104
0.19704172 -2.14858589 8.78512278 158 128 94
0.84045329 -2.26245565 8.92445733 108 81 54
0.39908628 -5.50978769 17.74405170 69 61 43
0.42242404 -5.60346654 17.78693851 191 191 174
0.96183621 -2.17556498 9.04511244 109 84 55
0.96701535 -2.07170460 9.04565589 125 105 80
0.63279366 -5.57156112 18.11328956 110 112 106
0.96142036 -5.35746585 17.96092662 159 156 151
1.18049470 -2.42524138 9.24171896 151 126 95
1.17142540 -0.77994415 8.69263671 136 101 59
1.18898315 -0.80271438 8.70673196 164 132 95
1.41837836 -4.65626640 18.12651109 63 67 68
1.50558962 -4.69113363 18.23120733 81 87 88
1.53424472 -4.59612317 18.00349466 172 176 176
1.57570586 -4.79187832 18.33035740 145 148 150
1.65975663 -4.87084842 18.36301561 0 10 12
1.90433718 -3.91952107 17.26495769 109 118 117
2.32524987 -4.78152630 18.30536009 9 18 28
2.90488914 -3.93809681 17.79452977 168 169 162
2.03279398 0.65903371 7.23067429 86 57 23
2.03279398 0.65903371 7.23067429 86 57 23
2.15627638 0.96700429 7.17814320 134 108 78
2.18472170 1.23948256 7.16205736 142 115 89
2.34778005 -0.18530365 7.44523462 140 109 74
2.46047947 0.94640940 7.15668798 196 177 153
2.65869096 -0.04727001 7.25797203 186 161 130
2.66451676 0.54816879 7.17312375 159 136 117
2.76477397 0.58778828 7.24399524 163 141 127
6.12671095 -3.33897832 16.89999292 18 30 44
3.85724617 0.07638548 7.44822036 81 56 25
7.47794539 -3.33545789 17.08824252 64 68 55
7.46859448 -3.40709605 16.95519756 154 152 149
7.53500936 -3.69685831 16.68809543 5 9 11
8.07104587 -2.94034983 16.50927227 142 139 130
-10.37168215 -7.33656383 24.67433442 201 181 166
-0.90432270 -2.46913423 9.07375537 116 90 66
-0.84620195 -1.88657178 9.21746000 137 114 90
-0.79011288 -2.23872430 9.10819681 133 107 81
-0.70759863 -2.66413881 9.02788639 102 73 44
-0.60241825 -2.58727834 8.95614784 183 156 123
-0.59498395 -2.83846707 8.98728566 144 118 90
-0.52951649 -1.76848846 9.11891021 180 153 123
-0.49632877 -1.80114158 9.06732915 193 164 134
-0.32903864 -1.57527214 9.00836914 134 112 82
-0.47089358 -1.31886183 9.48835017 206 205 193
-0.43171756 -1.30478298 9.46130032 110 93 63
-0.46782099 -3.51389108 9.94001152 106 73 41
-0.20312475 -2.10537867 8.88480030 84 58 21
-0.22573219 -1.17154792 9.13693668 166 143 111
-0.18423655 -1.35644553 9.18143954 128 111 81
-0.18435336 -1.07116631 9.16664380 85 57 20
-0.13037522 -1.05028546 9.11993814 89 60 27
0.00539230 -1.72355590 8.86108529 80 51 17
-0.06998921 -0.79892384 9.05286364 87 61 25
-0.06998921 -0.79892384 9.05286364 87 61 25
0.06370555 -2.35264405 8.77321146 175 145 109
-2.40036544 -5.82176841 18.55696300 96 91 79
-2.49484437 -6.00793752 18.94934611 139 134 123
-0.13952143 0.36190683 9.17176990 161 134 107
-0.06813885 0.18996635 8.96184095 108 81 51
-0.07299808 0.15513471 9.00470494 172 149 118
-0.15488447 0.74808694 9.22957937 193 163 134
0.10463684 -2.50767356 8.72975650 197 166 130
-0.09504028 0.39545813 9.12854786 181 157 124
-0.02821269 -0.77324967 9.03256527 90 59 25
-0.02174604 -1.20867583 9.07779214 61 39 15
0.08700835 -1.82116469 8.79199752 152 122 87
0.08700835 -1.82116469 8.79199752 152 122 87
0.13211841 -2.36476046 8.74536109 183 153 115
-0.12876325 0.89925691 9.32631607 110 89 68
0.14684187 -2.58190211 8.75944066 170 136 99
0.02244291 0.20233985 8.92984065 186 162 135
0.06053758 -0.58120407 8.87687884 170 143 110
-2.12383831 -5.34036119 18.06983360 81 76 58
-2.06807366 -5.38056672 18.06608787 160 153 133
-2.12532682 -5.83008749 18.69730527 8 9 4
0.23536588 -2.38899149 8.75485430 164 130 88
0.25667669 -2.77722251 8.71983842 187 156 118
0.25667669 -2.77722251 8.71983842 187 156 118
0.13992824 -1.43144539 9.07107127 93 72 48
0.18652322 -1.32998565 9.01880185 58 39 19
0.17567683 0.20760177 8.84293261 97 73 43
0.31386539 -2.91077864 8.77084228 74 50 24
0.21437329 0.12169052 8.77324989 156 129 99
0.21437329 0.12169052 8.77324989 156 129 99
0.20906436 -1.22274815 8.98010041 150 117 84
0.24352705 -0.62304046 8.85618481 164 128 92
-1.83522626 -5.41309643 18.29943393 170 167 159
0.32086877 -1.68319759 8.79305909 196 163 131
0.27737761 -0.86626098 8.91598044 81 51 24
0.35896296 -3.09104117 8.89176964 188 158 124
0.23010084 0.49027109 9.00607605 96 70 41
0.29432961 -1.05000245 8.96474902 174 138 99
0.39391278 -2.98930442 8.84320036 157 125 82
-0.01046862 -1.85202043 10.42060174 94 67 35
0.20981815 0.72653183 9.20090201 129 103 74
0.32909609 0.27978026 8.76348284 111 86 55
0.34976907 -1.03330629 8.91896209 164 129 91
0.37737271 -0.33573289 8.71848506 89 58 27
0.34550623 -1.45217630 9.01597048 34 16 0
0.43613527 -0.36325677 8.68459518 135 105 70
0.40412114 -1.00229986 8.92457394 164 130 88
0.48005061 -2.12258453 8.81307099 79 55 29
0.44079526 -0.77753923 8.84967791 89 53 17
0.48867487 -1.59618707 8.96594632 112 91 64
0.56670593 -2.94151964 8.87044086 176 143 113
0.53811705 -1.92416934 8.89156496 168 142 113
0.51650608 1.80649866 8.71827724 184 173 161
-1.25180027 -4.98815385 18.03583790 98 94 81
0.59604845 -2.92545594 8.89541185 122 93 59
-1.22734120 -5.08703976 18.05410795 168 161 145
0.59906912 -0.43103644 8.69673893 76 46 9
0.56270547 -1.36197518 9.01999379 47 26 3
0.63091549 -1.91407085 8.95674010 150 124 100
0.77435388 -0.21225474 8.41978086 171 139 104
0.77435388 -0.21225474 8.41978086 171 139 104
0.71349756 -3.16023769 9.09961656 193 168 135
0.70660245 -3.30716657 9.22186945 187 160 123
0.75794106 -2.42577961 8.86715095 102 72 37
0.71684538 -1.48298760 9.00528119 159 126 93
0.75485980 -2.37817689 8.90274803 91 59 17
0.76804839 -2.24499977 8.89941799 78 51 24
0.74961011 -1.66292584 8.98426780 83 57 31
0.78125398 -2.00870259 8.90590235 168 145 120
0.75304840 -1.51256318 9.02600310 72 46 13
0.80482663 -1.95623289 8.99666988 86 55 24
0.83907410 -2.74034821 8.92182343 145 119 88
0.78829264 -3.25999485 9.24918669 141 115 81
-0.92978834 -5.76455879 19.09397626 4 10 10
0.82015328 -1.51781971 9.05792839 109 82 55
0.97953887 0.03458240 8.24305111 163 135 102
0.89065438 -2.09764561 9.00230159 135 106 76
0.93270142 -0.69789821 8.70513469 70 40 7
-0.55220364 -4.78309482 17.85694882 150 142 129
-0.53632555 -4.85364766 17.94766383 157 154 147
-0.57439532 -5.20803623 18.51967077 162 160 151
0.92796844 -3.11589149 9.23149092 138 106 69
0.97969381 -2.25124328 9.01239475 84 56 29
0.97969381 -2.25124328 9.01239475 84 56 29
0.94096726 -1.36389380 9.17881319 75 45 18
0.98619989 -2.06476618 9.13574897 65 48 20
0.96162637 -1.45338104 9.24966095 76 57 31
-0.40270604 -4.89861038 18.24889387 77 75 60
1.00932492 -3.03183255 9.19992258 199 171 136
-0.37218992 -5.48744418 18.09973152 152 150 134
-0.37218992 -5.48744418 18.09973152 152 150 134
-0.39792231 -5.58463758 18.35128148 49 49 38
-0.39792231 -5.58463758 18.35128148 49 49 38
1.03213043 -2.72916751 9.12125376 115 83 40
1.04537613 -2.32837522 9.01697520 99 73 48
-0.24617526 -4.32342949 17.49492724 182 174 163
-0.24617526 -4.32342949 17.49492724 182 174 163
-0.37389215 -5.39672379 18.40896727 10 12 11
-0.37389215 -5.39672379 18.40896727 10 12 11
1.04072089 -2.68155220 9.14433418 110 77 43
1.06418808 -1.00943300 8.86589924 200 170 134
1.05831027 -2.64867280 9.07922506 112 79 41
-0.25976648 -4.58085336 17.74877880 113 102 81
1.03912816 -3.09458741 9.27076653 78 53 23
1.06792731 -2.23330965 9.04862518 75 51 26
-0.25080179 -5.65097628 18.49248781 174 169 153
1.04879520 -1.64722172 9.51279693 180 184 187
1.04879520 -1.64722172 9.51279693 180 184 187
-0.11981557 -4.42939237 17.65874437 183 176 170
1.10189391 -2.03690856 9.20614554 65 46 18
1.13840000 -2.41626038 9.07273509 152 126 98
1.13840000 -2.41626038 9.07273509 152 126 98
-0.11727243 -5.43036023 17.94429375 137 128 112
1.26270345 1.77199414 7.92682836 207 199 188
1.07305046 -1.47417756 9.56985934 189 197 194
1.14537780 -2.72287396 9.18399513 82 56 31
-0.07155636 -4.74539117 17.81953852 107 101 83
1.14145581 -2.89253532 9.24497252 76 45 19
-0.03506133 -5.35577419 17.70590717 56 49 31
-0.03197592 -4.50439383 17.63691946 142 133 116
-0.03197592 -4.50439383 17.63691946 142 133 116
1.15320756 -2.63004488 9.21706607 86 63 27
1.14112968 -2.02751172 9.25990603 63 46 20
1.14777728 -1.95916771 9.21080372 144 118 85
-0.00445302 -5.29906776 17.71449309 223 194 145
-0.00967049 -4.91697533 17.83940470 112 105 87
0.05085424 -5.32855014 17.70773018 65 58 36
0.05085424 -5.32855014 17.70773018 65 58 36
0.04423679 -4.87722262 18.09695007 99 97 87
0.05884643 -4.76386805 18.00074390 181 174 168
0.11300757 -4.46844897 17.58535355 156 148 129
0.06805967 -5.03637267 18.02645302 87 87 76
1.23304669 -2.47285891 9.32329788 101 80 56
1.42374668 1.68868827 7.55299233 155 121 86
0.13989052 -5.42298886 17.97580884 161 158 139
1.35981397 -0.65613713 8.54962168 171 146 107
0.20063186 -4.89748734 17.83089926 104 104 87
0.17633755 -5.04832522 18.14946908 205 198 185
1.49779911 1.59249271 7.47674517 183 156 122
1.48705968 0.88190058 7.62213330 190 168 138
1.49504675 0.60815212 7.59918634 70 42 8
1.52953958 1.68627331 7.42149574 176 149 117
0.27294073 -5.29288392 17.99754066 113 106 87
0.27294073 -5.29288392 17.99754066 113 106 87
1.31361750 -3.13709319 9.51675153 189 187 175
0.26941665 -5.20026575 18.09675463 196 189 170
0.32634091 -4.78122199 17.95102122 186 186 178
0.36077926 -5.16167468 17.92583124 60 55 43
0.36077926 -5.16167468 17.92583124 60 55 43
0.39691778 -5.21942672 17.83404521 200 198 185
0.42523913 -5.37777473 17.62502821 81 72 44
0.40658180 -5.15376530 18.02975153 143 143 131
0.40231998 -5.04331910 18.09859261 78 75 65
1.52563226 -0.67812771 8.54056045 180 153 120
1.52563226 -0.67812771 8.54056045 180 153 120
0.79716914 -3.28169805 16.25174230 22 29 19
1.72523642 1.74469535 7.28467530 159 129 90
1.77363574 1.22559415 7.27958458 174 144 108
1.78963903 1.46314192 7.25703044 167 140 105
0.85433952 -5.15289480 18.25963200 112 118 112
1.85528335 1.64444189 7.26543183 136 107 71
1.92622146 0.91055522 7.22302711 124 99 64
1.92961863 0.97763686 7.23215223 165 140 108
1.90872197 1.79452115 7.43535343 188 162 137
1.90872197 1.79452115 7.43535343 188 162 137
1.10853954 -5.00953149 18.08001185 116 120 116
1.97503846 0.43381795 7.28184424 167 133 96
1.16853550 -4.52861050 18.05795825 122 123 112
1.19543953 -5.11244677 18.25339479 193 188 182
2.00292845 0.89237082 7.21725240 145 114 84
2.01147483 0.79881943 7.18038691 180 150 118
2.02581474 2.23360402 7.61236190 126 120 120
1.26866848 -5.05392771 18.23033518 183 179 180
2.06205497 0.44537723 7.26504518 81 54 19
2.06910798 0.31480393 7.24034594 117 85 45
2.06910798 0.31480393 7.24034594 117 85 45
1.36690607 -5.02900262 18.34680921 3 18 33
1.39725606 -5.18597476 18.16388062 14 29 53
1.39725606 -5.18597476 18.16388062 14 29 53
2.14301050 1.66968728 7.29769318 142 127 112
1.51262813 -4.71381797 18.25331188 138 139 141
1.65996534 -3.40729605 16.92542689 152 161 171
2.20492451 1.00923325 7.11457792 175 144 117
2.22155296 0.32644394 7.23783096 157 121 85
2.25138547 0.31329992 7.23805303 77 44 13
2.27076303 1.45070039 7.17473665 180 167 151
2.28672010 0.57075307 7.18855792 158 124 88
2.35093074 1.29185242 7.16529248 170 154 140
2.34134696 0.52793779 7.17451481 149 121 90
2.38018107 0.95466510 7.14444359 137 114 86
2.39536024 0.59356583 7.17610923 74 50 15
2.40498205 0.63163265 7.15815933 146 120 90
2.39688370 -0.12888359 7.39851695 191 165 127
2.50429299 1.44143486 7.24984949 157 163 162
2.50429299 1.44143486 7.24984949 157 163 162
2.51469430 0.63302561 7.16715405 101 73 60
2.54127554 0.23834731 7.16481122 65 41 7
2.58205472 -0.12993040 7.37083237 125 92 51
2.58430142 -0.17947899 7.52484054 181 158 126
2.61122823 -5.51727818 18.21767579 164 161 172
2.65170721 -0.01448639 7.25508560 121 89 43
2.64157320 -4.17522763 17.98975435 167 166 161
2.68500556 1.25128699 7.33413699 128 114 106
2.71434392 0.21562779 7.14329387 87 59 21
2.71562093 0.13624087 7.17288642 99 69 35
2.73454415 0.24627675 7.10081997 160 130 98
2.74351853 0.15315667 7.17066973 72 46 11
2.74351853 0.15315667 7.17066973 72 46 11
2.75309929 0.08568985 7.16809331 96 69 34
2.77210589 0.61822271 7.22343705 185 160 143
2.77050111 0.31936099 7.14687245 146 126 101
2.78805986 0.61339484 7.24573976 90 68 48
2.81638933 0.36347675 7.17577969 90 68 53
2.88194122 1.61419777 7.99853729 162 145 136
2.85447559 0.63320697 7.26175661 154 136 119
2.89210906 1.72257534 7.37605481 178 180 177
2.86258178 0.65377852 7.27457340 190 176 162
2.87405133 0.72456774 7.31119686 156 138 126
2.89451105 1.04587629 7.44001038 157 140 133
2.87123465 0.03707340 7.19006282 169 140 104
3.02106087 1.64238517 8.07898105 119 104 97
3.04175521 1.28388946 7.77672712 111 93 80
3.00791894 0.57697599 7.48455145 98 80 70
3.35319381 -3.77398225 17.67107574 174 174 172
3.03050875 0.83784014 7.49049237 171 160 148
3.06352604 0.86470222 7.56886552 117 100 92
3.11453904 1.28285080 7.81889183 157 145 133
3.10073040 1.03280011 7.69576756 106 88 73
3.52724875 -3.56721480 17.45620880 121 122 117
3.08527717 0.10838337 7.23944733 86 55 26
3.11499665 0.01012378 7.28136704 176 148 111
3.19802775 1.13461643 7.89943438 131 121 113
3.76471107 -4.32899464 17.89219699 15 24 40
3.23578904 0.11976322 7.31130570 94 61 28
3.29697488 0.13977148 7.30942602 172 142 107
3.47923821 0.28308446 7.34111956 132 114 91
5.03511826 -4.71656329 17.88195878 38 44 44
3.87243359 0.25592310 7.51199492 198 196 188
3.88228435 0.05063305 7.52759654 171 146 118
5.23506407 -3.08389468 16.97234451 104 109 106
5.29866829 -3.01548079 16.98303303 134 134 131
4.02117391 0.25062585 7.56906612 190 191 185
4.08317458 0.16361156 7.58969349 197 193 188
5.65344024 -3.57601591 17.97632590 131 127 126
4.11419351 0.07698712 7.57566690 83 60 34
5.61354824 -2.90366033 16.79787006 118 120 124
4.17235315 0.06633776 7.60464785 197 193 184
5.99709896 -3.18949186 17.39867919 149 149 147
-10.50280520 -7.08929629 24.60353357 21 12 1
-10.50366749 -7.19134344 24.71983832 30 17 2
-0.22599371 -2.55245980 9.10290143 72 44 11
0.23617393 0.33809272 9.10064794 145 115 85
-1.30112223 -4.61148296 18.07891610 103 92 79
-0.96924657 -4.08423181 17.65630773 102 89 79
-7.47528470 -2.00136488 12.48320292 84 77 66
3.64589872 0.46158430 8.56283250 185 184 179
0.03606245 -2.54780819 8.20283547 124 94 62
0.19472938 -2.40412610 8.78774574 74 45 12
0.40398681 -1.68990763 8.83735543 172 140 108
0.55579444 1.68196678 8.57187952 204 197 187
2.65592055 -0.01612130 7.26453896 132 95 54
-21.50668764 -2.27187321 21.48602010 123 116 108
-21.26451441 -2.99671852 22.60356634 118 118 110
-21.12947811 -2.98538310 22.57184673 61 63 50
-18.92654570 -0.78795702 20.24336777 56 55 43
-18.76631908 -1.04976161 20.75076290 110 108 97
-17.89015113 -0.61402427 20.35497976 58 56 44
-17.76509273 -0.54736516 20.25654605 111 109 97
-16.34831183 -1.36076118 19.16209293 156 149 141
-19.43760438 -2.77718453 22.77107577 102 97 93
-16.28711520 -1.21063861 19.19298725 130 123 112
-16.44637380 -0.36714119 19.17521823 135 122 113
-16.16136187 -1.48098792 19.23934797 152 139 130
-16.36755266 -0.34200038 19.22269104 74 66 49
-16.22141956 -0.22996590 19.18752788 153 142 134
-16.11265495 -1.36890488 19.31515818 134 124 114
-16.11265495 -1.36890488 19.31515818 134 124 114
-16.11265495 -1.36890488 19.31515818 134 124 114
-15.88852484 -1.47222952 19.23175927 83 74 64
-17.38735226 -1.82917534 22.27755986 100 97 88
-16.87482335 -1.79151186 22.43694036 55 55 47
-17.16571947 -2.39178446 23.00565547 29 29 23
-17.05438588 -2.27856650 23.02307298 112 110 102
-14.59550908 -1.54832172 20.22509802 56 52 40
-14.59550908 -1.54832172 20.22509802 56 52 40
-2.70315106 -1.88354105 14.52341187 208 204 189
-0.66292378 -2.10094041 9.04410758 175 145 120
-0.47086289 -1.45193607 9.03347667 196 196 194
-0.04632283 -1.77244914 8.84238735 102 72 42
-0.01999260 0.12694977 8.86415825 172 149 118
0.10260914 -2.50799279 8.73896031 197 166 130
0.06715386 -1.22658650 9.02116951 128 103 69
0.25794830 -2.77354526 8.74964502 144 114 78
0.25794830 -2.77354526 8.74964502 144 114 78
0.30448952 -2.31491728 8.74512951 185 154 126
0.27885798 -0.01893003 8.69071244 173 144 112
0.33905554 -2.36324760 8.76581080 109 73 35
0.45347240 -2.63620604 8.78077275 95 59 26
0.45347240 -2.63620604 8.78077275 95 59 26
0.59701055 -2.09559545 8.91272027 79 55 18
0.59118604 -1.82035334 8.96671925 82 55 18
0.58339106 -1.52360770 8.99567122 168 134 97
0.94008895 -2.35489732 8.92223521 78 52 17
0.95307707 -0.64347652 8.70833482 168 136 101
1.02898982 -2.73060620 9.13773594 115 83 40
1.36789777 -0.79761640 8.66461145 177 148 115
1.97761739 1.52084303 7.14019749 160 131 98
1.97761739 1.52084303 7.14019749 160 131 98
1.97543209 1.86471653 7.49349206 149 126 107
2.64493416 0.17212464 7.12707893 181 151 113
2.67422655 0.88575280 7.12642388 98 79 49
2.66486374 0.55164480 7.17300376 185 160 134
2.76215991 0.17682461 7.17557373 165 132 97
-2.13627766 -2.86462969 4.62351019 1 1 1
2.12279276 1.01125228 7.33694838 129 100 65
-18.19338546 0.58659644 16.96317477 56 54 41
-16.88322786 1.29317093 15.91975562 96 97 90
-17.49234956 0.84987271 16.73801875 109 108 102
-17.49234956 0.84987271 16.73801875 109 108 102
-17.49812297 0.69400901 16.94352732 53 53 41
-17.49812297 0.69400901 16.94352732 53 53 41
-17.49812297 0.69400901 16.94352732 53 53 41
-17.13650912 0.46309252 16.97539041 114 110 100
-17.29483682 0.55458464 17.14678022 55 53 40
-16.35712701 1.80664212 15.96666023 89 85 74
-16.81792867 1.32479332 16.54560466 115 110 106
-16.18047565 1.85656205 16.00984241 87 84 77
-16.20525302 1.93755710 16.05552377 19 21 18
-16.04470215 1.90243007 16.10661186 101 100 95
-16.00636830 1.85004783 16.14394691 45 46 35
-16.35642000 1.17539986 16.78564348 50 50 41
-16.33746157 1.05438544 16.82211823 63 59 48
-16.61162448 0.75014041 17.23531733 56 56 48
-16.30064947 1.12923859 16.82498697 114 114 104
-16.55637801 0.66632276 17.22291137 113 110 104
-16.43067497 0.96236850 17.07656390 52 49 44
-16.43067497 0.96236850 17.07656390 52 49 44
-16.28697767 0.99965523 16.92166644 107 104 95
-16.17115780 1.03666259 16.81621785 62 59 50
-16.26610241 1.21049180 16.88103101 51 51 42
-16.27691309 1.29798907 16.86876306 102 102 94
-16.14084267 1.10077031 16.81159176 104 101 95
-15.86002042 1.37417855 16.59520070 47 49 39
-16.12939300 0.62448548 17.16187084 105 102 93
-16.07923879 1.11104056 16.98593995 117 110 103
-16.04485693 0.86327093 17.13589769 48 45 37
-16.33067631 0.51606314 17.55318478 64 62 50
-15.68161987 0.95165157 17.32970888 40 40 32
-15.93750672 0.52004123 17.80216363 106 103 94
-15.71521674 0.74388530 17.51192494 99 96 92
-6.79988819 -1.00921993 9.32770437 71 68 61
-15.45983115 0.48245584 18.04729913 50 50 42
-0.79657862 -1.98598940 9.16042848 80 61 35
-0.49653585 -2.66657091 8.94875984 172 141 111
-0.64547235 -1.72822471 9.15372437 144 125 98
-0.44345531 -2.71648046 8.91770474 71 45 20
-0.40182770 -2.75799958 8.88456249 135 107 69
-0.38402554 -2.03935887 8.96920447 178 148 121
-0.49392605 -3.02135521 9.55833570 175 154 118
-0.32112394 -1.91629510 8.93499084 150 124 98
-0.45807688 -3.78383254 10.02200066 149 133 100
-0.32219935 -3.45837291 9.66512014 145 106 63
-0.39478355 -1.20633906 9.29285064 113 90 65
-0.41818501 -3.80720554 10.08682441 40 24 2
-0.38730767 -1.07147386 9.33241061 163 138 110
-0.18318067 -1.62720762 8.92067701 163 135 97
0.04200337 -2.78611200 8.78183139 176 141 105
-0.00328119 -2.12087100 8.82989044 167 137 102
-0.23204378 -3.86453533 10.17753469 129 105 68
0.12415116 -2.80826203 8.77475297 169 136 91
-0.03870646 -0.88360623 8.96485941 163 136 103
0.05294989 -1.50668748 8.91664090 36 22 1
-0.13691789 -3.86570917 10.18965972 144 125 99
0.22454110 -2.98075417 8.78214178 192 163 123
0.23719265 -2.96366193 8.78586684 108 76 38
0.21921661 -2.50550840 8.74274594 136 107 75
0.21315599 -1.97775898 8.82195136 70 43 14
0.09107669 -1.17598398 9.01862044 76 52 18
0.09107669 -1.17598398 9.01862044 76 52 18
0.28514773 -2.86814566 8.82369108 57 29 7
0.11486844 -0.50018795 8.84929941 77 45 17
0.11486844 -0.50018795 8.84929941 77 45 17
0.31300293 -2.66468919 8.79299339 65 41 7
0.04438840 0.34342579 8.94934312 87 62 32
0.00170519 0.70069746 9.04273666 180 153 123
0.02839898 0.58651189 9.03625807 177 150 121
0.34339450 -2.70264111 8.80455868 74 49 23
0.30643426 -1.99893460 8.84230551 52 33 3
0.37514779 -2.23095425 8.83803062 61 34 4
0.06717395 0.87873350 9.14004404 198 188 174
0.36356926 -1.71415748 8.82494354 171 138 105
0.07125324 1.02622016 9.12910472 202 193 184
0.11766136 0.82647182 9.13205277 96 76 44
0.29982521 0.22472088 8.71202042 109 80 51
0.41974593 -1.68657916 8.84545670 137 108 77
0.36894402 0.17617318 8.63484763 170 147 113
0.45143567 -1.30348087 8.99252557 140 106 69
0.46850691 0.18607323 8.56380178 165 139 105
0.61167124 -2.90356250 8.91454210 207 174 138
0.49480576 0.22105458 8.58847512 180 152 116
0.52489329 -0.25558257 8.63147921 82 50 6
0.52489329 -0.25558257 8.63147921 82 50 6
0.58573268 -0.05758361 8.50336781 168 136 98
0.61988059 -1.94885338 8.90821285 94 65 31
0.58231547 -1.74136047 9.00277746 95 63 30
0.61856366 -1.31846243 9.00966897 172 138 107
0.65850160 -0.42414030 8.63176920 76 47 6
0.69689374 -0.44286909 8.61672272 169 139 107
0.75280409 -2.98687072 9.01817649 187 158 127
0.72813740 -2.00976739 8.93961188 100 72 43
0.75476510 -2.28187311 8.94854460 81 52 25
0.75749099 -2.14458547 9.01365763 73 46 17
0.79214435 -3.32909669 9.27081667 183 157 124
0.82965990 -0.59965128 8.66822599 99 70 39
0.83303112 -3.38136015 9.37253503 132 105 75
0.90829134 -0.04602482 8.24237134 185 154 123
0.81272786 -1.39559850 9.00181314 173 141 103
0.81272786 -1.39559850 9.00181314 173 141 103
0.82723536 -1.99147122 9.10540584 131 107 72
0.81289681 -1.61198762 9.08431729 143 118 89
0.86460095 -0.81467819 8.68794885 159 126 92
0.92502772 -2.50899329 9.00060542 117 80 44
0.88309515 -3.37103058 9.40570811 127 105 74
0.92872191 -2.45653452 8.97993743 85 57 19
0.88485998 -1.59655959 9.10829898 97 78 48
0.94332926 -2.39773412 9.05583723 140 113 82
0.93734115 -1.23877775 9.02332200 123 89 52
1.03283918 -2.32128310 9.07627800 91 67 36
1.04807290 -2.29198299 9.06106346 177 152 122
1.12203673 -0.26855143 8.27942407 188 155 121
1.06242242 -0.83863871 8.74876527 117 82 42
1.06689527 -2.27392040 9.09796303 68 43 11
1.09088574 -1.17237370 9.09096489 156 125 95
1.14195585 -2.77797496 9.21313005 67 42 12
1.22723992 -0.75297505 8.68494959 177 146 110
1.18347630 -2.18480857 9.30342833 169 144 119
1.20571045 -3.07000311 9.38028051 162 133 99
1.27798582 -2.90860213 9.39977767 76 58 29
1.27282609 -2.84315819 9.42201561 176 155 128
0.96414031 -2.30926834 10.98696382 98 81 55
1.27560025 -3.11482496 9.50525357 96 70 44
1.28331995 -3.08205489 9.45046528 96 68 38
1.28331995 -3.08205489 9.45046528 96 68 38
1.30673560 -2.74213595 9.50625792 101 87 70
1.34270004 -3.01390249 9.42479921 160 139 113
1.61541055 0.12125663 7.63393574 196 165 129
1.61541055 0.12125663 7.63393574 196 165 129
1.65756439 1.47752366 7.27510969 184 151 118
1.79165350 1.72518607 7.12569983 168 142 109
1.00465864 -3.41941297 15.39116783 61 69 65
1.00465864 -3.41941297 15.39116783 61 69 65
1.00465864 -3.41941297 15.39116783 61 69 65
1.51248533 -0.35462805 10.81791580 120 121 114
2.01889488 1.12273079 7.06788248 125 95 56
2.07510902 0.68445630 7.16110971 167 132 92
2.07058682 1.56612741 7.08423421 126 100 79
2.17825148 0.77286782 7.07718952 154 119 96
2.17825148 0.77286782 7.07718952 154 119 96
2.10102096 -0.44572551 8.78418184 198 197 191
2.27459542 1.21641060 7.03350700 160 135 105
2.29735370 1.13084434 7.07656755 77 51 26
2.30446953 1.52018797 7.17156644 101 104 111
2.31859825 1.13317230 7.07518520 75 50 25
2.31859825 1.13317230 7.07518520 75 50 25
1.67403700 -3.30081774 15.84521238 67 68 66
2.35094744 1.84675131 7.25723544 118 116 124
2.49979028 1.07915894 7.08789710 175 157 143
2.51213040 0.22857634 7.19323763 74 44 10
2.51384615 0.75970604 7.07449839 204 182 158
2.55958073 0.98617230 7.09508852 178 164 151
2.56388094 0.24798219 7.15697029 67 39 7
2.02904844 -3.16799004 15.75743166 176 173 168
2.56518302 0.46573395 7.16271236 73 49 16
2.56518302 0.46573395 7.16271236 73 49 16
2.60023279 0.48025113 7.16457711 84 59 18
2.63100068 0.92542458 7.11482035 184 168 152
2.62654997 1.23530445 7.26694615 78 55 30
2.62109057 -0.08399418 7.42574141 134 101 66
2.66871262 0.76271278 7.13515218 146 120 98
2.67333815 0.16320268 7.17684817 184 155 121
2.68894338 0.82564183 7.12563892 100 81 57
2.68191331 0.18882716 7.19577878 156 126 92
2.70415202 1.24312988 7.13822510 100 93 99
2.69908877 0.69227871 7.18601372 59 35 17
2.69583374 -0.01173587 7.34124574 178 145 111
2.70570395 -0.00218201 7.29683059 140 105 63
2.71848333 0.18527931 7.20300658 176 147 107
2.75522402 0.13104076 7.20156733 172 145 109
2.77213392 0.64235846 7.20495435 193 174 156
2.82231021 0.05576678 7.25306239 177 146 110
2.86833365 0.42286602 7.23181220 62 38 23
2.90449676 0.94637813 7.33047797 134 115 102
2.90449676 0.94637813 7.33047797 134 115 102
2.90327363 0.26214534 7.11736831 158 132 102
3.10591564 0.91160050 7.69317395 161 143 129
3.44301829 -3.33439240 16.25346041 169 169 169
3.36309577 0.29565418 7.32742523 143 125 102
3.40621584 0.31274735 7.36243356 128 108 88
3.54958974 0.31545839 7.41460918 208 207 205
3.99862987 0.23663957 7.63016367 205 204 203
4.83565272 -3.23305050 16.43275837 108 106 97
4.83565272 -3.23305050 16.43275837 108 106 97
4.84158401 -3.28305032 16.29621839 174 171 165
4.16439933 -0.05791383 7.83090852 155 116 69
4.99781140 -3.17939828 16.29711108 132 129 126
4.23854717 -0.03901404 7.85660186 206 202 194
6.86173913 -3.17847900 16.87833956 60 58 61
0.12885816 -0.03304863 8.96879117 84 55 24
0.08150268 -0.01909257 5.97694377 84 55 24
3.06124962 2.73233215 20.33991197 75 47 13
-0.17444778 0.29241951 9.60106376 164 140 108
0.61092609 0.22562465 8.81804023 200 166 126
0.83943291 0.55481729 8.54295274 193 162 131
0.32009971 0.20822214 8.87766299 173 144 110
1.31275022 1.39006755 9.36245723 156 132 105
1.31631209 1.26907478 8.90296672 156 132 105
1.00088028 0.65825257 8.28718206 149 126 93
1.32688827 1.14595299 8.46670584 156 132 105
1.19472556 0.63420532 7.88396168 110 86 48
0.59351613 0.09323865 8.62808435 173 141 103
1.36018356 0.72761480 7.77017963 88 68 34
1.46486003 0.65396031 7.67374867 147 119 80
1.65787432 0.85757649 7.04323284 124 95 57
-0.33182558 -1.14571795 9.37821329 70 44 8
-0.26310468 -0.58422414 9.30556863 160 126 89
-0.32607194 -3.28750976 9.46509844 177 136 92
-0.33323202 -3.27909332 9.39326199 177 136 92
-0.35681219 -3.13450808 9.31019996 171 132 89
-0.28339595 -3.22147552 9.34282577 97 53 15
-0.25646238 -1.61802277 8.91739319 79 48 13
0.26743596 -2.98490728 8.68634299 130 92 49
0.24318988 -2.07687953 8.60254745 191 157 119
0.35247163 -1.70758650 8.73157897 158 124 86
1.38136776 -1.03654811 9.11299808 191 184 174
0.68897784 0.30598476 8.58293105 76 49 20
1.81705941 0.84443207 7.73548972 147 112 81
1.80325174 0.82030377 7.37440853 141 111 77
-0.66392120 -3.60587186 10.02603524 176 142 100
-0.35920142 -2.80281388 9.13961170 77 44 12
-0.51770366 -2.13974778 8.88141097 141 107 70
-0.51453945 -1.11763343 9.52438991 67 41 8
-0.40675239 0.63641013 9.82012697 159 126 95
-0.30932093 0.71077238 9.69159986 81 47 9
0.16450906 -2.66776183 8.56202335 191 154 111
-0.16294278 -0.28314900 9.16506205 130 103 63
0.03635819 -0.48847528 8.96490171 174 139 101
0.74107381 -2.65182324 8.82672363 177 146 116
0.12633588 0.58181972 9.33985283 97 65 29
1.04196346 -0.74040876 8.62807899 130 97 57
0.84312529 -0.41522947 8.48516878 124 88 49
0.84231310 -0.28327703 8.48041967 85 50 8
1.42479940 -0.54148789 8.37079807 169 135 95
1.52606813 0.21955875 7.70754878 163 127 79
1.57593633 0.97004995 7.66014650 183 153 117
1.69606146 0.23062341 7.51795090 152 119 82
1.92899219 -0.04645753 7.52486750 162 128 84
1.81178160 0.59095287 7.33169795 143 109 71
2.67933959 -0.01500581 7.13391936 126 90 45
-0.67866289 -3.58247161 10.14586514 167 135 100
-0.65089706 -3.61703300 10.16123350 166 133 102
-0.72467689 -3.33952508 10.05332590 174 142 113
-0.66221325 -3.45824570 10.00903362 149 115 78
-0.77502647 -2.93252685 10.09956406 118 89 59
-0.70035523 -2.83296207 10.03056072 149 121 93
-0.71999596 -2.78449537 10.01034271 99 71 50
-0.64832582 -2.67777392 9.86257546 158 127 98
-0.51940978 -3.23787820 9.57536624 174 136 100
-0.51940978 -3.23787820 9.57536624 174 136 100
-0.58032171 -2.92155156 9.65118299 74 45 3
-0.45170263 -3.07128657 9.51187737 68 38 4
-0.52769541 -2.70802509 9.40097918 100 72 46
-0.88699204 -2.09244497 9.10054058 62 31 7
-0.44738706 -2.80907731 9.28269540 171 131 96
-0.35334686 -2.98450725 9.30623825 143 137 129
-0.40910266 -2.83050547 9.26050983 63 35 1
-0.21859834 -3.14151636 9.29954603 83 48 9
-0.33244417 -2.95417055 9.18958206 161 130 93
-0.28738806 -3.08995687 9.18459943 141 107 73
-0.60869577 -2.36556726 8.87248953 66 41 4
-0.60490825 0.44067736 10.44764428 187 177 165
-0.50232760 -2.35929479 8.79378446 149 112 86
-0.44261570 -1.26414719 9.52067455 54 29 0
-0.51993701 -1.34691813 9.24528852 131 107 77
-0.39646241 -2.19008221 8.76483222 147 114 79
-0.09964458 -2.88601139 8.80140892 61 30 1
-0.29772973 -2.59641806 8.60988618 140 99 60
-0.38972832 -0.92265910 9.43121635 134 105 66
-0.44571690 0.65767356 10.21434799 190 172 158
-0.30959879 -1.13677852 9.31487610 62 35 5
-0.19435576 -2.65430843 8.58973146 160 123 89
-0.16840655 -2.68144137 8.60830761 79 44 12
-0.39583484 0.65715031 10.00624414 165 132 96
-0.42245034 0.74614587 9.99943671 190 168 153
-0.29433963 -0.76244617 9.31191438 161 131 97
0.07324749 -2.98254164 8.63473283 186 154 114
-0.22132664 0.32936723 10.00190039 66 38 9
-0.21397339 -1.86652328 8.77986122 74 44 7
-0.20621424 -1.82828698 8.78860990 144 108 72
-0.34362660 0.70381023 9.94796530 131 99 63
-0.25857162 -0.47830698 9.38978037 58 32 3
-0.25857162 -0.47830698 9.38978037 58 32 3
0.06011728 -2.74220488 8.56386073 73 40 7
0.15455289 -2.86311231 8.57536078 187 152 118
0.53265691 -3.16425190 8.99091001 120 81 39
-0.06065117 -1.89929687 8.72425298 73 41 10
0.16059640 -2.89732221 8.54549862 129 91 52
-0.10929281 -1.54618568 8.78659157 163 136 104
-0.21178690 0.60546352 9.67333163 70 40 3
-0.19895744 -0.23731612 9.23627169 82 57 27
0.22708458 -2.73109171 8.59775589 103 68 26
0.14555288 -2.64860199 8.48343262 177 140 111
-0.16241389 0.39784506 9.55381034 67 38 7
-0.16241389 0.39784506 9.55381034 67 38 7
-0.16018904 0.01468890 9.31313727 163 132 94
0.10753269 -2.14600986 8.60118096 75 45 1
0.17434991 -2.37298104 8.56872434 77 46 11
0.14216603 -2.10011010 8.61730118 161 122 96
0.83147918 -3.03404635 9.12364145 170 139 111
0.46364028 -2.77141132 8.69939218 177 144 114
0.48127757 -2.78253705 8.71159500 160 127 92
0.27743171 -2.33580626 8.61416873 152 114 79
0.28155897 -2.25881150 8.58057776 161 127 99
0.00365545 0.86319447 9.62907976 170 142 105
0.08465559 -0.74233452 8.97070096 71 40 3
0.31185268 -2.10739097 8.64184383 175 140 107
0.33814001 -2.00108316 8.69445432 72 42 11
0.43576116 -2.48642296 8.60802455 86 51 13
0.65888312 -2.76140164 8.80070265 166 134 108
0.34149804 -1.91329964 8.71938336 161 127 89
0.38503574 -2.20227157 8.63279121 92 61 33
0.41791772 -1.82991934 8.81282151 88 57 19
0.48263801 -2.29328565 8.67300016 94 56 17
0.17733992 0.75919156 9.51248797 137 112 87
0.26962891 -0.87756726 8.91545624 74 45 4
0.11155129 -0.20800836 8.93360751 148 111 67
0.16674965 0.28821604 9.11394160 144 117 83
0.48507651 -1.16881773 8.92734574 168 130 93
0.42639348 -0.99220720 8.87283996 162 124 81
1.10317454 -2.50834335 9.14556822 115 95 67
0.25682764 0.16801110 8.94377629 150 124 87
0.77450127 -1.27378335 8.96669653 94 57 18
0.40230637 -0.12873761 8.72140511 139 110 66
0.58842445 -0.06506838 8.61823241 168 136 104
0.66049803 -0.17706358 8.60031258 81 49 9
0.60591506 0.17866060 8.61967653 156 126 91
0.83554441 0.00687716 8.38652943 156 124 88
0.91437418 0.27435434 8.33240132 58 35 6
0.91437418 0.27435434 8.33240132 58 35 6
1.15514009 0.49542776 8.07219609 161 128 90
1.28599693 0.88838701 8.10020714 92 66 33
1.32996353 -0.02827414 7.89690702 177 147 111
1.53982911 2.05785595 8.21307823 134 99 58
1.66794121 1.70875562 8.18631828 64 43 13
1.48410157 0.93593425 7.82205594 146 121 90
1.48648790 2.13322896 7.95146807 160 128 93
1.66249015 1.56133201 8.02307550 58 37 1
1.46808853 2.00445911 7.90663199 80 48 11
1.62721883 1.58660426 7.93084409 150 115 72
1.44397371 1.90050001 7.75892257 170 136 102
1.63384579 1.49505389 7.86658233 118 94 60
2.14261391 1.09469734 8.30909512 122 93 60
1.54065551 2.20051482 7.84595556 143 113 85
1.66668607 1.61805939 7.82790577 73 44 11
1.66367738 1.17358519 7.71565258 117 91 58
1.67946501 1.18779049 7.62348294 144 114 86
1.62993832 2.13633352 7.72634949 143 114 80
1.65910120 1.44538043 7.60251127 163 128 93
1.73007901 0.14865181 7.40957068 137 105 70
2.40439169 -0.27562790 7.97193526 142 105 64
1.71245126 0.76754246 7.41465806 123 91 55
1.79818815 0.69456065 7.25964543 163 134 97
1.86933711 0.71817759 7.22944928 128 99 65
1.92199783 1.72546449 7.40129480 148 118 88
2.03478171 0.78337558 7.13709219 153 125 87
2.24963984 1.02487149 7.12149272 139 112 83
2.33633247 1.23078042 7.19515482 82 59 27
2.93006796 -0.16191435 7.42211330 181 176 170
2.49616234 0.60339346 7.07596401 93 69 44
2.52608185 0.47119935 7.06326622 151 122 86
2.58557636 0.27817057 7.03342026 148 118 89
2.72757738 0.07424174 7.00395515 148 120 86
4.06651327 -0.10074167 7.57666793 116 79 26
4.23934091 -0.11857668 7.62196106 138 99 57
1.26135580 -0.12678299 7.36395657 111 76 39
1.52338705 -0.62738927 6.29513794 167 138 100
1.46787714 2.16570866 7.72675286 104 80 56
-0.27996691 -1.92973126 5.20867531 166 140 108
-1.21784817 -4.13959680 13.07465933 181 157 121
1.14794114 1.23326059 9.35724557 154 129 103
1.05964758 0.71685307 8.24163890 192 171 140
1.23523800 0.59830966 7.83607660 190 163 132
6.05691794 -3.07687560 19.63688618 110 109 110
6.07838714 -3.00178891 19.69129387 184 188 197
1.09486579 0.92193340 8.27184728 94 83 65
2.48248888 -0.24662763 8.45347875 158 137 109
1.48030066 0.77870104 7.94619151 168 139 103
1.96699946 -0.03792852 12.12131015 123 89 53
-1.79881054 -2.46391033 6.67434598 106 64 19
-0.68229716 -2.63775716 8.92092977 186 151 112
1.75089252 -1.14586682 10.09460574 192 183 172
-0.04308295 -2.37032985 7.24284350 217 227 246
1.41120728 -0.82257164 8.85405416 146 111 69
1.33152732 1.91732340 7.88788064 123 85 46
-0.79599170 -5.08134380 16.70163038 140 126 105
-1.47917611 -4.12410944 16.13610158 184 174 166
-0.71643512 -3.05788992 9.71551381 123 94 56
-0.39112602 -1.73514069 8.94434325 152 119 78
-0.40476739 0.53872483 9.82015895 67 35 8
0.92438540 -0.50049943 8.60108998 105 74 27
1.68353797 -0.15342203 7.84076804 162 125 80
1.37846013 1.87948208 7.87488655 88 50 8
1.60917707 1.52691326 7.72831323 135 104 73
2.41767128 0.15448396 7.10038152 86 58 14
-1.58822863 -4.63183401 16.28733200 103 92 75
-1.02540757 -5.11292064 16.35220797 133 123 113
-1.05315130 -4.98893276 16.49462357 167 155 146
-1.05315130 -4.98893276 16.49462357 167 155 146
-0.88135335 -4.74246168 16.87346837 164 157 151
-0.88271107 -4.74245398 16.85596104 164 157 151
-0.63683844 -5.10814932 16.86502687 72 65 49
-0.75304361 -4.95558790 16.57831129 145 129 113
-0.76224375 -4.85128070 16.75482362 81 73 55
-0.52719703 -5.17597968 16.73559294 183 168 150
-0.80684869 -4.60855643 16.74680773 95 82 66
-0.45753434 -4.98011162 16.75432334 163 153 158
-1.01080328 -4.16583782 16.27887847 140 127 113
-0.81669359 -4.32034446 16.43419287 171 156 141
-0.81669359 -4.32034446 16.43419287 171 156 141
-0.84284040 -4.27843664 16.36713148 109 93 77
-0.87751081 -4.15922754 16.35137903 141 131 122
-0.67597054 -4.10665443 16.54548334 174 163 151
0.45174636 -3.58629730 16.44361700 61 59 54
-0.33919452 -2.88038011 11.22789947 95 62 28
-0.27213731 -2.40401058 11.44521406 195 187 176
-0.69770931 -3.38280595 9.88302096 155 117 78
-0.75240227 -2.64921967 10.08615954 195 187 176
-0.65253176 -3.26425081 9.64900503 173 139 102
-0.60961431 -2.83080890 9.58722178 167 132 103
-0.60961431 -2.83080890 9.58722178 167 132 103
-0.45035475 -3.18864900 9.41840998 139 103 61
-0.92922656 -2.42230888 9.10252807 201 190 171
-0.28280429 -3.24309732 9.32691939 168 129 90
-0.31409034 -3.08042452 9.22709060 131 100 69
-0.23973786 -3.12717400 9.22256446 164 127 85
-0.20981325 -3.12427779 9.11852916 155 113 70
-0.56085568 0.29022619 10.55048677 186 176 164
-0.56055511 -2.37090220 8.88569578 63 41 2
-0.20534790 -2.92862214 8.96682682 56 29 1
-0.54866631 -0.83483913 9.77331171 159 134 106
-0.45630194 -0.48765562 9.83822105 86 60 25
-0.45206065 -0.55222640 9.75753290 155 127 96
-0.47055225 -1.91178208 8.93685205 121 86 56
-0.29340355 -2.43120417 8.75027089 68 39 1
-0.14345631 -2.86381226 8.64348073 119 76 29
-0.30265344 -0.14459380 9.77117318 147 124 97
-0.47287275 0.62930441 9.97436913 85 69 50
-0.30681469 -1.74072273 8.89770004 156 122 85
-0.28742060 -0.10517295 9.74498416 152 126 98
-0.08159342 -2.04109176 8.75221180 144 108 78
0.35885529 -2.84669994 8.73398575 121 83 46
-0.18806623 -0.21469447 9.41386982 111 85 50
-0.16458690 -0.36111010 9.24630959 159 130 94
-0.03905968 1.02680663 9.72829310 191 178 161
0.41187238 -2.18492605 8.69248393 92 61 33
0.95197884 -2.27055596 9.06429704 176 145 122
0.15092123 0.80511627 9.52825216 70 54 37
0.20950483 0.84207531 9.48372305 87 70 52
0.12075939 0.26517638 9.13102636 141 116 85
0.62343278 -1.12339612 8.99171763 88 54 13
0.31747621 -0.09163882 8.86698547 136 104 69
0.78988693 -0.98936634 8.89783791 163 127 91
0.55679668 -0.42763626 8.76539107 158 121 79
0.51844622 -0.01432237 8.75850744 67 40 8
0.98829405 -0.89912877 8.77426338 126 86 37
1.51882087 -0.66496930 8.58055272 178 145 115
1.01344000 0.30806781 8.25119282 150 120 82
1.12049131 -0.02704199 8.24041685 159 122 85
1.53586774 -0.22764726 8.02092158 173 135 95
1.54972448 1.25505251 7.98200687 137 112 85
1.46412732 0.66602075 7.72898741 161 129 87
1.41207467 0.60460364 7.64782650 161 129 87
1.47270028 1.71166970 7.76022925 97 61 14
1.43065805 1.99281584 7.74612841 73 46 2
1.43867163 1.95088167 7.64543985 156 123 89
1.63910466 1.48919627 7.59760176 68 39 2
1.63910466 1.48919627 7.59760176 68 39 2
1.68747708 1.02318604 7.47106628 135 106 74
1.81085546 0.31401250 7.39002029 70 44 4
1.86339036 0.52252631 7.23501514 133 104 66
12.01322401 -0.04410621 7.37180847 126 151 196
11.72270953 0.08620401 6.83412484 96 99 108
2.06920772 1.23858740 7.85433061 167 137 108
-0.81499719 -3.47448251 10.10944588 7 1 4
-0.80505621 -3.28368248 10.18650312 195 183 172
-0.85142401 -3.10364538 10.18036887 184 174 164
-0.76366508 -3.02644645 10.09226450 90 64 28
-0.81320316 -3.02413344 9.90222064 152 120 87
-0.73811294 -2.82059007 10.15447231 104 81 56
-0.78923551 -3.01526029 9.85316247 143 113 77
-0.49221904 -2.50954650 10.75704463 119 96 76
-0.27272934 -3.65736786 10.05233748 126 97 54
-0.86888041 -1.67485898 10.63263270 113 112 107
-0.22646739 -3.61979189 10.03308853 152 114 78
-0.75893478 -2.88480443 9.75306046 153 124 97
-0.66748015 -2.60877044 10.09403593 104 79 52
-0.17363225 -3.58255549 9.96321636 143 106 64
-0.66230924 -2.84725205 9.46282143 175 143 105
-0.04658005 -3.51067437 9.84458119 140 110 81
-0.64072305 -2.73455289 9.48798707 45 25 6
-0.50520714 -3.06011817 9.41666559 150 109 61
-0.61255515 -2.63345445 9.46510312 160 128 98
-0.95283590 -2.32693550 9.14477382 151 141 131
-0.48755559 -2.93310609 9.36182625 157 119 79
-0.44586224 -3.00962803 9.36283945 108 73 31
-0.56270733 -0.37612886 11.02526483 181 172 163
-0.62695242 -2.51872377 9.44048001 86 63 29
-0.52919756 -2.87588936 9.32433034 151 115 70
-0.41745962 -3.00236852 9.35641427 131 103 67
-0.94605572 -2.29270384 9.11391927 47 25 2
-0.86140222 -2.59030289 8.97992592 176 173 173
-0.86140222 -2.59030289 8.97992592 176 173 173
-0.37566225 -2.97899363 9.31655606 6 2 2
-0.36105346 -2.98169519 9.28097354 146 138 127
-0.41855894 -2.89967834 9.17665627 151 121 86
-0.41814530 -2.79020513 9.23397634 151 116 75
-0.67227588 -2.68423164 8.88579764 138 105 67
-0.18901739 -3.11857283 9.23054102 59 26 0
-0.70765116 -2.55535998 8.89038214 66 38 1
-0.54773260 -2.71846418 8.95779851 41 19 0
-0.66406900 -2.55142249 8.88191916 68 42 8
-0.71100168 -2.35306836 8.92510764 58 33 3
-0.15844595 -3.13030572 9.12585369 70 34 1
-0.31417104 -2.80077137 9.06852324 84 54 18
-0.31417104 -2.80077137 9.06852324 84 54 18
-0.64516473 -2.04004084 9.03585054 136 102 65
-0.37443696 -2.71091038 8.90157929 145 108 69
-0.20975151 -2.90063006 8.95903572 167 125 85
-0.52767388 -2.37578005 8.86414365 62 34 4
-0.33993275 -2.81791309 8.80112463 63 34 7
-0.44422785 -2.56022313 8.81671480 147 112 71
-0.21812997 -2.82840735 8.92492788 75 42 10
-0.43263367 -2.59846981 8.78994076 56 31 0
-0.56173692 -1.96988389 8.98617224 44 22 1
-0.53818175 -1.93628064 8.97097857 146 113 80
-0.37253567 -2.61069217 8.76569591 55 29 3
-0.51019231 -1.76010885 9.07320277 62 29 1
-0.56727820 -1.71709146 9.00063105 161 134 99
0.41815815 -3.29734954 9.27575564 129 86 45
-0.37389270 -1.23583788 9.46060293 127 106 76
-0.41715517 -1.00995219 9.53485479 43 23 1
-0.41715517 -1.00995219 9.53485479 43 23 1
-0.46464992 -1.90331533 8.94260117 126 96 62
-0.35434505 -2.41660077 8.77024720 60 32 1
0.52551097 -3.29272273 9.32465750 158 123 85
0.48365604 -3.25966589 9.26082669 136 90 49
0.03317308 -3.00581004 8.85194521 155 117 75
-0.26500611 -2.64144936 8.69595124 49 25 2
-0.33988275 0.37632863 10.27013407 85 77 65
-0.35586845 -1.99078150 8.91405218 57 30 2
-0.10384986 -2.91813711 8.69277685 147 113 69
-0.38375571 -1.74645394 8.96866837 163 130 91
-0.25572992 -2.43444292 8.74301034 67 34 1
-0.33276272 -2.00177108 8.88750252 57 30 0
-0.33755685 0.36932042 10.14171325 81 68 54
-0.34843675 -0.24909956 9.78999011 146 125 93
-0.30689633 -1.96066675 8.90375352 151 118 79
-0.22913758 -1.34079801 9.30141660 103 78 46
-0.29509761 -1.12779566 9.33851766 46 23 0
-0.33834046 -0.36574710 9.69555950 72 44 8
-0.20868230 -2.44261160 8.73024053 56 31 0
-0.25563825 -2.23102079 8.77436537 59 35 2
-0.27337632 -2.20484659 8.76720476 142 109 76
0.37096787 -3.10349802 9.00208321 178 150 111
0.78685421 -3.22114424 9.41921506 178 176 179
-0.30862634 -0.31257230 9.68593030 98 71 41
-0.33198324 -0.55449622 9.49381278 44 24 0
-0.38176090 0.35568163 9.90892223 178 149 110
-0.14817977 -2.45464350 8.70156505 68 36 4
-0.22213914 0.26609062 10.01276116 40 23 0
0.18148761 -2.97127083 8.78079356 170 132 92
-0.24387120 -1.81588343 8.90014708 64 33 4
-0.19443694 -2.03739246 8.81101069 64 36 2
-0.25339852 0.27535633 9.91698452 50 27 1
-0.20250822 0.22234818 9.92674496 114 89 58
0.45291918 -3.10643758 8.95372673 172 138 103
-0.14480810 -2.14745926 8.75756156 159 126 90
-0.02620744 -2.44244177 8.68381433 143 108 68
-0.11156660 -1.95514618 8.82568054 149 115 80
-0.11156660 -1.95514618 8.82568054 149 115 80
-0.22687379 -0.83070635 9.24844193 148 116 77
0.58987217 -3.00850863 9.03502619 160 129 95
-0.08982691 -1.83630958 8.85378775 64 36 0
1.12054605 -3.12101919 9.54332947 130 107 80
-0.14367518 -1.59761570 8.88984821 150 114 78
0.02306143 -2.35535990 8.68304441 130 97 67
0.85527646 -3.03650825 9.26219107 174 145 112
1.01618358 -3.12631455 9.38834527 152 121 83
-0.12222225 -1.00825783 9.17339784 150 111 72
-0.17114163 0.25977258 9.72678162 37 14 0
-0.17762808 -0.59555156 9.27142578 141 108 61
0.53763167 -2.89990993 8.92568788 94 58 22
-0.08046128 0.22848214 9.77154285 140 112 75
1.10625574 -3.09253285 9.39833362 118 90 60
-0.26068500 0.59854986 9.68690137 149 117 79
0.11045648 -2.25707858 8.69855313 133 98 58
-0.06711958 -1.47438787 8.87913890 34 20 4
0.32761569 -2.70241926 8.70178020 160 127 91
0.00121423 -1.66587091 8.83563256 64 35 1
0.02627673 -1.78849656 8.79303436 159 121 83
-0.24830807 0.47532647 9.56191206 140 111 69
0.09968012 -1.98394722 8.76852167 126 90 53
-0.17832256 -0.27862310 9.26322177 176 147 115
0.54696581 -2.77105133 8.84943697 195 161 128
-0.15860923 -0.00422799 9.39190871 167 137 97
1.14898404 -2.82093421 9.46019561 137 103 70
-0.24944605 0.87175316 9.69322040 187 169 151
0.13646087 -1.88626352 8.77344147 69 41 12
0.72039340 -2.76792080 8.97981758 159 128 96
1.10049891 -2.86988095 9.32791970 124 92 53
-0.10623522 -0.36958853 9.20894890 56 30 1
-0.10623522 -0.36958853 9.20894890 56 30 1
-0.05058248 -0.54567396 9.18109241 63 37 1
0.15126010 -1.83691677 8.77704043 144 111 68
0.00606418 -0.83833089 9.08557163 145 111 75
0.76731867 -2.77062443 8.98414961 105 68 33
1.01161392 -2.80418996 9.20578682 168 141 107
0.16889237 -1.69839342 8.81641389 52 25 0
0.80809649 -2.72058220 9.01101704 113 79 42
0.71204579 -2.71626147 8.90722183 155 124 92
-0.13262661 0.36211497 9.41244567 160 132 97
-0.06398068 -0.42646345 9.12444904 146 114 75
-0.10845388 0.52584635 9.47616383 169 141 103
0.27976438 -2.03267398 8.71603034 185 152 116
0.35687670 -2.14674567 8.73721443 69 40 7
0.03918459 -0.55247343 9.06561191 142 109 71
-0.01657250 -0.34245502 9.06534812 61 31 0
0.32161036 -1.43160056 8.91893878 35 21 3
0.28750926 -1.02179714 9.04683413 145 106 67
-0.04056993 0.19183401 9.24008289 165 136 102
0.01440637 -0.07163614 9.16369861 51 28 1
0.90705094 -2.39436458 9.04380367 164 133 102
0.03129588 -0.38258386 9.01916040 167 136 100
0.10872913 0.83692742 9.55713619 117 93 70
0.56951567 -1.29006949 9.05664631 155 118 80
0.17205526 -0.39743207 9.03179368 138 105 64
0.53525340 -1.14546104 9.04032155 79 42 4
0.53525340 -1.14546104 9.04032155 79 42 4
0.13158906 0.36605160 9.24974093 82 57 17
0.09761550 -0.10602046 8.98509482 143 113 76
0.28916189 -0.60016716 8.91706445 150 106 68
0.90535460 -1.58290264 9.09447865 185 178 170
0.13775417 0.11436322 9.03604399 165 137 100
0.41891795 -0.74213332 8.93482207 162 123 82
0.81312661 -1.67036347 8.92693032 185 178 170
0.21322892 -0.19572645 8.92876344 71 38 6
0.21322892 -0.19572645 8.92876344 71 38 6
0.17453000 -0.05078171 8.93952521 160 130 92
0.18151284 0.13311559 8.98069736 168 142 108
0.27151506 0.06684689 8.95693108 59 34 3
0.28728165 -0.02740300 8.84949795 160 129 91
0.38502787 -0.07641300 8.85964768 57 30 1
0.41099191 0.02933742 8.76975359 152 117 75
0.53760073 -0.18077000 8.80836903 148 113 73
0.75143558 -0.50997498 8.85138085 151 113 72
1.40407446 -0.96565857 9.24014046 131 102 74
0.59782084 -0.16095673 8.77026935 147 111 68
0.65531906 -0.37362474 8.73853473 147 111 75
0.53813765 -0.06590046 8.66346982 131 97 60
1.47447940 -0.90119719 9.18012027 133 101 71
0.85035834 -0.61663176 8.71456544 159 126 84
0.96526760 -0.64767251 8.72695007 151 115 72
1.07516835 -0.79425315 8.76193172 168 133 94
1.45982127 -0.87771592 9.05273142 137 100 57
0.73172001 0.66372356 8.90694439 147 123 89
0.64997130 0.02843146 8.61901664 144 111 77
0.85279528 -0.22150594 8.60904379 148 110 65
0.74897440 0.32929241 8.64577555 162 131 93
1.68257095 -0.79061647 8.97818298 191 188 184
0.79287470 0.32294702 8.51902795 152 121 85
1.29249373 -0.63653677 8.62224715 160 118 79
0.89070913 0.02501160 8.43058835 64 38 1
1.76612096 -0.67593251 8.91580009 133 98 57
0.93795156 0.02504774 8.43327253 175 139 102
0.93663529 0.10356689 8.38320530 142 106 68
1.55142199 -0.63151750 8.62846746 176 142 108
1.12924706 -0.21934191 8.33260587 162 127 86
1.63433896 -0.62569944 8.62307989 107 64 18
0.92073561 0.21896616 8.26481303 143 112 76
1.20582860 -0.19952799 8.34026001 162 128 83
1.93076211 -0.59042774 8.79561750 187 184 176
1.03639126 0.52346052 8.26439704 137 109 69
1.62103723 -0.43050964 8.37642632 171 131 88
2.07612584 -0.34975841 8.71765006 124 89 49
2.06277699 -0.45033751 8.65721568 119 84 47
1.19603423 0.69528250 8.15917053 76 52 16
1.21877848 0.79200169 8.12836704 135 107 70
1.21877848 0.79200169 8.12836704 135 107 70
1.24423409 0.81510517 8.08256460 164 138 104
1.23293547 0.62959623 8.00494248 168 139 102
1.28799650 0.82529600 8.01757996 151 126 96
1.35588080 0.36209270 7.93423916 67 37 1
1.29171764 0.47551519 7.90690256 145 118 83
1.03447035 0.50518744 7.71621111 155 129 96
2.13577473 -0.40067832 8.30510853 138 97 52
1.37578254 0.36767006 7.89200755 65 35 1
0.90271303 0.32758571 7.52514918 155 129 96
0.90271303 0.32758571 7.52514918 155 129 96
1.63042774 -0.16422789 7.93722365 148 110 71
1.36896501 2.02516412 8.19224378 171 155 139
1.53177378 1.84195974 8.24679667 79 59 32
1.56794593 1.21326036 8.04546820 151 125 98
1.50326045 1.02694767 7.93124109 71 46 11
1.70563425 1.39508157 8.09562517 78 52 19
1.68842986 1.51818752 8.09395429 76 56 33
1.43067522 0.73043747 7.74893425 158 128 90
1.53933954 1.17801160 7.87695931 78 52 19
2.47183411 -0.29969007 8.22017691 139 119 92
2.51351343 -0.28883361 8.17789804 133 109 82
1.50055899 0.57981626 7.63676773 139 110 75
1.53396740 0.85524911 7.70240125 59 37 5
1.52882130 0.78015057 7.64710823 162 136 104
2.55614716 -0.27597558 8.11299624 134 111 80
1.39581387 2.12939010 7.77100443 176 158 143
1.55796825 0.94480934 7.62920154 175 145 111
1.58221593 0.61396962 7.53103050 152 122 86
1.50212974 2.04222820 7.61449230 79 53 19
1.73070411 0.51015011 7.41686833 71 38 1
1.73070411 0.51015011 7.41686833 71 38 1
1.73563713 0.45948134 7.39697021 141 111 75
1.62648709 2.13899990 7.59164311 89 67 46
1.64505825 1.71814271 7.53112693 139 106 64
1.72501534 1.09299543 7.46674039 51 25 1
1.69219993 1.67253155 7.43310657 131 101 63
1.84841780 0.57217984 7.32131687 64 38 0
1.84841780 0.57217984 7.32131687 64 38 0
2.59203525 -0.21865599 7.64655674 126 89 50
1.92645095 0.38398955 7.31449775 80 49 15
1.86205252 0.78340760 7.26794057 45 19 1
1.85412129 1.62795793 7.35833525 74 45 1
1.92302216 0.59535665 7.24196348 68 39 6
1.90971311 0.85322778 7.24917592 120 89 56
0.70183991 -0.40211983 6.29091135 125 94 56
1.93677567 1.27960265 7.27152068 150 117 80
1.93517806 0.74774485 7.15201648 143 117 83
2.03209609 0.57545480 7.15834616 135 107 75
2.44175499 -0.07360721 7.27039284 163 128 83
2.08181090 1.14943916 7.20154076 137 103 61
2.08513601 1.36479590 7.20377096 145 114 79
2.63124759 -0.11855699 7.29848955 146 114 76
2.18908498 0.85356986 7.08594731 151 125 92
2.40183405 0.18818483 7.10007354 144 106 67
2.36150664 0.31647403 7.07951307 127 102 62
2.85736452 0.02962240 7.28947492 208 199 190
2.81630145 0.00086947 7.12649558 174 140 103
2.70421279 0.16057437 7.03436095 175 143 105
3.90917060 -0.09582379 7.56068085 170 140 112
4.15193222 -0.11261093 7.67405918 139 119 87
4.12699024 -0.04397158 7.58570891 145 108 69
3.79202671 0.10443770 7.34179932 111 72 25
3.79202671 0.10443770 7.34179932 111 72 25
0.60068580 -0.01323349 8.68250207 174 141 101
0.76834340 0.76612197 8.93990971 167 145 119
0.87072303 0.18552021 8.32213324 165 138 109
0.92563398 0.35158876 8.35601748 167 139 110
1.24501810 0.59026465 7.92112392 172 146 114
1.66774944 0.97546782 7.55271930 137 110 80
-0.49584414 -4.88553720 16.89611005 195 181 168
-0.88233373 -5.15343296 16.73127493 66 59 44
-0.37012208 -5.09326319 16.81413995 49 37 13
-0.31728579 -4.92867467 16.93031880 193 186 178
1.43119509 0.89506868 7.85443218 159 133 98
-1.05672803 -5.01678284 16.60777930 89 81 72
-0.85537293 -4.21374530 16.22167743 90 79 76
-0.82438836 -4.21210046 16.31305632 90 79 76
-0.74085974 -4.24146840 16.42588413 77 67 58
-0.42862498 -3.87401941 16.22173102 171 168 158
-0.43323180 -3.68781737 16.15059080 175 166 158
-0.25142538 -3.22438743 9.33331365 162 123 84
-0.67963349 -2.63877899 8.91323735 178 149 113
-0.31693512 -2.97992154 9.19551992 13 3 1
-0.31693512 -2.97992154 9.19551992 13 3 1
-0.51404199 -0.94898260 9.56839834 144 115 85
-0.28778613 0.11168473 9.53830525 78 54 27
-0.16673389 0.40988701 9.46350581 72 43 5
1.43834036 -2.31265873 9.69948066 184 183 189
0.19711699 -0.48596724 8.91577036 138 105 73
0.57733413 0.05768734 8.65913704 133 100 64
0.64749756 0.32435012 8.28056878 170 151 125
1.91421257 1.86663723 9.22867767 125 92 61
0.39366328 -0.13100210 7.98986267 83 58 27
-0.84560469 -3.41070087 10.04919944 133 103 73
-0.89759030 -3.29911979 9.94610929 184 171 161
-0.83550736 -2.99839467 9.95831789 127 102 77
-0.74758548 -3.21860374 9.76229953 136 101 64
-0.58316013 -3.53832827 9.70069390 179 142 99
-0.58316013 -3.53832827 9.70069390 179 142 99
-0.67977529 -3.09367766 9.62328930 152 120 79
-0.31723141 -3.56908734 9.73088847 136 96 55
-0.65917967 -2.95472661 9.56474864 152 120 87
-0.65694916 -2.93252409 9.55866510 147 114 77
-0.17400195 -3.59450980 9.74249045 138 109 73
-0.14384568 -3.57874046 9.71082060 147 117 83
-0.62321845 -2.72203821 9.52761230 45 25 6
-0.62152902 -2.54366515 9.53485153 76 51 22
-0.52961170 -2.96630367 9.38729266 110 78 34
-0.51249374 -2.98910777 9.38837324 158 124 85
-0.65539274 -2.58618981 9.41562892 76 51 22
-0.44047037 -3.00974709 9.37044840 108 73 31
-0.39468930 -3.07258307 9.32675671 146 115 76
-0.35878412 -2.98315881 9.28545096 146 138 127
-0.66401886 -2.59615541 8.99538163 136 106 68
-0.26441708 -2.98916125 9.29266730 139 111 74
-0.19192680 -3.19852036 9.24475731 162 124 85
-0.74487714 -1.91029738 9.13837823 52 25 5
-0.73870150 -1.82407971 9.16365545 162 136 102
-0.56344019 -1.00743011 9.86366114 75 52 8
-0.32378722 -2.75099738 9.16350572 146 110 59
-0.26636827 -2.92646366 9.07121308 154 118 74
-0.10046995 -3.16522942 9.09683778 180 142 106
-0.53857902 -2.09393369 8.97121957 158 125 94
-0.54015105 -1.94163362 9.03500086 44 22 1
-0.12920498 -2.86186286 8.94370664 157 118 74
-0.41428162 -1.06215016 9.40629758 138 112 85
-0.08927567 -2.91071486 8.84179352 79 53 26
-0.32813296 -2.17387780 8.88266212 58 31 0
-0.34289256 -1.97352924 8.94311378 57 30 2
-0.25338536 -2.11065000 8.85428140 150 117 82
-0.34408087 -0.20008853 9.59991373 146 123 99
-0.48511764 0.61633851 9.70768932 182 165 148
-0.31555097 -0.43703133 9.35809213 166 136 105
-0.10057312 -2.02828544 8.83884938 63 35 3
-0.41162979 0.51611053 9.61046994 63 31 3
-0.29063454 -0.44125901 9.29120934 150 118 86
-0.29063454 -0.44125901 9.29120934 150 118 86
0.15799877 -2.83137911 8.69177316 173 139 102
-0.24900160 -0.35031893 9.29414709 171 142 107
0.29773213 -2.89335989 8.74447754 180 146 107
0.51114541 -2.93258411 8.90817192 137 99 62
-0.13399244 -0.47781653 9.12527188 155 124 86
0.07434819 -1.82496345 8.79768965 154 119 79
0.52106830 -2.83855399 8.86111413 194 163 130
-0.11355473 -0.35037339 9.12779114 156 126 88
0.17542971 -2.08225208 8.74306112 59 30 0
-0.17075587 0.29823880 9.32157819 160 132 97
-0.12707575 -0.09354329 9.18627037 159 129 94
-0.10720393 -0.28543571 9.10309211 167 138 99
-0.10720393 -0.28543571 9.10309211 167 138 99
0.21853507 -1.83701628 8.78888544 142 106 69
-0.10080451 0.51848891 9.34706139 144 115 81
0.00741307 0.14850617 9.19809410 87 64 32
0.61807639 -2.00316281 8.84716594 85 59 26
0.57025260 -1.10293402 9.00423238 152 112 70
1.30240547 -1.16042372 9.35812071 197 186 178
0.45246678 0.22103310 8.78462835 166 135 103
0.91919019 -0.68743726 8.75790850 70 37 0
0.58573142 0.23486412 8.67453543 68 45 14
0.66324540 -0.00312764 8.57265284 139 105 68
0.79101087 -0.28180118 8.60451393 152 113 70
0.65309534 0.23284645 8.61102432 150 118 81
0.65619458 0.37895292 8.64022186 162 134 98
0.81467588 0.59658302 8.61826218 84 56 19
0.84278729 -0.09180042 8.45756271 110 75 38
0.91584921 0.56656962 8.36590753 140 109 72
1.02152760 0.04912669 8.25809576 159 126 90
1.30427736 0.47218862 7.88482594 145 116 77
1.54574545 1.68785293 8.26561676 73 60 51
1.28263053 1.90211667 7.93071192 183 167 148
1.64211942 -0.06462453 7.86781969 144 109 69
1.47094883 0.56709278 7.70635606 142 113 77
1.33042630 1.97522075 7.73832898 68 49 32
1.57326513 1.40606557 7.84024410 136 108 76
1.33420234 1.73283017 7.70520402 133 100 64
1.61357177 1.58225184 7.69369284 78 45 4
1.69035196 0.80320135 7.43990723 133 103 65
1.83635479 1.41939176 7.35047647 151 118 79
2.83564464 0.17668673 7.11431200 152 122 84
4.30705190 -0.08691052 7.67939833 182 168 155
-1.69780526 -4.25633101 16.06326457 124 112 95
-1.52506145 -4.47374785 16.21999768 123 110 94
-0.86826825 -5.30247916 16.88222764 149 140 129
-1.19560050 -4.80098446 16.69346903 153 141 125
-1.05814012 -4.97206704 16.81187783 102 95 85
-0.86758921 -5.21768213 16.98030342 4 2 1
-1.14941229 -4.84446257 16.69156930 77 68 61
-0.95077255 -5.00658335 17.13450177 133 120 110
-0.76544753 -5.21122097 16.91316038 130 120 110
-0.88146756 -4.81187652 17.16116351 159 149 139
-1.36321267 -4.35051033 16.08815151 132 119 103
-0.81421086 -4.96268925 16.89819957 165 156 146
-1.01192750 -4.68367301 16.70102799 150 134 120
-0.90612593 -4.73465514 16.99004728 175 163 165
-0.90612593 -4.73465514 16.99004728 175 163 165
-1.33624496 -4.33276428 16.16435485 132 119 103
-0.65326949 -5.20465366 16.69034911 100 80 53
-0.72992580 -5.00114866 16.81973031 148 131 114
-1.35764537 -4.22526360 16.14828032 93 87 82
-0.54054871 -5.18504411 16.91890795 188 175 159
-0.78316490 -4.78082483 16.93928598 167 156 152
-0.66854823 -4.97046209 16.78874651 168 158 148
-0.56170693 -5.05301216 17.01436095 195 182 172
-0.48896216 -5.10325439 17.03977055 138 127 116
-0.60454903 -4.91287347 16.79359086 95 84 72
-0.60454903 -4.91287347 16.79359086 95 84 72
-0.34384767 -5.17524434 16.91727474 188 180 169
-0.67182268 -4.65816434 16.72073785 152 143 132
-0.36036663 -5.09357684 16.76027046 50 36 16
-1.03468356 -4.24073541 16.06579497 117 104 85
-0.65790647 -4.56568021 16.64657195 139 125 112
-0.65804366 -4.45457496 16.56968798 98 86 70
-0.33442840 -4.82822297 16.95232336 182 173 166
-0.08637255 -5.05556462 17.24300865 167 159 156
-0.77333154 -4.15564259 16.57827265 134 124 114
-0.52645722 -4.54110201 16.61339492 143 127 111
-0.70527184 -4.30846981 16.29953045 87 75 58
-0.55253111 -4.37051977 16.64165113 165 153 145
-0.65449718 -4.27013555 16.39519533 172 157 149
-0.53928498 -4.24639601 16.66186281 165 155 145
-0.43383947 -4.34928235 16.64148684 102 92 75
-0.27167314 -4.25907895 16.51799803 117 103 84
0.47182595 -4.86451249 17.24939668 210 219 230
0.37851004 -4.67206301 17.28633475 121 112 96
0.38007032 -4.59030273 17.34993791 117 108 97
0.58167521 -4.82672739 17.33663574 33 32 28
-0.32505278 -3.99637897 15.87138262 64 53 46
0.69645157 -4.85527377 17.46367301 9 11 5
0.69645157 -4.85527377 17.46367301 9 11 5
0.69463991 -4.82130358 17.42272521 156 152 145
0.41830034 -4.53782271 16.77134652 70 70 64
1.44499491 -4.34320191 16.98511530 95 95 93
0.80967640 -3.61892808 16.25277075 80 71 62
0.86567536 -3.63467479 16.28190388 146 137 124
0.79969484 -3.58767023 16.18422175 184 178 181
1.24316003 -3.56341754 16.65251976 125 109 94
1.17469656 -3.56204601 16.20723067 106 94 80
2.17408673 -4.19124694 17.25863644 176 170 171
2.32621297 -3.93771700 17.02262613 179 171 169
1.92918082 -3.71165950 16.10447850 104 98 86
-0.72298583 -3.56244057 10.18528811 0 0 0
-0.60798326 -3.69866613 10.15451079 1 2 1
-0.68767628 -3.60624121 10.06310897 170 135 97
-0.71062973 -3.57338574 10.05248460 180 146 110
-0.62356811 -3.66636982 10.12550630 164 139 106
-0.62356811 -3.66636982 10.12550630 164 139 106
-0.66149912 -3.62678653 10.06660688 179 145 106
-0.80473367 -3.17078598 10.16491659 142 116 88
-0.75460291 -3.33819940 9.98268749 112 79 37
-0.75777673 -3.22338575 10.00039833 46 19 1
-0.75777673 -3.22338575 10.00039833 46 19 1
-0.62699942 -3.51343164 9.93825621 103 65 22
-0.62699942 -3.51343164 9.93825621 103 65 22
-0.42706468 -3.63642866 10.09790411 155 116 70
-0.62401844 -3.38828304 9.87606074 63 33 2
-0.58126582 -3.46099257 9.81881399 107 68 25
-0.73476620 -2.96326732 9.85344482 158 126 86
-0.60331149 -3.18722598 9.68364141 116 88 48
-0.65317512 -2.74993786 9.67966038 55 33 10
-0.58536913 -2.65397143 9.50759721 148 115 79
-0.25694365 -3.31868190 9.44048270 125 83 41
-0.47065584 -2.77830557 9.32901238 166 128 89
0.03109978 -3.43368216 9.64853264 147 119 88
-0.31753878 -3.01735666 9.31466573 32 28 26
-0.46942809 -2.63769184 9.33271931 53 26 4
-0.29650961 -3.07980980 9.30850239 120 87 47
-0.29650961 -3.07980980 9.30850239 120 87 47
-0.24483240 -3.11359761 9.31445223 187 147 103
-0.83483044 -2.14507096 9.02880301 52 24 2
-0.83483044 -2.14507096 9.02880301 52 24 2
-0.69884013 -2.55642140 8.98374858 148 118 79
-0.81858745 -2.01380014 9.11845037 195 165 131
-0.81858745 -2.01380014 9.11845037 195 165 131
-0.25881309 -3.06745165 9.26401041 159 126 85
-0.37561210 -2.81177299 9.23888500 63 32 2
-0.67374490 -2.53163366 8.94795534 76 44 9
0.07361513 -3.41836284 9.47326676 165 126 83
-0.35407226 -2.90388600 9.16955031 166 133 95
-0.73012742 -2.03881506 9.06182998 142 109 74
-0.66159234 -2.39382766 8.93550870 103 75 37
-0.15292307 -3.14170213 9.13727221 163 125 81
-0.60742237 -2.34017028 8.95111291 59 32 5
-0.75501306 0.18018493 10.08640684 184 172 157
-0.62373195 -2.01030730 9.00306014 148 120 78
-0.53191600 -1.23069241 9.53994846 133 113 81
-0.59905972 -1.36699127 9.33375522 88 66 35
-0.55946386 -1.02801932 9.57056898 146 122 84
-0.04399699 -3.14451362 9.03825375 175 136 97
-0.01271742 -3.15072724 9.00494715 120 75 26
-0.46489723 -2.08679644 8.92443897 170 138 99
-0.46489723 -2.08679644 8.92443897 170 138 99
-0.43866342 -2.13689366 8.91133815 156 122 85
-0.37032868 -1.25598238 9.32192946 131 107 69
-0.26707526 -2.61438034 8.76228982 63 32 4
-0.24684279 -2.69963649 8.71595367 152 117 79
-0.56551259 0.38711439 9.84311581 89 68 39
-0.45477345 -1.10858346 9.18985579 63 36 4
-0.56723716 0.41510892 9.81167952 84 67 41
-0.00598405 -2.93505533 8.83600550 73 39 11
-0.40692539 0.16833270 9.85851224 155 127 89
-0.57276732 0.41919855 9.77635757 94 75 49
-0.23451530 -2.38543344 8.76773893 161 123 84
-0.27855246 -2.01586932 8.86790313 62 33 2
-0.56207141 0.49377645 9.73688541 183 164 148
0.31175169 -3.18948406 9.01070364 147 103 61
-0.50545494 0.38491300 9.72548976 181 147 109
-0.46072066 0.22072243 9.69070507 184 151 116
-0.27933303 -1.24411935 9.19770265 55 30 1
-0.16807504 -2.43309139 8.75397815 71 38 3
-0.51332209 0.43410296 9.70923047 150 119 81
-0.09163223 -2.63565927 8.69513289 162 120 79
-0.34284276 0.09906384 9.66491212 131 103 68
-0.33681587 -0.32696656 9.44041813 142 118 84
-0.08780261 -2.44707779 8.73068621 74 43 6
-0.38651354 0.27075528 9.55113473 82 47 4
-0.30816650 -0.37417515 9.33836721 91 65 31
-0.14349917 -1.84139166 8.85430249 71 38 1
0.06850291 -2.69457291 8.67318380 75 40 0
-0.26928005 -0.19823708 9.35045656 76 48 12
-0.26032431 -0.51879298 9.21485612 58 30 8
0.75503812 -3.11656275 9.21560367 187 153 114
-0.11183852 -1.82826146 8.75029917 176 138 99
-0.11183852 -1.82826146 8.75029917 176 138 99
-0.00658914 -2.07623907 8.75849524 72 42 7
-0.22670521 -0.55791400 9.15719484 144 111 74
-0.23766431 -0.39846339 9.19331300 182 154 117
-0.32504901 0.64070899 9.49913237 112 83 51
0.17019245 -2.52299044 8.65707458 67 37 2
0.17019245 -2.52299044 8.65707458 67 37 2
0.84206594 -3.07260711 9.15787882 171 138 104
-0.11028243 -0.63389887 9.06792134 62 32 2
-0.24606832 0.64475769 9.38265667 87 69 41
0.29830348 -2.49851272 8.70500951 177 140 98
-0.17169366 0.63598124 9.41174723 142 112 76
-0.17208859 0.00844945 9.13445877 145 115 79
0.60980352 -2.82936903 8.84409100 189 160 126
0.22921479 -2.13139351 8.69131087 76 44 9
0.36409831 -2.51616653 8.67885951 170 136 98
-0.12686638 0.73632429 9.43162026 98 80 55
0.33777267 -2.23607985 8.73626926 162 129 86
0.34817896 -2.32116695 8.70525512 89 57 20
-0.06922975 0.82234266 9.50826687 98 80 55
0.25913000 -1.85572409 8.77191819 177 146 102
0.26642684 -1.97049799 8.70939250 95 63 28
0.51893854 -2.63837730 8.73173048 188 156 121
-0.07080680 -0.26723992 9.00225410 163 132 95
0.41439690 -2.13866507 8.72643034 183 154 117
0.42900662 -2.19404925 8.72065360 167 138 104
0.44150035 -1.96056609 8.80354674 82 56 19
0.04412381 0.70083250 9.36764515 85 70 45
0.52538229 -2.12229121 8.78414965 109 79 41
0.45648290 -1.31309398 8.97213085 151 112 71
0.00837967 0.12794992 9.02990679 139 113 78
0.43359074 -1.33661170 8.93533450 151 112 71
0.60780868 -2.24209425 8.75776400 164 134 98
0.88929110 -2.32991829 8.94359391 144 115 87
0.70544706 -1.26947222 8.97610011 175 136 94
0.25333051 0.19270538 8.90705027 98 72 36
0.36154136 -0.37235096 8.77326123 78 46 4
0.47772872 -0.50378778 8.75064956 170 130 81
0.36735062 0.01961499 8.73464825 142 110 72
0.40689850 0.11202255 8.73861934 59 32 2
0.48212079 -0.06484349 8.70211488 65 32 3
0.51032471 0.13685634 8.71516790 153 123 87
0.61540628 -0.16970654 8.67810675 157 119 72
0.70626306 -0.43293423 8.65640240 145 113 75
1.09120036 -0.95575958 8.82663774 116 78 32
1.09120036 -0.95575958 8.82663774 116 78 32
0.65242834 -0.15560017 8.61571394 151 112 73
0.67804385 -0.12935542 8.58951915 154 115 74
1.04880649 -0.81730541 8.73665604 172 138 93
0.63060224 0.08754156 8.58890115 128 95 54
1.02198084 -0.60684506 8.64553181 162 123 80
0.92541700 -0.37629938 8.45555164 135 98 54
0.90543251 0.20949505 8.31072382 146 114 76
0.97073731 0.31068530 8.29156519 50 25 1
1.34287059 -0.44282297 8.35342972 167 132 89
1.36348694 -0.33105460 8.30999537 164 125 80
1.07844338 0.52416667 8.16110000 171 141 106
1.13974101 0.72682308 8.16703485 153 125 88
1.68823472 -0.33637710 8.12674487 174 133 86
1.41710302 1.87461257 8.15194602 170 139 108
1.32099991 1.79636057 8.04472536 153 124 88
1.32054404 1.83673788 8.01401335 140 105 70
1.46568119 1.80482746 8.10983778 82 47 15
1.46568119 1.80482746 8.10983778 82 47 15
1.43083232 0.39665744 7.82699191 68 38 3
1.43083232 0.39665744 7.82699191 68 38 3
1.39207733 0.54532449 7.81088388 176 144 105
1.62121701 1.66874922 8.11648288 55 28 6
1.62121701 1.66874922 8.11648288 55 28 6
1.51330500 0.23249501 7.80825567 167 127 77
1.42220398 1.75290727 7.97429798 141 108 70
1.45279639 0.90905937 7.83408944 157 131 95
1.45279639 0.90905937 7.83408944 157 131 95
1.97271122 -0.35798600 8.00469819 178 145 102
1.59447393 1.38479945 7.86507920 93 64 26
2.16311054 1.13739708 8.26410585 73 41 2
1.44492924 2.00995406 7.75250522 76 43 5
1.51835698 1.72948484 7.75587431 145 110 72
1.60688314 0.52355111 7.63238507 151 114 70
1.65943098 0.50814730 7.58257644 73 41 2
1.61360063 1.64739110 7.69450576 157 118 78
1.68755128 1.20860524 7.62834820 154 121 80
1.68755128 1.20860524 7.62834820 154 121 80
1.66174403 1.74125204 7.60651604 148 110 71
1.79880397 0.34248108 7.51162610 74 43 2
1.77745076 0.59765008 7.45707983 159 121 78
1.75279546 1.40538885 7.52621419 138 98 54
2.04923183 0.01626432 7.56958976 117 79 33
1.69069044 1.62760193 7.49893694 163 129 94
1.86301413 0.34078468 7.44592852 156 123 85
1.85690406 0.40087666 7.43917439 158 120 71
1.92445463 2.18497234 7.44754404 195 190 186
1.93321491 1.20238733 7.34549987 142 115 78
2.01317211 0.89521224 7.26389832 64 36 9
2.12659700 0.50386977 7.25012609 77 46 2
2.12659700 0.50386977 7.25012609 77 46 2
2.07895498 0.96430999 7.23050963 143 111 71
2.14247438 1.39140783 7.24269726 82 54 26
2.17136492 1.19358626 7.23072596 75 44 12
2.17136492 1.19358626 7.23072596 75 44 12
2.15246047 0.64975068 7.16512551 174 144 109
2.23232392 0.72948813 7.15791522 159 131 89
2.33111794 0.56277361 7.18003668 129 101 63
2.31277518 0.86374854 7.16729051 161 128 93
2.40530617 0.37694547 7.16373674 131 101 65
2.43265894 0.43332288 7.16223309 66 36 2
2.43265894 0.43332288 7.16223309 66 36 2
2.42919991 0.64320455 7.15465734 81 54 19
2.54369240 0.52254381 7.13441612 147 114 82
2.97673354 0.09885320 7.35808206 128 99 64
2.68174483 1.31033747 7.22263445 202 200 205
2.61690479 0.30172924 7.12335108 67 35 3
2.61361751 0.33348066 7.12321024 153 118 80
3.13829286 0.01701720 7.41349781 129 103 64
2.92013772 0.04836706 7.22803759 115 78 34
2.63878514 0.29178714 7.05792961 87 60 29
2.78622012 0.28467159 7.07509674 171 141 103
2.78622012 0.28467159 7.07509674 171 141 103
2.82668886 0.36134607 7.09491052 109 84 60
3.87893898 -0.01773441 7.65228128 135 112 81
2.92494799 0.34248002 7.09686819 144 112 74
2.90068119 0.35725645 7.06705595 139 120 97
2.95182933 0.67818303 7.07164932 192 191 196
2.97733726 0.29881634 7.03821953 125 98 66
4.06473526 -0.06298861 7.60995687 124 81 33
3.31034936 0.61628852 7.20027923 203 195 183
3.72225377 0.18895392 7.37004143 119 85 46
3.80693597 0.19336609 7.39520638 116 82 42
3.80693597 0.19336609 7.39520638 116 82 42
4.27334047 2.37487715 7.61477176 195 194 200
6.86018141 4.63169835 5.50819411 204 230 254
-1.36847767 -4.61321835 15.19354386 99 94 74
0.74730188 1.06304782 9.49478982 126 105 79
1.35629142 0.75612156 7.68169103 168 148 117
-0.32489198 -1.47485186 9.02731862 39 20 2
1.42790697 0.88252225 7.82646735 159 133 98
1.80560429 1.06521912 7.38543871 148 114 77
-0.38872077 -3.03327240 9.37073531 46 26 1
-0.24185696 -1.63252002 8.89661244 77 44 9
0.19129288 -0.07689925 8.87659305 163 131 93
2.93739121 0.05760933 7.37528224 191 185 177
1.41487245 0.63512819 7.81532306 90 61 27
-0.86210422 -3.10246089 10.15831370 185 175 165
-0.50088660 -3.38191831 9.63439565 149 110 66
-0.36350296 -3.31428637 9.51511714 171 130 88
-0.47833789 -2.87114107 9.38145215 65 32 1
-0.42206502 -2.87863188 9.30080199 149 119 86
-0.32078181 -3.02325398 9.15359721 135 107 78
-0.83602498 -2.00884258 9.11203071 174 144 109
-0.31905465 -2.74700887 9.07740480 151 113 74
-0.50264267 -0.50419768 9.82774335 136 113 86
0.35049111 -3.22608000 8.97193458 174 139 101
0.43119872 -3.23244995 9.03792299 177 148 116
0.40634913 -3.00149532 8.81705984 184 151 116
0.32628249 -2.90164353 8.72850085 124 88 38
0.11610060 -2.32312540 8.64342938 62 35 1
0.09305910 -1.08502221 9.11703788 140 102 63
-0.20975458 0.08730104 9.33064491 69 43 9
0.96941849 -3.02647703 9.18805740 93 59 22
0.89173262 -2.91336111 9.09084088 178 152 118
0.80160214 -2.77048790 8.85558035 126 96 62
0.51231782 -2.06594516 8.86800200 140 114 78
0.76115862 -2.41541520 8.78869764 166 139 108
0.05205903 -0.14303082 8.96699402 159 127 89
0.55575750 -1.19260738 8.94811548 153 119 82
0.83829289 -0.66433524 8.70251219 154 117 75
0.98851262 0.47220414 8.27268102 145 113 75
1.14759284 0.73213571 8.16494606 152 128 100
1.28370119 0.31819772 7.99701110 66 37 6
1.28370119 0.31819772 7.99701110 66 37 6
1.75347439 -0.34934109 8.08601461 158 120 82
1.34125226 1.87594140 7.92520354 159 127 90
1.53710111 1.02979075 7.78808142 83 56 26
1.59254490 1.46308339 7.70568171 119 90 56
1.66144369 0.89490997 7.49553772 54 30 1
1.66144369 0.89490997 7.49553772 54 30 1
2.08649575 0.38519720 7.18155936 155 121 85
3.09828112 0.24631802 7.04027348 132 110 85
3.82076213 0.16471654 7.36132433 171 142 113
4.25746892 -0.04695652 7.52040448 152 126 101
4.25746892 -0.04695652 7.52040448 152 126 101
12.34063919 0.03216357 7.58456354 131 150 197
-0.70321803 -3.43637365 10.11550388 139 107 71
-0.65765594 -3.14485277 9.91614979 154 118 77
-0.54466428 -3.22507813 9.63550017 155 120 76
-0.64994328 -2.75749725 9.76793861 41 15 1
-0.27848305 -3.41126735 9.68789846 177 132 89
-0.26215930 -3.18946388 9.40820878 80 41 4
-0.93510401 -2.41916676 8.96879424 170 140 112
-0.89393707 -2.12889649 9.05167328 47 25 1
-0.89393707 -2.12889649 9.05167328 47 25 1
-0.80262697 -2.33760968 8.96429956 60 33 1
-0.73321129 -2.23247873 8.93264399 134 104 66
-0.60260805 -2.08508379 8.93684602 154 120 83
-0.60260805 -2.08508379 8.93684602 154 120 83
-0.08871439 -3.09789983 8.99373908 94 53 9
-0.51619773 -0.91118384 9.63787926 72 46 19
-0.45203753 -2.54992347 8.72749096 131 94 51
-0.50796096 -2.20668227 8.84656093 69 40 8
-0.39925181 -1.23424712 9.40722898 29 13 0
-0.42494881 -2.13359656 8.82376873 174 142 104
-0.42494881 -2.13359656 8.82376873 174 142 104
-0.40237170 -0.95674583 9.39086795 155 123 89
-0.24380696 -2.62854735 8.63208573 143 104 65
0.42946285 -3.23013367 9.11020041 190 155 118
2.70595806 3.27009481 14.93388085 184 155 116
-0.17307812 -1.08926757 9.14508648 61 37 3
-0.17307812 -1.08926757 9.14508648 61 37 3
0.44228736 -2.92445548 8.82828835 191 157 119
0.28304077 -2.53420799 8.63090492 89 55 17
0.24535500 -2.26642002 8.59714585 117 84 42
0.34032183 -2.29357148 8.63916009 98 65 27
0.56293166 -2.44041177 8.66810185 147 117 83
0.29177872 0.90768581 9.63342214 137 115 88
0.57734761 -0.46071581 8.72709031 75 41 6
0.65872156 -0.42429333 8.71345092 74 46 7
0.66983037 -0.38425770 8.68064572 157 118 73
1.20904876 -0.50536775 8.44642498 94 58 10
1.00985715 0.00790507 8.22512210 164 128 84
1.15721799 0.25232474 8.08871613 137 100 61
1.45578841 -0.27971738 8.13133665 167 127 76
1.47321877 1.26397670 8.21373407 70 58 46
1.37359736 2.02763046 8.26089747 189 172 157
1.36367301 2.00836152 8.23925305 189 172 157
1.88866730 -0.42292213 7.99479004 169 133 91
1.84098511 -0.40179966 7.96321800 169 132 88
1.64721433 1.66413353 8.10025249 139 109 78
1.45062706 1.94827208 7.96712799 78 44 3
1.63064393 1.63954836 8.03789978 153 120 80
1.57027397 1.22690787 7.90842225 85 55 19
1.61554144 1.60513271 7.86878397 146 110 69
1.61905725 0.46224497 7.54354671 73 41 2
1.73807815 1.38255119 7.57157770 152 114 72
1.76565242 1.05159137 7.45501496 155 123 85
1.97853867 1.74615460 7.38936571 87 58 25
2.74486320 -0.16352067 7.73426412 148 126 93
2.32704853 -0.07545822 7.29113872 161 122 76
2.26486540 0.53330332 7.12867468 84 52 15
2.29352267 0.36304261 7.12026714 149 110 67
2.45176958 -0.00828925 7.13204321 163 127 79
2.62099945 0.08823290 7.06706900 172 140 99
2.60029179 0.30353861 7.05577374 162 128 89
2.65513915 0.07007122 7.05750850 93 62 24
2.85322928 0.00868792 7.10263426 139 99 54
2.85322928 0.00868792 7.10263426 139 99 54
3.86689663 -0.08064120 7.63783801 184 169 152
4.15163614 -0.00435443 7.61872514 158 116 66
3.61349895 0.27491109 7.25190103 149 128 100
-0.61793502 -2.76716807 8.55318685 68 38 13
-0.54850930 -2.66479192 8.51134687 166 135 101
0.93020114 0.23886146 8.31869803 165 133 99
0.58471128 0.84298565 9.38425418 172 152 126
1.29974575 0.79620857 8.03817104 103 82 53
2.88503554 0.05751216 8.15673710 153 134 106
1.13139002 0.65672205 8.21175267 82 61 34
1.37775291 0.44096813 7.80360534 111 81 48
-0.41595848 -1.26538901 9.34046377 126 101 72
-0.02046774 0.17807867 9.09517214 171 140 103
-0.02046774 0.17807867 9.09517214 171 140 103
0.51043549 0.25584085 8.72635469 147 117 83
-0.37098442 -0.67150740 9.33481578 148 118 84
-0.37098442 -0.67150740 9.33481578 148 118 84
1.62171749 -1.77084859 10.08079018 121 90 68
0.41739731 0.15012820 8.74896594 69 40 7
-0.59957245 -2.88527813 9.55732014 163 126 92
-0.31467708 0.07459273 9.45462214 78 54 27
0.46588584 -2.86618181 8.78637836 130 100 66
0.45728135 -2.00244499 8.73347214 142 112 87
2.15936413 0.76153561 7.16778598 158 125 87
0.42760646 -0.99126450 8.88832843 158 126 91
3.62168816 0.54923852 7.89070764 118 92 62
-0.70096455 -3.05582578 9.67285704 124 97 61
-0.59849024 -3.12643038 9.62097945 160 125 88
-0.52862234 -2.90001191 9.46221864 65 33 3
-0.63076155 -2.59987805 9.47329459 149 119 87
-0.41776560 -3.04952543 9.41078975 58 30 2
-0.44794244 -2.85475065 9.35343264 69 36 2
-0.57247861 -2.55284747 8.88493544 72 37 1
-0.48402494 -2.16734135 8.90120541 55 30 1
-0.43749462 -2.34222084 8.84130975 152 118 84
-0.58291187 -0.88706726 9.49835590 156 131 101
-0.47685365 -1.90914172 8.91498192 126 96 62
-0.43501462 -1.94951719 8.91144611 169 134 97
-0.52157891 -0.73930887 9.51457091 66 45 15
-0.51345251 -0.65768875 9.46366761 148 117 82
-0.53652127 -0.29502385 9.61469250 81 71 54
-0.33032389 -1.80968152 8.90246284 59 32 2
0.41873049 -3.21769892 9.08789516 122 88 43
-0.43472122 -0.86184713 9.24107666 52 25 12
-0.34536093 -0.97888598 9.20767528 57 30 6
0.04915792 -2.65485822 8.69249171 138 104 59
0.52382264 -3.15060010 9.06471822 186 154 117
-0.13273162 -1.89077019 8.79514032 124 95 61
0.55219343 -3.11920260 9.05902289 178 148 109
0.43441689 -2.99413560 8.88675446 182 146 111
0.25342547 -2.80994804 8.71948581 116 83 42
-0.01304513 -1.24571691 9.03834379 90 69 37
0.01722129 -1.79114030 8.77474198 159 121 83
0.00259880 -1.73439000 8.77014458 123 92 48
0.43755261 -2.70961872 8.79481074 94 55 13
-0.37374839 0.48492391 9.35212754 151 120 86
-0.00477360 -1.49103531 8.82234634 19 10 0
0.06653737 -1.69657194 8.77989912 60 31 2
0.99743822 -3.16720207 9.26330563 129 96 55
1.08095440 -3.14975315 9.35166889 201 191 187
-0.20158090 -0.27195999 9.07887060 90 66 32
0.87534548 -2.95847763 9.13045605 165 139 105
0.23283719 -2.13171659 8.68021941 73 43 2
0.23283719 -2.13171659 8.68021941 73 43 2
0.48667336 -2.58993981 8.77744836 89 51 10
0.26487846 -2.07966554 8.72046953 156 121 81
0.81816461 -2.85198283 9.04699211 162 133 101
1.13040165 -3.04711321 9.37125098 190 182 174
0.22804917 -1.99902966 8.68384793 127 98 65
1.01808763 -3.00550526 9.21680506 160 127 92
0.20767516 -1.74195985 8.76515679 64 36 3
-0.15218254 0.42140421 9.20980656 144 115 81
0.77666530 -2.66200883 8.90780016 117 84 47
0.49103090 -2.08384313 8.76948451 150 125 92
-0.07873962 0.55326813 9.24821066 86 56 18
0.44807803 -1.71672114 8.84338786 167 135 102
-0.04728323 0.33533611 9.10110658 133 106 73
-0.01580709 0.65633507 9.26094601 84 65 41
0.49790120 -1.37526101 8.97006438 34 15 1
0.00695013 -0.05482634 8.90986687 151 119 88
0.45158539 -1.26656090 8.89339481 134 100 64
0.94674582 -2.30751220 9.01933638 124 96 62
0.03918943 0.13622939 8.94530396 148 122 88
0.09338743 0.32439434 9.05372627 79 55 21
0.14192521 -0.17164906 8.80660397 167 136 98
0.56500723 -1.13687153 8.88826513 151 113 73
0.38129980 -0.13306238 8.66555409 69 39 2
0.56155210 -0.51800273 8.66502097 117 85 47
0.85135782 0.15456307 8.29444241 144 115 80
1.26767268 0.50503254 7.92735441 58 34 6
1.44789110 1.55837086 8.05278448 162 129 97
1.51027640 1.64093851 8.13142923 162 129 97
1.38655811 1.63416905 7.94157485 150 118 80
1.34258149 1.66048018 7.90388668 72 46 4
1.61051163 0.86725291 7.55354213 44 20 0
1.56927468 1.90658085 7.56812586 149 114 73
1.68284221 1.25675603 7.54773343 78 46 1
1.58254967 1.86521737 7.54855684 75 42 3
1.58254967 1.86521737 7.54855684 75 42 3
2.02468868 0.62187290 7.26472418 126 97 63
1.95115980 1.58762551 7.29899659 149 123 93
2.55683772 -0.18975960 7.53712525 164 131 100
2.12129184 2.33618650 7.53316514 190 185 181
2.48175346 0.65044947 7.15248895 83 58 30
2.54575782 1.44401298 7.28894482 173 169 158
2.52239249 1.07621677 7.14623025 86 73 54
3.01065337 2.26514906 7.64399555 130 129 134
2.70108876 0.29243263 7.09756226 136 107 72
2.60046941 1.08798889 7.08020543 188 191 198
3.28406028 -0.02386827 7.38589820 139 97 54
2.99392274 0.18319043 7.14565595 111 73 31
2.99392274 0.18319043 7.14565595 111 73 31
6.64294487 4.22473049 5.52911015 199 218 250
12.86423738 0.48020718 7.32913254 87 90 99
-0.98118183 -4.22691825 16.44843982 181 167 156
-0.63508882 -4.27879494 17.01222979 100 84 58
-0.74070355 -4.20832305 16.71139605 137 127 115
-0.52156068 -4.21854423 16.91854058 170 157 148
0.32691475 -3.46540701 16.15732274 5 6 1
1.71218261 -3.53042757 17.02075366 183 171 157
-0.74751975 -3.37351604 10.20548656 139 105 68
-0.50184551 -3.42586822 9.82080401 146 109 67
-0.44031376 -3.05003526 9.54783785 65 32 4
-0.41159823 -3.02767291 9.52105291 59 29 1
-0.42607121 -3.05006333 9.46529738 65 37 8
-0.39450274 -2.88834812 9.37169276 12 3 2
-0.55990612 -2.56625265 9.35488444 145 113 75
-0.40328890 -2.95415788 9.21502954 3 2 4
-0.44835607 -2.55974332 9.22006335 167 133 95
-0.61614270 -2.56420622 8.86655543 72 41 2
-0.22408647 -2.92857218 9.09784746 61 33 4
-0.68185439 -2.26660367 8.89353415 146 114 77
-0.53819727 -1.91286609 8.91806255 171 138 101
-0.37610790 -2.41261158 8.78483416 68 37 1
-0.10730517 -2.83635122 8.70813243 119 75 28
-0.17305177 -2.65557917 8.68234988 68 39 6
-0.34427601 -1.79396485 8.88184436 158 124 87
0.05449251 -2.94102323 8.72920198 193 159 121
-0.06185045 -2.66890431 8.68769138 72 40 2
-0.29370092 0.22747272 9.82281233 60 31 0
-0.20234293 -1.61771982 8.86224998 152 120 76
0.01768504 -1.70509222 8.77067285 75 43 4
0.01768504 -1.70509222 8.77067285 75 43 4
-0.17591022 0.32347400 9.40339378 129 99 63
0.24906717 -1.24314198 8.94027731 152 113 72
0.14280857 -0.89933889 8.97093666 154 116 71
-0.02007991 0.84685065 9.56595558 168 140 104
0.57092542 -2.47173065 8.71760664 156 127 93
0.69774982 -1.47465720 8.96423229 165 132 91
0.52016288 -0.92644648 8.83469682 178 137 92
0.46436151 -0.74933426 8.78143196 178 137 93
0.24148911 0.06425609 8.87765527 158 128 88
0.59723783 -0.89142350 8.82498678 161 120 74
0.81468184 -0.73409575 8.67131666 164 129 84
0.63886654 0.57648283 8.85293958 147 124 93
0.81014198 0.67681995 8.58191932 154 129 94
0.83268941 0.51651549 8.49564752 166 136 100
1.06283983 0.31858127 8.17114909 152 120 82
1.12615968 0.57716082 8.14744922 154 125 92
1.43790416 0.48319774 7.71399015 150 116 77
1.52530229 0.48955586 7.68267710 163 125 80
1.59918932 1.35334042 7.74029105 160 126 88
1.79458598 1.39311250 7.47741066 74 43 1
1.79458598 1.39311250 7.47741066 74 43 1
1.99192234 0.63508127 7.22769942 75 44 0
-0.57104880 -3.72949638 10.13504846 150 121 88
-0.76336195 -3.56921052 9.86156297 164 130 93
-0.73026201 -2.68347779 10.45802207 189 179 169
-0.76988938 -3.01621678 10.07622091 52 36 8
-0.34593344 -0.84036050 12.34158082 110 112 111
-0.77396945 -2.75985213 10.05203307 195 183 167
-0.76090203 -2.71050746 9.98561305 197 188 171
-0.63824126 -2.45586702 10.35086643 184 176 165
-0.68995402 -3.00303335 9.72451238 38 16 3
-0.70124364 -2.75534621 9.64161280 158 133 102
-0.62742298 -3.00781529 9.55210155 128 104 68
-0.68147739 -2.72994524 9.57850782 112 86 59
-0.32980372 -1.43248518 11.05436996 93 87 71
-0.50780697 -2.86935247 9.52090892 56 24 0
-0.48052440 -2.12146323 9.95209564 150 151 154
-0.52549912 -2.37873659 9.71339056 61 43 21
-0.41620621 -3.04255186 9.41714569 43 22 1
0.09055629 -3.34470477 9.97138703 159 123 84
-0.59012347 -2.97588863 9.10949671 153 117 81
-0.51927193 -2.78954893 9.26575297 147 114 80
-0.49010603 -2.85560012 9.26214612 140 102 65
0.29389087 -3.29817079 10.10382508 182 178 176
-0.79944084 -2.27052989 9.07659282 51 27 3
-0.79944084 -2.27052989 9.07659282 51 27 3
-0.32131236 -3.05382280 9.28341766 4 0 0
-0.32131236 -3.05382280 9.28341766 4 0 0
-0.79288361 -2.31258021 9.05659567 145 121 87
-0.81778666 -2.00481096 9.18334849 140 111 77
-0.46498320 -2.61986081 9.21953160 149 116 85
-0.21543827 -3.11109329 9.22943214 159 125 86
-0.52611634 -2.63707685 9.05779381 159 128 96
-0.18074922 -3.12254408 9.24188409 61 26 4
-0.70344888 -1.84147250 9.22441183 62 41 15
-0.67018150 -2.13359348 9.08425873 129 99 68
-0.12036158 -3.21003979 9.19481998 164 129 89
-0.28154623 -2.93679024 9.12052115 152 117 77
-0.50342791 -2.74267396 8.91690942 41 15 1
-0.48272578 -2.68371571 8.96794276 160 131 90
-0.37224328 -2.65261819 9.11658187 127 94 66
-0.45831882 -0.60324886 10.16765222 137 118 91
-0.28676294 -2.90153707 9.04151763 148 113 75
-0.51745359 -2.41717226 8.91642240 158 132 97
-0.59817660 -1.60008811 9.26257732 134 111 81
-0.29690096 -0.41572831 10.29871063 51 32 2
-0.53384681 -1.43812746 9.35945284 24 9 0
-0.52572052 -1.86225920 9.08357512 139 110 78
-0.53355827 -1.58499717 9.15119797 140 115 84
-0.46991285 -1.91178318 9.05569567 50 26 6
-0.46991285 -1.91178318 9.05569567 50 26 6
-0.15161666 -2.93212844 8.90659304 69 45 18
-0.15161666 -2.93212844 8.90659304 69 45 18
-0.04178673 -3.15033959 8.93687357 147 115 76
-0.41428974 -2.12970939 8.96015868 58 32 4
0.58461458 -3.29907430 9.57866143 142 121 96
-0.29124595 -2.63019187 8.74100090 52 28 0
-0.33476427 -2.36166869 8.80752342 153 123 85
-0.37812823 -1.01284194 9.43480990 153 123 95
-0.40015684 -1.51476873 9.12801645 12 2 1
0.58628132 -3.19878117 9.53558723 149 115 78
-0.24059405 -2.62066714 8.75006855 51 25 3
-0.35112358 -0.66096855 9.59553172 53 32 6
-0.19525392 -3.00250463 8.59946191 148 114 76
-0.32598933 -0.93754240 9.46590054 162 136 104
-0.36926196 -1.53613403 9.10791278 131 104 73
-0.27879244 -1.90622348 8.97651305 145 113 75
0.10284809 -3.06005134 8.88302285 171 134 90
-0.15232518 0.01681292 10.06388782 153 125 95
-0.03337324 -2.90513496 8.75961914 135 101 64
-0.23792973 -1.08253157 9.38459353 122 98 69
-0.34157081 0.51422748 10.01715642 168 132 96
-0.19221841 0.37955775 10.09523170 32 15 0
-0.24510290 -0.79883227 9.45211165 46 23 1
-0.28782625 -0.71019393 9.41781245 179 150 111
-0.23115167 -0.72798480 9.47337189 154 125 90
-0.09384511 -0.87454500 9.56478570 104 81 50
-0.24050676 -1.50818599 9.08082313 60 34 4
-0.28335446 -0.44872799 9.52966943 42 24 6
0.34261152 -3.13269573 9.01859120 176 142 104
0.55231679 -3.11831723 9.24220121 179 146 109
-0.37596601 0.70389103 9.85751299 132 101 63
0.75165071 -3.16480758 9.44730769 170 146 120
0.14428423 -2.89244761 8.79105539 98 63 27
-0.24951758 0.37625892 9.80761189 150 116 80
-0.39704262 -0.46277812 9.24144643 128 107 75
-0.33268618 0.82915169 9.86491808 159 129 95
-0.20927066 0.41417979 9.73902272 132 99 61
0.43987302 -2.99229392 8.97186248 185 153 119
1.08917449 -3.03966153 9.71899046 191 185 176
0.95326397 -3.03859466 9.50276339 30 10 0
0.96663878 -3.06872061 9.49082978 111 82 52
0.09392120 -2.56012521 8.65295115 160 129 91
-0.16624318 -0.13365726 9.39336029 73 54 29
0.74454114 -3.02844106 9.20690393 183 154 119
-0.14848511 0.28885499 9.55607110 80 55 25
-0.14296565 -0.10572245 9.38404331 84 63 35
-0.24002727 0.94610993 9.71420370 179 158 141
-0.16809046 0.59913948 9.61933210 161 131 92
-0.13712419 0.76865556 9.59323927 157 128 94
0.17915060 -2.06811526 8.75775703 57 27 0
0.23634226 -2.30817584 8.71293899 75 43 9
-0.09142587 0.65205374 9.53896970 136 108 71
0.10239274 -1.47144278 8.88705730 135 110 82
-0.01983477 -0.58192977 9.10776422 138 110 72
0.19984577 -1.13765539 9.08268960 136 108 74
0.49269792 -2.51386881 8.84381067 180 149 117
1.02421384 -2.80411637 9.28590533 127 98 68
-0.00436322 -0.02670581 9.21040662 58 33 3
0.99117735 -2.78357299 9.22561193 174 145 115
0.01340989 -0.32552351 9.08935855 131 101 66
0.71897006 -2.16240039 9.03107009 112 81 46
0.84164545 -2.55596689 9.00007310 114 84 50
0.78253411 -1.36529250 9.11551720 152 122 88
0.29079212 -0.38683015 8.93225224 120 91 60
0.86835604 -1.78866486 9.03243581 143 123 102
0.95455961 -1.55955458 9.17746638 196 189 182
0.23920627 0.25703943 8.99925313 96 73 39
0.28291883 0.04589154 8.93486275 153 124 87
0.65924092 0.52056786 8.80581333 89 63 34
0.79794396 0.73975429 8.81908458 145 120 95
1.56302969 -1.67494629 8.68530734 182 179 172
1.67814395 -0.72407425 8.99159221 129 103 71
1.72123322 -0.71246117 9.00599816 196 192 182
0.97053861 0.73737642 8.44148765 106 85 55
1.80094138 -0.59237220 8.76455665 127 97 60
1.01902325 0.50873850 8.23952478 148 121 91
1.06632071 0.05831351 8.17347574 152 122 84
1.09658986 0.87438529 8.33505406 133 113 85
1.08656989 0.70585623 8.24038027 147 124 91
1.22097566 0.80023203 8.12355033 152 125 95
1.22097566 0.80023203 8.12355033 152 125 95
1.23258945 0.87930511 8.14572150 92 66 35
1.15962872 0.31538816 7.95193478 153 124 91
1.60224676 -0.16227199 8.03031813 157 118 74
1.39760825 0.46054459 7.82482715 109 73 34
1.42679438 1.90885459 8.05990269 122 85 45
1.48036775 1.09676208 7.90350775 142 121 88
1.30585548 1.94256745 7.79270535 80 59 30
1.58429917 1.46088545 7.93176576 50 28 6
1.58429917 1.46088545 7.93176576 50 28 6
1.55762401 1.10229117 7.78989190 127 101 68
1.48799629 0.56267308 7.66540484 164 135 100
2.05678775 -0.29894489 7.96973011 167 134 92
1.93040218 0.80105578 8.02022184 130 93 51
1.58751502 1.31576070 7.81568982 158 128 94
2.45172691 -0.28760688 8.23507565 137 107 73
1.50820851 0.81603222 7.67419393 61 41 14
1.56290045 1.10282761 7.69654202 45 23 0
1.40725235 1.99754638 7.66113192 154 125 90
1.66700510 0.67339828 7.43809588 47 25 0
1.63563975 1.50206567 7.49340146 147 114 76
1.61477751 1.34134561 7.40494742 151 121 87
1.61704865 1.49553293 7.42108187 143 110 72
1.75107702 1.12269591 7.39288422 142 107 66
2.24531309 0.85929258 7.13407603 160 133 103
2.91337419 -0.02330645 7.40832060 184 184 184
-0.73208536 -3.85658423 4.70687845 146 123 94
-0.51839394 -2.33685780 10.34433614 104 81 59
-0.41642703 -3.00673897 9.47540936 144 107 62
-0.92951169 -2.20157257 9.22682202 151 130 102
-0.89287139 -2.19399906 9.25741604 47 32 21
-0.89287139 -2.19399906 9.25741604 47 32 21
-0.38583531 -3.02355360 9.21281507 148 151 134
-0.83647323 -2.15530073 9.12994048 141 111 78
-0.83647323 -2.15530073 9.12994048 141 111 78
-0.37504328 -3.11283363 9.10332571 1 1 0
-0.73132110 -2.69607319 8.84596347 137 104 64
-0.78542329 -2.30802675 9.00196032 46 19 1
0.16712369 -3.36071435 9.64378797 159 117 75
-0.77481305 -2.36428072 8.95856791 111 84 55
-0.46768255 -2.66405698 9.15462201 25 6 4
-0.70006649 -2.62292897 8.83367193 160 129 92
-0.75884267 -2.10947672 9.09360995 129 103 74
-0.19287977 -3.20851557 9.10444762 148 113 71
-0.30013929 -2.91484776 9.01434221 176 141 102
-0.57740901 -2.62215722 8.76790425 52 28 1
-0.63916721 -1.71833124 9.23030658 148 123 93
-0.41081088 -0.99021343 9.79245008 12 7 2
-0.05630806 -3.27385773 8.85855885 172 130 90
-0.51914169 -1.63519182 9.18317703 172 143 110
-0.46787507 -2.06108600 8.93947732 189 158 126
-0.48438800 -1.47876389 9.23907770 57 38 14
-0.34637705 -2.69407896 8.62309488 40 20 1
0.43097459 -3.41769782 9.20693985 126 88 51
-0.32390789 -2.47799201 8.66920654 55 28 0
-0.31799874 -0.82055573 9.63192719 33 12 0
-0.31799874 -0.82055573 9.63192719 33 12 0
0.22488703 -3.24534594 8.86302406 173 138 98
-0.29112186 -1.17927324 9.37559400 35 19 4
-0.27727420 -0.87573155 9.48364502 164 135 106
-0.23862642 -0.53311868 9.58862962 47 26 2
-0.21073466 -0.10068115 9.78717777 72 47 21
-0.16249585 -2.06710813 8.76235770 56 31 1
-0.17951271 0.36102000 10.01857540 105 82 42
-0.12685723 0.31236271 10.01925600 156 129 92
-0.18121477 0.48944316 10.02885647 147 117 82
-0.15697138 -0.57893996 9.40727019 165 135 99
-0.05067209 -2.32865409 8.63146946 64 36 1
0.93535144 -3.14770047 9.40871462 71 41 6
-0.17016436 -0.38922656 9.43387787 167 137 102
0.38222217 -3.05978385 8.73715548 98 59 20
0.01697136 -2.58905270 8.52282007 57 31 2
0.01697136 -2.58905270 8.52282007 57 31 2
-0.02030077 -2.04886968 8.73522609 177 145 107
-0.10640335 0.08172492 9.49248465 64 39 3
1.04311375 -3.11850217 9.23965853 188 186 182
0.91012020 -3.04646468 9.11558198 151 116 80
0.37686128 -2.71322711 8.62112046 88 52 11
1.15480694 -2.94218350 9.37576396 154 128 100
1.02912671 -2.94782683 9.21520323 134 101 66
0.01159642 1.05450883 9.80877525 152 126 91
0.39863813 -2.52808874 8.61997444 165 136 101
0.47276624 -2.46455642 8.69822975 96 59 24
0.97788770 -2.68043647 9.07779427 116 89 62
0.11818208 0.90647753 9.66292320 171 146 115
0.49112684 -2.08380563 8.73938427 62 31 1
0.12196019 -0.49680319 9.00861472 156 123 91
0.69860506 -2.56473312 8.72215926 165 138 108
0.98260549 -2.50736161 9.04021982 138 113 89
0.16702728 -0.09053691 9.03450126 165 131 93
0.29477123 0.88176414 9.49839835 84 72 56
1.26739756 -1.15467134 9.50329264 117 90 58
1.21327019 -1.10254679 9.15646899 169 139 105
0.50460827 -0.03571060 8.75420331 159 126 93
0.75591577 0.49507843 8.66862891 157 133 98
0.87506787 -0.34004581 8.52998167 201 166 124
0.83750534 0.38786411 8.51985368 156 126 89
1.01751662 -0.13476143 8.34904071 98 66 24
1.39241027 1.57230366 9.04066072 77 61 38
1.30274446 -0.42763434 8.35202333 96 61 14
1.76546574 -0.59600508 8.55783223 168 135 100
2.19898737 -0.39647986 8.72851416 201 198 186
1.32923930 0.83465939 7.94358584 161 137 110
1.47469280 1.74013202 8.03398505 146 111 74
1.55572059 1.32675342 7.93658092 70 44 16
1.45596135 0.89463641 7.78063568 167 138 104
1.60001784 1.50029909 7.88549716 49 28 1
1.60001784 1.50029909 7.88549716 49 28 1
1.49903666 1.64702371 7.78070972 152 120 81
1.71412620 1.21787822 7.58533761 147 115 77
1.72037293 1.17319552 7.42008942 151 118 75
1.75354561 0.98129043 7.41502945 161 126 86
1.92566071 1.11657106 7.22112343 165 132 97
1.95013633 0.87614351 7.16377918 162 133 100
2.37179992 0.14648882 7.08369739 147 108 68
2.41735533 0.81237341 7.06123448 192 172 153
3.56036458 0.14631322 7.22422300 154 134 105
1.24254684 0.59274672 7.92270973 172 146 114
1.21497050 0.24289276 7.08398131 120 94 61
-0.03849595 -2.25535536 12.37080641 183 176 169
-0.50155660 -0.77802218 9.64096248 138 107 72
-1.08359619 -5.58328510 17.03964877 10 20 20
-0.46168296 -4.94451151 16.87893122 114 106 98
-0.24184039 -2.36667982 8.73991743 141 104 74
12.23286533 -0.16156242 8.36962993 255 255 255
12.05450420 -0.53688683 8.00365066 92 92 92
-0.69328923 -3.56334671 9.72419135 159 122 80
-0.45417784 -3.04138704 9.38905023 146 109 65
-0.46527172 -1.07396912 9.50291781 40 15 1
1.35272081 0.24639138 12.23934384 62 43 23
0.48039453 -3.22246047 9.10382115 111 75 27
0.07873880 -2.94441568 8.76409511 175 141 106
-0.30483468 -0.93039101 9.29531347 57 30 6
0.99554377 -1.02238901 8.85521360 162 130 90
0.89341841 -0.70503714 8.72924452 70 37 0
0.70464848 0.57893310 8.68932512 144 115 83
0.84925340 0.58451530 8.68056063 139 112 75
1.20852546 0.37480416 8.00888033 154 121 86
1.36185405 1.05093367 8.10934476 130 103 72
1.56399700 1.51442449 7.63043437 78 45 4
1.68395831 0.80032544 7.43689526 133 103 65
1.94374294 1.34239459 7.27879484 155 121 87
-1.13718651 -5.37078293 16.90017113 154 143 137
-1.47095301 -4.74362573 16.56155412 167 156 150
-1.37886384 -4.76613321 16.62361013 64 59 47
-1.04855750 -5.01112772 16.82611304 2 2 2
-1.13018551 -4.94354627 16.61511910 76 72 61
-1.15804282 -4.80261152 16.56024006 148 136 122
-0.80262691 -5.13327736 16.78037445 145 131 118
-0.80262691 -5.13327736 16.78037445 145 131 118
-0.97245778 -4.72028625 16.70518535 112 99 84
-0.83387471 -4.81636186 16.94611642 87 78 67
-1.27637896 -4.19993751 15.82285102 145 133 119
-0.72361294 -4.55098465 16.20237679 128 112 93
-0.47482877 -4.53984079 16.49548761 176 164 150
0.14817739 -3.71169664 15.54218540 63 59 56
1.02158133 -4.18918233 16.61186316 83 83 73
0.76830102 -3.63432073 16.08550219 80 71 62
0.89323905 -3.69983033 16.16712442 190 182 179
2.67806423 -4.14102034 17.43776086 174 167 161
-0.78849985 -3.19542930 10.04984409 126 96 66
4.20804651 -3.60680197 17.12613427 99 91 88
3.49658947 -2.83880991 15.93425143 204 218 253
4.54242226 -3.50351528 17.01516523 134 129 125
-0.65217476 -2.80112477 9.62278164 115 91 63
-0.64789442 -0.50401053 10.79578037 190 180 168
-0.96947210 -2.10644021 9.17608883 88 67 33
-0.64201844 -2.04734172 9.02806188 187 153 116
-0.26177208 -2.70912529 9.00996797 161 120 76
-0.31603021 -1.02924413 9.24347693 130 102 63
0.80055749 -3.09750393 9.18812488 129 90 51
0.08698337 -2.50887915 8.66179921 67 37 0
0.08698337 -2.50887915 8.66179921 67 37 0
-0.22131146 -0.37947127 9.20980080 182 154 117
0.65647528 -2.68413653 8.80076220 178 149 118
0.01997476 -0.31606740 8.93097451 156 121 78
0.79364037 0.26228626 8.42011565 125 100 62
0.79364037 0.26228626 8.42011565 125 100 62
1.13361950 0.33089049 8.05036767 180 148 109
1.25240234 1.73632126 8.35169489 183 171 155
1.43759156 1.77777004 8.13657190 149 118 81
1.42816739 0.47149336 7.70398094 150 116 77
2.66332397 2.41850698 7.62366340 193 186 181
12.51256030 0.47276213 7.38971404 229 249 255
-1.21816899 -4.91558322 16.55994304 82 81 77
-0.79083797 -5.31422898 17.10774351 66 57 47
-1.06488079 -4.83837478 16.65186286 77 65 57
-1.42286725 -4.31231304 15.68967408 95 87 84
-0.90850267 -4.76548992 16.67997303 160 151 152
-0.55477935 -5.24857828 16.90198601 123 110 91
-0.71140998 -4.71239333 16.69732711 68 56 48
-0.79363611 -4.63514755 16.34727521 86 72 60
-0.79363611 -4.63514755 16.34727521 86 72 60
-0.41003119 -5.04981120 16.76155579 52 37 10
-0.31970538 -5.00182950 16.91938250 157 151 153
-0.94534624 -4.28608172 15.77042743 85 72 62
-0.62585914 -4.64479047 15.97563715 115 102 86
-0.48855037 -4.28022891 15.98289096 169 159 150
-0.10362516 -4.45543518 16.31366925 100 97 90
-0.57987068 -4.02828755 15.34131181 10 6 3
0.62568660 -4.83880469 17.08733517 111 106 102
0.46681454 -4.41240112 16.31321154 120 95 0
0.46681454 -4.41240112 16.31321154 120 95 0
0.47964062 -4.39358704 16.24032620 104 82 0
0.51854299 -4.37608496 16.10976690 102 81 0
0.62008033 -4.33570344 16.17183528 113 92 2
0.16477866 -3.70285805 14.85118644 169 167 169
0.17399230 -3.64786478 14.85471488 104 106 111
0.17399230 -3.64786478 14.85471488 104 106 111
1.29309522 -4.41647901 16.55464725 100 94 89
0.59104574 -3.84843603 15.43338035 86 78 70
2.08347689 -4.36186425 16.79955539 143 135 139
2.35140528 -4.29528960 16.87268926 90 82 71
2.34260656 -4.34496650 16.79321253 162 154 153
1.84884545 -3.90286372 15.92959828 172 169 169
-0.77305406 -3.17624460 10.26176713 104 82 62
-0.73055215 -3.05417629 10.33101675 136 113 81
-0.81533493 -3.05664630 10.11610599 194 185 172
-0.74603680 -3.09456518 9.81166711 159 133 102
-0.76718389 -2.75940166 9.94809833 113 96 72
-0.24296756 -3.60789945 10.13640254 138 104 72
-0.74542099 -2.87694906 9.53354138 56 39 18
-0.86338851 -3.46423985 10.02068604 116 92 63
-0.79249466 -3.36757268 9.89012226 159 128 98
-0.76990051 -3.35239469 9.78805909 170 138 103
-0.73465925 -3.03092608 9.87515766 18 7 1
-0.73465925 -3.03092608 9.87515766 18 7 1
-0.69608502 -2.82076861 9.55775073 43 24 9
-0.42449646 -2.97417562 9.59936288 162 124 75
-0.38601522 -2.96748477 9.43424591 152 120 81
-1.03974187 -2.27567048 8.88386671 66 43 20
-0.26732729 -2.90093541 9.37853877 0 0 1
-0.26732729 -2.90093541 9.37853877 0 0 1
-0.13680248 -2.90750123 9.31251914 125 91 54
-0.63792096 -1.14382030 9.51457038 67 51 25
-0.61315175 -0.78344721 9.67093245 76 64 47
-0.05460578 -2.54001976 9.31359452 99 73 44
-0.03463101 -2.73277040 9.13981602 149 111 74
-0.53731348 -0.71259860 9.34681915 81 58 24
-0.47540800 -0.71588064 9.28223393 165 139 105
-0.43464362 -0.58372618 9.30546930 72 48 21
-0.38461921 -0.97558878 9.16101554 146 116 81
-0.38461921 -0.97558878 9.16101554 146 116 81
-0.33386198 0.00835405 9.72031964 8 0 2
0.68768690 -2.75004615 9.50379074 165 129 92
-0.34781356 -0.30574698 9.50612643 87 60 28
-0.12323390 -2.01153088 8.84605361 56 31 1
1.06894343 -3.07043767 9.68525445 190 183 178
-0.34106272 -0.54435356 9.14889449 154 129 98
-0.23473219 -1.04105689 9.02570629 180 149 114
-0.31809525 -0.44537538 9.19490850 95 74 44
-0.34169564 0.06003270 9.40695170 142 108 64
-0.45005490 0.43727815 9.45007163 169 139 99
0.20782288 -2.03167572 8.85230713 134 102 63
-0.17892488 -0.22596175 9.06212917 153 127 91
-0.03971623 0.48495834 9.32811373 77 51 23
-0.00919609 -0.12441812 8.88103807 165 137 107
0.18202955 0.64274620 9.37360006 142 118 92
0.10515578 0.24214816 9.08077951 164 138 105
0.10515578 0.24214816 9.08077951 164 138 105
0.58819000 0.40269666 8.85113969 151 123 87
1.52232540 2.28013507 7.83944788 93 74 51
1.70324793 2.35318629 7.73367945 121 93 64
1.84589695 1.84302692 7.46986489 160 126 97
1.90038339 1.98669557 7.49035006 123 96 67
-0.82260955 -3.52288536 9.90282247 70 46 5
-0.68639089 -3.18963156 9.74703058 155 121 76
-0.64765215 -3.28429875 9.64525523 167 132 90
-0.68427777 -2.85741206 9.58710633 144 115 81
-0.33910069 -2.96143846 9.33624047 156 145 121
-0.65533971 -2.64112371 9.00673493 163 129 93
-0.16444228 -3.10629183 9.28168643 65 29 1
-0.19494769 -2.59134505 9.25187972 162 123 87
-0.68675999 0.27792954 10.14577625 184 171 156
-0.33567482 -2.24752304 8.91482262 138 102 68
-0.41684119 0.53990363 10.09342487 145 116 85
0.75398350 -3.22940288 9.38235166 134 90 45
-0.26428093 -0.39286483 9.32106930 156 121 88
-0.28476136 0.31483780 9.55242172 140 105 65
0.13152462 1.10185130 10.35483322 87 58 19
0.48203204 -2.57222791 8.80292789 116 80 36
-0.22489955 0.55235802 9.47725585 68 39 7
0.31495026 -2.14797847 8.76249224 180 146 113
0.50925736 -2.46485052 8.79663507 99 61 24
-0.11864588 -0.07765928 9.18842175 165 137 101
0.32530247 -1.46279326 8.87879782 48 27 1
0.41265639 -0.91769047 9.11983104 81 50 7
0.03185852 0.18591233 9.18840262 84 59 23
0.03639976 -0.12479222 9.01934893 155 124 85
0.44362925 0.33731023 9.13322101 68 38 2
0.41067670 0.34769227 8.88241871 98 73 38
0.53992825 0.42476572 8.81651242 86 60 24
0.55496175 0.49902178 8.83170435 144 119 89
1.41552717 -0.91670706 9.06187013 133 107 70
1.62469823 -0.77070321 8.78950811 129 93 53
0.91483879 0.62277991 8.48947555 154 126 87
0.94572982 0.44722342 8.30401798 166 134 99
1.22815629 0.73096801 8.11770182 86 60 27
1.51104885 1.45694469 7.90551502 139 114 74
1.53270159 0.98452222 7.80337986 161 132 93
1.39997511 2.01637795 7.82888765 161 133 95
3.33293536 0.41518459 8.20782804 192 194 178
1.30980644 0.43718219 7.77924197 174 145 110
-1.01255647 -4.83898637 19.32225449 104 96 80
0.94520369 0.46516878 8.19417745 96 75 39
-0.28538866 -2.39821599 12.03354042 121 98 66
-0.60218625 -3.41203644 9.96956875 82 51 15
-0.09658114 -0.44264867 9.12817383 162 129 93
0.69564044 -2.92060587 8.59514360 103 74 44
-0.92823918 -4.51818299 18.99134528 177 177 169
-1.21747215 -4.29838487 18.16712904 103 96 86
-0.11250999 -5.04774947 19.84886794 195 188 178
0.74596317 -0.63699806 6.80245938 91 65 32
-0.43789113 -3.63212193 10.59967773 3 2 1
-0.44068813 -1.09875098 9.41769182 144 119 97
-0.04123768 -2.06197404 8.69779210 154 122 83
1.33324230 -0.18537605 8.02904753 83 50 14
1.49587130 2.00076143 8.16387886 135 97 60
0.55617998 -1.54659078 8.94155715 80 47 11
1.54191812 2.09546226 8.34973252 87 66 43
2.16154629 1.30391877 7.18916847 160 137 105
3.84072677 -2.03565554 23.68017158 104 90 77
-1.04949155 -3.55420027 9.27556488 161 136 106
-0.60286916 -2.84929843 10.11517242 31 12 0
-0.60286916 -2.84929843 10.11517242 31 12 0
-0.63358082 -2.66644708 10.11845711 51 32 12
6.95083779 -1.02958191 22.88547250 201 216 249
-0.28534619 -2.91948560 9.34726740 1 0 2
-0.69057541 -2.62214333 8.79066134 65 36 4
-0.69057541 -2.62214333 8.79066134 65 36 4
-0.71802076 -2.00133231 8.94545633 137 110 78
-0.69392148 -2.25749587 8.82867686 54 29 2
-0.63403678 -2.44969588 8.78202852 50 25 1
-0.49853211 -0.55417576 9.91203091 147 124 94
-0.15994538 -2.98990153 8.96965679 115 82 46
-0.58744157 -2.29084615 8.75675540 53 25 0
-0.58744157 -2.29084615 8.75675540 53 25 0
-0.46787708 -2.66658828 8.70485901 59 30 1
-0.39042738 -1.34376955 9.14783615 118 97 67
-0.46211379 -2.00468988 8.74668661 130 103 72
-0.29812191 -1.25275588 9.12186343 104 81 50
-0.36751185 -1.67605206 8.80684755 154 125 95
-0.25773954 -1.24731724 9.05655171 126 98 62
0.53965548 -3.07377029 9.16973877 127 94 59
0.61093584 -3.03280702 9.18276185 184 154 122
0.31739038 -2.91724757 8.79770987 111 77 42
0.49776969 -2.96022750 8.97894979 127 91 57
0.49776969 -2.96022750 8.97894979 127 91 57
0.20964646 -2.76149834 8.65687642 93 59 21
0.52164423 -2.90996247 8.93351385 130 96 58
-0.01895887 -2.21687194 8.56138900 64 38 9
-0.01653983 -2.15991676 8.57703637 170 136 98
-0.15410338 -0.18615272 9.22432594 75 53 21
8.82185226 0.06197429 19.60488788 243 251 255
0.00059926 1.28425336 9.91166974 190 172 157
1.10800717 -2.88006439 9.44704113 97 67 29
0.26778477 -2.56725346 8.60118899 90 60 26
0.26878980 -2.41047022 8.60289119 71 42 9
0.10012153 1.03688867 9.74978024 94 69 36
0.10012153 1.03688867 9.74978024 94 69 36
0.06009411 0.73743601 9.54350679 78 53 21
0.00535168 -0.68710403 8.85362134 151 124 86
-0.01414478 -0.46731058 8.90657605 173 144 103
0.07776773 -0.33908226 8.88023252 66 39 8
0.07776773 -0.33908226 8.88023252 66 39 8
0.30785933 0.19539805 8.94419472 138 109 77
0.35769990 0.22852841 8.91434644 144 114 86
0.73623879 -0.62556490 8.61528256 147 112 73
1.00293605 -0.87900536 8.66623792 162 128 91
0.80293713 0.50456797 8.56420969 149 122 89
1.28349529 -0.71392058 8.53743035 165 130 90
1.59665901 -0.74873594 8.66664136 166 138 107
1.39541804 -0.28272227 7.94672570 133 100 65
1.26954539 0.62590405 7.90843028 155 129 95
1.61489252 1.74464678 7.97363595 150 118 80
1.09749860 0.51831251 7.16007639 149 117 76
1.63247287 0.35184022 7.40732982 151 121 84
1.70956448 0.09959404 7.40251126 159 126 87
2.52593464 -0.24578431 7.36281938 168 139 103
2.05242895 1.26742399 7.15789365 142 113 81
2.11992192 0.41855666 7.12305295 88 55 11
2.07394320 1.15970166 7.11722121 167 140 112
2.22322682 0.79483887 7.03513672 176 154 133
2.74402874 -0.13336225 7.14444925 120 83 36
2.52804888 0.15062754 6.97688117 87 59 32
2.61524938 0.06569529 6.99240513 173 139 101
2.70245350 0.47920662 7.05394911 198 194 195
3.18740034 0.08987982 7.01842996 192 190 188
11.93828876 0.21001240 7.42615407 230 248 255
11.93828876 0.21001240 7.42615407 230 248 255
-0.50379847 -3.44468060 10.59974929 167 129 93
-0.66964594 -3.05183908 10.34093612 155 124 89
-0.30577286 -0.77216317 12.77311236 110 107 101
-0.57467817 -3.06547960 10.10721300 32 11 1
-0.06744652 -3.44925738 10.50345052 146 115 83
-0.60242058 -2.86501042 10.02316731 15 1 0
-0.58612535 -2.83483412 9.88571006 151 117 80
-0.53835937 -2.84286518 9.76925039 58 31 8
5.24678055 -2.10362510 18.98186892 169 164 168
-0.41804593 -2.83397490 9.55426850 160 126 79
-0.96278879 -2.07415031 9.15551494 66 43 20
-0.46404195 -2.69993942 9.42093949 148 114 76
-0.90379756 -2.30601339 9.03761885 63 38 4
-0.51450933 -2.49161469 9.47823886 142 108 74
-0.87501650 -1.93684154 9.11947488 75 59 31
-0.41858547 -2.65185648 9.04204635 17 3 3
-0.57807706 -2.18972540 8.88085541 42 19 0
-0.56105941 -0.72576504 9.73711471 156 136 108
-0.59369024 -1.98057522 8.91729934 140 111 78
-0.59111776 -1.77734622 8.93539331 169 141 110
-0.52036223 -1.64916365 8.97989256 25 12 0
-0.43106257 -1.83035045 8.84770637 152 120 82
-0.55170715 -0.87745606 9.20352895 151 122 88
0.59373518 -3.05326014 9.19955847 200 168 133
0.20591912 -2.85407790 8.75917745 94 59 26
0.49043670 -2.98052396 9.03940678 132 88 42
-0.30906774 -0.88944640 9.10433676 167 136 101
0.89103507 -3.05176979 9.45819521 188 155 117
-0.08048268 -2.31910843 8.64198375 57 35 0
-0.39479667 0.44086132 9.63363390 161 126 95
1.08218283 -2.98164878 9.66373579 137 103 68
1.01833108 -2.98645274 9.57615656 18 6 4
0.20767634 -2.80311265 8.68097846 183 149 114
-0.36902040 -0.03509019 9.34056106 125 92 47
-0.36902040 -0.03509019 9.34056106 125 92 47
1.06519398 -3.02779326 9.55378310 86 53 18
-0.19760624 -1.01963262 9.00303610 153 123 89
-0.07132895 -1.94110602 8.68936881 65 36 6
-0.31928253 0.69935968 9.69471971 85 52 15
-0.18772735 -0.95879784 8.95648089 153 119 82
0.41585736 -2.63956051 8.74056562 175 147 109
1.25379894 -2.87791600 9.59614638 144 121 95
-0.09270044 -1.01524496 8.87946721 171 140 102
-0.09185251 -0.05226548 9.03448220 91 67 35
0.82534177 -2.56540909 8.95108203 124 90 52
0.41659831 -1.99173748 8.74083733 92 62 33
-0.01382664 0.40759750 9.27419334 157 131 98
0.39341373 -1.78699116 8.73333589 177 148 109
0.01867298 -0.54816274 8.83717769 164 130 92
7.99964487 -0.87920757 17.51496293 177 178 190
0.00663465 -0.01470472 8.93031287 82 58 22
1.09946149 -2.28865279 9.18403121 126 103 75
0.09819917 -0.05398882 8.84179369 162 137 103
0.09819917 -0.05398882 8.84179369 162 137 103
0.19146324 -0.32779683 8.71432623 53 25 3
0.33365453 -0.06097218 8.66095255 167 138 99
0.42817753 0.08224004 8.68020668 81 55 24
0.42817753 0.08224004 8.68020668 81 55 24
0.47908177 -0.09529047 8.58325700 154 118 83
1.33918873 -1.02608905 9.10855894 112 78 44
0.57088828 0.09017004 8.53822310 175 143 106
0.61711399 0.16791552 8.47353043 81 55 26
1.79120011 -1.46099208 9.01486142 189 187 185
0.76463545 0.42763486 8.51296660 170 144 109
0.78342646 0.17234801 8.38624002 158 127 89
1.79872573 -0.68533471 8.93452861 214 208 203
1.14919702 -0.59437532 8.36032317 97 62 17
0.92528644 -0.29730736 8.21081512 98 66 24
0.88931048 0.13896237 8.23527253 146 116 76
0.92653646 0.45689478 8.31071415 63 39 4
1.88733427 -0.63353564 8.74286547 145 128 106
1.01567823 0.22688857 8.09048346 158 125 89
1.52102536 -0.67455265 8.30047326 176 141 99
1.90306162 -0.64161196 8.59913298 152 119 86
1.12027987 0.30040576 8.01552716 166 133 94
1.85171793 -0.60305043 8.35395050 166 136 99
1.17981932 0.63920986 8.05313456 81 60 31
1.20592213 0.65030200 8.01218936 87 63 33
1.27618498 0.48460592 7.87291067 74 47 16
1.27618498 0.48460592 7.87291067 74 47 16
1.50869160 2.10051852 8.35959690 192 176 161
1.30418755 0.56813438 7.85745785 165 133 96
1.34188570 0.53186293 7.80214989 64 40 4
1.34188570 0.53186293 7.80214989 64 40 4
1.39184760 0.71223670 7.80986083 168 139 105
1.47933229 1.93778182 8.04047475 83 47 5
1.47933229 1.93778182 8.04047475 83 47 5
1.51396638 1.93700852 8.04173637 144 110 75
1.63884593 1.53375384 7.99645585 34 15 1
2.63743910 1.79111622 8.67515894 152 110 70
1.53699328 0.82517731 7.61522393 63 39 13
1.59972842 1.33913353 7.68368831 164 129 94
1.58019595 0.57000541 7.47368858 176 144 105
1.68745051 1.19995798 7.62798778 157 125 85
1.71184486 1.57077095 7.58397190 64 40 1
1.71184486 1.57077095 7.58397190 64 40 1
1.71606019 0.76829435 7.41395114 148 113 76
1.78493779 2.02419214 7.49477191 132 108 83
1.76719605 1.77398355 7.44586668 83 55 24
1.77348954 0.64971395 7.28915497 169 138 95
1.79908747 1.26785423 7.35906693 172 140 101
1.84573277 1.52099273 7.34286842 146 116 85
1.84312627 1.03025192 7.27914550 142 108 70
1.84312627 1.03025192 7.27914550 142 108 70
1.88575165 1.85203059 7.38828475 143 120 95
2.03008392 0.39506596 7.17226669 83 52 11
2.53465302 -0.26148571 7.41534724 130 98 57
2.09396420 0.60703681 7.07871460 83 53 17
2.09396420 0.60703681 7.07871460 83 53 17
2.13731860 0.77533487 7.05924744 177 154 123
2.24240005 0.47800322 7.07837741 105 71 34
2.24240005 0.47800322 7.07837741 105 71 34
2.40448497 0.14861811 7.09689041 83 48 9
2.79224582 1.14590398 7.19988131 203 202 208
2.62460204 0.08260887 6.99273453 184 154 116
3.38609701 0.09653652 7.20235271 153 118 81
3.10775207 0.06641477 7.00101700 144 122 96
11.70868161 -0.01715252 7.12866685 236 252 255
14.51052883 0.76376028 7.57485990 88 90 102
2.28425657 -1.57769737 23.80520390 169 162 150
2.67340082 -1.51638950 24.11660157 161 159 160
3.89542178 -1.41000916 26.76875447 71 65 53
-0.57711672 -3.32164079 10.89927240 193 184 174
-0.70885792 -2.97546314 10.57748011 194 185 174
-0.67130160 -3.06045159 10.54910018 87 63 22
-0.63659475 -3.15269928 10.24235784 149 118 75
-0.67495834 -2.66349311 10.37053490 110 88 57
-0.62839024 -3.07930047 10.08464030 148 113 73
-0.47015667 -3.29131393 10.10051947 147 110 68
-0.48313488 -3.25656705 10.11203872 72 37 1
-0.48313488 -3.25656705 10.11203872 72 37 1
-0.38374193 -3.25041459 9.89992784 175 138 93
-0.32509030 -3.22392165 9.76579012 174 136 92
-0.40999072 -2.87446864 9.47335349 162 125 81
-0.30148193 -3.02775105 9.44244326 148 111 73
-0.45589995 -2.60819587 9.38616222 51 23 1
-0.89132522 -1.95206192 9.16224418 160 136 109
-0.35588292 -0.92523562 9.42335720 56 29 2
-0.22673403 -2.48862205 8.65845740 69 36 2
-0.36742842 0.77884870 10.04240976 169 139 100
-0.18122334 -1.66765786 8.82217497 74 43 0
-0.18122334 -1.66765786 8.82217497 74 43 0
0.83801334 -2.95598472 9.11199960 180 148 109
-0.07481157 0.10226958 9.32323568 60 28 1
0.52439267 -2.64414215 8.69910910 155 125 85
0.33911023 0.08603656 8.80404481 75 46 10
1.49452885 -0.88289834 9.35076295 198 187 175
1.25866046 -0.53608180 8.31974556 173 141 96
1.09684882 0.45036528 8.12146738 152 122 87
1.44948374 0.60695157 7.64489372 156 125 82
1.50729314 0.81684802 7.67425320 64 40 2
2.59901765 -0.31728231 7.90476808 193 190 182
3.98123689 0.83947409 8.59225829 183 182 180
1.96311583 0.47645785 7.09843175 158 128 88
2.71954136 -0.18092625 7.02553471 164 129 88
0.13576766 -3.29266549 10.30129623 141 108 75
-0.56906592 -2.59485506 9.65903151 146 118 88
-0.30889585 -2.91695713 9.41511720 150 142 133
-0.78285393 -2.68829129 8.79278967 155 126 88
-0.83298295 -2.35980107 8.84164730 128 95 60
-0.11662421 -3.07217449 9.23130522 106 68 33
-0.76135321 -2.57596049 8.71795843 156 124 86
-0.75488801 -1.78499178 9.12449985 89 65 36
-0.34109125 -2.51891008 8.63827815 95 61 30
-0.04222795 -2.98390658 8.71234937 87 56 27
-0.31058836 -2.45763571 8.61028929 144 112 74
-0.31444635 -2.40776554 8.62102818 156 124 87
-0.35279522 -2.26776652 8.64193002 154 122 84
-0.35279522 -2.26776652 8.64193002 154 122 84
-0.39800221 -0.72829489 9.38460330 161 132 96
0.61957514 -3.06673200 9.25857868 110 76 39
-0.20873897 -2.45368247 8.59967218 150 118 80
0.58125829 -2.80675878 8.99031732 107 75 37
0.74121896 -2.84893850 9.12197523 110 77 39
0.25367132 -2.58421451 8.61901589 106 72 35
-0.09747556 -0.94147681 8.98242648 153 123 84
0.28168086 -2.39055382 8.62803004 92 63 28
-0.02510258 -1.65079955 8.61315373 43 24 0
0.26056046 -2.29481911 8.58412056 161 129 94
0.11093651 -1.21250040 8.92324999 99 66 32
0.08624538 -0.17977512 8.85769469 160 129 90
1.15285314 -0.74410781 8.75338457 119 81 35
0.72267362 -0.17726311 8.49201286 151 117 79
1.34607933 0.99076153 8.12130605 106 79 46
1.71519669 1.62622551 7.76673000 85 56 24
1.68154445 1.50261174 7.70705863 152 122 85
1.73327910 2.04543681 7.66675965 157 123 85
1.93067766 2.42419863 7.78504658 94 65 31
2.01395033 1.51901720 7.28529958 118 90 61
2.57085690 0.21840852 7.00496793 99 70 46
-0.56069318 -0.87944353 10.32701313 120 96 67
1.01782328 -1.58006241 9.25028414 189 194 190
0.93012114 0.78871458 8.69237094 148 125 94
-0.43446894 -5.67285862 17.99386634 64 49 29
-0.43473314 -5.67067403 17.98263732 64 49 29
-0.48918449 -5.25032977 17.95754327 147 132 112
-0.20667265 -1.46843263 8.89383629 41 22 0
-0.87943628 -4.67761926 18.58664472 164 156 147
-0.10195305 -5.02125451 18.75874549 116 105 100
1.16873619 -1.43499402 9.64652641 131 102 75
1.48079590 -1.62746170 9.92425456 200 189 180
2.69197483 -4.57662805 20.71167422 141 137 124
3.15849547 -4.11713140 20.73482215 175 174 167
2.49130485 -0.19334649 8.48800076 148 124 93
1.54146138 -0.44583210 8.21891913 169 128 83
2.76229587 1.96024221 7.57144824 182 180 178
-0.58256806 -2.86639404 9.60621715 166 129 86
-0.56785170 -1.66447479 8.97789146 35 14 1
-0.25824872 -2.02914276 8.77542332 171 137 99
0.12070984 1.12590389 8.37201946 188 176 161
2.76295723 0.21910957 6.93339753 200 194 191
-0.35686076 -4.60360291 20.83515605 155 139 139
-0.16402603 -4.59119873 20.83044161 155 144 140
-0.59335209 -3.93486291 20.32949931 169 159 157
0.04675093 -4.37632968 21.13902228 88 77 68
0.96801343 -4.66933734 23.71735404 116 102 85
0.66018669 -4.66291830 21.40791788 159 155 155
0.15635397 -4.04423056 20.46016436 80 67 51
-0.11480143 -3.70670296 19.94403397 78 68 59
0.40148968 -3.94080372 21.07518225 188 175 167
0.67378073 -3.90793385 20.97844446 170 159 153
0.43349882 -3.71266951 20.16670301 118 105 89
0.43349882 -3.71266951 20.16670301 118 105 89
0.38719995 -3.41145135 19.17136633 62 62 56
3.18478125 -2.90141363 19.93999139 98 88 78
-0.64130222 -2.66527032 9.80272240 121 97 69
-0.87904943 -2.35961517 8.89270863 153 121 86
-0.69679518 -1.82804061 8.96399933 131 107 71
-0.50404250 -2.02042051 8.83629332 143 113 79
-0.40984262 -1.53715327 9.04290925 54 39 19
0.01454054 -2.97435971 8.66175930 172 141 104
-0.24994325 -1.18640941 9.16045738 136 112 82
-0.24994325 -1.18640941 9.16045738 136 112 82
-0.07513018 -2.70538461 8.59238956 145 107 68
-0.06954985 -2.50579286 8.59509888 162 128 90
0.37863858 -2.71873871 8.72189818 166 136 103
-0.09751565 -0.03188734 9.23819004 145 121 87
-0.07900988 1.12990169 9.75183804 184 166 150
0.23249470 -1.60200995 8.71821815 46 27 5
1.78772720 -0.59162390 10.37741869 192 187 181
0.22755654 0.13850833 8.93257062 176 147 116
1.26472099 0.80239858 8.03849161 156 129 99
2.13882028 1.57948457 7.22102467 189 182 177
2.67430268 0.65741751 7.09891385 150 134 117
3.67754561 0.02384620 7.31983438 117 86 48
11.87972159 -0.28247332 8.21003662 255 255 255
12.98489849 -0.16672328 8.48571440 90 90 92
-0.70203256 -4.12895251 17.96362377 114 99 83
-0.41431377 -4.25072030 18.36039303 163 151 143
-0.49931642 -4.15515708 18.10371475 138 127 117
-0.58076673 -4.07431164 17.96277335 135 126 119
-0.24049193 -4.16789880 18.41179872 172 158 149
-0.16091459 -4.07589898 18.29419156 174 161 152
0.20125960 -4.17414573 18.48272823 108 97 87
0.23174250 -4.19273783 18.53384251 176 170 161
0.13938813 -3.89568866 17.65568879 160 155 151
0.66752776 -3.54592155 17.36276679 55 47 44
0.61560385 -3.42141042 17.14621954 6 4 2
0.89339716 -3.36443188 17.25723489 181 179 185
1.40211455 -3.47579805 18.05062632 61 61 43
1.47029086 -3.49081560 18.10247961 137 128 119
1.43857036 -3.40740624 18.12560643 180 174 181
1.53190400 -3.56068880 18.09309939 188 177 181
2.58026080 -3.57837185 18.23765483 178 164 155
-0.75815749 -3.09558440 10.29828911 131 107 79
-0.61109634 -2.86969060 9.69204030 170 140 101
-0.88882568 -2.14198119 8.98562445 128 100 67
-0.54419438 -2.20786673 8.84497913 42 20 1
-0.54419438 -2.20786673 8.84497913 42 20 1
-0.54593399 -2.03353806 8.87960583 45 22 7
-0.10175071 -2.94744582 8.91054068 146 112 79
-0.27071062 -2.16081411 8.70287015 173 145 108
-0.34137302 0.72766530 9.94511456 83 55 24
6.28425195 -1.54441841 15.96863196 239 255 255
0.29436621 -1.19868027 9.10577145 18 7 0
-0.00759626 1.06745398 9.70917893 196 180 165
0.17427982 -1.62885059 8.70886696 173 143 107
0.15144014 0.37659694 9.29128715 86 64 28
0.04903673 0.20056853 9.09305640 141 117 84
0.66897162 -1.27837492 8.98276362 172 133 99
0.27694598 0.03479446 8.86076509 68 41 12
0.86244833 0.45195459 8.48435388 71 48 10
0.86244833 0.45195459 8.48435388 71 48 10
1.78392387 -0.66442177 8.65943480 173 143 107
1.04581731 0.41671986 8.17578701 164 130 94
1.50716943 1.41902045 8.12655718 75 58 48
1.98019442 -0.37870427 7.87866502 177 142 103
1.51825879 0.69600886 7.50465235 168 134 103
2.17530819 0.53527901 7.01491736 182 154 124
11.74124646 0.05949111 7.36813797 230 249 255
-0.83002588 -3.91027945 21.32905362 164 154 144
0.31555265 -3.17240646 19.70797252 4 4 3
0.49963875 -3.26622444 19.64824128 41 36 32
2.42813001 -2.65611689 20.41056205 104 98 83
5.59571604 -1.58246247 19.83624555 163 160 161
0.07995703 -2.09806023 8.63439594 168 133 91
0.99607053 -2.84041614 9.16086847 92 59 25
0.41114220 0.31615920 8.92393210 151 124 90
1.47070540 -4.97106317 22.51721194 8 11 20
-0.66209694 -1.83545868 9.01400776 78 53 22
-0.49525341 -0.79073958 9.59675346 161 131 95
-0.54250480 -2.20684909 8.75793806 144 114 78
-0.39133827 -1.21281005 9.34189258 66 45 17
0.07229986 0.53454679 9.32552066 142 114 82
0.15288921 0.58488657 9.31264270 139 112 81
2.34532325 -0.73057401 9.81634358 178 177 175
1.23113736 -0.46079331 8.48806054 105 70 28
-0.57031495 -3.70939786 10.34422941 4 5 2
-0.57964562 -3.66388602 10.31445520 146 122 89
-0.71518371 -3.37604682 10.35084245 69 43 15
-0.45778233 -3.74239200 10.40407971 182 172 158
-0.98619162 -3.15488184 10.11563662 175 171 168
-0.73872193 -3.07518225 10.53661053 193 186 178
-0.72914812 -3.17306845 10.27658019 73 48 25
-0.32280261 -3.75023171 10.34971993 185 176 166
-0.74955191 -2.81854383 10.35541225 186 180 173
-0.73237764 -3.05157363 10.09769649 145 121 85
-0.71714400 -2.87870939 10.23879374 150 121 89
-0.70964385 -2.89330900 10.14658688 156 132 97
-0.50707078 -3.46854510 9.96806974 165 128 87
-0.22653805 -3.64983825 10.21331695 135 105 70
-0.68532094 -2.65858936 10.25856512 87 67 36
-0.60965260 -3.23859896 9.80599040 158 125 87
-0.16415676 -3.59879088 10.09658859 127 100 68
-0.58366608 -2.88640238 9.78434876 70 41 10
-0.61584552 -2.67024898 9.83525847 62 41 9
-0.42962507 -3.03293138 9.59542974 81 55 24
-0.20698186 -3.12788491 9.34753592 109 71 27
-0.44124388 -2.50737010 9.29780910 129 95 63
-0.43446399 -2.42583384 9.34466571 134 103 72
-0.39262351 -2.50720009 9.25441878 143 108 70
-0.38364996 -2.67667190 9.06980704 130 99 66
0.46111578 -3.35885528 9.68626711 141 120 91
-0.65110050 -2.47815074 8.80958889 165 136 99
-0.50630947 -0.81815735 9.97483908 84 63 34
-0.21318465 -2.85735607 9.09654127 147 110 68
-0.48609586 -0.52608242 10.10414974 95 85 68
-0.39269224 -2.73192461 8.83410479 157 122 79
-0.28265295 -2.76120252 8.91170070 148 111 69
-0.60580927 -1.97938007 8.96691601 72 46 19
-0.62333063 -1.74450819 9.05146010 167 143 109
-0.18321086 -2.63134706 9.04243764 154 116 74
-0.44009108 -2.23500833 8.78561179 70 43 12
0.78135333 -3.19808748 9.68525187 104 69 29
-0.44197888 -2.41274391 8.67207468 165 133 95
-0.42450448 -2.19635686 8.78275138 164 135 101
-0.03971435 -2.89405006 8.79683932 68 38 12
-0.25741755 -2.74514374 8.61036122 127 94 53
-0.39729361 -1.49186273 8.99852425 81 57 29
-0.39729361 -1.49186273 8.99852425 81 57 29
-0.23450532 -2.49868539 8.64434442 84 51 19
-0.31869543 -0.95484862 9.35754619 182 153 120
-0.28844668 0.19817217 9.99943930 78 57 26
-0.37800838 -0.78929508 9.35694604 77 51 25
0.95232142 -3.13474312 9.63845151 132 94 52
-0.32308454 -0.73157505 9.42035010 179 152 118
-0.32297772 -1.69150460 8.88862864 159 133 100
-0.18046487 -2.50284597 8.62626298 87 55 17
-0.18046487 -2.50284597 8.62626298 87 55 17
-0.12406448 0.56948204 10.26841875 52 29 6
-0.32793544 -0.79816233 9.30740887 183 155 117
0.68066526 -3.19159134 9.20115492 123 91 53
1.04707894 -3.19003458 9.57611942 177 172 165
-0.29458602 -0.73757871 9.26647161 76 48 24
0.96792219 -3.14174113 9.46954206 85 57 24
-0.16388627 -1.38973867 9.04682227 168 142 106
-0.16203936 -1.11333555 9.15238287 164 139 109
-0.01199857 -2.53039752 8.59845460 79 46 3
0.12017111 -2.83224177 8.58515786 169 137 98
0.12017111 -2.83224177 8.58515786 169 137 98
-0.22827943 -0.51637587 9.26946655 158 132 94
0.59658852 -3.01696297 8.94746382 176 147 112
-0.08294098 -1.09217973 9.08925071 135 109 72
0.10848615 -2.45933941 8.64311775 160 127 86
0.88382163 -3.07171213 9.18199758 147 118 86
-0.29028068 0.71638511 9.64987660 112 79 44
-0.02627733 -1.04675686 9.08299355 138 109 75
0.59664284 -2.91255358 8.87293354 155 127 90
0.06787341 -1.84980309 8.77436044 86 53 18
-0.12137499 -0.66436736 9.11478795 162 134 103
0.06234365 -2.17259955 8.59506592 81 50 21
0.06234365 -2.17259955 8.59506592 81 50 21
0.66714771 -2.91595879 8.88946135 102 71 40
0.55911006 -2.77492234 8.77918788 102 68 30
0.70446160 -2.82674813 8.89918068 104 71 37
0.44074786 -2.62472665 8.69682700 104 70 25
0.85016555 -2.85489795 9.00633588 126 93 61
-0.04795268 -0.24064208 9.00126452 170 140 104
0.53416952 -0.62813930 8.88145814 169 131 86
0.27325148 0.02410792 8.84406961 96 68 31
1.46656066 -0.88919604 9.37382054 143 119 97
1.37548972 -0.96157748 9.16333200 128 94 58
0.60149752 0.08246319 8.51564310 155 124 86
0.85748548 -0.36648285 8.48748817 193 159 121
1.68966447 -0.70791537 8.86740084 132 98 56
1.89082165 -0.55094637 8.96358269 131 113 92
1.07595332 0.59714901 8.20267928 96 69 40
1.10524143 0.73856445 8.25847395 165 138 100
1.08004995 0.55481789 8.13098035 97 71 40
1.21328014 -0.01730359 8.06736624 113 75 32
1.35707636 0.14956930 8.01813389 102 67 23
1.22650376 0.52464219 7.88553162 164 133 95
1.38306950 0.48718680 7.64982621 84 58 28
1.55434360 0.93434512 7.62559022 169 140 106
1.60412346 0.94369810 7.47150242 94 65 35
1.67533270 1.15350943 7.55588682 158 124 87
2.28341407 -0.45187849 7.68293971 112 73 29
1.83136146 1.28603117 7.32828004 160 128 90
1.91052163 0.84636064 7.14662039 153 122 84
1.91707259 1.05325969 7.15486308 172 142 106
2.48207881 -0.33452281 7.36232986 128 95 57
2.00064157 0.27777195 7.06803155 107 69 23
2.05182147 0.27227646 7.07046992 160 128 87
2.13484474 1.57349792 7.25967891 195 190 181
2.26238535 0.42064651 7.01285111 105 72 29
2.33544818 0.47387250 7.02411159 141 105 72
2.61778982 0.16820266 6.95872407 125 101 74
8.30379126 13.06126660 3.27020191 160 155 149
-0.53049954 -5.99631460 18.16176880 67 54 32
-0.28551715 -5.90640797 18.28991887 155 148 132
-1.58876784 -5.09054258 19.04798314 172 172 166
-1.23853807 -5.29985913 18.77299192 74 73 65
0.55375527 -2.69103595 8.31318098 219 232 254
1.98396243 0.14245416 9.89340887 139 123 104
1.57500893 1.57281306 7.98977028 170 145 114
2.65186549 0.47425943 7.00927285 200 200 199
0.84518733 -2.88377143 9.15181094 137 105 74
1.56814956 -1.02600297 9.16135189 186 186 188
11.43435303 -0.00624719 7.28287010 230 248 255
-0.26865245 -3.01030180 9.33556010 144 118 78
-0.10892187 -0.13004363 9.09640649 154 128 93
1.58058427 -0.81394546 9.26301948 201 199 204
1.34452451 0.97977415 7.41714265 78 49 18
1.34452451 0.97977415 7.41714265 78 49 18
2.29999846 -0.12417817 7.14411792 165 126 85
3.88846742 -0.23729063 7.46733455 154 113 68
3.22413613 0.08738485 7.04433053 213 206 200
3.97995394 0.10860504 7.31504945 196 189 179
4.15839385 2.60553463 7.08618061 199 199 211
-0.59255769 -3.31606701 10.12585066 83 49 8
7.72346672 -0.87367244 17.27367522 169 168 174
0.48503836 -2.37003481 8.68077143 90 55 13
0.64455681 -3.09215014 8.36865943 202 190 178
2.84026988 -0.12737528 7.04333243 106 68 20
3.88133725 -0.26809952 7.43605019 135 97 51
-0.38885099 -1.33246411 9.86860000 80 53 23
0.64162508 -3.17277458 9.31803214 170 140 109
-0.07504574 -0.63147085 9.00073991 82 52 16
0.76834145 -2.63968588 8.91824323 117 83 49
3.85990342 0.80965927 7.34531657 186 183 178
10.80615924 -0.15993227 7.45268577 149 145 141
-2.34518399 -4.92891883 18.40968876 108 96 83
-1.28354810 -5.76064844 19.91724200 2 3 4
-1.26025360 -5.77491858 20.02113696 151 142 138
-1.20749418 -5.76721272 19.96745816 148 143 140
-1.07096199 -5.37900649 19.58662597 8 8 8
-1.26738620 -4.89762117 19.33159020 153 142 136
-1.38680295 -4.82479763 18.96171011 100 88 69
-0.84620016 -5.15402707 19.38466158 76 71 56
-0.73225694 -5.22301658 19.36507292 146 137 136
-0.41291089 -5.51116595 19.63485372 142 131 119
-0.72846176 -5.15237785 19.43175956 83 71 57
-0.55189933 -5.13091811 19.48613572 78 68 58
-0.72483519 -4.93495048 19.43050738 158 148 146
-0.76312892 -4.86103099 19.13154957 138 125 107
-0.59955069 -4.93827074 19.49185084 154 144 142
-0.34473835 -5.29109032 19.42878971 81 72 57
-0.48668546 -4.98663957 19.52656310 153 146 141
-0.33976175 -5.21452055 19.40205324 153 143 136
-0.11310573 -5.39424397 19.71516648 128 118 106
-0.43567189 -5.05092165 19.40974746 73 65 56
-0.43567189 -5.05092165 19.40974746 73 65 56
-0.38797827 -5.12919845 19.34628108 135 119 104
-0.14733027 -5.29673008 19.65770871 176 163 154
-0.29131275 -5.14995671 19.37681583 92 84 73
-0.21537357 -5.15191903 19.49957564 83 76 61
-0.21537357 -5.15191903 19.49957564 83 76 61
-1.18041599 -4.29858597 18.16498578 87 79 68
-0.05551358 -5.23529144 19.48950583 154 148 148
-0.01950696 -5.31041955 19.37707369 53 41 24
0.01039832 -5.18548095 19.54580197 108 104 100
0.01039832 -5.18548095 19.54580197 108 104 100
0.08523192 -5.26053884 19.55958126 156 150 150
-1.05289074 -4.18079472 18.21433788 102 89 80
-0.82704444 -4.31912169 18.23368524 115 101 87
-0.84531398 -4.26143312 18.17455576 137 124 114
-0.28185344 -4.58924497 19.10963759 112 97 78
-0.19151936 -4.69630167 18.98752087 141 128 111
-0.63957565 -4.30330457 18.31956789 80 68 56
-0.63957565 -4.30330457 18.31956789 80 68 56
-0.57207672 -4.29101517 18.44275069 119 106 92
-0.17660754 -4.45287324 19.26566376 156 147 132
-0.35198417 -4.36732553 18.69009671 161 149 136
0.20125329 -4.61494943 19.27099479 170 159 150
0.07803417 -4.32865399 18.87675654 116 105 87
0.08123607 -4.27986007 18.83837238 94 83 65
0.91388070 -4.76680982 19.96681948 171 158 148
-0.19844518 -3.93661727 17.95457938 178 171 163
0.61406993 -3.68622122 17.60821982 48 44 35
0.60813174 -3.51504111 17.50595075 20 19 14
0.87368219 -3.47379215 17.57001704 169 170 172
1.38722282 -3.60345100 18.36740402 81 74 64
1.48956201 -3.70505986 18.37749291 177 170 166
1.97030030 -3.58361279 18.32261010 120 107 92
2.24597287 -3.67952006 18.29845051 108 97 79
-0.77747454 -3.41500810 10.41049978 191 180 170
-0.74416996 -3.41884865 10.43980436 14 5 2
-0.58796177 -3.68379124 10.31741823 146 122 89
-0.52844477 -3.72789626 10.35051570 152 126 90
-0.76869985 -3.30269083 10.20937611 160 134 103
-0.66505508 -3.45811505 10.08598566 144 112 72
-0.71603009 -3.27850194 10.02377521 148 120 83
-0.58179883 -3.39558930 9.93534902 81 46 6
-0.58179883 -3.39558930 9.93534902 81 46 6
-0.62181687 -3.00812182 9.74429730 143 115 81
-0.52596485 -3.12289459 9.67215526 77 47 8
-0.52596485 -3.12289459 9.67215526 77 47 8
-0.34100392 -2.96883355 9.34914813 145 142 134
-0.33399118 -2.90391184 9.30034300 21 9 2
-0.84703172 -2.27806561 8.99611029 156 126 91
-0.29628787 -2.95356395 9.19504682 146 111 72
-0.59851023 -0.96998365 9.68761764 149 129 105
-0.17904498 -2.92247861 8.99991191 71 43 6
-0.53750838 -2.24617501 8.85991418 158 129 95
-0.21741763 -2.65894176 8.65782974 82 50 13
-0.34437441 -1.82914029 8.87239065 79 48 18
-0.18688485 -2.26955512 8.70449948 77 51 12
-0.18688485 -2.26955512 8.70449948 77 51 12
0.67307681 -3.20743928 9.18804973 123 91 53
-0.11249381 -2.28152762 8.68368600 88 59 17
-0.06266047 -2.28953747 8.67086557 85 55 17
0.57405489 -3.06417742 8.96526866 178 149 115
0.63485343 -3.09456790 9.00868925 161 131 96
0.73136362 -3.05518805 9.08800997 165 136 102
0.08978547 -2.61303361 8.55226162 144 111 71
0.35286773 -2.76096207 8.69728315 171 142 108
0.38282475 -2.77350584 8.71982967 108 73 32
0.39125252 -2.75554424 8.69769663 109 74 32
0.93867657 -2.96227845 9.16294440 139 106 69
0.10481989 -1.88070344 8.68210501 163 131 93
0.85390562 -0.78949709 8.67198234 156 123 81
1.51229535 -0.86239773 9.21167853 197 193 189
1.99698588 -0.51625027 8.77528398 140 120 92
1.15967801 0.10187246 8.00180013 166 132 92
1.26962754 1.70562404 8.35013151 188 175 159
1.99914441 -0.56343737 8.25890199 156 126 88
2.43997963 -0.32669325 8.26741132 142 117 89
2.46823846 -0.28243345 7.43967515 162 128 90
1.95407529 0.47514083 7.13906830 160 130 92
2.64943556 0.12001373 6.94652292 137 106 72
2.63430305 0.16557492 6.93377526 204 202 201
2.69053537 0.10108381 6.95333961 139 105 67
4.16320036 5.35495498 2.97055320 165 157 154
10.74028416 5.93460453 3.92672209 109 116 74
3.91500567 -1.83500163 23.04590492 170 160 148
4.08299173 -1.69875235 23.46990109 170 160 148
-0.64833981 -3.36901830 10.74125475 173 167 151
-0.43652416 -3.57203570 10.63810807 25 11 2
-0.30357116 -3.55795534 10.71281700 192 181 171
-0.73340609 -3.11015869 10.41313584 84 63 31
5.79733507 -1.47954205 20.78544770 204 215 243
-0.63725275 -2.96287722 9.99780019 151 121 86
-0.57909688 -3.08969146 9.92197686 73 46 10
-0.57909688 -3.08969146 9.92197686 73 46 10
-0.88521705 -3.80845040 8.82112954 73 46 10
-0.54500952 -2.91755075 9.67919414 157 124 91
-0.58847181 -2.78176740 9.68176447 156 125 84
-0.56917026 -2.60775469 9.58504687 147 121 86
-0.34449535 -2.98007434 9.41643683 2 2 2
-0.52431342 -2.48657864 9.47429211 149 121 92
-0.32514573 -2.92611829 9.39484257 175 161 150
-0.17071218 -3.11330950 9.26836028 85 45 20
-0.17071218 -3.11330950 9.26836028 85 45 20
-0.71798958 -2.17722820 8.98692947 158 131 100
-0.53235863 -0.88638665 9.73057154 70 51 21
-0.51434886 -2.44977664 8.81005174 154 121 83
0.49459834 -3.31138289 9.51311872 136 102 66
0.49459834 -3.31138289 9.51311872 136 102 66
-0.59223408 -1.12746772 9.46327206 70 51 21
0.92840087 -3.02935224 9.84912393 133 95 56
0.34546349 -3.11321602 8.97028829 174 142 103
-0.21438640 -2.27065561 8.70598361 99 70 28
1.07115351 -3.02939745 9.72398164 125 93 53
-0.32716931 -0.71594877 9.23765558 160 128 93
-0.32716931 -0.71594877 9.23765558 160 128 93
0.16528477 -2.89436428 8.65205981 171 136 99
-0.19358353 -1.09501252 9.14392175 78 45 12
-0.19358353 -1.09501252 9.14392175 78 45 12
0.90531378 -3.13098387 9.33645327 51 19 5
0.75603968 -3.05644860 9.17840283 114 81 40
1.07415131 -3.08695401 9.42831163 126 91 62
-0.25832968 0.06126911 9.42080225 60 37 6
-0.12587402 0.19356601 9.25952967 78 53 20
0.48979801 -2.22739164 8.69359061 98 66 40
1.23275022 -1.51225451 9.35185295 188 186 187
0.59084893 -0.32655823 8.59384318 155 123 82
0.60895121 -0.05100751 8.62616946 152 118 80
0.58626174 -0.11906614 8.51574034 172 137 100
1.05666524 0.03850651 8.12952863 144 110 75
1.48121171 1.84079536 8.26127026 191 175 161
2.68360976 -0.13608808 7.04211154 172 140 102
3.38772427 -0.08114329 7.14285072 176 148 118
3.55262978 -0.05530853 7.23964940 118 87 43
4.02538814 -0.33544599 7.49878551 196 186 176
6.57323177 4.30515447 5.66810876 219 231 254
11.10056765 -0.79740626 8.19388391 255 255 255
7.33081433 9.64250337 2.82436827 111 106 102
0.20616446 -1.51180156 8.88735845 109 84 53
0.74940512 -1.82591543 8.96665267 175 149 124
-0.40195927 -2.51032076 9.25138579 170 140 105
-0.00660697 -2.48706577 8.79679697 146 113 78
0.11883967 -2.69466853 8.74953446 179 147 113
0.11433995 -1.70764962 8.84778244 188 156 118
1.27921046 2.87254635 13.27948458 105 93 77
0.30627399 -2.77096717 8.74880585 106 72 36
0.90148284 -0.73533829 8.66292527 81 51 13
1.03797738 -2.40711492 9.05433475 108 83 54
-0.49617976 -1.05224811 9.97359984 148 127 102
-1.56369946 -3.68250682 5.04090498 145 115 86
-17.80727062 0.70305456 16.80547133 58 59 44
-17.35919245 1.14850780 16.53829139 111 103 94
-17.12135136 1.10218760 16.64580109 107 104 96
-17.13648965 0.98310954 16.82204860 124 117 107
-16.40863190 1.54908475 16.46141297 105 102 95
-16.58064954 1.22364296 16.79009124 105 100 96
-16.56483346 0.94260391 17.01691279 57 60 51
-16.63830562 0.96554506 17.20657156 106 103 93
-16.47928701 0.65906091 17.41952295 59 59 51
-16.06035635 1.41959353 16.75888701 47 49 39
-15.89436134 1.37217259 16.89687375 38 38 28
-15.89436134 1.37217259 16.89687375 38 38 28
-16.38608747 0.54247687 17.82951459 51 53 40
-15.75611685 1.35851942 17.03327991 102 102 90
-16.15254390 0.53818459 17.75133413 43 42 30
-16.15254390 0.53818459 17.75133413 43 42 30
-16.04578064 0.79236877 17.60891364 64 60 53
-15.96078436 0.70982386 17.68674532 49 46 39
-15.91976264 0.49684520 17.87382153 48 46 36
-15.68707427 0.92565774 17.57292057 109 106 100
-1.28337251 -2.12964794 9.90252962 116 97 69
-0.57916697 -2.59571475 8.92504631 181 152 116
0.13844634 -2.61918026 8.75351856 66 42 16
0.23834250 -3.02915670 8.82690063 165 136 97
0.27810246 -2.82898319 8.76754916 170 137 102
0.20328227 -1.89494933 8.79298020 169 135 98
0.20328227 -1.89494933 8.79298020 169 135 98
0.23432742 -2.16564812 8.77090020 163 135 95
0.09276076 -1.17623554 9.01278203 79 52 17
0.01218201 0.64834173 9.07430336 93 63 34
0.54661754 -1.68095297 8.96191856 134 108 75
0.69487117 -3.17713718 9.07482325 134 105 73
0.63316869 -1.73319946 8.98038883 173 148 117
0.79839514 -2.12088032 8.97639560 150 123 93
0.78305620 -1.80950637 9.03348779 83 56 27
0.79544199 -1.76228475 9.04080259 96 70 39
1.06625502 -0.90045594 8.78230899 168 135 102
1.00164200 -1.43800547 9.34280893 145 122 90
1.31557432 1.75165872 7.71479618 213 196 179
0.86302196 -1.80508352 11.28264247 99 81 59
1.41566872 -0.01382110 7.89086730 140 105 63
2.37617968 0.82907495 7.09525031 192 161 135
2.44508465 0.98782979 7.08638169 78 57 36
2.68858714 -0.03953669 7.38517953 180 148 114
2.73349035 1.16737967 7.29041201 148 135 129
2.80479474 0.09495635 7.21691684 200 169 132
3.91470793 0.17529668 7.58795459 178 151 124
-17.67592946 0.75199025 16.64874507 89 84 80
-17.38318943 1.17882958 16.68354981 49 46 39
-17.58587235 0.21997678 17.32829279 61 57 47
-17.91095923 0.05992756 17.96056806 32 33 25
-17.69416968 0.10967801 17.76884518 96 92 86
-17.54269844 0.18636074 17.62876441 46 43 36
-17.34321552 0.26102493 17.49653071 43 40 34
-17.04305762 1.62743950 16.82739528 55 50 47
-17.29334484 0.22580019 18.03326776 89 88 80
-17.24341981 -0.02569122 18.15236432 107 100 91
-16.64327321 0.47897072 17.37185754 43 44 34
-16.64327321 0.47897072 17.37185754 43 44 34
-16.98623595 0.12487448 17.87797444 35 41 31
-16.98726923 0.20777705 17.89326594 99 95 89
-16.86160767 0.03739447 17.94720277 47 44 39
-16.25343445 1.97553019 16.52055405 39 40 32
-16.06047623 2.06759202 16.32567187 97 91 89
-16.85946711 -0.33986021 18.44133942 95 87 84
-16.90858159 -0.15945743 18.41480542 91 88 81
-16.35789935 1.14969699 17.29987297 51 46 42
-15.55303971 2.20022621 16.35172603 83 79 70
-15.95039387 1.56068169 17.09217648 100 97 92
-15.90789494 1.71353108 17.00443017 100 95 92
-16.33772326 0.38785322 18.08565239 46 41 38
-15.46764349 2.24464271 16.42093876 98 92 89
-15.75676011 1.50651952 17.12101899 92 91 86
-15.98793116 1.05330640 17.64712341 38 35 30
-15.92236672 1.39811905 17.49730518 105 102 95
-15.33076424 2.31749717 16.44974745 88 85 80
-15.97045143 0.27672378 18.20924040 106 101 92
-16.02847198 0.45484494 18.33169537 103 95 92
-15.59049052 1.10243709 17.62589638 49 48 44
-15.55593911 -0.19779346 18.30011887 75 67 52
-15.80349874 0.38925315 18.38633426 47 39 36
-15.19774162 1.88850553 17.07155319 48 43 37
-15.23081016 1.83823338 17.13937334 95 90 86
-15.42888700 1.04094521 17.84022354 50 49 44
-15.48067705 0.84722905 17.99259953 48 47 43
-15.64838963 0.24202799 18.52607692 2 4 1
-15.22904822 1.53096352 17.52171856 100 101 95
-15.22904822 1.53096352 17.52171856 100 101 95
-15.18583339 1.58289646 17.46368500 55 54 50
-15.45995569 0.49565333 18.29477888 44 41 34
-15.23829691 1.52261475 17.62323372 47 45 34
-15.42885934 0.45015503 18.35603821 89 86 79
-15.13535329 0.96652651 17.92863526 91 91 83
-15.05706720 1.19596371 17.82598474 53 48 43
-15.62583101 0.32878526 18.82065294 103 90 89
-15.33261411 0.73569809 18.41251606 54 51 44
-15.33241032 0.78856737 18.48541600 106 105 100
-15.18591532 0.86915503 18.31556046 95 94 89
-15.26120032 0.83052819 18.42296101 43 43 34
-15.05848911 0.91421736 18.15200772 44 44 35
-15.05848911 0.91421736 18.15200772 44 44 35
-15.04941254 1.17355264 18.14253020 91 87 81
-15.13568134 0.83557377 18.55212562 98 95 88
-14.91042766 0.54188874 18.94553562 81 80 74
-13.84646041 -0.67994759 18.56287505 104 99 93
-14.05463239 0.07719400 18.95912383 54 51 43
-0.81982836 -2.39167322 9.02271992 154 127 93
-0.59470738 -2.72024661 8.91111273 144 115 87
-0.59390082 -2.83819333 8.96125723 139 114 84
-0.48287100 -2.71770963 8.87241528 83 56 28
-0.50388659 -2.40259886 8.87971823 166 140 107
-0.58324137 -2.37283354 9.12310329 158 132 100
-0.58324137 -2.37283354 9.12310329 158 132 100
-0.54080308 -1.47401293 8.81527377 191 187 186
-0.54745616 -1.79889640 9.04819492 173 147 121
-0.43591976 -1.98069083 8.89951802 183 153 125
-0.36413425 -2.29888396 8.87545394 66 40 7
-0.31711091 -2.49313115 8.83715470 158 130 101
-0.43946711 -1.86124982 8.97928737 75 50 20
-0.26467292 -2.72820132 8.80801903 166 135 98
-0.37285918 -1.98158538 8.86730901 170 144 118
-0.28865255 -2.53359653 8.82413451 72 46 16
-0.20107047 -2.86698959 8.73058713 161 136 101
-0.18186251 -2.98300514 8.72918906 129 100 57
-0.29838549 -1.88957741 8.90299124 73 47 12
-0.22093603 -2.29465548 8.83201785 169 142 114
-0.27346102 -3.12073154 9.24909617 122 87 55
-0.30983697 -1.67590634 8.92164707 91 66 37
-0.09563584 -2.83648875 8.71903768 122 92 63
-0.27154753 -3.27279349 9.38846470 175 147 109
-0.23651811 -1.86776525 8.87651106 166 135 106
-0.08956235 -2.57663351 8.76837120 68 45 5
0.02161426 -2.51435816 8.72515523 142 112 76
-0.18359838 -1.35989258 9.02572165 71 52 22
-0.21255334 -0.98815764 9.06363857 177 151 121
0.14518288 -3.11807048 8.76108293 175 145 111
0.12457125 -2.59089316 8.72808401 151 117 82
-0.12508407 -0.68420581 8.95020719 105 78 49
-0.07448871 -0.68172954 8.92473262 172 148 116
-0.04811153 -1.27533049 9.08519560 117 95 71
0.09448055 -1.76071566 8.79918958 69 45 17
-0.01898893 -0.42048921 8.85644438 163 136 106
-0.04823160 -0.76483711 9.03438621 93 61 20
0.19201183 -2.20503450 8.73025785 66 42 8
0.16266809 -1.67257889 8.76198817 144 114 80
0.28193216 -2.78269366 8.70662487 163 132 98
0.04268893 -1.24788961 9.04305514 103 82 58
0.04268893 -1.24788961 9.04305514 103 82 58
0.24762707 -2.40004521 8.72879970 151 122 87
0.06029050 -0.40698159 8.79993635 167 138 104
-0.08924771 0.80565236 9.09730850 196 184 175
0.03338643 0.17105693 8.85723499 166 145 113
0.07610336 0.21978682 8.85637104 163 141 118
-0.04793728 0.76793274 9.15141836 171 147 121
0.35968263 -2.53002195 8.73303410 82 55 26
0.11657575 0.09695027 8.81308058 142 119 88
0.11657575 0.09695027 8.81308058 142 119 88
-0.01430580 0.69891226 9.13993089 102 77 46
0.25830773 -1.54576024 8.90031078 50 34 9
0.04828792 0.55155461 9.04206244 89 65 31
0.32202309 -1.69565139 8.77379419 172 140 112
0.41304531 -3.06239179 8.85264844 183 153 117
0.43561695 -2.64155133 8.73850558 149 119 91
0.11376194 0.58570400 9.03373874 92 66 30
0.43943364 -2.27459176 8.78516977 155 129 106
0.42133808 -1.81896125 8.84515882 164 134 102
0.47199917 -2.12589385 8.82787109 86 62 38
0.47199917 -2.12589385 8.82787109 86 62 38
0.44906977 -1.72727669 8.84781792 173 143 106
0.48229464 -1.97693977 8.85315253 146 119 91
0.37966081 0.25664391 8.66515511 159 135 109
0.49384934 -1.97046106 8.86590284 154 129 101
0.63153782 -3.16320588 9.03520829 167 137 108
0.54543192 -1.13651755 8.96874120 155 120 89
0.56116450 -1.33634701 9.00312695 148 115 82
0.57277081 -1.54382485 9.06206904 56 27 1
0.69445215 -2.23113470 8.85471115 75 48 16
0.69445215 -2.23113470 8.85471115 75 48 16
0.67910408 -1.77360989 8.98957368 143 116 90
0.68607466 -1.50658579 9.03889864 57 31 4
0.76541433 -2.00507558 8.95290758 151 125 100
0.76541433 -2.00507558 8.95290758 151 125 100
0.75319018 -3.33283873 9.29047200 123 98 67
0.80814354 -2.26586038 8.93960013 75 50 19
0.85113377 -0.37805586 8.45078628 186 158 127
0.83948949 -2.09606088 8.91519822 81 53 12
0.81213750 -3.29190037 9.29244937 168 142 111
0.85213923 -3.10823879 9.14669195 114 88 58
0.79776343 -1.26804605 9.01054912 84 53 21
0.82967806 -1.79726769 9.07281948 137 111 86
0.90758603 -2.27586717 9.01255243 58 37 10
0.90758603 -2.27586717 9.01255243 58 37 10
0.86343659 -1.52736561 9.15324985 76 55 28
0.96641325 -0.69308300 8.67881870 77 47 17
0.92815400 -1.80566096 9.09363338 153 128 99
0.93159817 -1.62400472 9.19991489 76 55 34
1.01023034 -2.67120776 9.15038440 157 131 106
0.96190095 -1.37963410 9.26016683 138 108 77
1.03908195 -2.45851981 9.21179180 62 35 6
1.03908195 -2.45851981 9.21179180 62 35 6
1.03728797 -3.00750979 9.35085879 167 141 105
0.95427621 -1.52043017 9.63756961 82 62 38
0.99515509 -1.47535330 9.48201914 46 27 10
1.00998756 -1.39870857 9.44656148 64 40 19
1.35799113 -0.02885923 7.88596841 183 157 126
1.17289193 -2.44743354 9.34695745 80 57 32
1.10795561 -1.38050025 9.47315805 162 140 112
1.41973332 -0.03892404 7.85942382 132 99 65
1.10203238 -1.39806214 9.58933467 79 65 44
1.18745265 -2.84417147 9.39586679 134 112 84
1.17295437 -2.20534339 9.37718417 53 33 9
1.43915710 1.74033090 7.60482526 128 94 56
1.19559683 -3.08100324 9.42557827 102 76 48
1.53050763 1.50720791 7.30948103 169 138 109
1.19950899 -2.23117020 9.40128742 54 32 10
1.13723432 -1.33818622 9.58868778 95 75 59
1.49419009 0.10574379 7.72756010 169 138 109
-1.41154045 2.08818738 22.29967060 107 92 73
1.56866648 1.36467731 7.45733616 141 109 73
1.64013559 1.39181678 7.33050547 157 126 95
1.26512181 -2.14707717 9.60132493 189 185 182
1.31541794 -2.84468949 9.53777979 86 74 60
1.31049469 -2.57437179 9.58891275 103 96 82
1.70807867 2.10816448 7.32059014 114 109 116
1.75568218 1.22202723 7.27368228 166 135 103
1.78972807 1.40505342 7.17767649 154 129 97
1.78759456 1.86801944 7.19537131 99 75 50
1.83594739 1.81122936 7.18612330 149 125 100
1.90606906 1.48561817 7.14068292 170 143 110
1.96883090 0.79482636 7.15725160 72 45 15
1.98829560 1.68550962 7.18056985 164 146 121
2.02369354 1.36885574 7.10105068 170 143 115
2.05059524 1.54328098 7.13302220 142 122 96
1.36946008 -0.08690758 11.46489594 112 112 104
2.04657100 2.28309906 7.31170950 203 199 200
2.12976541 2.29575117 7.30128935 199 195 195
2.16245900 0.68899760 7.13469834 73 44 8
2.27791250 1.43998453 7.13335121 179 163 145
2.30804108 1.54085448 7.19475889 108 106 112
2.39845149 0.97969769 7.09517361 68 45 30
2.16295133 -0.35808679 8.74330410 150 128 102
2.35398567 1.16064397 7.94344292 96 71 45
2.48519823 -0.20656142 7.60411489 177 148 114
2.48519823 -0.20656142 7.60411489 177 148 114
2.64952107 2.04264020 7.43785544 117 116 121
2.64409551 1.23875342 7.31125273 75 54 31
2.58372108 -0.17168812 7.53476021 164 139 113
2.58372108 -0.17168812 7.53476021 164 139 113
2.66131720 1.01947149 7.21386027 96 67 46
2.60215925 -0.13014161 7.56701457 176 149 120
2.67818254 0.91595809 7.16145854 86 60 39
2.68426500 0.62872087 7.16874533 157 133 106
2.68165197 0.18987023 7.13103917 149 123 96
2.79778426 0.65938290 7.16205274 153 132 122
2.80296854 0.67449020 7.26419142 93 68 47
2.85689594 0.74095971 7.30606378 114 98 82
2.79759122 0.05866024 7.69563402 120 90 56
2.82980973 0.01431982 7.67298063 166 139 109
3.09065561 0.95177258 7.61057503 148 134 124
3.09869886 0.95645671 7.66325256 155 142 130
3.21124172 1.82504599 7.37629015 119 123 125
3.32973399 0.16271166 7.45182778 92 62 30
3.40175562 0.31332231 7.38746606 142 118 91
3.53780734 1.03801401 7.90369342 196 195 201
3.54454420 0.30159056 7.43294906 141 123 100
3.84179213 0.28626931 7.60303174 139 120 90
3.88371694 0.30639300 7.61885015 198 197 202
4.02949715 0.03471751 7.74555877 121 91 57
4.41389304 2.18451364 8.74657584 140 146 156
4.41389304 2.18451364 8.74657584 140 146 156
4.24074383 0.00604124 7.86748115 151 131 102
0.40549371 -0.22973932 7.99450258 170 144 109
-0.32585699 -1.06800945 9.60342665 44 24 3
-0.50756206 -1.14265484 9.51569125 223 217 205
6.27397083 -3.63767200 15.46806155 76 84 83
6.56266341 -3.78588952 15.66809833 53 56 50
6.67215863 -3.74102250 15.60470350 63 64 51
-7.36334804 -0.85902324 10.58866692 188 183 178
-17.29698653 0.05972252 19.02602485 44 42 30
0.89721191 0.79484037 8.72274391 104 72 36
-0.98512688 -2.09800908 9.26551737 203 195 180
-18.45613389 0.32845417 17.17290792 101 102 93
-17.82534070 0.98844628 16.67545091 104 102 87
-18.25304422 0.23110199 17.43746305 49 47 35
-17.06338430 1.43332405 16.37591931 52 47 32
-17.44143608 0.75088849 17.09858216 122 120 108
-17.23377943 0.99792789 16.88687212 124 117 107
-17.15195572 0.89746714 17.09079435 49 50 40
-16.20917687 1.89245111 16.12387358 95 95 87
-16.33898868 0.78589994 17.41537840 101 98 89
-15.96268847 0.77463217 17.63534808 96 93 85
-15.90419736 0.91673044 17.52923704 108 106 97
-0.32207174 -1.41382611 9.02349530 195 194 188
0.32567202 -2.22079549 8.78479492 67 40 9
0.86423649 -2.15392985 8.97520148 60 39 1
0.93582695 -2.21315448 9.02832241 176 153 120
1.11808548 -1.11095575 8.99158265 160 130 100
1.16359149 -2.63249272 10.00219602 62 43 29
2.69265753 0.74222539 7.17940574 204 176 154
-18.67354527 -0.24154632 17.97987644 47 43 32
-18.48046231 0.03725292 18.02502717 99 94 88
-18.48046231 0.03725292 18.02502717 99 94 88
-17.85236310 0.65057337 17.36618860 106 102 98
-17.78778102 0.17093182 17.73125166 48 46 38
-17.76015430 -0.16993485 18.22225592 100 95 92
-16.76407739 1.15258246 17.00544677 108 105 100
-17.21668941 0.17976519 18.07461055 35 41 31
-17.29341675 -0.08851080 18.31022065 101 97 89
-17.04073409 0.14871026 18.07707774 99 95 92
-17.26239899 -0.21399907 18.48289287 104 99 95
-16.39783972 0.92272624 17.43785634 89 88 84
-16.99500270 -0.19589610 18.60597634 30 31 26
-16.04778906 1.35630830 17.04773581 90 89 85
-15.53399677 2.02079943 16.28235996 94 90 87
-16.74501998 -0.07583030 18.51490097 90 87 80
-16.29241044 0.46054274 17.95764627 55 50 47
-15.76903183 1.44859447 17.01629085 44 40 31
-16.15102017 0.28943104 18.46394773 53 47 41
-15.75745901 0.93095282 17.73506835 52 48 45
-15.68547365 0.50658196 18.33088943 103 99 98
-15.68547365 0.50658196 18.33088943 103 99 98
-14.88098897 0.90491760 17.95775499 48 47 40
-14.83019051 0.76712630 18.14918593 50 49 43
-14.48610130 0.40433745 18.83700380 12 11 10
-14.07103842 -0.43928643 19.04959576 87 86 81
-13.44081738 -0.41474935 18.70814600 107 103 101
-0.27635044 -2.57122332 8.82592179 142 118 83
-0.18151347 -3.37885822 9.47730111 133 95 50
-0.03862437 -1.62947167 8.83680531 134 105 73
-0.18663149 -3.62713707 9.95410101 145 112 71
-0.18663149 -3.62713707 9.95410101 145 112 71
0.14494022 -2.14834069 8.76745820 154 124 88
0.33976314 -2.66076143 8.79645424 49 26 0
0.69087070 -3.21403021 9.13010548 174 148 116
0.69087070 -3.21403021 9.13010548 174 148 116
0.89878057 -1.44892581 9.16666765 150 122 91
0.89878057 -1.44892581 9.16666765 150 122 91
0.93823068 -3.20244818 9.30817370 169 139 109
0.90603540 -1.53086682 9.18564191 75 53 29
0.91882843 -1.43638890 9.15686361 140 113 82
1.33170165 1.82823536 7.83847314 162 131 95
1.17688964 -2.88211432 9.33402682 65 49 20
1.57605617 1.67818800 7.29869339 177 147 112
1.63239162 1.31214525 7.35001961 182 149 116
0.91322591 -3.26557154 15.49084448 31 31 20
2.58056313 0.08518697 7.23408932 179 145 110
2.84444878 1.61622489 7.27201817 175 177 175
2.11271928 -0.40746773 8.85364812 198 196 195
2.44927787 0.87639940 7.35350258 101 67 24
2.44927787 0.87639940 7.35350258 101 67 24
-18.62456191 1.04898133 17.35599442 94 90 83
-17.93073772 0.85910978 16.88030696 55 49 39
-18.09635743 1.47354178 16.73584086 81 80 69
-17.67456948 1.38542528 16.56442965 78 79 71
-17.50030474 1.60677728 16.45266659 77 73 65
-17.59396054 1.34253522 16.74754485 49 45 35
-17.68275075 1.35133282 16.89732284 88 85 77
-17.11512671 1.01800256 17.18733970 104 100 90
-17.52182091 0.25337273 18.11691672 104 98 91
-17.52182091 0.25337273 18.11691672 104 98 91
-17.54403356 0.30893538 18.16650144 52 48 39
-17.48707558 0.12811337 18.36285623 49 48 43
-17.59861172 0.01598178 18.57342224 107 100 90
-16.17193503 1.83509721 16.49586625 53 51 41
-16.04800979 1.74103658 16.57456144 43 45 40
-16.62456099 0.86252338 17.75903380 44 42 32
-15.69435248 2.02652600 16.16662318 93 92 88
-17.05662782 -0.16585420 18.81881610 89 89 81
-6.85086039 -0.39378134 8.21128441 173 168 152
-16.49715788 0.53738484 18.12823247 48 44 41
-15.44183756 2.10788439 16.26911855 46 46 38
-16.35630248 0.51116030 18.16188257 88 84 80
-15.81044061 0.99833561 17.39631263 89 86 79
-14.77265875 2.16004740 16.07438368 78 75 68
-15.14279668 1.43416435 16.98097466 101 98 93
-15.82241502 0.15532509 18.53944709 30 30 18
-14.54209326 2.16129715 16.08506206 104 99 94
-15.11611804 1.22051843 17.32674885 102 99 92
-14.66196603 1.74370146 16.81692489 44 40 35
-14.66196603 1.74370146 16.81692489 44 40 35
-14.65237975 1.89486259 16.72946167 90 86 83
-14.41796672 2.00326702 16.44737524 37 36 29
-14.41796672 2.00326702 16.44737524 37 36 29
-14.69305975 1.76106720 16.92612689 90 86 79
-14.17197810 2.15910411 16.13829890 102 96 89
-14.54583531 1.51063710 16.90010816 42 37 34
-15.28269470 0.38858805 18.33809877 86 87 81
-14.31059614 2.13344008 16.34002211 94 89 83
-14.48204681 1.37641147 16.98139243 103 98 91
-14.41108249 1.84489174 16.70975706 110 104 102
-14.41108249 1.84489174 16.70975706 110 104 102
-14.03735932 2.07273449 16.22961608 48 41 33
-14.03735932 2.07273449 16.22961608 48 41 33
-14.71550970 1.03745029 17.58894466 102 99 92
-14.50737750 1.30105060 17.30178060 42 39 30
-14.52416581 1.20828687 17.47906815 94 91 84
-14.52416581 1.20828687 17.47906815 94 91 84
-14.50430447 1.02404982 17.68019267 47 47 39
-14.60492802 0.78466712 17.97716754 113 106 103
-14.60492802 0.78466712 17.97716754 113 106 103
-14.37080073 1.00518561 17.70472234 110 107 100
-14.37080073 1.00518561 17.70472234 110 107 100
-13.84597071 1.83490213 16.68715953 116 111 107
-14.06162763 1.43216476 17.20514809 30 27 18
-14.19560361 1.08631205 17.56175058 49 45 36
-14.48170616 0.61663269 18.19674045 40 39 35
-14.48170616 0.61663269 18.19674045 40 39 35
-14.35278080 0.67572369 18.03326148 31 31 24
-14.49061575 0.27823828 18.40538636 16 14 13
-14.00275390 1.47719592 17.25330915 33 31 21
-14.56468336 0.40544637 18.50570719 44 42 38
-14.39479972 0.51838004 18.27167188 94 91 84
-13.88431089 1.35247634 17.30017909 98 95 87
-14.39507391 0.29575358 18.49647685 15 14 9
-13.82406925 1.42282026 17.27169997 37 38 31
-14.00038823 1.26743453 17.58204612 47 43 34
-14.21890479 0.89614180 18.03713776 45 42 35
-14.06827417 1.21380088 17.76666818 58 53 48
-14.20144355 0.81597503 18.14754919 103 101 96
-14.20144355 0.81597503 18.14754919 103 101 96
-13.96016562 0.77797110 18.12695033 98 95 86
-13.96016562 0.77797110 18.12695033 98 95 86
-13.87353398 0.88958164 18.09348444 41 41 32
-13.96713093 0.41262631 18.67304904 101 97 93
-13.92650403 0.50014710 18.61133253 49 48 43
-13.93032972 0.40108677 18.87726377 84 81 74
-13.76003372 0.57299409 18.60316930 43 44 39
-13.76003372 0.57299409 18.60316930 43 44 39
-13.76003372 0.57299409 18.60316930 43 44 39
-12.84673403 -0.19281237 18.78924006 108 101 93
-12.88583747 -0.03944261 18.82486761 127 120 114
-12.88583747 -0.03944261 18.82486761 127 120 114
-12.61187316 -0.67028379 18.99900628 44 38 24
-12.37722477 -0.41328483 18.59237048 73 67 55
-12.48165600 -0.83289697 19.10274791 86 79 70
-0.85518259 -2.40846734 9.08067367 84 59 30
-0.85518259 -2.40846734 9.08067367 84 59 30
-0.80776436 -2.47279852 9.03652360 152 127 99
-0.78536258 -2.60677256 9.08898838 122 88 47
-0.54008650 -2.46215907 8.96606888 69 41 5
-0.58745790 -1.75633124 9.06765365 142 121 95
-0.41489343 -2.71191367 8.90674679 67 38 6
-0.51052594 -1.83086032 9.05221606 75 49 15
-0.29804169 -2.04987422 8.91999887 165 136 102
-0.41799022 -3.00833367 9.51950987 114 76 36
-0.19125884 -2.10787387 8.87501592 69 46 8
-0.23464253 -3.17690982 9.39445761 94 64 33
-0.03253261 -2.57638122 8.79133577 69 46 6
-0.08630769 -2.10086592 8.85207801 160 130 93
-0.16643942 -1.17086874 9.06709865 162 137 103
-0.18155389 -0.95262310 9.06659839 174 146 109
-0.02637352 -3.25993603 9.17481345 133 93 48
0.08575492 -3.19020576 9.00102193 137 97 45
0.06591268 -1.54160132 8.82114022 44 27 1
-0.02885723 -1.35692082 9.01481755 105 88 58
0.18118230 -2.83030700 8.78710582 62 35 2
0.08564079 -1.41333050 8.89062431 94 77 49
0.25332612 -2.51506114 8.74117246 168 138 102
0.23592964 -3.04014300 8.88486410 69 33 13
0.23073952 -1.98289052 8.79835443 69 46 15
-1.07513878 -0.38011483 12.36092606 136 107 68
0.20342544 -1.41088943 8.93735871 40 24 0
0.20342544 -1.41088943 8.93735871 40 24 0
0.26063328 -1.91796462 8.82679357 145 113 74
0.29146578 -2.10611023 8.78473428 102 72 35
0.31645075 -1.77620924 8.84068312 146 117 78
0.40286946 -1.94454781 8.83831010 154 128 93
0.15190603 0.86804585 9.22659022 87 69 49
0.46738529 -2.15769945 8.83151596 76 53 22
0.46490616 -1.92051423 8.86682840 121 95 65
0.49243654 -1.90732321 8.91546880 65 42 15
0.56553526 -3.01332279 8.97289286 114 82 43
0.56553526 -3.01332279 8.97289286 114 82 43
0.57834763 -2.13921918 8.88779663 85 57 16
0.47163655 -3.47496609 9.38904147 118 82 22
0.64953814 -0.20209430 8.54628256 168 142 107
0.58072257 -1.42373031 8.99332400 133 103 70
0.61385781 -3.28288213 9.16145365 121 90 45
0.73974692 -0.54936567 8.71604417 71 40 10
0.67230526 -3.22610347 9.17598463 181 152 117
0.71517403 -3.14598598 9.11836836 191 165 128
0.75112594 -2.28292438 8.94485622 77 50 23
0.80160757 -1.84554598 8.95926529 91 61 29
0.77343067 -1.50252593 9.07349186 160 134 103
0.91745097 -1.59539586 9.20928012 60 38 15
1.24161872 1.57195598 7.98818836 194 186 175
1.00327751 -2.78708755 9.16357704 90 60 21
1.02100338 -2.61412355 9.10622610 156 132 102
1.07189161 -2.32795946 9.16548979 141 117 93
1.09875392 -1.07733480 9.13307607 109 75 38
1.47181553 1.55638282 7.74966165 162 133 101
1.10416419 -2.86519808 9.20930743 119 95 61
1.12166565 -2.17994976 9.23216744 71 49 24
1.12166565 -2.17994976 9.23216744 71 49 24
1.07861993 -1.46425525 9.48725288 117 102 77
1.12881720 -2.78064364 9.21866613 80 55 16
1.12590546 -2.03680363 9.27911882 61 44 20
1.16028797 -2.42302359 9.20270991 97 71 36
1.16063021 -1.34569190 9.55734298 79 64 37
1.22094337 -1.26125657 9.52282011 162 146 125
1.22183726 -2.94936911 9.34593052 110 89 61
1.54915835 -0.39930503 8.41985702 179 146 111
1.26668384 -2.66811171 9.45076811 95 77 57
1.44842068 -0.84180229 8.89785499 126 92 54
1.28960485 -2.52756571 9.46056955 190 188 183
1.92072698 2.15446747 7.23682247 200 195 199
1.28939378 -2.27463874 9.54286502 173 177 175
1.26514603 -3.10860887 9.55789731 91 63 29
2.20936497 0.69993725 7.11984520 79 51 14
2.29281467 0.74614420 7.11112868 80 48 19
1.93460993 -0.48127833 8.86577787 163 139 105
2.40888809 1.24953066 7.10893760 179 165 155
2.39282348 0.69634627 7.09506591 145 122 90
2.50654038 1.07899852 7.09782053 168 152 139
2.50916662 0.54400750 7.12409582 143 117 90
2.54571036 0.87651294 7.08841052 162 138 119
2.52402259 0.65364280 7.14229116 159 132 105
2.52697349 0.60350986 7.13450887 98 71 41
2.58196021 0.80196986 7.10905274 156 135 117
2.63483460 0.94888905 7.15112252 175 156 142
2.60559048 0.41057673 7.13503380 176 149 121
2.68323236 1.34269334 7.17520763 168 170 167
2.66011591 0.51013137 7.18009612 71 44 23
2.68194995 0.60605613 7.18721152 128 104 80
2.73475901 0.76845060 7.18288093 118 96 77
2.70925237 0.25168986 7.18677032 89 59 31
2.80373585 0.56804038 7.26192049 64 37 16
2.82792652 0.71204624 7.25904432 94 69 42
2.91065638 0.66532840 7.26831654 117 95 82
3.10909994 2.17706123 7.42851352 137 136 141
3.04544328 0.80726839 7.49965119 153 139 130
3.05188794 0.35203626 7.19896398 100 78 66
3.11366768 1.03218064 7.67850228 94 75 61
3.19468370 1.25307515 7.84970842 160 155 152
3.19076637 1.16649256 7.84100258 116 102 88
3.18140898 1.20097568 9.85378813 186 187 191
3.44450303 0.31912464 7.39818963 117 99 81
3.78032157 0.25927035 7.53689987 137 116 86
5.61054855 -1.27949975 14.21191777 230 249 255
5.61054855 -1.27949975 14.21191777 230 249 255
-0.06291926 1.08511617 13.10857751 106 79 46
-15.89699969 -0.02222474 18.68726283 86 80 59
0.87346735 -2.57556831 10.91019087 157 127 87
-16.10334158 1.18120749 17.03802807 60 59 51
-16.14836701 1.05142032 17.21974480 37 38 27
-15.64190982 1.10632826 17.42383678 95 95 87
-15.64190982 1.10632826 17.42383678 95 95 87
0.43938869 -2.04368174 8.85008987 49 25 1
1.13080137 -2.62566968 9.27474770 81 55 25
1.15247260 -2.26408218 10.36898525 196 196 193
-16.53496966 0.88489725 17.34536648 55 52 47
-16.09427393 1.24970741 17.10961877 92 89 82
-15.89404188 0.69325823 17.88164016 102 99 94
-15.07692251 1.69910749 16.85876234 97 92 88
-15.66507474 0.46585344 18.14616340 103 102 98
-15.03729230 1.76710030 16.95764888 95 90 86
-14.94318448 1.05559332 18.01539472 50 46 43
-14.69014376 0.87821054 18.30843220 97 92 86
-14.54223636 -0.10656397 18.62420384 61 57 55
-14.17379788 -0.22507251 18.67175303 137 130 127
-0.43277268 -2.46384753 8.88588855 162 135 105
-0.36938634 -1.70979804 8.94470027 120 100 73
0.84396483 -1.50813934 11.21347812 60 41 24
1.05040676 -1.95322180 10.67520250 177 179 179
1.61506940 0.11520739 7.62501967 177 148 110
-0.69320504 -1.92012827 9.31910549 148 119 87
-0.05859926 -3.20349618 10.81688302 132 97 61
2.03563783 0.78529504 7.14563346 179 149 113
-16.47095564 1.08658955 16.94860599 54 51 44
-16.26981250 1.36581320 16.62461151 90 89 83
-16.11273345 1.71081122 16.37055075 110 108 96
-16.04055484 1.67639182 16.38280684 52 53 41
-16.22816900 1.26937489 16.81683542 107 103 94
-15.91913965 1.73629226 16.29777891 53 51 41
-15.86389529 1.79822967 16.25361691 86 83 77
-15.54336686 2.06775724 16.01032931 17 13 4
-15.52881243 2.22933776 16.23391026 18 14 4
-15.49029659 1.54140961 16.62676678 95 91 83
-15.30367363 1.94964776 16.25233592 104 99 93
-15.33142586 1.53533004 16.59609024 55 52 45
-15.74785860 1.15493796 17.26905000 99 96 84
-15.83744677 1.13520921 17.38611668 43 43 31
-15.01585890 2.17640689 16.05631405 18 15 8
-15.30234506 1.86629834 16.56610571 48 44 35
-15.44761760 1.39022427 17.00303987 99 95 86
-15.16215577 1.85412496 16.51078301 52 50 45
-14.87828857 2.21204014 16.06325456 16 16 9
-15.29608193 1.65904857 16.81313388 44 41 32
-15.66883591 0.76979554 17.70827930 91 90 86
-16.03997028 0.21116249 18.52064315 92 89 84
-15.10079856 1.73447445 16.72109395 99 96 89
-15.10079856 1.73447445 16.72109395 99 96 89
-15.84188762 0.38835433 18.25394228 47 44 37
-14.83106954 1.76247767 16.54140385 44 38 30
-15.27159923 1.16223098 17.41179200 87 86 81
-14.75444480 1.99274581 16.40683651 99 94 88
-14.75444480 1.99274581 16.40683651 99 94 88
-14.69925539 2.13311099 16.35980154 57 48 39
-15.07549560 1.47792693 17.13854419 47 45 33
-15.35630763 0.61386795 17.96700044 46 46 38
-14.90227452 1.41572567 17.10850850 45 43 30
-15.27389133 0.85486411 17.82642822 50 48 40
-14.87780268 1.75544045 16.92982719 89 85 76
-14.87780268 1.75544045 16.92982719 89 85 76
-14.49087663 2.27175935 16.25421506 63 56 48
-14.43867655 2.31159348 16.21634331 95 86 83
-14.72571847 1.82201418 16.82421568 85 81 73
-14.83537032 1.40182433 17.18892642 101 98 91
-14.78334642 1.65890866 16.99978545 115 111 105
-15.08158863 0.86699771 17.77408659 48 45 40
-14.62464644 1.84136515 16.76956897 42 38 25
-14.72009733 1.49844842 17.06827874 93 90 84
-14.47188600 2.01484017 16.58974997 104 99 96
-15.03966157 0.92703505 17.82531979 96 94 89
-14.70586621 1.46519112 17.17779099 103 98 91
-14.94391207 1.06694673 17.69140505 106 99 93
-14.40319364 2.00938966 16.65017252 53 50 45
-14.49039956 1.69656411 16.98084334 41 38 31
-14.96522564 0.65414723 18.12264394 107 104 97
-14.29906783 2.01375055 16.67010114 100 92 90
-14.53947822 1.57920539 17.20029257 100 97 96
-14.40468729 1.65072626 17.01012941 83 80 77
-14.40468729 1.65072626 17.01012941 83 80 77
-14.78353714 0.90452319 17.89153129 87 86 82
-14.43519537 1.43589400 17.34260328 98 92 86
-14.44465182 1.54866369 17.31745931 87 84 75
-14.40691524 1.50449861 17.36931433 39 33 25
-14.34820693 1.68555607 17.21813322 101 96 90
-14.35444847 1.60534024 17.28773581 102 98 95
-14.60591695 1.01295333 17.92768771 44 46 43
-14.18957890 1.74514776 17.12133777 88 87 82
-14.18957890 1.74514776 17.12133777 88 87 82
-14.63670786 0.51687464 18.46562832 40 37 30
-14.36421095 1.11038022 17.85628239 44 44 34
-14.41445882 1.04288280 17.96404409 94 94 86
-14.31246855 0.98776130 18.11223105 96 94 87
-14.21249731 1.30092585 17.82991101 106 101 95
-14.21249731 1.30092585 17.82991101 106 101 95
-14.33014869 0.86096103 18.25670906 103 101 96
-13.92516430 1.50958001 17.52256896 108 105 98
-14.06871918 0.99273565 18.07562206 96 94 84
-14.03191933 1.04436625 18.03438726 47 47 37
-14.22641575 0.87651961 18.37721265 98 95 86
-14.02497644 1.03787395 18.12606111 84 84 76
-14.03488885 0.70606822 18.50143344 99 98 93
-13.97239271 0.61507958 18.57981417 98 98 90
-13.88776300 0.79196088 18.40597949 47 44 37
-13.88776300 0.79196088 18.40597949 47 44 37
-13.69071882 0.36468928 19.02915050 36 33 24
-0.01900334 -2.58437537 8.77272985 69 46 6
0.14595552 -2.80454284 8.75232356 155 120 82
0.18650515 -2.81294678 8.75465311 157 120 91
0.01980819 -1.20803692 9.03430391 51 30 2
0.21409048 -2.15891504 8.75851679 156 122 84
0.30262269 -2.85818084 8.82955308 37 19 0
0.30262269 -2.85818084 8.82955308 37 19 0
0.45040865 -1.60272495 8.93245109 41 24 0
0.58096856 -1.65252595 9.00961580 76 47 13
0.78625884 -3.23939627 9.26562947 122 93 56
0.89139841 -2.49368232 8.98696172 125 100 71
0.93630248 -1.30604083 9.14936294 153 119 81
0.95285574 -2.97534628 9.21929484 117 85 44
0.99834442 -2.78154163 9.17919045 90 60 21
1.09070671 -2.28302425 9.21191176 122 100 76
1.10971112 -2.84178887 9.23298586 148 122 91
1.38004329 -0.43480399 8.36892841 176 146 110
1.10858836 -3.04611389 9.35950127 146 113 78
1.16043443 -2.62866430 9.32347032 136 110 78
1.15635109 -3.21526111 9.47362444 115 83 49
1.17571290 -3.09230876 9.43743781 72 47 20
1.17571290 -3.09230876 9.43743781 72 47 20
1.36166696 -2.96057214 8.77407682 134 113 83
1.95159841 0.50855266 7.18908564 166 138 108
3.34171183 0.03048849 7.44436819 155 125 87
4.21265444 -0.03903870 7.86565953 197 190 186
-16.98070031 0.20428093 18.01392513 43 44 38
-16.73342760 0.20331669 17.82016669 45 44 39
-16.73342760 0.20331669 17.82016669 45 44 39
-16.58962034 0.51541763 17.62910729 97 92 86
-15.96585522 1.03746789 16.91226074 96 91 85
-15.27597461 2.02516003 16.12523361 40 39 37
-16.23619823 0.43379264 17.82231520 84 83 78
-15.67659451 1.39074334 16.84996608 39 40 33
-16.01088827 0.56114160 17.70231486 86 85 77
-15.37787388 1.45821251 16.88766425 85 83 78
-15.31104148 1.54498341 16.80833852 106 98 95
-15.16509066 1.99966659 16.58794564 97 92 87
-15.88383938 0.30054139 18.19241358 49 47 42
-15.51074764 0.71597740 17.84161201 58 58 50
-15.32189259 0.72283286 17.82339234 86 85 80
-15.29310344 0.83281815 17.78105291 91 90 85
-15.29310344 0.83281815 17.78105291 91 90 85
-14.99167377 1.55368093 17.20889444 95 92 81
-15.39084456 0.70294251 18.03076684 91 89 84
-15.23152504 -0.04396474 18.22205831 116 109 108
-15.03590009 1.26669398 17.50816767 89 86 79
-14.52335375 2.31249722 16.51435129 46 43 36
-14.79897889 1.62973768 17.11981156 45 43 33
-14.57713743 2.10810402 16.79508962 48 46 42
-14.43069620 2.27443644 16.56589429 37 34 28
-14.94567268 1.07654179 17.71349515 92 90 82
-14.52171719 1.57342267 17.19259295 82 81 76
-14.50332500 1.47918140 17.41777885 90 88 82
-14.43105017 1.54884302 17.32171950 82 81 76
-14.00605972 2.40126475 16.59920406 48 48 39
-13.90543604 2.60367075 16.43392580 98 95 90
-14.05379583 2.29515599 16.89926818 40 41 33
-13.97386587 2.32928430 16.84930848 102 98 89
-14.12527837 1.74553510 17.41930759 38 37 32
-14.34968650 1.14566879 17.97964330 83 83 73
-14.15572589 1.72833812 17.53470184 102 97 88
-14.56716269 0.62704129 18.51665203 41 41 33
-14.55610525 0.36447478 18.67460754 17 18 4
-14.01292648 1.56788401 17.62370723 92 89 80
-14.11753181 0.87010545 18.15052666 34 39 27
-13.77931951 1.38520921 18.02033193 40 42 36
-13.66150110 1.49321681 17.91507241 44 43 39
-13.45745127 1.53349945 17.97890401 91 90 86
-13.62012743 1.11013806 18.47790894 95 94 88
-13.62012743 1.11013806 18.47790894 95 94 88
-13.50212075 1.51494889 18.22853543 37 37 29
-13.49557718 0.95302244 19.10931479 47 44 39
-13.44661868 0.88317761 19.11245784 86 85 80
-13.44661868 0.88317761 19.11245784 86 85 80
-13.27507984 0.80814512 19.18267252 43 45 34
-12.99911956 0.18917237 19.43393163 124 115 106
-0.86178253 -2.14984764 9.05425245 146 124 98
-0.73193988 -2.49786949 8.97455278 134 110 78
-0.65209174 -2.80088721 8.97279450 193 184 174
-0.70799385 -1.98943273 9.05954838 159 138 108
-0.63563913 -2.00794484 9.02691690 160 137 104
-0.52820689 -2.75614294 8.91246682 143 116 86
-0.64308773 -2.38863075 9.12283938 92 68 35
-0.57584641 -1.85758789 9.04359400 96 70 38
-0.60078845 -1.32243743 9.06744641 191 185 171
-0.50778127 -1.95294421 8.95865355 150 129 102
-0.41376036 -3.02027720 8.98838125 189 182 174
-0.33180853 -1.63462142 8.94568576 203 193 182
-0.23913895 -1.65850748 8.89340136 163 137 105
-0.08150742 -2.54832615 8.75698208 153 124 91
-0.32060029 -3.05355048 9.42337379 150 122 90
-0.05634818 -2.38111538 8.77190143 72 46 22
-0.38528177 -3.47517249 9.82854068 127 88 44
-0.38528177 -3.47517249 9.82854068 127 88 44
0.06260886 -2.82941377 8.74924785 66 39 4
-0.01763770 -0.89437255 8.94270959 173 145 112
0.05742042 -0.39082530 8.77428167 127 92 52
0.10713095 -2.41284664 8.74242580 77 50 16
0.05794975 -3.09319793 8.89957002 98 67 31
0.14071771 -2.53068034 8.69535928 167 140 110
0.07786024 0.83726012 8.95113219 199 191 179
-0.06167067 -3.25294987 9.26945943 131 94 52
-0.06167067 -3.25294987 9.26945943 131 94 52
0.16750790 -2.85451211 8.73377167 68 39 12
0.13925731 -3.11192291 8.80533912 169 141 106
0.18781336 -2.27279176 8.70504544 140 113 84
0.18531546 -2.60224899 8.72227996 151 117 80
0.11188529 -1.24088608 8.97820375 124 99 65
0.23733021 -2.84216045 8.74135791 149 116 75
0.26710611 -2.87324270 8.76568976 80 51 24
0.30270947 -2.49598276 8.73225668 124 94 62
0.34433093 -2.24336738 8.74932367 66 41 11
0.38851466 -2.35014482 8.72176467 157 124 91
0.36537770 -2.76785700 8.78615830 101 71 37
-0.11816705 -3.68944808 10.09442633 111 74 33
0.40117125 -2.25338709 8.78583453 57 33 2
-0.08273032 -3.68717046 10.03790487 117 78 36
0.43342767 -2.58392193 8.75930296 137 108 78
0.44311473 -1.42075980 8.96304212 51 38 22
0.48447836 -2.18126370 8.79481405 69 44 15
0.91237144 -0.06792498 8.23231532 161 133 96
0.42794655 -3.42227799 9.51250729 126 89 39
0.99608281 -0.30980476 8.23808985 169 138 107
0.79198010 -2.00006368 9.00422762 80 55 26
0.76074349 -2.91408502 9.02775327 177 152 122
0.80846956 -1.54032933 9.14906476 146 120 95
0.87953153 -1.32228673 8.96980774 153 122 91
0.84239088 -2.12626240 9.01928603 64 39 8
0.90347955 -2.27543026 8.94116402 64 37 12
0.68331762 -3.38483323 9.50560796 118 75 32
0.88898915 -2.64979584 9.02318300 88 57 23
0.91459508 -2.48058430 9.00332292 75 46 16
0.93770550 -1.54490314 9.29671786 113 97 74
0.94591611 -2.80046601 9.14920656 80 52 23
1.37508682 -0.51474657 8.30564846 136 104 66
1.03131567 -1.89664161 9.21637629 82 61 36
1.00526458 -2.74681725 9.15910757 94 61 26
0.74788387 -3.33859139 9.93288421 181 180 176
0.94602572 -3.20020850 9.44050736 97 70 40
0.97239864 -3.16544031 9.57510812 108 78 42
1.10252635 -2.69404854 9.28730815 72 50 27
1.04607144 -3.01100043 9.40472590 145 115 80
1.96835022 0.52097857 7.15350133 124 89 51
1.12732857 -2.64255066 9.33795354 59 37 15
1.14976892 -2.43358578 9.34090065 75 49 13
1.17726712 -2.32407436 9.29208971 113 85 61
0.85609282 -1.25589186 11.05808835 89 72 46
1.20044158 -2.35999113 9.40803246 158 133 103
0.99313015 -3.12704272 10.03450870 131 115 94
1.24047534 -2.43255887 9.56965354 88 80 62
1.21210320 -3.05298083 9.57399600 88 64 30
1.24525848 -3.01572762 9.65941836 159 135 111
2.42751956 1.31797352 7.12171900 132 121 109
2.42751956 1.31797352 7.12171900 132 121 109
1.05960817 -0.80491448 11.88233297 181 178 171
2.48754790 1.50974496 7.17128453 185 181 178
2.70320184 -0.05456893 7.25358162 125 89 49
2.77338464 -0.09922542 7.50070511 173 142 111
2.76944931 -0.09879272 7.62486194 132 97 68
2.76944931 -0.09879272 7.62486194 132 97 68
2.91008776 0.14956500 7.10059107 124 88 43
3.16988865 1.85518641 7.35824241 113 112 115
4.06618905 0.17548992 7.68400703 203 198 191
4.20191915 -0.05094594 7.81799832 165 136 114
4.22443613 0.01749533 7.74293363 151 132 110
4.22766698 -0.03582977 7.81636689 207 203 203
-6.08158962 -2.88919273 12.66610221 188 180 167
3.13817650 0.42407174 7.68149561 182 184 177
6.32879685 -3.43915763 17.56477615 25 32 49
-0.91290110 -1.82319428 10.13615903 216 207 196
-6.96348139 0.21539303 7.44793944 185 180 175
4.83573910 -3.37800099 16.41168691 98 98 99
-0.50486901 -1.99755286 9.22775351 145 112 77
-15.23836626 1.33207399 17.37678389 60 57 50
0.17035871 -2.67621646 8.49413527 66 37 8
5.99496980 -3.09784643 17.96160486 141 140 138
-0.78288541 -2.25223767 9.10257465 164 130 93
4.09110856 -0.17886239 7.54118750 147 109 72
4.25680949 0.02849973 7.61971641 151 131 100
-15.57346721 1.20773841 17.19574667 54 50 40
-15.76471587 0.94745044 17.57640672 94 89 83
-15.76471587 0.94745044 17.57640672 94 89 83
-15.07704005 1.96899815 16.45243920 51 47 43
-14.94255367 1.80907426 16.63779709 44 38 30
-14.81399854 1.62366815 16.92851600 103 99 90
-14.91254435 1.50909100 17.13559192 105 102 97
-14.72995558 1.58762127 17.07089928 42 37 34
-14.41904653 2.08560458 16.57852481 99 94 89
-14.45834757 1.84694236 16.84112740 45 42 37
-14.36983622 1.89566081 16.86465954 44 41 35
-14.36983622 1.89566081 16.86465954 44 41 35
-14.75553922 1.05422566 17.84137950 96 93 86
-14.74304308 0.90597871 18.01875062 57 56 54
-14.35191621 1.60383151 17.28374553 102 98 95
-14.29398567 1.58096287 17.36104120 100 92 89
-14.28603838 1.48533614 17.47170193 88 84 75
-14.26652264 1.14137268 17.98753518 47 47 37
-14.04825205 1.34845043 17.81924060 47 47 39
0.98313942 -3.13809353 10.00557410 174 141 108
1.14020706 -2.18325740 10.36075657 172 176 177
-15.09091421 1.91450805 16.47456461 95 92 87
-14.48544615 2.23951234 16.38796858 50 48 41
-14.18756746 2.43351817 16.30322735 74 74 70
-13.72120511 2.46047925 16.41510414 40 39 34
-14.22163039 1.60813731 17.54479739 77 76 71
-14.22139000 0.98170601 18.52164196 89 85 79
-13.70202581 1.71392999 17.77151872 92 88 79
-13.47081920 1.49957382 18.19235475 37 37 29
-13.62804726 0.81767970 19.14028172 36 37 31
-0.16936788 -2.72809382 8.73252010 133 100 69
0.10845937 -1.98335641 8.69335854 153 125 87
0.10556547 -2.39336715 8.70836247 153 124 91
0.27776515 -2.43699706 8.68474976 142 108 69
0.28606477 -2.96651223 8.78554756 176 148 111
0.39722850 -2.75207442 8.78181695 159 130 97
0.91171162 -0.57581784 8.23912174 180 150 118
0.93598918 -1.57121328 8.98539404 145 117 85
0.90998358 -2.43625642 8.93746266 151 125 98
1.00616395 -2.23163874 9.02198075 117 96 68
1.11634808 -1.45662307 9.34336087 134 106 80
1.19920433 -1.31872904 9.38635008 138 111 80
-15.97707983 1.33799694 17.05374500 43 42 40
-15.84458550 1.37828727 16.94006891 81 76 73
-15.43483627 1.95878558 16.25497053 37 32 26
-15.93130165 1.10837345 17.30433530 44 40 39
-15.44778410 1.44483846 16.58819445 100 95 92
-15.56254910 1.69643159 16.60218715 86 81 77
-15.56254910 1.69643159 16.60218715 86 81 77
-15.60453164 1.30433548 16.93687243 96 91 88
-15.75674520 1.03173837 17.51176459 41 40 36
-15.88795226 0.69486060 17.89221218 93 84 88
-15.08374482 1.89483378 16.36701994 44 41 34
-15.05033213 2.00373105 16.32064507 91 85 87
-15.57525994 0.97876691 17.51492082 42 38 33
-15.57525994 0.97876691 17.51492082 42 38 33
-15.47916222 1.33042360 17.24085179 42 37 33
-15.42661033 1.00671688 17.63614065 98 91 85
-14.75633304 2.29246330 16.15639706 16 13 8
-15.17683708 1.48556783 17.17594396 86 80 81
-15.04140026 1.63819920 16.97576645 88 82 82
-14.85917631 2.02210138 16.60786488 83 78 76
-14.52295620 2.24164641 16.12719334 79 80 74
-15.21582665 1.39012969 17.40232187 94 89 85
-15.05241098 1.05339160 17.43336826 79 74 69
-14.85552778 1.67563732 16.87483291 45 40 36
-14.58399058 2.21757862 16.26507153 45 41 38
-15.45349417 0.71405759 18.15597784 47 42 40
-14.99153001 1.24190852 17.46841583 95 90 86
-14.75658051 1.64543608 16.98000576 110 101 102
-14.39774679 2.11705813 16.31482783 88 82 79
-14.39774679 2.11705813 16.31482783 88 82 79
-14.49002281 2.11858329 16.45036913 38 35 26
-14.27712687 2.41827365 16.16821191 16 14 11
-14.38974173 2.18954805 16.44462868 85 79 74
-14.29242696 2.34006099 16.26509941 34 29 25
-14.56965344 1.73980791 17.04873295 48 40 38
-14.80722292 1.37691801 17.54335858 87 81 81
-14.45471275 2.26658121 16.64521681 103 95 93
-14.78917766 1.41388541 17.51342326 46 39 37
-14.30142277 2.31416488 16.48857773 43 38 34
-14.78426579 0.83318600 17.87201170 44 37 30
-14.87046320 0.74881001 18.03749824 92 88 87
-14.91256022 1.08107845 17.97390295 46 41 37
-14.91256022 1.08107845 17.97390295 46 41 37
-14.07575326 2.32734136 16.39774264 46 42 39
-14.52857321 1.53937207 17.37394289 33 29 30
-14.65687557 1.38164549 17.62716007 90 83 81
-14.00606020 2.46698428 16.27945734 84 80 77
-13.90503602 2.35107190 16.26442227 45 40 40
-14.32625901 1.46250397 17.30253808 28 25 17
-14.15686742 2.11293614 16.79536041 94 89 86
-14.88144345 1.15777320 18.19220764 44 39 36
-14.53921631 1.32112396 17.75367171 86 81 77
-13.71950860 2.55461292 16.18453671 14 9 3
-14.10094664 1.86928505 17.06689545 103 93 91
-14.25149512 1.58987789 17.46936873 33 27 27
-13.68299794 2.57229847 16.34280937 80 76 74
-13.85115747 2.25001621 16.73044120 99 92 86
-14.49663169 0.76803165 18.33577718 40 36 33
-14.19814648 1.59688398 17.60920492 39 34 29
-14.05398791 1.66030591 17.41930364 103 95 95
-13.58201954 2.68261797 16.32414347 10 7 3
-13.57398298 2.57483885 16.41532259 44 41 36
-14.17827547 1.48775725 17.79550170 43 38 37
-13.89961607 2.02233178 17.17444109 47 42 39
-14.04760609 1.62485135 17.57379077 41 36 33
-14.04760609 1.62485135 17.57379077 41 36 33
-13.51825562 2.44235141 16.52776535 47 42 38
-13.84990605 1.98355674 17.20285221 83 78 75
-13.48641310 2.57538071 16.43961046 88 84 80
-13.60149742 2.30833229 16.73027424 89 84 80
-13.42200616 2.59614499 16.37588557 36 32 23
-13.43261669 2.67076383 16.37988878 74 72 67
-13.37617885 2.67024989 16.38150266 78 76 70
-13.37389485 2.38757094 16.57787211 36 32 29
-13.37389485 2.38757094 16.57787211 36 32 29
-13.64713733 2.07402432 17.12676333 94 86 83
-14.17824593 1.24338019 18.23062237 47 42 38
-13.71714926 2.05606910 17.28253290 93 88 85
-13.36024498 2.47231505 16.67952563 47 42 38
-13.36024498 2.47231505 16.67952563 47 42 38
-13.36024498 2.47231505 16.67952563 47 42 38
-14.11106007 1.23151660 18.27942650 82 76 76
-14.11106007 1.23151660 18.27942650 82 76 76
-13.47862160 1.99235488 17.15564932 41 36 29
-13.52652974 2.08340793 17.20500778 100 95 90
-13.62261675 2.00727350 17.43927775 43 38 34
-13.56200328 2.08588894 17.35957187 44 39 36
-13.09315866 2.61260219 16.50573880 41 40 35
-13.55539605 2.04668604 17.41813343 92 84 81
-13.48590599 1.94604368 17.40550402 42 36 35
-13.48590599 1.94604368 17.40550402 42 36 35
-13.87151573 1.37698898 18.18872935 90 84 84
-13.87151573 1.37698898 18.18872935 90 84 84
-13.13295329 2.63893491 16.60085262 100 96 91
-13.48938450 1.91460715 17.45107233 46 40 40
-14.14369083 0.97320094 18.78829105 88 82 84
-14.14369083 0.97320094 18.78829105 88 82 84
-13.35586510 2.17856009 17.14998320 43 39 36
-13.48398617 1.97674256 17.48890246 98 90 88
-13.75539422 1.49459349 18.09883485 38 37 33
-13.75539422 1.49459349 18.09883485 38 37 33
-13.18793678 2.41092223 16.93854614 41 36 35
-13.49839896 1.76123301 17.75530414 18 14 15
-13.38912474 1.75782478 17.62792121 86 79 76
-13.58304246 1.37443592 18.15594967 35 30 26
-13.21228381 2.24677519 17.23888774 103 97 92
-13.21228381 2.24677519 17.23888774 103 97 92
-13.49549221 1.51072673 18.04881305 45 42 36
-13.30150663 1.97884430 17.60077786 103 94 91
-13.28918745 2.03590545 17.57797057 56 48 45
-13.12504145 2.15147359 17.30504812 84 80 79
-13.76701292 1.09322987 18.69863198 88 82 82
-13.69393960 0.73291993 18.83721357 84 78 78
-13.31917312 1.95847670 17.71978923 110 100 98
-13.32041850 1.91729988 17.75844554 50 47 42
-13.74541533 1.07804747 18.78041367 34 30 26
-13.68277973 1.01293378 18.81184523 85 81 78
-13.38938201 1.42157848 18.21532754 36 33 26
-13.38938201 1.42157848 18.21532754 36 33 26
-13.45624861 1.28659078 18.39151560 97 91 91
-13.62340132 0.77160251 18.94752853 91 87 84
-13.62800259 0.87970384 18.91464131 35 24 24
-13.30702686 1.12807679 18.40407080 92 85 85
-13.48722986 1.40841669 18.49384774 98 93 90
-13.50406170 1.02605232 18.72638000 37 31 29
-13.39915141 1.51497944 18.33048790 43 38 38
-13.26333047 1.55006609 18.19426216 46 37 38
-13.49683068 1.04509804 18.81539949 87 81 79
-13.55300462 0.90418366 18.98446171 36 30 29
-13.31893782 1.47350532 18.44700496 92 87 84
-13.21687226 1.38474530 18.49500220 96 91 87
-13.48751684 0.82459429 19.15648222 44 40 41
-13.16966497 1.42447966 18.50681263 37 31 28
-13.16966497 1.42447966 18.50681263 37 31 28
-13.29045996 1.10829498 18.90203881 44 40 37
-13.22234227 1.01423099 18.89828081 90 84 84
-12.96279147 1.61884519 18.25674082 86 82 83
-13.06212210 1.56651824 18.48425244 45 39 36
-12.98337017 1.05474197 19.06638844 41 42 37
-0.90474863 -2.32013289 9.04353959 149 124 95
-0.81637801 -2.25306703 9.01645978 69 44 12
-0.54567023 -2.70120971 8.91221376 77 49 12
-0.46684658 -2.50595394 8.85864557 145 118 87
-0.15591447 -3.11186094 8.30074037 157 129 90
-0.27220915 -2.32701486 8.78997173 160 132 96
-0.29016262 -2.89359836 8.97840253 209 196 182
-0.15599314 -2.72983132 8.73542462 150 118 80
-0.08531956 -2.79524316 8.76081369 64 34 4
-0.61947836 -3.35463745 10.24875567 146 108 66
-0.26532258 -3.04048176 9.40152589 25 10 5
-0.05732533 -3.00804790 8.88907052 115 85 51
-0.41013156 0.08858171 9.36362248 187 176 166
-0.18514786 -3.17291212 9.42336359 168 141 108
-0.52111780 -3.68306413 10.55141770 36 26 6
-0.03768286 -3.23079917 9.28677567 167 135 92
0.01902219 -3.15821717 9.17195568 143 101 47
0.15166624 -3.03229695 8.83312666 127 86 40
0.19964362 -2.87029480 8.74117723 133 104 72
0.18363124 -3.07989127 8.86835358 184 155 115
0.09057481 -3.22994880 9.14265284 172 142 107
0.24998060 -2.44977662 8.66680237 156 124 86
0.26977791 -2.55786335 8.65866966 127 97 63
0.34274374 -2.21754509 8.64209912 159 129 96
0.40476344 -2.50289564 8.73309135 55 30 1
0.43621498 -2.13879475 8.68742263 55 30 11
0.39334655 -2.99142718 8.91261817 170 141 100
-0.17332240 -3.52813176 10.67286501 147 122 92
-0.08338035 -3.50840893 10.57481850 135 116 88
0.51425275 -1.98191598 8.76579200 55 27 8
0.49279616 -1.47762115 8.78435500 150 117 84
0.69060001 -0.47031722 8.19352082 152 123 88
0.54334500 -1.81749189 8.72500172 43 21 0
0.66429408 -1.72215063 8.84373779 145 117 82
0.67328083 -1.95775048 8.83392456 138 116 86
0.60774651 -3.20813385 9.24241810 125 94 60
0.73993549 -2.49931512 8.91794086 80 52 15
0.62613766 -3.21289169 9.27454579 185 157 124
0.79076233 -2.27010730 8.85876126 59 35 10
0.96028293 -1.00233923 8.42460146 89 54 11
1.01096021 -1.06284842 8.39781715 163 136 100
0.81982893 -2.74994390 8.97640782 184 155 126
0.86943017 -2.74001587 9.03993646 87 53 13
0.54532013 -3.43483114 10.26567385 179 176 171
0.76422488 -3.28886230 9.56925357 113 83 46
0.76422488 -3.28886230 9.56925357 113 83 46
0.90512558 -2.92151582 9.13152006 160 131 99
0.85875068 -3.13775839 9.55001309 159 131 94
1.00713778 -2.63044092 9.08313876 168 144 113
1.05100870 -2.26699118 9.02736051 84 63 33
1.05733074 -2.30849512 9.05507998 68 45 21
1.05748737 -2.02897021 9.12521269 62 38 14
0.89739260 -3.13324293 9.68687402 147 123 96
0.98605937 -3.02977038 9.41336263 67 40 12
0.96183596 -3.15706734 9.49882738 160 130 92
0.81411645 -3.03259377 10.07801416 146 110 69
1.12296778 -2.02183734 9.17571019 161 135 108
1.13182385 -2.72977449 9.28463261 155 127 105
1.11411432 -3.09187621 9.47278109 116 89 62
1.06097513 -3.11253755 9.89874430 131 93 48
1.21208200 -2.73170572 9.38680452 144 121 96
1.19948857 -2.79616356 9.43664389 155 130 100
1.17096933 -3.07585451 9.57921093 116 94 64
1.19789517 -3.08216448 9.61251791 158 137 110
1.25508124 -2.83521851 9.57733022 89 69 45
1.26610026 -2.94419375 9.59297142 139 117 84
1.36399972 -0.20994273 10.46665218 108 108 100
1.33589900 -0.13292330 11.39892463 110 110 98
2.12456164 -0.89139264 8.02142963 163 131 97
4.94929443 -2.59832772 18.67997191 108 104 95
5.69197827 -0.83326925 15.30565632 228 247 254
5.69197827 -0.83326925 15.30565632 228 247 254
5.29839186 -2.51301171 18.47207298 142 133 132
5.63809765 -1.49790403 15.33298865 193 215 253
7.88221286 -2.57026745 20.03831856 121 112 106
10.48797811 -1.47901404 20.43262354 88 98 73
10.41130990 -2.00869180 20.45132035 89 92 81
5.48857380 11.02983319 21.52834061 60 28 1
0.59609030 -0.62346995 14.05935159 200 189 172
1.43204456 -1.03509336 9.80812186 184 184 182
-0.36376664 -2.99963058 9.42426357 14 10 4
0.48258566 -3.12789155 9.05778656 122 86 50
0.49256054 -3.01759576 8.93286628 186 151 119
3.93349856 -0.25382905 7.62477317 184 177 166
3.17761516 0.08909725 7.02438006 209 202 202
-0.57701603 -3.38813096 10.62552389 5 0 3
0.45736901 -3.22638758 9.08708704 191 156 118
0.50180857 -3.04199996 8.88012985 184 150 113
2.49651182 -0.29402593 7.32002131 175 142 110
-0.75252429 -4.29675688 18.11353080 148 138 129
0.40471167 -4.57419606 18.88754070 91 87 75
0.94565771 -4.72777127 19.13004079 49 45 36
0.61723784 -3.68429084 17.61797557 48 44 35
-0.34475663 -3.67466799 10.43017238 143 109 69
0.13135635 -2.96386139 8.64465255 107 75 38
0.32301196 -2.64712873 8.60233591 167 137 100
2.56157120 -0.13432421 7.06121057 127 93 50
2.67573291 0.06948352 6.93994060 139 104 66
3.49636395 -0.00704475 7.17197455 151 130 104
-0.56382259 -3.59546647 10.41665781 149 127 98
-0.68427991 -3.41882930 10.25790780 140 110 76
0.51197773 -3.20910408 9.07421980 117 80 37
-0.43714288 0.56121970 10.17041998 191 176 160
0.38168972 -2.77896285 8.63885003 113 80 38
1.72246546 1.20467217 7.45345439 163 131 92
3.38510955 0.01412349 7.21981442 133 101 61
-0.51786223 -4.45455120 18.61258745 155 143 129
-0.71824828 -4.32529021 18.02611486 143 134 125
-0.13110463 -4.42902804 18.90535698 160 147 139
-0.07369748 -4.36666235 18.90539839 166 153 143
0.60644059 -5.01634051 18.95205399 181 167 158
0.17148101 -4.29977326 18.83654297 155 151 143
1.63628801 -4.38171326 18.78630083 143 138 133
0.65994666 -3.43845917 17.57813914 174 169 156
0.94265096 -3.34095677 17.92158856 184 183 181
1.69719754 -3.62383428 18.39950295 110 97 80
1.97215080 -3.71225383 18.16372236 99 86 69
-0.65874767 -3.57475951 10.42902745 4 4 5
-0.80009224 -3.40925682 10.31381690 118 94 66
-0.59835740 -3.70707676 10.29037333 141 120 88
-0.68206517 -3.56787800 10.20865912 121 88 53
-0.74708776 -3.47714763 10.17910747 77 49 22
-0.74708776 -3.47714763 10.17910747 77 49 22
-0.77122085 -3.36750390 10.07915700 151 124 88
0.04474891 -3.49719422 10.39821844 178 173 169
-0.12822248 -3.54665162 10.09887919 141 106 68
-0.42697559 -3.34286947 9.59119985 119 78 31
-0.60799500 -3.00075341 9.57292999 88 56 23
-0.83503552 -2.63077523 8.75733222 155 122 83
-0.43670644 -2.63050359 9.11709943 144 110 73
-0.25998034 -3.03016741 8.98497594 92 58 20
0.52932101 -3.36361983 9.52243750 163 135 102
-0.11113921 -2.85984986 8.74945548 87 57 22
-0.26897002 -1.69601858 8.81010623 105 74 28
0.93261491 -3.11888913 9.42392160 53 26 12
0.89161881 -3.15570449 9.35339913 61 35 16
0.16994172 -2.88519507 8.57237555 164 136 99
-0.32053451 0.58284965 9.69927590 134 101 66
0.48258119 -2.98657832 8.81592957 118 84 44
0.58801228 -3.04214609 8.91085846 177 148 114
0.62328683 -3.03447684 8.94011155 117 83 44
0.87517999 -3.09335068 9.16393200 156 129 96
0.54471650 -2.82638225 8.79996840 116 77 38
0.69496732 -2.66285994 8.80578521 152 126 93
-0.08196637 -0.48722182 8.92296080 121 90 51
0.72818934 -2.65391879 8.81788780 160 134 101
1.05182289 -2.57448394 9.17537272 117 86 52
1.05182289 -2.57448394 9.17537272 117 86 52
-0.09766515 0.20828586 9.17357914 153 124 91
0.24907148 -1.74515420 8.62498814 179 146 108
0.74382213 -1.49480186 8.96619284 116 78 41
0.53939977 -0.16276335 8.55606265 171 139 101
1.51648189 -0.81886018 9.19490112 121 94 65
1.52016807 -0.81548250 9.04242515 135 104 68
1.87882359 -0.52495405 9.00189382 141 115 86
1.02166680 0.05606239 8.12767518 106 72 37
1.11476745 0.04947789 8.00753935 169 137 98
2.49507950 -0.23982299 8.68751368 191 192 197
1.51780853 1.66316240 8.16123873 165 134 102
1.42700362 1.78891040 7.88447160 152 116 81
1.47849333 0.34414147 7.59435940 113 78 44
1.61378199 1.46374473 7.53764158 163 129 91
1.69645790 0.92271093 7.39069833 169 139 101
1.68940666 0.54900761 7.28542543 176 146 107
1.77775766 0.62144125 7.23055880 172 142 106
1.76704658 1.66797268 7.34360579 147 123 96
2.14748714 1.36734486 7.30440413 147 114 79
2.15357890 0.38119749 7.09574075 162 131 94
3.10006443 -0.11156663 7.35805246 143 115 80
2.63835923 0.31669282 7.01392940 139 114 89
2.66736024 0.28252339 6.79345369 194 193 198
4.10589315 -0.14649372 7.45983239 148 125 95
-0.50695479 -3.62644291 9.68285665 14 7 7
-5.91858720 -2.24430316 10.23606597 68 48 16
-0.07615607 -1.95281216 11.59620053 202 188 182
3.55728440 0.46733590 7.21942327 205 200 201
3.21422903 0.26977190 7.62112240 184 184 184
-14.61365373 2.25671408 16.13234917 32 28 21
-14.53494471 2.25858801 16.16163209 90 83 75
-14.50007006 2.08009585 16.39022156 87 83 78
-14.50007006 2.08009585 16.39022156 87 83 78
-14.57261846 2.01312441 16.52298997 74 74 66
-14.72752378 1.57953475 16.95053338 60 57 52
-14.64465016 1.66857676 16.85344702 50 47 42
-14.25156654 1.92523497 16.78761654 100 97 94
-14.61435034 2.31052684 16.21413910 73 70 65
-14.34148740 1.60940270 17.29140115 91 90 83
-14.27931329 1.60505393 17.36617904 83 82 77
-14.09725747 1.88049457 17.07266439 91 90 85
-14.11163807 1.55705944 17.45065350 77 76 71
-13.80081968 1.77708813 17.44796384 100 97 90
-13.80081968 1.77708813 17.44796384 100 97 90
-13.80090039 1.77430553 17.57740428 42 44 33
-14.31237680 2.20804104 16.16077023 80 72 72
-14.28409559 2.31096521 16.07329899 14 11 6
-14.62237005 1.84223786 16.77224108 33 30 23
-14.24334291 2.31337136 16.23018358 34 29 25
-6.21361128 -1.27088479 8.99884083 161 155 146
-14.03021836 2.35216263 16.34547462 91 83 84
-13.94894958 2.36363052 16.41840925 93 88 84
-14.25887062 1.66595731 17.30349353 42 39 34
-13.88535862 2.18584651 16.73532167 44 39 35
-13.76983226 2.21516012 16.76253150 46 42 39
-13.76696548 2.27700041 16.74302522 95 92 87
-13.97546711 1.54792906 17.45126617 94 87 84
-13.68166598 2.09472828 17.15936732 94 86 83
-13.54371430 2.27102535 16.91962597 94 89 87
-13.74516513 1.47797416 17.60412688 91 86 84
-13.70199759 2.04850816 17.27186401 93 88 85
-13.55491004 2.00445826 17.26992401 82 77 73
-13.55491004 2.00445826 17.26992401 82 77 73
-13.34886108 2.51296033 16.82757951 98 95 88
-13.34886108 2.51296033 16.82757951 98 95 88
-13.68390078 1.62632407 17.81792127 77 73 72
-13.62571981 1.82821455 17.65326741 98 90 85
-13.29015100 2.28195053 17.06849545 105 99 93
-13.16451528 2.38676280 17.00699935 41 36 33
-13.25917420 2.20338392 17.30294008 44 39 36
-13.25260531 2.08430336 17.56550599 93 85 82
0.63265825 -3.35120197 9.46080538 126 97 64
-8.04384142 -1.01762205 13.27862273 97 91 81
-0.22073181 -3.03805289 8.89362985 138 112 81
-0.64919140 -3.27820421 10.05967229 162 133 99
-0.42978001 -3.29743260 9.58176179 169 138 97
-0.36133887 -3.07090131 9.45161063 174 142 101
-0.62179133 -3.64079802 10.24440319 141 116 85
-0.61549233 -3.66512985 10.33213116 43 26 13
-0.50807050 -3.54314924 10.04915883 173 138 100
-0.29913274 -3.10170183 9.39636715 135 111 82
-0.25557610 -3.13614643 9.38924317 3 2 1
-0.23564402 -3.11309448 9.38998290 172 151 121
-0.56506990 -3.68480988 10.43945943 0 1 3
-0.51914584 -3.69790061 10.46390387 160 128 92
0.34224602 -3.11297311 8.64655475 173 143 107
0.34886584 -3.09359173 8.65371463 150 120 83
-0.27226445 -3.68914939 10.59250587 147 117 78
0.44494629 -3.14275442 8.76396564 191 157 127
0.07309608 -3.49995830 10.24651039 181 153 124
0.19109934 -3.40026470 10.15484583 108 72 41
0.90218037 -2.42002160 8.80019430 149 125 95
1.62828906 0.67048055 7.04554361 94 74 47
0.77253639 -3.34523523 9.62567216 198 171 144
1.70901626 0.64690154 7.01142725 99 79 53
1.02672508 -1.88683125 9.12840805 128 107 86
0.89963926 -3.16195930 9.39928951 187 154 117
1.80712034 0.92086257 6.83927588 107 92 63
0.89956064 -3.20982449 9.48129260 185 157 118
0.73077158 -3.01223389 10.16551324 140 107 74
0.91367930 -3.14900782 9.61381476 147 123 94
1.86103870 0.64058224 6.87568641 107 90 65
1.86103870 0.64058224 6.87568641 107 90 65
1.09987833 -2.11475356 9.15959588 66 42 16
1.88485535 0.52392221 6.87067148 60 44 9
0.96038909 -3.08161057 9.64234002 43 22 2
0.86213293 -3.07571541 10.28847898 196 191 185
1.15944551 -2.51662742 9.23951502 69 40 10
1.49149325 -1.32406633 8.71051937 152 119 86
1.21264916 -3.00849663 9.69154687 82 57 18
1.22242643 -2.97200998 9.78244962 101 75 45
1.79441290 -0.54862538 8.54407408 150 120 92
1.21782889 -1.28443816 11.28348055 192 191 189
