ply
format ascii 1.0
element vertex 7254
property float x
property float y
property float z
property uchar red
property uchar green
property uchar blue
end_header
-1.64958045 -0.28030946 5.87168900 69 72 77
-0.88347571 -0.08160864 5.87212069 255 255 255
-0.77743588 -0.08977608 5.87359839 122 138 171
-0.67817205 -0.45833148 5.43859621 75 74 80
-0.67897605 -0.48775690 5.46172260 68 69 73
-0.67089077 -0.45168901 5.43636244 6 7 8
-0.65982250 -0.49869715 5.34225613 66 67 71
-0.63278334 -0.34286908 5.42355697 124 105 80
-0.61300869 -0.45961573 5.42233831 1 1 0
-0.61300869 -0.45961573 5.42233831 1 1 0
-0.61291997 -0.35521606 5.41422575 4 2 0
-0.59978602 -0.34381171 5.41018077 16 5 0
-0.59358503 -0.35722281 5.40562840 117 96 67
-0.59358503 -0.35722281 5.40562840 117 96 67
-0.59114782 -0.55283692 5.42759138 128 107 76
-0.58536821 -0.29125727 5.40774404 137 115 91
-0.58347297 -0.38366651 5.40232540 5 4 1
-0.57168162 -0.33715168 5.40122904 61 37 13
-0.57090274 -0.41448712 5.39857888 23 16 9
-0.56606111 -0.44471416 5.40111039 1 1 1
-0.56600002 -0.33169147 5.39738025 64 40 14
-0.56753998 -0.54236841 5.42598593 141 108 78
-0.56383288 -0.42630700 5.40134456 10 5 0
-0.56217324 -0.41656762 5.40013856 133 116 89
-0.56217324 -0.41656762 5.40013856 133 116 89
-0.56000913 -0.34934963 5.40030569 118 94 65
-0.55289643 -0.54869875 5.42300536 140 107 72
-0.55150635 -0.48734587 5.40898208 164 141 108
-0.55046687 -0.34146075 5.40244961 44 24 4
-0.55055869 -0.51838360 5.41520015 12 5 1
-0.58637429 -0.04350192 5.84146479 187 216 255
-0.54020837 -0.47917992 5.40450784 110 86 56
-0.53864804 -0.40090976 5.39429316 150 130 97
-0.53667209 -0.37544042 5.39054493 73 49 18
-0.53672527 -0.46340754 5.40141591 70 44 10
-0.57777939 -0.06191970 5.85383297 121 131 158
-0.57777939 -0.06191970 5.85383297 121 131 158
-0.53116706 -0.51369271 5.40792168 84 57 23
-0.52960925 -0.53653204 5.41416203 159 126 95
-0.52876466 -0.34583398 5.39920997 45 24 4
-0.52725066 -0.24339113 5.40302254 55 31 1
-0.52385188 -0.41297112 5.39372203 82 56 29
-0.52134175 -0.52476434 5.40747743 148 118 84
-0.51909220 -0.33794703 5.39335377 66 45 18
-0.51909220 -0.33794703 5.39335377 66 45 18
-0.51421804 -0.40664727 5.39757708 160 134 103
-0.51453404 -0.44297148 5.40264716 161 132 102
-0.51204521 -0.45172744 5.40545149 66 41 9
-0.51066064 -0.39175218 5.39594261 129 105 77
-0.51066064 -0.39175218 5.39594261 129 105 77
-0.50991709 -0.30297796 5.39033261 118 93 62
-0.50668859 -0.28773703 5.39311778 128 101 74
-0.50782143 -0.54292230 5.41909550 108 74 35
-0.50782143 -0.54292230 5.41909550 108 74 35
-0.50221094 -0.31762833 5.39062154 63 39 8
-0.50088599 -0.41288363 5.39552692 180 154 120
-0.49898698 -0.30020700 5.38809724 75 49 14
-0.49913509 -0.28381241 5.39420181 85 58 30
-0.49913509 -0.28381241 5.39420181 85 58 30
-0.49317369 -0.40726779 5.39739715 74 45 14
-0.47783499 -0.31695662 5.39045173 169 143 117
-0.47685610 -0.45853985 5.40869101 146 113 78
-0.46997970 -0.51320433 5.40741036 92 57 30
-0.46812854 -0.46130288 5.40183880 155 121 86
-0.46724165 -0.55330070 5.42165375 120 83 47
-0.46453126 -0.17073885 5.39875660 55 32 1
-0.45848246 -0.50662080 5.40881868 80 49 20
-0.45853335 -0.51557320 5.40988528 157 123 86
-0.45132932 -0.33775501 5.38977677 65 42 10
-0.44983053 -0.54746360 5.42339230 119 82 43
-0.44139001 -0.31534104 5.38189832 77 50 20
-0.44075471 -0.43309266 5.39935737 78 46 11
-0.43404948 -0.52630162 5.41364726 129 93 57
-0.43038320 -0.50763742 5.41239403 95 62 26
-0.42758454 -0.33405184 5.38962387 67 38 6
-0.42815561 -0.44569355 5.40217447 173 143 109
-0.42815561 -0.44569355 5.40217447 173 143 109
-0.41855345 -0.21601650 5.38549197 129 103 76
-0.41761579 -0.16963102 5.38789010 52 24 1
-0.41617118 -0.56712064 5.43250974 159 126 92
-0.41617118 -0.56712064 5.43250974 159 126 92
-0.41300982 -0.34055593 5.38797728 60 34 1
-0.41047990 -0.27495237 5.37770557 63 42 12
-0.40949206 -0.35229634 5.39559954 155 130 101
-0.40877902 -0.17272086 5.38744169 52 25 4
-0.40655210 -0.33251620 5.38676441 139 114 81
-0.40429318 -0.14105934 5.38432657 67 43 17
-0.39750261 -0.25341581 5.38206733 95 71 40
-0.39516366 -0.37964829 5.39378138 146 116 82
-0.39228471 -0.17829413 5.38756759 48 24 2
-0.39001711 -0.36638841 5.38576662 84 52 14
-0.38299594 -0.48670468 5.41814176 156 122 83
-0.38211919 -0.45286475 5.40067040 170 137 103
-0.38211919 -0.45286475 5.40067040 170 137 103
-0.37942132 -0.24492254 5.38072775 68 43 12
-0.37751187 -0.50285618 5.41721283 58 33 4
-0.37387625 -0.39091357 5.39741136 140 112 77
-0.37352331 -0.45073356 5.40275689 93 60 25
-0.37352331 -0.45073356 5.40275689 93 60 25
-0.37366293 -0.55387102 5.42856735 113 79 43
-0.37108618 -0.36183419 5.39081397 80 51 17
-0.37108618 -0.36183419 5.39081397 80 51 17
-0.36937909 -0.37091396 5.39107475 171 141 107
-0.36761502 -0.37452842 5.39328743 163 133 99
-0.36761502 -0.37452842 5.39328743 163 133 99
-0.36629960 -0.23347373 5.38050498 128 103 73
-0.36524811 -0.47818271 5.40474176 101 67 30
-0.36127852 -0.15246606 5.38770207 73 47 16
-0.35557415 -0.25100404 5.38225254 142 117 83
-0.35432577 -0.23131476 5.38075653 73 47 15
-0.35464467 -0.38439814 5.39203237 103 69 33
-0.35464467 -0.38439814 5.39203237 103 69 33
-0.35446935 -0.26128038 5.38571149 56 29 1
-0.33117109 -0.48728292 5.41734449 135 103 67
-0.32855848 -0.24943328 5.38604561 75 49 16
-0.32832475 -0.25953212 5.38411909 167 142 114
-0.32692002 -0.37618245 5.39237542 159 132 100
-0.31822787 -0.16153234 5.37853556 64 37 9
-0.31688158 -0.26813433 5.38240097 167 142 114
-0.31688158 -0.26813433 5.38240097 167 142 114
-0.31171430 -0.20469182 5.38318142 51 28 5
-0.30768159 -0.30411949 5.39260089 98 69 37
-0.30015513 -0.53646050 5.42758906 152 120 82
-0.29718245 -0.27661531 5.38410946 179 152 124
-0.29718245 -0.27661531 5.38410946 179 152 124
-0.29631491 -0.48059377 5.40516496 75 45 9
-0.29039112 -0.26978803 5.37907429 74 47 18
-0.28733580 -0.15062941 5.37677716 123 97 68
-0.28621595 -0.27870408 5.38453311 180 153 123
-0.28621595 -0.27870408 5.38453311 180 153 123
-0.28562333 -0.48449596 5.41431762 91 60 29
-0.28205457 -0.52876229 5.42602040 80 46 9
-0.27712043 -0.27606050 5.38617651 65 39 10
-0.27712043 -0.27606050 5.38617651 65 39 10
-0.27399670 -0.32910696 5.39515641 56 34 5
-0.27115601 -0.06304823 5.38863657 133 105 77
-0.27207419 -0.52848784 5.42758302 84 49 11
-0.27067223 -0.17999153 5.38159214 59 35 1
-0.26774189 -0.31207497 5.38931585 73 44 13
-0.26774189 -0.31207497 5.38931585 73 44 13
-0.26779895 -0.41111004 5.40205638 88 59 20
-0.26779895 -0.41111004 5.40205638 88 59 20
-0.26619194 -0.14342054 5.38479306 121 96 68
-0.26174768 -0.28310791 5.38536290 64 36 10
-0.25526198 -0.27222454 5.38551880 169 143 116
-0.25528443 -0.54106123 5.43169366 170 136 100
-0.24810802 -0.52282055 5.43055675 153 117 80
-0.24591392 -0.17826323 5.37727823 77 52 22
-0.24483315 -0.16632647 5.38316069 132 107 78
-0.24483315 -0.16632647 5.38316069 132 107 78
-0.24304967 -0.53316019 5.43255323 77 42 13
-0.24304967 -0.53316019 5.43255323 77 42 13
-0.23804865 -0.40522533 5.39955488 71 41 4
-0.23557743 -0.05605136 5.38878999 57 29 9
-0.23344124 -0.30976088 5.39161254 75 42 8
-0.23138059 -0.33138284 5.38892799 122 93 57
-0.22817185 -0.29090180 5.38936908 71 45 12
-0.22797067 -0.50832644 5.41894651 152 116 80
-0.22449937 -0.30629581 5.38911752 176 149 118
-0.22177491 -0.55362800 5.43705681 106 72 35
-0.22122096 -0.54515389 5.43758640 168 134 94
-0.21736505 -0.06345640 5.38998260 56 29 5
-0.21647487 -0.20339224 5.37886811 47 26 0
-0.21442497 -0.22022736 5.38476581 47 24 1
-0.21394081 -0.38346372 5.39855565 57 30 1
-0.20509113 -0.05098834 5.38544772 58 31 1
-0.20509113 -0.05098834 5.38544772 58 31 1
-0.20176139 -0.32283706 5.39144794 67 37 3
-0.20165260 -0.38617726 5.40261242 55 31 1
-0.20092038 -0.30850030 5.38847302 70 41 10
-0.19600226 -0.20405268 5.39923050 66 40 13
-0.19364726 -0.41207537 5.40267001 91 60 29
-0.19258200 -0.32437979 5.39303895 72 45 13
-0.19014023 -0.34477598 5.39492257 161 131 94
-0.18780602 -0.30481871 5.38945289 90 63 33
-0.18502452 -0.31465897 5.39104952 193 164 130
-0.18502452 -0.31465897 5.39104952 193 164 130
-0.18502452 -0.31465897 5.39104952 193 164 130
-0.18357692 -0.07667932 5.39162029 57 30 3
-0.17910555 -0.53557622 5.43339152 73 39 8
-0.17657392 -0.30839625 5.39121590 98 72 40
-0.17189780 -0.19583849 5.38525665 142 115 88
-0.17078893 -0.44568393 5.41329652 147 113 82
-0.16769226 -0.45888982 5.41763949 59 31 7
-0.16477326 -0.35184543 5.40055552 140 110 75
-0.16138330 -0.48467946 5.42100862 66 36 4
-0.16048371 -0.32318920 5.39136947 191 163 134
-0.15828878 -0.22251923 5.38584118 66 39 9
-0.15735848 -0.33100288 5.39529607 76 47 17
-0.15161163 -0.41649040 5.40522440 79 50 20
-0.15114700 -0.35475021 5.40048623 149 118 81
-0.14787360 -0.31873697 5.39225140 69 41 6
-0.14530232 -0.20867568 5.38575064 76 50 17
-0.13956184 -0.42090777 5.40365009 71 42 11
-0.13956184 -0.42090777 5.40365009 71 42 11
-0.13781095 -0.49861952 5.42340987 73 41 7
-0.13254394 -0.22905393 5.38807666 59 32 3
-0.13254394 -0.22905393 5.38807666 59 32 3
-0.13051970 -0.35957424 5.40339702 158 125 88
-0.13028674 -0.08909437 5.38998852 54 28 5
-0.12672678 -0.02549628 5.39433663 76 47 13
-0.12576015 -0.31110453 5.39450887 74 51 20
-0.12063463 -0.55488417 5.44349143 161 127 87
-0.11936285 -0.22451095 5.38919070 61 34 6
-0.11535248 -0.54516896 5.44226865 84 46 9
-0.11535248 -0.54516896 5.44226865 84 46 9
-0.10938608 -0.40806637 5.40990563 64 38 5
-0.10946854 -0.55513271 5.44095775 170 136 96
-0.10840938 -0.32115629 5.39441377 158 132 100
-0.10827666 -0.09223147 5.38927679 56 31 2
-0.10689548 -0.45552979 5.41774192 160 128 91
-0.10705133 -0.31183819 5.39359260 60 34 3
-0.09827872 -0.25063975 5.38660586 102 76 44
-0.09404983 0.32273868 5.41743716 155 156 130
-0.09129501 -0.09533871 5.38953060 54 29 1
-0.09090183 -0.02858424 5.39833188 59 28 6
-0.09017930 0.29856014 5.40747182 84 65 44
-0.08840323 -0.23808625 5.38576076 60 32 4
-0.08859369 -0.10534978 5.39052817 127 100 71
-0.08725750 -0.23104492 5.38145860 133 110 79
-0.08514079 -0.58644261 5.46571818 159 128 93
-0.08317704 0.28751354 5.40869027 82 61 39
-0.08107713 -0.33740377 5.39913545 71 43 5
-0.08170430 0.27127063 5.41615035 140 134 110
-0.07820186 -0.46028038 5.41922235 148 116 83
-0.07791907 -0.50186130 5.42793877 88 58 24
-0.07691815 -0.55874099 5.44548184 162 130 92
-0.07734837 -0.09947579 5.38997892 55 30 1
-0.07461306 -0.43078306 5.40898480 76 45 14
-0.07499544 0.14835188 5.41290832 80 60 33
-0.07285442 0.19708934 5.42209621 77 60 39
-0.07186990 -0.11092308 5.39083491 123 99 68
-0.07175651 0.33905952 5.40070763 99 80 52
-0.07198974 0.38925364 5.41049039 94 74 49
-0.06967898 -0.35293137 5.40068318 93 60 28
-0.06873916 -0.46760261 5.42169585 44 19 0
-0.06972334 0.35978804 5.40282747 100 79 52
-0.06754170 0.44691678 5.38783196 149 149 125
-0.06589411 0.22496959 5.40074824 116 98 75
-0.06589411 0.22496959 5.40074824 116 98 75
-0.06405755 -0.64447923 5.48964131 164 136 104
-0.06059679 -0.54339290 5.44622682 71 40 7
-0.06059679 -0.54339290 5.44622682 71 40 7
-0.06035674 -0.55428727 5.44367706 160 126 94
-0.06094970 0.01618632 5.39835219 137 113 87
-0.05833631 0.23125652 5.40199057 70 46 22
-0.05705549 -0.52446153 5.43523824 148 118 80
-0.05862829 0.46860087 5.39784232 89 77 58
-0.05498368 -0.45780083 5.41933591 145 117 86
-0.05558134 0.12130188 5.41326588 58 37 10
-0.05404010 0.43185493 5.36931436 81 54 24
-0.05097118 -0.51384357 5.43690456 105 71 37
-0.05146990 0.13043233 5.44303518 79 54 28
-0.05050056 0.12452223 5.41467441 103 79 53
-0.04907736 -0.25231722 5.39132903 64 38 5
-0.04780740 -0.34084005 5.40082265 69 40 6
-0.04654789 0.06704311 5.41603484 58 33 12
-0.04447273 -0.55541288 5.44753666 145 111 74
-0.04535273 0.40802201 5.38257070 113 93 68
-0.04408213 -0.38164244 5.40574617 161 127 89
-0.03784012 -0.34535538 5.39537378 74 44 9
-0.03784012 -0.34535538 5.39537378 74 44 9
-0.03675404 0.21084956 5.40064585 60 38 13
-0.03482272 -0.47147313 5.42804794 23 20 12
-0.03540301 0.44186926 5.38107740 112 96 71
-0.03329737 -0.43342573 5.41584367 140 110 72
-0.03448357 -0.64721925 5.48883569 164 132 102
-0.03391743 0.05584637 5.41396817 42 18 1
-0.02952730 0.09822250 5.40053040 115 94 74
-0.02635731 -0.33862465 5.39879628 62 35 8
-0.02635731 -0.33862465 5.39879628 62 35 8
-0.02364415 -0.40224158 5.41186831 67 40 7
-0.02232370 -0.49877539 5.43651108 9 6 1
-0.02299773 0.30009380 5.38250742 121 99 75
-0.02092934 -0.45380940 5.42656537 20 16 13
-0.02055191 0.06526575 5.40755320 62 36 9
-0.01911230 0.31998526 5.37586299 114 90 64
-0.01550642 -0.46369820 5.43065549 38 38 31
-0.01600547 -0.25885027 5.38359997 76 48 19
-0.01656605 0.52194102 5.37661553 71 47 18
-0.01398343 -0.19326193 5.39263943 79 60 35
-0.01049145 -0.54930850 5.44473227 55 25 1
-0.01049145 -0.54930850 5.44473227 55 25 1
-0.01061944 -0.34184260 5.39961483 130 103 74
-0.00813967 -0.39281644 5.41222113 156 124 84
-0.00784612 -0.48174709 5.43256651 24 21 16
-0.00899614 0.19267012 5.38635517 70 43 17
-0.00606061 -0.47068422 5.43005942 176 166 155
-0.00564812 0.05410482 5.40189790 66 41 21
-0.00092026 -0.54914773 5.44309780 174 139 109
-0.00037059 -0.30751966 5.40207102 60 35 5
0.00085021 0.32345844 5.37345540 65 42 13
0.00228777 -0.47856752 5.42558469 31 27 19
0.01203964 -0.36008682 5.40335609 69 42 13
0.01235960 -0.39827199 5.41009788 160 124 90
0.01718695 -0.53381721 5.43685186 80 51 11
0.01874230 -0.54870504 5.43447935 111 76 38
0.01874230 -0.54870504 5.43447935 111 76 38
0.01858341 -0.57573999 5.44507554 64 31 4
0.01751351 0.42875029 5.36529019 77 52 26
0.02167747 0.52209867 5.36118038 85 61 30
0.02283448 0.25270889 5.38101429 49 25 0
0.02637920 -0.44092324 5.42125754 137 113 83
0.02619931 0.01057508 5.39519811 123 101 74
0.02924477 -0.58055960 5.45085028 82 49 15
0.03002912 -0.45632970 5.42344171 15 10 7
0.02905310 0.01988991 5.40007939 62 36 11
0.03020554 0.77436636 5.39105404 168 165 167
0.03020554 0.77436636 5.39105404 168 165 167
0.03140199 -0.40303792 5.40592046 150 116 79
0.03256293 0.33598455 5.37687474 57 31 6
0.03375284 0.05818061 5.40283138 47 26 8
0.03517570 -0.29459549 5.40037196 131 102 68
0.03487739 0.35597609 5.37487688 58 30 7
0.03609518 -0.25816861 5.39289683 57 32 5
0.03655392 0.04713141 5.40453959 112 89 59
0.03667543 0.22095027 5.37613742 113 89 61
0.03923864 -0.37116849 5.40879850 58 34 4
0.04127315 -0.61231379 5.45393556 121 86 46
0.04127315 -0.61231379 5.45393556 121 86 46
0.04164246 -0.38490900 5.40764850 116 86 56
0.04220060 -0.53495113 5.43003259 75 45 9
0.04243617 -0.41354483 5.41699842 71 44 11
0.04265231 -0.48579042 5.43328706 129 97 64
0.04454882 -0.49723805 5.43878777 58 29 1
0.04343555 -0.12229970 5.39454566 47 24 3
0.04605291 -0.04944866 5.39393537 57 30 2
0.04676076 -0.10845277 5.39005509 60 34 7
0.04676076 -0.10845277 5.39005509 60 34 7
0.04651461 0.64846811 5.37974588 168 161 151
0.04967761 -0.58613696 5.44848747 82 50 12
0.04857836 0.00703809 5.39622955 129 103 78
0.05029720 -0.45224959 5.42181185 140 114 82
0.05165521 -0.54628095 5.43350616 79 46 13
0.05390497 -0.25004307 5.39392398 61 36 5
0.05655660 -0.50224303 5.43402639 54 27 2
0.05811080 -0.18949587 5.39331193 68 39 9
0.06000282 0.64938902 5.37061694 98 82 69
0.05962929 0.30864399 5.36154946 64 39 9
0.06396830 -0.26872240 5.39788636 65 41 13
0.06585238 -0.47865697 5.43530924 98 68 31
0.06397308 -0.15336612 5.38811935 72 45 18
0.06780583 -0.58318167 5.44779983 170 135 98
0.06561476 0.05933569 5.39812777 58 34 10
0.06607689 -0.17398009 5.38948017 140 110 82
0.06607689 -0.17398009 5.38948017 140 110 82
0.06756299 -0.18832984 5.39138179 150 123 94
0.06802938 0.49851697 5.34635998 56 31 3
0.07068050 -0.50829499 5.43386699 62 38 9
0.07110334 0.51109198 5.35519841 57 32 2
0.08010571 -0.61287174 5.45715191 114 76 39
0.07793284 0.40552393 5.34548141 121 98 67
0.08234546 -0.60231689 5.45233647 154 119 78
0.08028038 0.53820327 5.33968841 59 34 4
0.08522504 -0.47253867 5.43028516 86 57 25
0.08681801 -0.37356853 5.41037416 133 106 77
0.08933852 -0.38196537 5.41023464 65 35 7
0.08765629 0.55613114 5.34845812 60 33 4
0.09266583 -0.58558610 5.45266688 158 123 87
0.09398499 -0.60825452 5.45515433 161 125 89
0.09381981 0.57086940 5.34713078 70 41 9
0.09863293 -0.59798105 5.45656058 82 44 7
0.09863293 -0.59798105 5.45656058 82 44 7
0.09643896 -0.05824891 5.39129770 54 28 6
0.09846114 -0.32370637 5.40842869 151 119 85
0.09975926 0.87200651 5.39963633 78 63 47
0.10566643 -0.48184714 5.42856449 75 41 13
0.10907946 -0.43699249 5.42309109 64 37 7
0.10718560 0.49265000 5.34216857 69 43 12
0.11118843 -0.62868013 5.46586123 163 129 91
0.10995637 -0.25642326 5.40057881 84 60 32
0.11195783 -0.61107760 5.45671381 87 52 20
0.10781043 0.65349952 5.34572178 76 51 21
0.10781043 0.65349952 5.34572178 76 51 21
0.11262954 0.68984925 5.34755008 85 62 31
0.11407980 0.94357937 5.37828508 58 40 16
0.11966927 -0.42818485 5.42387273 150 116 79
0.11874528 -0.21199900 5.39823394 76 50 17
0.12122227 -0.58990968 5.45920268 148 114 77
0.12054068 -0.28044936 5.40164488 55 29 3
0.11886955 0.72892722 5.36101266 178 172 171
0.12018014 0.90813055 5.38100426 37 19 0
0.12518268 0.88998342 5.36692513 98 81 58
0.12933495 -0.43937835 5.42392218 64 39 9
0.12826525 0.57805491 5.33584245 86 58 21
0.13066705 0.05200250 5.38307864 89 68 42
0.12880826 0.42718599 5.34259282 115 89 54
0.13267232 0.26745009 5.36298900 63 38 7
0.13267232 0.26745009 5.36298900 63 38 7
0.13536511 -0.45867560 5.42725712 92 67 37
0.13581130 -0.38408436 5.41462056 54 28 2
0.13434811 -0.16790366 5.39825675 88 64 39
0.13591280 0.04206973 5.39635772 31 8 0
0.13591280 0.04206973 5.39635772 31 8 0
0.13591280 0.04206973 5.39635772 31 8 0
0.13537413 0.29677973 5.35517268 61 36 5
0.13537413 0.29677973 5.35517268 61 36 5
0.13524673 0.35356542 5.35409846 67 44 12
0.13531022 0.96208428 5.35443135 38 24 5
0.13881548 0.11619180 5.37987166 39 18 0
0.13965117 0.81462311 5.39200361 61 40 21
0.13890228 0.30481053 5.35849470 115 91 58
0.13959285 0.14213197 5.37759430 58 32 5
0.14129566 -0.11510330 5.39176591 60 34 8
0.14438306 0.79928644 5.40524533 45 28 10
0.14743475 -0.52865383 5.44102918 63 37 9
0.14302106 0.52956089 5.33389914 66 37 11
0.14654249 -0.00292427 5.40135888 112 86 63
0.14859741 -0.25466831 5.39110467 36 21 3
0.15080772 -0.38801038 5.42626335 64 36 5
0.15080772 -0.38801038 5.42626335 64 36 5
0.14991308 0.26176201 5.36950541 57 33 6
0.15146170 -0.04564472 5.39603115 55 30 8
0.15206363 0.31120324 5.35938834 61 36 6
0.15206363 0.31120324 5.35938834 61 36 6
0.15280540 0.33773551 5.35250267 59 35 2
0.15637495 0.03473203 5.39814207 24 8 1
0.15637495 0.03473203 5.39814207 24 8 1
0.15785855 -0.21747550 5.39808567 69 39 12
0.15836567 -0.10113934 5.39531493 95 68 44
0.15620770 0.56395813 5.33503579 68 38 4
0.16122174 0.03552353 5.39567358 22 9 1
0.15991130 0.49000050 5.32940428 72 45 15
0.15991130 0.49000050 5.32940428 72 45 15
0.16516200 -0.38790987 5.41804498 71 41 9
0.16177122 0.40240096 5.34109566 68 42 9
0.16587386 0.56136439 5.32677961 122 95 65
0.16778995 0.23286791 5.36512636 57 31 6
0.16778995 0.23286791 5.36512636 57 31 6
0.17109262 -0.30996502 5.40719558 64 36 5
0.17265012 -0.25675632 5.40541783 26 14 2
0.17248704 0.96556109 5.35690360 21 10 0
0.17810279 -0.34007941 5.41806892 134 101 67
0.18036710 -0.52157553 5.44275964 150 121 85
0.17617398 0.47926333 5.33232833 73 46 16
0.18181406 -0.55042762 5.44614421 65 40 12
0.18331622 -0.39338364 5.41717661 77 46 12
0.18331622 -0.39338364 5.41717661 77 46 12
0.18403415 -0.33023809 5.41338790 93 59 28
0.18726257 -0.35443459 5.41204761 37 17 4
0.18772930 -0.30365560 5.40782369 48 24 2
0.18772930 -0.30365560 5.40782369 48 24 2
0.18679869 0.46589377 5.33279884 110 85 55
0.19259749 -0.50321319 5.43880331 82 54 25
0.19149118 -0.27208973 5.40508478 18 7 0
0.19054297 0.45561231 5.33493783 52 28 1
0.19387980 0.02875684 5.39995380 29 13 1
0.19387980 0.02875684 5.39995380 29 13 1
0.20074906 -0.62830230 5.47312580 47 40 32
0.19560110 -0.19672886 5.37086632 77 56 35
0.19985815 -0.16354743 5.40080038 39 24 10
0.20277874 -0.34241939 5.41638973 136 106 79
0.19901853 0.72306138 5.33472439 76 49 20
0.20625504 -0.43854851 5.43633830 140 107 74
0.20484645 -0.37026631 5.41697107 40 20 2
0.20920662 -0.53500243 5.45136608 56 31 4
0.21204940 -0.54519518 5.45493796 104 80 53
0.20779345 0.14340373 5.37699769 47 25 4
0.20779345 0.14340373 5.37699769 47 25 4
0.20871261 -0.24640786 5.40638456 32 14 0
0.21445908 -0.55595814 5.45112262 59 36 3
0.21370278 -0.03529049 5.40087229 62 37 7
0.21370278 -0.03529049 5.40087229 62 37 7
0.21934792 -0.58921001 5.45523427 91 59 26
0.21934792 -0.58921001 5.45523427 91 59 26
0.21832371 -0.39241137 5.40782523 36 18 0
0.21471553 0.55144804 5.33090591 70 43 12
0.21471553 0.55144804 5.33090591 70 43 12
0.21963177 0.37419179 5.34951116 51 27 2
0.22109599 0.81479417 5.35523147 55 37 17
0.22542532 -0.45757423 5.43734782 38 18 0
0.22722256 -0.53920895 5.45566739 38 16 0
0.22660095 -0.48112019 5.44053940 54 30 0
0.22648036 -0.44469674 5.43634889 144 114 83
0.22297649 0.22317637 5.36391302 39 18 0
0.22431142 0.66629795 5.32499184 128 103 68
0.23250880 -0.55272142 5.46328811 130 105 80
0.23191215 -0.52536603 5.44943082 128 95 65
0.23258704 -0.36733206 5.37531101 121 91 58
0.23315104 -0.30731091 5.36379185 135 105 73
0.23266111 0.41542380 5.33480245 53 31 4
0.23521361 -0.32885416 5.36930392 97 66 35
0.23378640 0.67662898 5.32015452 131 105 72
0.23628045 -0.28004914 5.36084872 62 36 8
0.23651812 0.90925749 5.32578730 44 27 3
0.24578098 -0.49395312 5.42701420 88 59 32
0.23914680 0.69253044 5.32798035 71 37 10
0.24163424 -0.13802912 5.34492430 49 29 5
0.24010139 0.65105413 5.31868695 88 59 22
0.24191443 0.54595323 5.33162019 47 23 0
0.24779995 -0.50751013 5.42840091 81 55 28
0.25028483 -0.52388864 5.46494483 43 23 1
0.24412696 -0.24123857 5.35367186 45 23 2
0.25066574 -0.54524950 5.45655531 5 1 0
0.24580845 -0.30437114 5.35947587 161 133 96
0.24838122 -0.39210363 5.37290407 83 50 17
0.24906228 -0.14971416 5.33365218 79 53 25
0.25208233 -0.18933288 5.34648816 149 121 96
0.25309385 0.96975600 5.35330185 14 6 1
0.25519762 -0.32843105 5.36984033 153 119 83
0.25629617 -0.12655540 5.34424803 69 40 14
0.25806160 -0.17253229 5.34288100 174 147 120
0.25733341 0.32386288 5.35182995 113 89 54
0.25892652 0.22876732 5.36957403 50 24 0
0.25892652 0.22876732 5.36957403 50 24 0
0.25956835 -0.20993827 5.35366308 32 11 2
0.26166477 -0.27188141 5.35286869 83 54 22
0.26780882 -0.57616029 5.44443832 61 37 5
0.26334347 -0.14516890 5.34471459 83 56 26
0.26479518 0.59645642 5.32413905 85 54 16
0.26594173 -0.05289692 5.34305398 130 104 75
0.27240095 -0.55998020 5.43727539 139 114 82
0.27107257 -0.45733941 5.39183003 105 71 33
0.26865895 0.61247654 5.32700252 68 41 14
0.27390844 -0.40539096 5.37584514 141 114 85
0.27074906 0.60326573 5.32416580 130 102 64
0.27359268 -0.19975013 5.34425077 139 111 82
0.27377326 0.30744980 5.35313125 47 23 1
0.27329059 0.45541323 5.33509929 54 29 1
0.27509719 -0.16775228 5.34165140 145 120 90
0.27559254 -0.19303353 5.34036416 170 144 112
0.27680217 -0.10329912 5.34271688 93 70 42
0.27958911 -0.42294444 5.38272156 101 69 32
0.27799616 -0.11168985 5.34212251 49 28 2
0.27832753 -0.16381258 5.34086151 141 114 85
0.27947366 -0.27303095 5.35706298 89 62 31
0.27947366 -0.27303095 5.35706298 89 62 31
0.28167201 -0.45266157 5.38950367 163 132 102
0.28187531 -0.43455860 5.38352067 170 140 106
0.27956476 0.54473508 5.33259596 52 27 0
0.28149288 -0.30825931 5.35490646 88 58 28
0.28201202 -0.29014294 5.35330699 86 56 18
0.28201202 -0.29014294 5.35330699 86 56 18
0.28201202 -0.29014294 5.35330699 86 56 18
0.28424326 -0.04558886 5.33846781 119 91 59
0.28424326 -0.04558886 5.33846781 119 91 59
0.28587003 -0.17361286 5.34224258 80 49 19
0.28735207 -0.21617219 5.34975026 147 114 79
0.28653213 0.00862626 5.33866992 80 54 19
0.28805168 -0.06901754 5.33568734 137 111 78
0.29639100 -0.60509198 5.46354411 84 70 60
0.29718249 -0.58241793 5.44036268 173 136 92
0.29161650 -0.11871314 5.34233228 48 24 0
0.29161650 -0.11871314 5.34233228 48 24 0
0.29158564 0.66989581 5.32195656 74 41 8
0.29545083 -0.19101976 5.34341788 74 40 12
0.29802677 -0.27417774 5.36613360 142 113 81
0.29847194 -0.21460679 5.34572895 86 52 17
0.29937728 -0.14182190 5.34207135 123 98 70
0.30658378 -0.58294770 5.44708862 120 81 41
0.30091966 0.39761503 5.34295565 52 28 0
0.30109136 -0.15750570 5.33993547 89 60 30
0.30879862 -0.59621158 5.45661122 161 129 99
0.30346988 0.03506955 5.35050037 77 44 6
0.30606565 -0.30212183 5.36110642 88 58 28
0.30689816 -0.18045085 5.35484436 90 61 31
0.30689816 -0.18045085 5.35484436 90 61 31
0.31522460 -0.60123666 5.45861482 82 70 57
0.30780843 -0.15181721 5.34142398 134 109 80
0.31552538 -0.36672135 5.39186910 129 96 61
0.31552538 -0.36672135 5.39186910 129 96 61
0.31124718 -0.13940118 5.33851984 67 41 14
0.31434823 -0.30640799 5.36218048 154 128 96
0.31435575 0.30171935 5.35476170 45 21 1
0.31355271 0.60609449 5.32650712 119 92 62
0.31749314 -0.29232505 5.37303978 73 46 14
0.31679660 -0.17081687 5.34412072 163 137 110
0.31710246 -0.09114022 5.33890688 80 53 17
0.31710246 -0.09114022 5.33890688 80 53 17
0.31714632 0.69158145 5.32195089 76 44 6
0.31890729 0.00657719 5.34134218 71 43 9
0.32026238 -0.22877601 5.35135743 149 120 89
0.32783734 -0.59538131 5.45849560 84 77 70
0.32176821 -0.15959638 5.35383841 62 37 6
0.32176821 -0.15959638 5.35383841 62 37 6
0.31916049 0.61972290 5.32360615 56 26 0
0.32424734 -0.30629838 5.38207023 67 39 9
0.32362135 -0.34464531 5.37164208 178 148 116
0.32255609 0.95800341 5.35199311 8 3 0
0.32439376 0.06518338 5.35656670 125 98 69
0.32439376 0.06518338 5.35656670 125 98 69
0.33584199 -0.48418826 5.42351949 70 45 18
0.33208492 -0.17876357 5.36167456 66 41 6
0.33208492 -0.17876357 5.36167456 66 41 6
0.33451325 -0.11849605 5.34251536 168 141 114
0.33986340 -0.03082648 5.35318905 159 133 98
0.34181320 -0.25167830 5.36876374 164 135 103
0.35214656 -0.28871124 5.37616389 159 126 95
0.35367433 -0.03385304 5.35709071 172 145 113
0.35525944 0.30849766 5.35857669 62 36 5
0.35794371 0.21288181 5.37288939 52 28 2
0.36117780 -0.24373300 5.38099416 139 115 89
0.36303379 0.80191658 5.34609744 82 63 42
0.36441583 -0.13647498 5.36361917 140 113 85
0.36773115 -0.17553846 5.38047848 155 126 96
0.36773115 -0.17553846 5.38047848 155 126 96
0.37566200 -0.40608018 5.42893197 95 59 22
0.36944047 0.76771651 5.33301619 63 38 13
0.36865605 0.90591201 5.31090255 94 72 48
0.37508698 -0.21249232 5.38345578 159 126 94
0.37711173 -0.12983762 5.37351907 62 38 14
0.38186289 -0.26126449 5.42177051 76 48 18
0.38186289 -0.26126449 5.42177051 76 48 18
0.37552862 0.70484543 5.32782064 130 104 71
0.37933947 0.81237328 5.34713865 36 24 8
0.38382373 0.05072542 5.36267693 143 121 93
0.38578749 0.03769029 5.36745460 89 60 28
0.39617558 -0.44420365 5.46279920 83 79 70
0.39023415 -0.09256366 5.36607822 105 74 43
0.39023415 -0.09256366 5.36607822 105 74 43
0.39158344 -0.03587680 5.37612218 66 41 10
0.39158344 -0.03587680 5.37612218 66 41 10
0.39309655 -0.18083271 5.38369638 156 129 100
0.38710124 0.99236585 5.28481053 61 36 8
0.39412658 0.12762439 5.37704621 112 92 64
0.39521292 -0.19583648 5.38731562 167 136 105
0.39098207 0.87708444 5.32466899 93 71 45
0.39091064 0.87657212 5.32322722 93 71 45
0.39439701 0.26737254 5.36968920 113 87 48
0.40368098 -0.41437166 5.47143147 154 125 91
0.39663855 0.38271077 5.35000818 69 36 2
0.39663855 0.38271077 5.35000818 69 36 2
0.40525804 -0.37321338 5.42829535 170 141 113
0.39830507 0.92252116 5.29709248 59 32 2
0.41064997 -0.38502059 5.43789250 161 135 106
0.40178969 0.89336476 5.31395005 49 28 3
0.41038014 -0.14993900 5.39489334 152 122 86
0.40649360 0.43874167 5.34362354 54 31 1
0.41823607 -0.37220950 5.45716510 75 67 54
0.41823607 -0.37220950 5.45716510 75 67 54
0.40747641 0.73088400 5.32953614 120 94 59
0.41118051 0.77885241 5.33824641 24 14 3
0.41862684 -0.03553102 5.40281877 125 92 61
0.42072695 -0.21239449 5.41884450 87 55 23
0.41399389 0.55210427 5.33434531 93 64 29
0.41888318 -0.12473334 5.38926049 174 143 112
0.42174092 -0.08024513 5.38753369 66 40 10
0.43148298 -0.09403691 5.39936849 65 39 5
0.42580941 0.88698304 5.31352533 74 47 15
0.43135100 0.52135158 5.34081408 56 30 3
0.43214483 0.58665037 5.33994582 119 90 52
0.43777375 -0.07476643 5.38567379 134 104 70
0.43607194 0.29070217 5.36815220 183 154 120
0.43607194 0.29070217 5.36815220 183 154 120
0.43607194 0.29070217 5.36815220 183 154 120
0.44554363 0.29594689 5.36980511 91 64 15
0.44606688 0.91550545 5.30561953 122 88 50
0.44889169 0.63459731 5.33438393 132 105 74
0.45396428 0.81455602 5.32648565 30 17 0
0.44966239 1.00487560 5.27535950 71 38 6
0.45191501 0.94156683 5.29278632 73 40 5
0.45466197 0.80277926 5.32517232 90 64 39
0.46072010 0.35176734 5.36795309 163 133 95
0.45304453 1.01120355 5.27135825 166 137 105
0.46653368 -0.02492018 5.40185694 75 49 12
0.46784012 0.60276263 5.35324346 90 65 35
0.46601736 0.51413009 5.34511486 60 33 3
0.46952370 0.19994775 5.38026488 151 124 92
0.47436219 -0.03287244 5.40478904 90 60 25
0.47748744 -0.04694008 5.40771683 87 56 27
0.47748744 -0.04694008 5.40771683 87 56 27
0.47831437 0.37086558 5.37139964 124 91 57
0.47831437 0.37086558 5.37139964 124 91 57
0.47651837 0.51129079 5.34212837 66 39 11
0.47271663 1.00631484 5.27947886 75 42 10
0.47990420 0.75885019 5.33207800 127 98 64
0.48080071 0.81773679 5.32432243 34 16 1
0.49198765 0.34334681 5.37159434 144 112 74
0.49780484 0.16263574 5.42071618 72 46 8
0.49365321 0.50826452 5.35002149 62 35 5
0.49251146 0.76783320 5.33765995 78 55 31
0.49892938 0.43294151 5.36242704 155 123 82
0.49516107 0.90423236 5.30222141 140 105 65
0.50736695 0.16987673 5.41685204 153 122 89
0.50161341 0.63052769 5.33659777 72 46 8
0.50223747 0.92366283 5.28764272 121 86 47
0.50042079 0.99527254 5.28386292 152 118 79
0.51842448 0.16148353 5.43083109 67 42 6
0.51227613 0.60529562 5.34673626 114 90 57
0.51227613 0.60529562 5.34673626 114 90 57
0.51070656 0.89353170 5.30176591 86 55 21
0.51730968 0.59653486 5.34454665 63 38 8
0.52431352 0.33478932 5.38297611 147 113 76
0.51884369 0.82270878 5.32440132 36 14 1
0.52013933 0.70180114 5.32990364 73 39 4
0.52993795 0.41058735 5.37252121 77 53 16
0.53634904 0.32007615 5.38812405 68 44 10
0.53649603 0.43670758 5.36441116 107 72 35
0.53252117 0.90161458 5.30536808 82 53 13
0.53698513 0.55196492 5.34442580 84 55 21
0.53698513 0.55196492 5.34442580 84 55 21
0.55587833 0.16060356 5.44427120 161 132 102
0.54746955 0.50108832 5.35673834 60 33 4
0.55021972 0.61471140 5.34920364 80 57 24
0.55311548 0.40373946 5.36912748 70 45 13
0.55659274 0.54396714 5.34844551 81 52 15
0.56127566 0.52919514 5.35471917 76 47 10
0.55691324 0.90483053 5.30242154 93 63 27
0.56055026 0.67911898 5.33728260 168 137 98
0.56825344 0.31930894 5.38902377 147 113 73
0.57128534 0.44349767 5.36339341 165 136 94
0.57413585 0.52734069 5.35658107 77 46 11
0.57322923 0.69191457 5.33655254 176 144 110
0.57711955 0.53690917 5.35399629 195 166 132
0.58149440 0.39651934 5.38325029 77 52 21
0.58323500 0.40841706 5.37325789 142 111 72
0.57976153 0.71481463 5.33159073 154 126 87
0.58299509 0.83264741 5.32413542 51 25 1
0.58665568 0.70723404 5.33552459 88 58 24
0.58665568 0.70723404 5.33552459 88 58 24
0.58850447 0.83988842 5.31948583 134 100 60
0.59887523 0.40547276 5.38911716 141 106 68
0.59813154 0.34190250 5.38790511 174 141 103
0.60005996 0.39660072 5.38887096 76 48 18
0.60762896 0.19533309 5.43982517 148 118 90
0.60266755 0.52742005 5.35896721 138 108 73
0.60768328 0.50110923 5.36777104 159 130 97
0.60827193 0.53371931 5.35891615 153 124 90
0.61954015 0.29799087 5.41439832 69 44 5
0.60685384 0.95921859 5.29535696 86 59 16
0.61324733 0.80665810 5.33018932 81 51 13
0.61434794 0.84777570 5.32129734 143 109 72
0.61650238 0.76878601 5.33918208 106 81 49
0.61653069 0.66443024 5.34452629 131 97 59
0.62300786 0.34680825 5.39275547 170 141 103
0.62036740 0.50521477 5.36692114 91 59 15
0.62036740 0.50521477 5.36692114 91 59 15
0.64229121 0.22061762 5.45126900 156 125 94
0.63585711 0.34165290 5.39399189 155 125 91
0.63143509 0.69716695 5.33929177 87 56 17
0.63143509 0.69716695 5.33929177 87 56 17
0.64564144 0.24002756 5.44429252 74 45 11
0.63106140 0.83926598 5.32644600 79 51 17
0.63382791 0.92835089 5.30969535 82 51 20
0.63567880 0.93906798 5.30880768 157 128 96
0.64727623 0.56156412 5.36522302 90 65 34
0.64690243 0.64465935 5.35697034 81 56 15
0.64670457 0.92894571 5.31729901 85 52 22
0.65287149 0.69084347 5.34601878 112 84 47
0.65287149 0.69084347 5.34601878 112 84 47
0.66113480 0.38690412 5.39693014 157 126 90
0.65781198 0.71318329 5.35137218 79 53 20
0.65826883 0.79160406 5.33681794 145 118 81
0.66057357 0.66137363 5.34936175 165 137 99
0.66398076 0.67613014 5.35035412 122 90 52
0.66779828 0.49629399 5.37347535 104 70 31
0.67101524 0.40807759 5.39196229 185 152 118
0.66901238 0.63798150 5.35202306 62 34 1
0.67240070 0.70929936 5.35019402 75 48 15
0.67426652 0.66589218 5.34820051 172 143 109
0.67706796 0.55372921 5.36686272 71 45 10
0.68868042 0.55116329 5.37035053 72 46 9
0.69492661 0.62717215 5.36421454 66 40 4
0.70073123 0.38586700 5.40822834 161 129 93
0.69693136 0.80883019 5.37074188 146 121 96
0.72211036 0.25542322 5.47104722 156 123 88
0.72079398 0.31106451 5.44547498 69 41 4
0.73075602 0.16759561 5.49517424 109 76 37
0.73075602 0.16759561 5.49517424 109 76 37
0.73510673 0.25062120 5.46193251 152 121 89
0.72493368 0.69747914 5.38037497 80 48 10
0.74012891 0.24217435 5.46834840 78 48 10
0.73886795 0.40429695 5.40762081 150 121 86
0.75378609 0.27520507 5.45174070 151 119 84
0.76502137 0.32093796 5.45044165 137 107 72
0.77097998 0.18448878 5.49649008 160 131 100
0.75943280 0.58421583 5.38242462 118 89 59
0.77148407 0.43951076 5.42057014 136 107 73
0.78044866 0.23293996 5.47933287 147 115 77
0.79098087 0.18204739 5.49904467 98 65 25
0.77608777 0.54336214 5.39649752 88 65 27
0.77608777 0.54336214 5.39649752 88 65 27
0.78703078 0.28225486 5.45958354 76 45 16
0.78253666 0.69447803 5.40003640 76 47 10
0.79191948 0.32766992 5.44892963 150 120 82
0.79685060 0.39028977 5.43698944 147 113 77
0.80555055 0.28776821 5.46113393 150 119 88
0.80908619 0.20675492 5.48179513 168 137 107
0.80838770 0.38823583 5.43842884 162 129 95
0.80739170 0.54557364 5.42275009 71 48 16
0.80387875 0.61682596 5.40617510 69 47 20
0.80435294 0.70210524 5.40267608 89 61 20
0.80757493 0.49385591 5.41608128 150 120 85
0.81626060 0.27910214 5.46221208 81 50 20
0.80893154 0.56121260 5.40697925 151 123 86
0.80893154 0.56121260 5.40697925 151 123 86
0.81500352 0.36050603 5.44257955 145 115 77
0.81435222 0.57948825 5.41049015 137 108 74
0.81435222 0.57948825 5.41049015 137 108 74
0.79655434 0.98101137 5.27390641 170 152 141
0.82495149 0.35943785 5.44142252 159 129 91
0.83091403 0.29501040 5.46614204 134 106 73
0.83048413 0.34460438 5.45250534 92 60 23
0.83048413 0.34460438 5.45250534 92 60 23
0.83529142 0.40334375 5.44440656 153 121 83
0.84327133 0.31271146 5.46442285 160 130 96
0.83854926 0.56105459 5.41320720 77 53 18
0.83986971 0.54005238 5.41916923 83 59 25
0.85202262 0.24730735 5.48871606 77 46 3
0.85417471 0.31122375 5.45985144 155 125 92
0.86551109 0.25145253 5.48697621 158 125 90
0.86807442 0.20269759 5.50105905 150 120 89
0.86365531 0.30669749 5.47010561 72 44 14
0.86443151 0.46124944 5.43764283 67 41 10
0.86518784 0.64406767 5.42050046 88 62 33
0.86742454 0.49100820 5.42770591 124 94 58
0.87273956 0.76760801 5.43311803 55 35 20
0.87546574 0.70118887 5.43235139 137 111 76
0.89439113 0.33372139 5.46456101 152 122 86
0.89439113 0.33372139 5.46456101 152 122 86
0.89807888 0.76851675 5.45499602 33 16 2
0.89579118 0.40488631 5.44746590 151 121 85
0.89537658 0.66964631 5.42630856 134 110 76
0.89510719 0.57902108 5.42547109 100 70 36
0.89510719 0.57902108 5.42547109 100 70 36
0.90671191 0.23802658 5.49462191 67 40 5
0.91480336 0.24773296 5.48548534 153 119 84
0.91242816 0.58719019 5.42808633 103 75 38
0.92308822 0.30222106 5.48077331 79 49 10
0.94490632 0.12897301 5.53033213 153 124 90
0.93833086 0.34675347 5.46638301 97 69 32
0.93498364 0.66120620 5.43543224 127 104 68
0.93753805 0.47659056 5.45037392 155 123 84
0.94517632 0.75662046 5.45893226 74 55 40
0.95440572 0.42471975 5.45528321 88 58 21
0.96796196 0.83116698 5.51351263 75 62 54
0.95959490 0.32628094 5.47257192 162 127 90
0.96663884 0.22109715 5.50496961 79 48 15
0.98133428 0.11975911 5.52941574 165 137 100
0.96705550 0.56790783 5.43869531 102 76 41
0.97252877 0.40385633 5.46148297 159 126 92
0.97252877 0.40385633 5.46148297 159 126 92
0.97711743 0.33412811 5.47029093 148 117 84
0.98107722 0.40529037 5.45963575 176 146 114
0.99126645 0.21490547 5.50832444 76 49 1
0.99456873 0.14543113 5.52501830 80 51 14
0.98307500 0.72607474 5.45144692 181 182 203
0.97937340 0.59260494 5.43104256 65 41 7
0.99082950 0.40122948 5.46490780 174 142 107
0.99170976 0.65165443 5.44126677 82 54 22
1.00525329 0.20871558 5.50877490 76 48 2
0.99910587 0.71263348 5.45945425 92 71 49
0.99824124 0.56024057 5.44299044 95 70 30
1.02291979 0.08271648 5.55643001 95 62 18
1.01318735 0.36079506 5.47467727 75 51 9
1.01914621 0.40781428 5.46802953 151 123 91
1.01812894 0.55374900 5.45220281 116 94 56
1.02592689 0.45734410 5.47275634 166 135 104
1.02377634 0.64511333 5.45316532 81 55 18
1.04707977 0.17848341 5.52490438 162 133 95
1.03895970 0.44911034 5.46617974 141 111 77
1.11388829 -0.08260487 5.85225718 135 172 218
1.05854505 0.12824805 5.53681252 86 55 19
1.06749967 0.05374487 5.55806685 155 126 93
1.07953925 0.06403641 5.56484328 148 120 81
1.06242930 0.54071788 5.46202734 155 128 93
1.06242930 0.54071788 5.46202734 155 128 93
1.06457707 0.50440876 5.46610580 76 52 16
1.08755634 0.05625562 5.56575263 87 56 17
1.07437920 0.70961794 5.47278408 57 39 20
1.08477354 0.49184524 5.46681291 66 41 5
1.16398704 -0.07083022 5.85929897 150 174 223
1.08495562 0.61516823 5.46310933 79 48 19
1.17070607 -0.08798951 5.84881426 110 143 191
1.10207852 0.48541278 5.46916470 62 38 4
1.10141779 0.60880237 5.46260876 69 44 13
1.10197421 0.78851253 5.45003786 60 33 3
1.11048001 0.54528503 5.47470035 66 39 17
1.10938533 0.77455860 5.45644932 58 31 2
1.10951939 0.84069811 5.43153464 111 82 54
1.12846746 0.28996316 5.50653084 152 123 87
1.11877578 0.65057055 5.45826965 72 47 19
1.11705689 0.83151995 5.43900104 57 31 0
1.11705689 0.83151995 5.43900104 57 31 0
1.12097563 0.76116751 5.45114510 53 29 2
1.12484349 0.78964688 5.44215361 156 122 88
1.12844494 0.76871038 5.45059449 134 101 66
1.13510753 0.41586140 5.48149970 155 125 87
1.14486171 0.21927333 5.51879076 138 109 67
1.13796813 0.69572239 5.46407639 44 22 0
1.21579628 -0.08172125 5.81047112 247 255 255
1.14859214 0.50479108 5.48121470 148 118 90
1.14859214 0.50479108 5.48121470 148 118 90
1.15206431 0.31132690 5.50102787 74 50 15
1.15092697 0.57431482 5.47876527 133 109 79
1.16391651 0.17304304 5.54349270 154 123 93
1.14874664 0.71822351 5.45581683 74 47 23
1.15331536 0.69677077 5.46283051 47 28 0
1.15331536 0.69677077 5.46283051 47 28 0
1.15762231 0.68765293 5.46194745 110 85 55
1.15547755 0.84309942 5.42655705 127 93 56
1.17145054 0.25872733 5.50560475 154 124 93
1.17145054 0.25872733 5.50560475 154 124 93
1.16955276 0.64588873 5.46727510 60 34 0
1.17868588 0.20918050 5.51540891 150 125 94
1.17334530 0.47908972 5.48186514 147 118 85
1.19395349 0.75112995 5.48226414 97 68 35
1.19395349 0.75112995 5.48226414 97 68 35
1.19172186 0.48445548 5.48073947 160 132 101
1.21678493 0.32411382 5.50645647 169 139 109
1.20988637 0.78381358 5.44360760 83 50 16
1.21672629 0.59280455 5.46121078 145 110 72
1.22724094 0.53073073 5.48494282 147 117 83
1.30344218 -0.03971087 5.81162516 158 188 240
1.23843341 0.35731661 5.51467188 71 48 21
1.23843341 0.35731661 5.51467188 71 48 21
1.23563723 0.41716679 5.49954432 131 105 78
1.23908925 0.37828059 5.51102258 147 118 86
1.23634569 0.51515765 5.47944711 139 107 69
1.26081719 0.50152601 5.49820742 148 113 76
1.26161300 0.50191492 5.49922709 148 113 76
1.25745825 0.65284184 5.47153531 130 99 68
1.25401720 0.78233685 5.43607458 87 57 22
1.25401720 0.78233685 5.43607458 87 57 22
1.34444777 -0.04431591 5.80590998 168 200 251
1.26614082 0.71102257 5.45598434 93 62 24
1.26614082 0.71102257 5.45598434 93 62 24
1.26217696 0.86740255 5.41319176 83 57 25
1.28971120 0.69827225 5.46595995 133 105 72
1.36846434 -0.00700548 5.79279857 123 122 126
1.30688596 0.55571213 5.49884513 173 161 143
1.30646188 0.62209100 5.48062997 93 64 28
1.31479349 0.50538059 5.51285873 187 175 171
1.38329863 -0.11479471 5.79910930 185 211 255
1.31094443 0.68374857 5.48728298 93 65 28
1.32095189 0.61202481 5.49533426 118 100 83
1.31188013 0.73709375 5.44132816 116 89 58
1.31268707 0.79368317 5.43798033 94 63 26
1.31479080 0.76663605 5.44403475 146 120 84
1.40024581 -0.13338873 5.79450781 72 73 69
1.32784351 0.68830780 5.47277612 192 191 199
1.34181437 0.65067434 5.47954222 135 113 97
1.34116236 0.70892192 5.46264745 128 103 78
1.35393911 0.71095259 5.46987690 188 184 192
1.35147951 0.73725428 5.45735273 181 186 204
1.54592108 -0.06567900 5.82216752 87 94 103
1.56469864 -0.12315627 5.82683982 86 90 93
1.59488591 -0.04622062 5.80990074 236 255 255
1.60213461 -0.31558612 5.82078927 76 79 74
1.61696956 -0.30932704 5.83253318 161 184 205
1.66363262 -0.06999293 5.81068673 188 223 253
1.66363262 -0.06999293 5.81068673 188 223 253
1.78184723 0.15200329 5.77416888 99 102 73
2.21423737 0.35599679 5.72477398 128 124 98
2.21974895 0.33266400 5.72907209 47 45 30
2.22041939 0.59251449 5.72383136 107 102 75
-2.52489322 -0.43912184 6.32087738 54 53 53
-2.49880673 -0.53076420 6.33091340 47 51 50
-2.46337398 -0.08448049 6.22776959 63 69 55
-2.49503882 -0.53269261 6.33179882 45 49 48
-1.81104817 -0.12495275 6.28125130 111 130 163
-1.73265888 -0.31682794 6.15937387 69 70 72
-1.78055707 -0.07438217 6.27915633 255 254 255
-1.71932099 -0.06528461 6.25483876 94 122 158
-1.59328330 0.34761605 6.08478652 127 132 98
-1.43698734 -0.11420007 6.22185641 165 201 251
-1.40463360 -0.31517700 6.34053244 61 75 102
-1.21286809 -0.08203654 6.22351923 255 255 255
-0.96700443 -0.12738471 6.24556031 99 107 130
-0.66632926 -0.46509491 5.43780223 5 7 5
-0.61483462 -0.34299863 5.40459048 114 91 67
-0.58296572 -0.59204905 5.43054465 29 30 30
-0.58229390 -0.56551937 5.42575250 150 123 92
-0.57218808 -0.37442671 5.37482192 122 100 70
-0.56990152 -0.40217567 5.37757097 2 1 2
-0.56628432 -0.62895258 5.40592085 33 34 36
-0.56194609 -0.29702701 5.38205700 79 54 19
-0.51244238 -0.38291073 5.37104610 75 49 22
-0.50963585 -0.40463379 5.37417892 160 134 103
-0.49986250 -0.50336374 5.39115994 78 50 22
-0.48126070 -0.45091751 5.38555616 127 94 61
-0.44358572 -0.32743909 5.36827737 159 135 99
-0.43027199 -0.24791448 5.37119724 65 40 10
-0.42096102 -0.46197531 5.38832739 101 65 29
-0.40688714 -0.55858360 5.42147814 117 83 45
-0.40186211 -0.34081415 5.36980606 85 58 27
-0.39341923 -0.09705713 5.38705053 81 52 24
-0.38508921 -0.46226528 5.38702899 83 50 16
-0.38508921 -0.46226528 5.38702899 83 50 16
-0.38745019 -0.54255435 5.41859707 161 127 91
-0.36276677 -0.56554839 5.42231563 107 70 28
-0.35951864 -0.25799904 5.36480375 58 32 2
-0.35951864 -0.25799904 5.36480375 58 32 2
-0.33702836 -0.23387504 5.36630931 122 95 66
-0.33278937 -0.37810902 5.37748588 73 43 8
-0.31790351 -0.18104216 5.36500475 119 94 68
-0.31543223 -0.50891080 5.41429207 153 119 81
-0.30834349 -0.26020690 5.36536818 62 35 7
-0.29754901 -0.07661920 5.37038107 129 104 72
-0.28695646 -0.53791148 5.43227075 152 119 85
-0.27453374 -0.49689054 5.40815632 95 61 24
-0.26706225 -0.12899424 5.37651427 57 30 3
-0.26397643 -0.29718068 5.37230781 58 31 2
-0.25509012 -0.55272686 5.44313424 101 64 20
-0.24580240 -0.08307377 5.37489332 126 101 72
-0.23133985 -0.34235271 5.38749121 56 32 1
-0.22230692 -0.43709170 5.40489692 163 130 94
-0.20660380 -0.08082789 5.38345201 118 92 58
-0.19309061 -0.41166508 5.39750341 91 60 29
-0.19309061 -0.41166508 5.39750341 91 60 29
-0.17436896 -0.55279225 5.45255784 151 119 79
-0.16757727 -0.31518097 5.38276416 73 43 13
-0.15683180 -0.33055597 5.38823070 76 47 17
-0.08665699 -0.47726058 5.43195541 72 47 16
-0.08665699 -0.47726058 5.43195541 72 47 16
-0.08698523 0.35225671 5.42579697 147 151 121
-0.06114936 -0.24761971 5.38753982 110 86 52
-0.04857681 -0.37256039 5.41311777 107 72 35
-0.03562017 -0.57301254 5.48325866 158 124 87
-0.00839292 0.09404043 5.42166369 59 32 10
-0.00660537 -0.09575854 5.39555679 66 43 12
-0.00041598 -0.57119633 5.48031850 65 36 6
0.00458661 0.43643947 5.36360826 118 98 71
0.01151039 -0.04295670 5.40533644 56 30 4
0.01444730 -0.51930626 5.45736730 127 97 66
0.01444730 -0.51930626 5.45736730 127 97 66
0.02101274 0.25280979 5.38641475 49 25 0
0.02660435 0.30494538 5.37684331 60 34 9
0.03298895 -0.28110447 5.39866276 84 54 18
0.04259199 -0.54726005 5.46076966 83 52 16
0.04259199 -0.54726005 5.46076966 83 52 16
0.05478636 -0.51912586 5.46237781 64 34 5
0.05807362 0.15335254 5.39145714 102 78 50
0.06272326 0.23740514 5.37054044 118 92 65
0.06272326 0.23740514 5.37054044 118 92 65
0.06646082 -0.05349662 5.40669761 67 40 11
0.06762948 -0.12973319 5.40190655 59 33 11
0.06800736 -0.39491512 5.42111542 104 74 40
0.07681409 0.00398635 5.40524474 128 104 76
0.08254459 -0.60716112 5.49534155 154 119 78
0.08889823 -0.38301979 5.42374344 65 35 7
0.08516681 0.45077396 5.32938068 120 99 68
0.08310281 0.94900732 5.40334012 101 105 109
0.09155347 0.62184293 5.33156722 82 57 27
0.10038151 -0.54244826 5.46709667 71 44 15
0.10916309 -0.42543027 5.44209118 163 129 91
0.11759633 0.90760035 5.37901303 37 19 0
0.11837821 0.44589832 5.33320923 58 31 3
0.12586977 -0.51355210 5.46847558 161 130 94
0.13406794 0.50906793 5.32141152 58 32 5
0.13817622 0.14206385 5.38027637 58 32 5
0.13955094 0.26791871 5.35348067 107 82 51
0.14021874 0.36948711 5.33356365 75 50 11
0.14021874 0.36948711 5.33356365 75 50 11
0.15284804 -0.63715722 5.52248544 150 114 79
0.14723126 -0.25582935 5.41123679 36 21 3
0.14499795 0.38620660 5.32475437 76 50 13
0.15061269 -0.44701699 5.45522976 60 35 2
0.14547239 0.44188391 5.31848663 77 52 22
0.14851215 0.19791755 5.37760934 47 26 2
0.15149808 0.06692397 5.40215741 120 94 68
0.15774394 -0.00470567 5.41211422 115 87 64
0.14238879 0.99352569 5.13479526 177 168 153
0.16594043 0.23251996 5.36071142 57 31 6
0.17173063 -0.23376791 5.41576891 114 88 59
0.17372935 -0.07483971 5.41572093 38 16 1
0.17554362 -0.45286791 5.46205447 56 26 0
0.17359399 0.60490219 5.30865411 62 35 2
0.17592755 0.47021535 5.31277052 125 100 69
0.18331845 0.03091704 5.41421948 26 9 1
0.19005683 0.22981001 5.52843012 76 54 30
0.18821275 0.45389898 5.31674005 52 28 1
0.19337609 -0.03999008 5.41249506 52 26 2
0.19337609 -0.03999008 5.41249506 52 26 2
0.20261743 -0.66550455 5.52114179 51 47 46
0.20174738 -0.60959411 5.51965249 144 113 83
0.21630051 -0.62054905 5.52824609 164 136 107
0.22552299 -0.62356370 5.52937420 65 48 35
0.22054042 0.05620834 5.40257333 46 26 2
0.22920041 -0.60014639 5.50915591 137 104 71
0.23838710 -0.59953891 5.51239410 58 36 12
0.23872376 0.54293497 5.30380225 47 23 0
0.24757054 -0.39187066 5.36883855 83 50 17
0.25123899 -0.13703043 5.31456722 115 90 62
0.25757920 -0.19844202 5.32219358 144 116 87
0.26438360 -0.15835330 5.31019805 91 61 33
0.27207176 0.30673623 5.34220943 47 23 1
0.27207176 0.30673623 5.34220943 47 23 1
0.28610682 -0.55307316 5.57741890 129 94 56
0.27194506 -0.13504642 5.31447179 123 99 68
0.27204870 0.56941923 5.29311659 68 39 10
0.27467858 0.61751454 5.29647551 60 30 5
0.29553426 -0.06846208 5.30997726 83 54 20
0.30037958 -0.23243339 5.33415517 137 106 73
0.29887981 0.39610263 5.32345160 52 28 0
0.29887981 0.39610263 5.32345160 52 28 0
0.31440440 -0.56706497 5.52203259 149 115 80
0.31694023 -0.59852888 5.52219436 163 129 98
0.31342236 0.39440303 5.32291778 69 44 14
0.31702683 0.83404949 5.35282809 20 7 0
0.31473879 0.45045893 5.31890236 48 27 0
0.33714876 -0.48728267 5.45716920 70 45 18
0.33588389 0.59783430 5.29885979 120 91 51
0.34428805 -0.00997233 5.32549618 130 105 73
0.35872164 0.59739842 5.29867902 126 96 62
0.36473063 1.01302989 5.19376618 56 42 31
0.37757428 -0.40903914 5.46719839 95 59 22
0.38584030 -0.27757780 5.41622638 71 45 9
0.38584030 -0.27757780 5.41622638 71 45 9
0.38630417 0.26471163 5.37207085 58 33 2
0.41607701 -0.41525577 5.50488125 158 138 115
0.40515588 0.43792572 5.33409635 54 31 1
0.41918731 -0.12501555 5.39975351 174 143 112
0.41918731 -0.12501555 5.39975351 174 143 112
0.41768268 0.25921803 5.38258225 66 43 9
0.43243509 -0.09438249 5.41729878 65 39 5
0.44605327 -0.17376345 5.43214451 129 99 66
0.44660931 0.63165043 5.30960168 132 105 74
0.45226971 0.26107385 5.38582829 150 116 79
0.44898836 0.68032022 5.30929225 74 48 16
0.45334122 0.51683596 5.33490790 70 44 14
0.45452596 0.89213123 5.26356656 150 116 78
0.46986189 -0.05350118 5.41530659 133 106 77
0.48056283 0.76369464 5.31294999 44 19 0
0.47516402 0.96400340 5.23154195 83 53 15
0.49003309 0.24949836 5.40452252 154 123 85
0.51004741 0.36293783 5.37373425 92 59 20
0.51004741 0.36293783 5.37373425 92 59 20
0.50850525 0.62365621 5.32563280 123 96 66
0.51695632 0.41676126 5.36657964 65 40 4
0.52148605 0.84118715 5.27289883 160 129 98
0.53121964 0.58421657 5.34098687 55 31 2
0.54904763 0.32627806 5.40078172 161 129 91
0.53815772 0.90545139 5.25375036 155 122 82
0.54873867 0.55907239 5.33747619 124 97 63
0.55544682 0.71321023 5.30286052 142 114 77
0.55786086 0.67378098 5.31757193 152 121 80
0.56864960 0.83205398 5.28768562 154 120 82
0.58081923 0.94924517 5.24152873 79 49 15
0.60391269 0.40915846 5.38718205 141 107 69
0.62555543 0.33488914 5.42436508 148 116 78
0.62071012 0.61456766 5.34526146 155 127 93
0.62782980 0.67837675 5.32384241 82 51 13
0.62782980 0.67837675 5.32384241 82 51 13
0.63947556 0.76034679 5.32514403 60 37 7
0.65158732 0.47035219 5.38674448 73 45 8
0.64776246 0.87310053 5.28191932 102 71 34
0.64776246 0.87310053 5.28191932 102 71 34
0.68273316 0.49676915 5.37876931 176 145 108
0.73320862 0.19310541 5.57337232 100 67 31
0.74874129 0.26290348 5.52558729 121 89 51
0.76038888 0.24476694 5.54952098 73 43 6
0.76750423 0.62823554 5.40960835 65 40 7
0.77389992 0.47508717 5.44100525 156 126 92
0.77786579 0.71878688 5.41634186 91 61 25
0.79630787 0.70384424 5.42862490 135 106 73
0.81286681 0.49681583 5.44765432 150 120 85
0.83398221 0.21921411 5.58763897 138 109 76
0.82607573 0.47460465 5.46642574 143 116 77
0.86517820 0.61395539 5.45978325 64 41 7
0.92311976 0.30958235 5.55728740 75 47 13
0.95787946 0.11831389 5.66996206 120 90 54
0.96614189 0.13183432 5.65069233 153 124 90
0.96320805 0.81114315 5.59407399 151 159 186
0.95896920 0.43321215 5.51385873 141 112 80
0.95410875 0.57537558 5.48362255 145 117 85
0.95410875 0.57537558 5.48362255 145 117 85
0.96892178 0.66815569 5.47808666 77 53 17
1.00013255 0.47101767 5.51830598 167 137 103
1.02566144 0.24441811 5.59670592 133 99 64
1.02566144 0.24441811 5.59670592 133 99 64
1.03184096 0.56038803 5.51305118 110 86 46
0.99671518 0.94000013 5.28819181 179 165 154
1.05700892 0.27893050 5.59731918 70 44 7
1.05253381 0.36093023 5.56226970 78 50 11
1.05348085 0.72584955 5.51471945 166 174 196
1.07804385 0.36552599 5.56961498 149 117 79
1.07245930 0.85242486 5.50809523 49 29 7
1.09580787 0.69927607 5.56029900 179 183 197
1.11047345 0.27429864 5.61411879 152 118 81
1.10971715 0.68427616 5.54876802 65 43 21
1.14196568 0.54800511 5.54919899 63 38 8
1.14586591 0.79818517 5.49997538 162 129 95
1.14586591 0.79818517 5.49997538 162 129 95
1.15575220 0.58798233 5.54476080 142 117 86
1.17444769 0.83124866 5.48700661 73 44 12
1.20057425 0.42228173 5.57679597 162 130 98
1.20049524 0.71647153 5.52430636 148 115 74
1.20143034 0.77334620 5.50749736 144 108 72
1.24940591 0.29374043 5.63759402 76 55 25
1.26159708 0.71837743 5.51862387 92 58 20
1.28722297 0.70522143 5.53034525 137 105 65
1.30268911 0.66037348 5.55347357 119 89 55
1.31304799 0.65032645 5.54862483 140 111 77
1.33010801 0.70596248 5.53399437 147 118 84
1.32512333 0.77352243 5.50447300 146 116 80
1.32697965 0.84459928 5.47977949 152 123 76
1.34136513 0.69969984 5.54560204 82 61 32
1.35411407 0.69870471 5.55157017 192 191 199
1.36137364 0.73712968 5.53739928 141 115 88
1.41648103 0.80420930 5.79606914 188 189 207
1.36173643 0.78311092 5.51364228 141 119 89
1.73450021 -0.07468275 6.25135282 108 123 138
1.96381000 -0.07632115 6.19080401 117 120 91
2.06188316 0.08184722 6.14325117 84 85 60
-2.72266236 0.79079024 6.50114264 72 80 71
-2.66442695 0.81562757 6.42647341 13 30 30
-2.66677094 0.70637479 6.45276082 1 10 3
-2.61171208 0.91057743 6.29668753 114 109 100
-2.65773114 0.86428126 6.42775144 143 135 129
-2.70959631 0.10939993 6.88067015 149 170 196
-2.71996293 0.30938679 6.86690601 52 58 27
-2.71623226 0.08579891 6.95807600 117 148 158
-2.68414393 0.28358246 6.87183858 25 25 7
-2.44178896 0.67125001 6.49118369 147 141 129
-2.49297320 0.45906573 6.69126624 0 5 0
-2.47086007 0.55050165 6.64305523 159 152 146
-2.37209695 0.85387787 6.62400606 58 68 37
-2.37209695 0.85387787 6.62400606 58 68 37
-2.33048359 0.02966956 6.83320153 134 156 193
-2.33338184 0.84627598 6.72361872 147 151 135
-2.26545587 0.12801884 6.98664999 84 102 121
-2.25325638 0.35005986 6.91064469 90 94 65
-2.24655500 0.12622879 7.11431232 185 214 253
-2.14767131 0.13932063 7.07120182 207 238 255
-2.02458437 0.10728680 7.01080048 255 255 255
-1.55127449 0.89875326 6.17870679 225 245 255
-1.53896757 0.10541079 6.97531882 138 171 224
-1.43853659 -0.02110443 6.92064717 82 82 80
-1.34008422 0.89847459 6.27252228 222 241 255
-0.57060097 -0.59048294 5.43161148 49 42 34
-0.56284131 -0.58698494 5.42912661 153 133 106
-0.55848232 -0.33625731 5.36017137 61 38 6
-0.55320235 -0.34629314 5.35366648 57 37 3
-0.54214473 -0.40710584 5.34162100 76 51 10
-0.53317608 -0.51653796 5.36339753 145 120 90
-0.52778067 -0.41722206 5.33836017 55 32 0
-0.51171616 -0.52844072 5.36320376 156 124 86
-0.51255637 -0.47154290 5.35492204 62 38 2
-0.51194235 -0.41553448 5.33662791 77 47 10
-0.50983570 -0.48483750 5.35376174 139 113 78
-0.50480923 -0.53639773 5.37365249 101 66 25
-0.50110802 -0.31026927 5.33355848 131 105 75
-0.49802299 -0.43319975 5.34054524 72 42 6
-0.49467068 -0.47130032 5.35148208 70 45 14
-0.47963123 -0.34207122 5.33809154 58 34 3
-0.48190839 -0.24680477 5.35601515 101 78 41
-0.46470509 -0.33415730 5.33499134 63 39 3
-0.45577206 -0.42757952 5.34220756 83 55 21
-0.45135768 -0.51867348 5.37294317 149 115 78
-0.45002811 -0.42733844 5.34353028 81 56 20
-0.45528628 -0.26211433 5.35450551 51 28 1
-0.44685360 -0.31550737 5.32802643 127 102 66
-0.44685360 -0.31550737 5.32802643 127 102 66
-0.43029342 -0.47439275 5.36913382 164 130 92
-0.43222179 -0.55982940 5.41348334 122 85 39
-0.41503185 -0.17373880 5.36152897 53 24 1
-0.40141275 -0.35967445 5.33305488 193 163 130
-0.39758556 -0.36653790 5.34114737 80 49 7
-0.39758556 -0.36653790 5.34114737 80 49 7
-0.39753369 -0.54040384 5.39232536 163 131 91
-0.38943809 -0.33767181 5.33611285 68 37 5
-0.38687218 -0.11243107 5.37033276 132 110 81
-0.37833866 -0.56520644 5.40997141 111 77 40
-0.37477689 -0.25078358 5.33868842 74 49 11
-0.36615607 -0.40443036 5.35710440 61 35 2
-0.37302533 -0.09957160 5.37231694 62 31 4
-0.36142594 -0.54965595 5.40659106 163 128 91
-0.35808836 -0.39968093 5.35590643 165 133 96
-0.34594943 -0.16479881 5.34443140 74 48 11
-0.34594943 -0.16479881 5.34443140 74 48 11
-0.34674246 -0.10136684 5.37171826 56 28 3
-0.34674246 -0.10136684 5.37171826 56 28 3
-0.33814121 -0.26422242 5.33693506 67 39 5
-0.33666068 -0.23239787 5.34107584 79 54 15
-0.32997393 -0.38403804 5.35163334 72 42 4
-0.32717317 -0.22905845 5.33177717 115 90 56
-0.31429532 -0.08402824 5.35908046 85 59 24
-0.30770948 -0.20201556 5.34977262 104 83 50
-0.30551638 -0.31247821 5.35873204 145 119 87
-0.30624714 -0.52156691 5.42398810 67 38 0
-0.30664342 -0.10138690 5.36021249 73 47 13
-0.29315976 -0.42835651 5.38176962 67 42 2
-0.29463099 -0.15133093 5.34510359 93 69 30
-0.32638262 -0.12980857 5.66623696 75 46 15
-0.28610890 -0.12451621 5.35430010 51 30 2
-0.28397262 -0.14619782 5.34717721 109 84 53
-0.26935368 -0.17118953 5.34506313 70 45 7
-0.26211269 -0.47998117 5.38358029 77 49 12
-0.26112095 -0.48744885 5.39883276 150 118 76
-0.25961541 -0.33680435 5.36401228 59 33 1
-0.25977216 -0.57893660 5.46950305 164 133 93
-0.25304322 -0.13622283 5.36412217 42 22 1
-0.24051198 -0.54269606 5.45387994 172 137 96
-0.23166848 -0.52164691 5.44937755 162 127 88
-0.21755700 -0.50950531 5.43148311 116 79 35
-0.21755700 -0.50950531 5.43148311 116 79 35
-0.21302125 -0.34924119 5.38122209 61 36 2
-0.20441882 -0.49975391 5.41651815 100 67 33
-0.20441882 -0.49975391 5.41651815 100 67 33
-0.20267602 -0.34153818 5.37204474 149 118 74
-0.20686239 -0.04996037 5.39174101 70 45 5
-0.20223898 -0.54333315 5.47509117 165 131 86
-0.19943861 -0.06814671 5.38956001 45 27 0
-0.19317203 -0.20951644 5.36130337 63 35 1
-0.18551381 -0.55164816 5.46711317 173 139 98
-0.18161527 -0.51958806 5.44614256 161 128 87
-0.17630404 -0.30426808 5.36206135 176 151 121
-0.17630404 -0.30426808 5.36206135 176 151 121
-0.17511587 -0.09507369 5.38607356 113 90 61
-0.16873661 -0.33649533 5.37334500 85 54 9
-0.16113315 -0.41707759 5.40277438 77 46 13
-0.16065882 -0.55947875 5.48881648 100 65 25
-0.16714659 -0.53838418 5.44309318 72 42 0
-0.15791444 -0.52418482 5.46925915 161 127 91
-0.15575164 -0.21022468 5.36130244 81 57 23
-0.15349573 -0.31041900 5.37404331 133 107 71
-0.15349573 -0.31041900 5.37404331 133 107 71
-0.14427020 -0.30925409 5.37439774 142 118 82
-0.13918615 -0.25792656 5.37817464 94 71 34
-0.13915168 -0.21977926 5.35973204 128 102 71
-0.13731743 -0.54959505 5.48962681 157 125 80
-0.12698660 -0.33305128 5.38393916 78 52 19
-0.12501860 -0.42251702 5.40206939 79 47 10
-0.12455038 -0.32622230 5.37933044 186 158 120
-0.12435077 -0.35722565 5.40009052 149 117 77
-0.12188017 -0.49861059 5.44181152 74 46 9
-0.12077589 -0.53207301 5.48278078 160 127 86
-0.11773750 -0.36967368 5.40146552 74 46 8
-0.11248945 -0.52444620 5.45442212 125 92 51
-0.10865244 -0.40802726 5.40945468 68 38 4
-0.10516227 -0.53863303 5.50010849 84 48 15
-0.09940003 -0.35022248 5.38272966 99 65 25
-0.09940003 -0.35022248 5.38272966 99 65 25
-0.09742345 -0.36394657 5.39827134 145 114 78
-0.09103241 -0.33335288 5.38835588 75 46 15
-0.09103241 -0.33335288 5.38835588 75 46 15
-0.10438730 0.32388363 5.48988482 157 162 130
-0.08862595 -0.15171093 5.38271211 60 36 2
-0.09268559 -0.57903502 5.56591845 166 136 98
-0.09210651 0.05609873 5.50041424 88 65 38
-0.09552389 0.39730747 5.48474227 165 168 138
-0.09038889 0.35529433 5.47859185 163 161 133
-0.08732033 0.39796433 5.46394537 102 82 70
-0.07924468 -0.02556399 5.42490475 60 31 0
-0.07393885 -0.28803727 5.38936812 69 50 8
-0.08479368 0.25209637 5.50109105 88 65 39
-0.07287406 -0.38723075 5.42098207 58 34 0
-0.08461699 0.43036688 5.46840395 164 161 132
-0.08153264 0.43985406 5.43070977 158 162 129
-0.08238316 0.29345271 5.48841134 91 70 47
-0.07006677 -0.37303303 5.40791715 156 122 76
-0.06975599 -0.34363216 5.39299436 174 141 106
-0.08070572 0.28041875 5.49390636 87 67 48
-0.07191525 0.23910441 5.52466279 104 87 65
-0.06071133 -0.04400591 5.41321951 127 106 79
-0.05216702 -0.37506202 5.41468756 157 120 76
-0.05198496 -0.48756034 5.48100640 143 116 86
-0.05360679 -0.55812738 5.53701678 169 133 101
-0.04602900 -0.33309530 5.39433835 74 44 8
-0.04961231 -0.64472273 5.66301781 73 68 65
-0.04030363 -0.55577721 5.51618217 115 81 45
-0.04742818 0.52594721 5.42623304 179 165 149
-0.03788399 -0.43927778 5.45046786 168 141 105
-0.04076231 -0.04168820 5.41538186 136 111 81
-0.04241383 0.18808401 5.45912608 69 42 18
-0.03530146 -0.15002476 5.37604663 122 97 63
-0.03426205 -0.54036849 5.52355740 76 47 7
-0.03426205 -0.54036849 5.52355740 76 47 7
-0.03361518 -0.12799085 5.39698841 90 62 23
-0.03766493 0.29793419 5.43020912 67 38 11
-0.03308972 -0.56116187 5.53483725 155 123 85
-0.02957247 -0.14099284 5.38140681 73 45 7
-0.03621847 0.56351850 5.40564124 179 170 160
-0.03330048 0.08069057 5.47041170 107 83 57
-0.03107419 0.12195882 5.44018345 121 99 71
-0.02497970 -0.29730039 5.40201938 63 40 2
-0.02553422 -0.54131165 5.52497214 60 32 0
-0.02503968 0.00497848 5.43016225 85 59 23
-0.02650194 0.58865346 5.42320772 186 174 164
-0.01691852 -0.04245642 5.41669176 126 101 72
-0.00950329 -0.42563015 5.47108118 139 110 77
-0.01067639 0.40501289 5.40498417 132 106 86
0.00405691 -0.38123379 5.46170991 152 118 82
0.00251267 0.35947630 5.37440165 74 43 12
0.00251267 0.35947630 5.37440165 74 43 12
0.00452024 -0.12486681 5.39597400 118 93 63
0.01140987 -0.40735679 5.45236049 68 39 8
0.01524632 -0.55795693 5.53273069 165 130 90
0.01686306 -0.60460295 5.57603415 162 128 88
0.02100779 0.22010036 5.39931729 61 30 2
0.02662618 -0.43194557 5.45822963 119 91 58
0.03099269 -0.05775567 5.40511134 117 92 62
0.03341475 -0.13695223 5.39350601 115 91 61
0.03436283 -0.28737149 5.40446978 167 134 100
0.03931602 -0.36946085 5.42267913 64 40 5
0.03965651 -0.21672698 5.39928700 51 28 1
0.03965651 -0.21672698 5.39928700 51 28 1
0.04725982 -0.51840717 5.50266462 131 98 68
0.04811379 -0.50258624 5.50515643 94 68 33
0.04617871 0.42304982 5.36146128 67 34 3
0.05335795 0.57932864 5.33991539 133 108 78
0.06245022 -0.15067147 5.40564997 75 50 9
0.06386152 -0.60943532 5.56155626 116 78 40
0.06281219 -0.10180576 5.40568880 61 35 0
0.06901648 -0.49243271 5.49979830 157 127 88
0.07485334 0.49188742 5.31798569 126 102 69
0.07775769 -0.42926685 5.47261435 59 31 0
0.07988186 -0.48788469 5.49447062 127 95 56
0.08467391 -0.02279499 5.42853093 110 84 49
0.08633805 -0.36997925 5.44126268 135 109 79
0.08939635 0.41785343 5.32155129 75 42 11
0.08939635 0.41785343 5.32155129 75 42 11
0.09255660 0.01082899 5.42673473 124 100 64
0.10413062 -0.52532294 5.51599793 118 88 53
0.10399939 0.55727106 5.28575845 131 106 75
0.10780724 -0.37623929 5.44990135 75 48 18
0.11539233 0.95189654 5.40333459 44 28 0
0.12377958 -0.32431860 5.44826795 147 113 78
0.12365459 0.39738460 5.29708551 124 97 70
0.12875169 0.06317520 5.44034711 94 72 46
0.13432154 -0.60257701 5.58264210 91 59 12
0.13642214 -0.20492467 5.42138187 79 47 10
0.13520109 0.31132300 5.32867823 70 45 9
0.14077320 -0.22583674 5.41440168 142 112 78
0.14032037 -0.50510375 5.51886202 158 126 82
0.14334549 -0.42415864 5.47952256 153 118 83
0.15229609 0.36950673 5.29556379 124 98 73
0.15404328 -0.30694644 5.43708766 142 111 84
0.15384957 -0.34244420 5.46870715 46 30 2
0.15452926 0.38287805 5.30100791 129 101 79
0.15781280 -0.06933453 5.43730884 39 22 0
0.16033625 0.01313779 5.44475024 46 22 0
0.16073937 0.36173892 5.30668115 56 29 0
0.16034347 0.27938040 5.34124280 58 35 3
0.16238728 0.40179107 5.30562334 72 46 14
0.16497097 -0.62818142 5.62137675 66 57 47
0.16316707 0.56951705 5.27558962 75 42 7
0.16680784 -0.33063222 5.47023825 146 113 72
0.16703206 -0.44268107 5.50768084 73 44 10
0.17001828 -0.62093662 5.61682030 163 132 95
0.16841942 -0.37010486 5.47316622 50 26 2
0.17033530 -0.59904668 5.58451780 102 64 27
0.16996772 -0.40623421 5.47059434 93 64 22
0.17240570 0.00205728 5.44534902 119 96 66
0.18100561 -0.21938743 5.43157313 64 33 3
0.18528960 -0.44283273 5.50808925 70 39 6
0.19180649 -0.62178366 5.63173278 50 42 27
0.18936989 0.61838753 5.26927179 72 40 1
0.19650302 0.80625727 5.38741450 61 41 12
0.19786318 -0.24695336 5.44825795 84 62 30
0.19788094 0.62930630 5.26530479 78 43 8
0.20084338 -0.09265639 5.43801489 86 66 38
0.20108000 0.61229089 5.25219681 139 111 79
0.20299829 0.64288737 5.27318308 69 37 0
0.20273951 0.50544294 5.26823083 79 50 15
0.21046939 0.65790851 5.29165053 80 46 11
0.21577462 -0.61088015 5.62661056 44 42 29
0.22047388 -0.56320066 5.56825531 85 58 27
0.22106496 -0.49631546 5.54353395 79 50 15
0.21897522 0.66155807 5.27448041 74 41 2
0.22215089 -0.08105301 5.44256194 24 8 1
0.22893670 0.44867219 5.28638321 57 30 0
0.22893670 0.44867219 5.28638321 57 30 0
0.22995314 0.02847521 5.44044874 18 6 0
0.22999090 0.50463959 5.26417646 125 95 64
0.23475101 -0.32767134 5.32416423 92 62 27
0.23477636 -0.27837389 5.29835313 166 142 109
0.24758837 -0.61295830 5.60364193 154 127 99
0.25171595 -0.59467933 5.58013635 77 48 16
0.25086884 -0.29073903 5.30522917 148 121 91
0.25140817 -0.09009944 5.27377325 136 111 82
0.25368173 -0.19009629 5.27417062 74 45 13
0.25454837 -0.25218338 5.29680971 120 94 58
0.26089027 -0.61556229 5.59991417 157 131 106
0.26370245 -0.59336555 5.57438897 138 107 68
0.25887872 -0.08719409 5.27250292 131 105 78
0.26349892 0.82530169 5.38061790 43 25 3
0.26217704 0.31914959 5.31641996 66 40 7
0.26496569 -0.52553512 5.50247661 160 128 86
0.26310716 -0.30602066 5.30904948 76 44 5
0.27018703 -0.60367795 5.57935253 148 115 78
0.26818616 0.56247967 5.24956473 152 119 86
0.26629889 -0.09075941 5.27264679 138 113 82
0.26880096 -0.21786177 5.28730566 148 116 82
0.27189891 -0.39288834 5.36832645 80 49 13
0.27586126 -0.12102698 5.28604294 50 30 1
0.28405012 -0.60493508 5.58761646 168 139 107
0.28337058 -0.16943651 5.27464126 76 47 9
0.28501187 -0.08093732 5.26760155 134 109 80
0.28867279 -0.39621443 5.38390045 88 57 14
0.29400201 0.60013391 5.25223003 66 38 2
0.29460463 0.57125275 5.24699413 136 103 68
0.29460463 0.57125275 5.24699413 136 103 68
0.29939087 0.72415354 5.29279723 106 77 46
0.30432440 -0.50591434 5.46051383 117 83 46
0.30432440 -0.50591434 5.46051383 117 83 46
0.30415662 0.64353152 5.24936301 136 106 72
0.30318081 0.01545491 5.29866584 135 110 79
0.30558171 0.03480628 5.31081933 139 111 74
0.30807872 0.27001138 5.35235727 57 34 4
0.31004567 0.81381076 5.34266421 95 76 49
0.31443049 -0.45490701 5.46137082 144 116 79
0.31264613 -0.26674682 5.32119577 148 119 79
0.31490400 -0.05453164 5.30611436 53 28 1
0.31809509 0.30613159 5.32831173 115 89 54
0.32649188 0.13880473 5.40611656 55 32 1
0.32418417 0.56403898 5.24646369 102 70 30
0.32418417 0.56403898 5.24646369 102 70 30
0.32444155 -0.17480615 5.32006525 68 44 1
0.32931602 -0.52205020 5.49912739 114 80 35
0.32931602 -0.52205020 5.49912739 114 80 35
0.32764547 0.00710692 5.32379790 129 104 73
0.34110275 0.90873980 5.28399793 91 70 39
0.34121761 -0.07895471 5.31852690 71 49 9
0.34098375 -0.10787239 5.30741829 151 125 94
0.34571256 -0.17088998 5.33648225 174 145 113
0.35062147 -0.36922005 5.44033884 145 117 78
0.34995443 -0.22928066 5.37321275 139 115 81
0.35498274 0.34559879 5.32715384 74 47 12
0.36586641 0.95867649 5.19371856 60 36 1
0.36175451 0.46215477 5.26246979 163 133 98
0.36175451 0.46215477 5.26246979 163 133 98
0.36848378 -0.40615762 5.47930879 151 121 85
0.36817148 0.59150742 5.25669089 59 33 1
0.36728352 -0.17227666 5.36106607 172 145 109
0.37493661 0.22727028 5.38619657 121 97 71
0.37218471 -0.01716520 5.35601309 61 37 0
0.37851957 0.88209447 5.20103463 62 38 1
0.38050739 -0.31071871 5.43474039 173 144 108
0.38649669 0.85718456 5.29436885 37 21 0
0.38022885 -0.10349504 5.37022197 154 127 91
0.38475281 -0.22776915 5.45585236 151 119 80
0.38378301 0.57854224 5.27318308 142 108 69
0.38308549 0.35820096 5.32388590 133 95 60
0.38474100 0.88565010 5.19076371 135 104 65
0.38474100 0.88565010 5.19076371 135 104 65
0.38684278 0.95272431 5.14944560 165 138 108
0.38799832 -0.18750152 5.40410134 104 72 31
0.39179353 -0.13672847 5.40182175 142 113 77
0.39627676 -0.13280907 5.40481087 156 124 85
0.39808393 -0.31893418 5.45873277 162 133 99
0.39808393 -0.31893418 5.45873277 162 133 99
0.39802612 0.39438949 5.31557434 90 56 20
0.40407664 -0.17060816 5.43452835 66 48 4
0.40870050 -0.07927738 5.39523680 138 113 76
0.41035251 0.58739631 5.27248394 65 39 4
0.41250909 0.66231866 5.26680950 71 42 2
0.41841554 0.64571517 5.26186829 131 99 64
0.42147270 -0.07683366 5.40802034 66 40 2
0.42307241 0.50923245 5.29073172 65 37 1
0.43538353 0.20746874 5.42221371 81 58 24
0.43883730 0.82697656 5.23238941 67 39 1
0.44414492 0.58007035 5.29497120 63 38 6
0.44142361 0.94997268 5.13191907 79 48 5
0.46380784 0.57942102 5.31357772 72 46 13
0.46330368 -0.05166972 5.43767160 99 74 32
0.46444859 0.78077557 5.25649974 111 85 52
0.47085345 0.25415566 5.41447778 81 52 20
0.48227184 0.08834863 5.52915850 150 126 93
0.47152004 0.95959853 5.08292393 108 78 51
0.48973821 0.60606460 5.28317711 122 93 58
0.49163509 0.79479958 5.25480448 23 6 0
0.49551781 0.26075409 5.42973707 151 116 80
0.49823422 0.47654420 5.33233889 146 113 79
0.49823422 0.47654420 5.33233889 146 113 79
0.51286576 0.14265239 5.54471880 156 132 98
0.50672919 0.49829695 5.32576134 66 39 8
0.50675546 0.64254044 5.26990375 79 50 8
0.51054347 0.57013462 5.31503201 76 48 11
0.51531129 0.58736403 5.31426905 80 52 14
0.51959388 0.27591404 5.42621631 150 114 80
0.52167624 0.60624825 5.29566089 84 56 18
0.53110742 0.49878727 5.34039975 65 40 5
0.63483486 0.10441882 6.87660382 255 255 255
0.55840911 0.19718565 5.57859065 92 63 30
0.55460059 0.25784187 5.48657854 163 129 96
0.54844946 0.49095362 5.33418411 70 42 2
0.55334429 0.80625236 5.23510269 132 104 71
0.66679880 0.12521515 6.88665847 129 161 203
0.67751765 0.05307632 6.93015891 83 83 85
0.56870166 0.63837147 5.30487693 89 59 15
0.57221387 0.49191873 5.35149264 75 48 7
0.61010438 0.22628803 5.62848266 168 140 109
0.58386234 0.89425629 5.17783242 168 133 92
0.59013929 0.85594990 5.21219729 98 62 29
0.60222384 0.52531176 5.35181276 145 110 72
0.60026633 0.64451161 5.30298872 162 128 82
0.60768731 0.52959230 5.34460314 188 154 118
0.62764890 0.22350069 5.65582918 105 71 34
0.60709635 0.68610720 5.28367598 102 69 28
0.61583491 0.43279905 5.40278634 152 117 86
0.61583491 0.43279905 5.40278634 152 117 86
0.60563241 0.88251332 5.19954253 93 61 21
0.60627062 0.94333630 5.13315778 94 67 24
0.61601710 0.67642974 5.28502683 182 150 112
0.62427419 0.35180618 5.44182124 105 72 38
0.62427419 0.35180618 5.44182124 105 72 38
0.62660807 0.39313633 5.41369881 76 46 8
0.63083603 0.73461602 5.27334383 72 47 7
0.63527285 0.77683233 5.24494904 111 81 45
0.63466555 0.95196586 5.14728455 94 75 41
0.67271861 0.27727165 5.60502443 77 44 7
0.65735037 0.79008279 5.26726086 102 73 29
0.66018383 0.96429480 5.19372016 174 158 147
0.67480054 0.40964348 5.45237290 139 101 60
0.67570746 0.41953485 5.43601591 169 134 95
0.68367390 0.48189245 5.41977782 163 128 99
0.67948326 0.94668819 5.29929874 112 105 96
0.68139962 0.62824804 5.34693740 61 37 0
0.71263105 0.24176625 5.70741169 80 52 12
0.68666225 0.63150843 5.34107547 122 96 55
0.71207937 0.30065165 5.61081350 160 128 91
0.72295441 0.24876661 5.69821874 161 127 91
0.73269155 0.21236849 5.77158130 106 75 34
0.72941855 0.35462840 5.54936300 161 130 101
0.73538488 0.36438065 5.55090539 173 141 109
0.74857127 0.28895101 5.66355438 78 43 11
0.72774448 0.58174333 5.37708070 182 148 120
0.73244023 0.47470617 5.45309263 88 58 29
0.75835591 0.24649863 5.69982914 161 127 91
0.74263973 0.49955292 5.43475241 149 116 83
0.75473110 0.51015787 5.42475127 172 140 102
0.77129391 0.34390734 5.61014394 74 43 8
0.76972191 0.72074410 5.43994598 136 106 79
0.79877531 0.24882008 5.73861485 95 63 26
0.79877531 0.24882008 5.73861485 95 63 26
0.79369870 0.38085746 5.57956143 111 75 41
0.80536546 0.29258065 5.68644737 82 50 10
0.80362527 0.35471813 5.61712749 164 128 92
0.81780640 0.23007591 5.76592567 165 131 94
0.80278290 0.42872208 5.56720248 158 123 89
0.81542538 0.31879052 5.64180551 166 131 93
0.82916485 0.33019614 5.64026954 156 126 90
0.84359529 0.29335699 5.70023192 74 50 14
0.84837393 0.37485367 5.60791530 173 138 106
0.87728084 0.37646088 5.61812719 173 143 107
0.88420881 0.85344795 5.50546022 74 62 46
0.88013401 0.61150001 5.52865827 131 105 73
0.89478992 0.27263869 5.74484247 102 69 23
1.00407656 0.46404672 6.42299087 161 127 89
0.91914108 0.44327765 5.59663173 149 114 76
0.91665391 0.71063401 5.52101076 80 52 4
0.93424846 0.70589964 5.53325685 85 57 12
0.95066422 0.36502928 5.68029323 163 129 93
0.95879179 0.28555222 5.73853439 79 46 2
0.98683101 0.87940684 5.74678942 160 166 189
0.96888993 0.43537177 5.64691722 177 139 103
0.97091661 0.35196967 5.70267657 79 48 2
0.98992220 0.60478123 5.56536397 120 91 58
1.00774017 0.33610366 5.72762533 154 123 92
1.03685434 0.19068070 5.87977543 180 147 115
1.02341755 0.42005709 5.64572459 163 123 87
1.02519588 0.60220653 5.58780591 104 76 39
1.04713893 0.82172962 5.66635331 159 167 189
1.06654927 0.16802883 5.92790778 109 80 33
1.03277574 0.61585601 5.58609356 139 108 77
1.04395630 0.42394042 5.67942659 164 128 88
1.03643628 0.59795774 5.58672913 176 147 115
1.04714580 0.60070037 5.57617755 149 120 89
1.04475633 0.89851272 5.43192061 177 167 158
1.09344076 0.29034915 5.78615154 174 142 103
1.11074008 0.20600686 5.89914559 100 71 31
1.10087278 0.26191875 5.82711822 87 56 6
1.10284052 0.51455221 5.65168129 190 157 124
1.14023201 0.19876565 5.91046855 89 57 14
1.12074372 0.72968252 5.66100835 70 45 15
1.14244465 0.25210415 5.85091684 82 53 7
1.16073951 0.13462937 5.97935904 93 64 18
1.16070618 0.19697947 5.93893152 90 58 17
1.13194015 0.67683650 5.64903168 129 101 68
1.17737772 0.13769827 5.98817821 102 77 38
1.13689073 0.84182394 5.57684702 140 109 78
1.19858722 0.38409811 5.74947989 164 130 92
1.20837340 0.68737823 5.68187486 118 86 51
1.22037389 0.38177226 5.77116870 166 133 92
1.22084039 0.67012928 5.66393497 158 123 81
1.22148547 0.67506319 5.64668830 105 73 38
1.24479444 0.74655490 5.62043519 142 109 67
1.25664148 0.54950092 5.71365448 154 125 88
1.26125751 0.60069541 5.70271824 152 121 89
1.28479019 0.35937287 5.82689603 85 55 27
1.27883918 0.59507402 5.71401372 151 120 91
1.28592245 0.62603886 5.70454170 89 57 16
1.29632544 0.63528657 5.69909236 163 125 87
1.43915860 0.67975829 6.41643224 171 138 101
1.29857060 0.80586732 5.58349307 154 121 79
1.33431185 0.55466622 5.75745968 81 56 23
1.33431185 0.55466622 5.75745968 81 56 23
1.35030762 0.44693460 5.83685489 191 190 162
1.36127690 0.50963490 5.80878601 184 178 149
1.38313012 0.70231803 5.71334602 132 109 81
1.37218653 0.87451144 5.58107024 200 187 187
1.38443272 0.80295930 5.63589155 114 99 76
1.37347164 0.84511065 5.55539380 135 109 82
1.39125156 0.88111151 5.57692952 185 185 196
1.79799864 1.46740317 7.41614775 195 194 200
1.64712772 0.02900967 6.91573909 74 75 68
1.45763786 0.86903456 5.68987728 188 194 213
1.71900798 0.88467564 6.08818331 189 196 219
2.15255887 0.03830774 7.06767336 173 191 203
2.26902553 0.27240887 6.82187398 82 86 54
-2.10947604 -0.32321947 6.72531068 67 81 104
-2.02528583 -0.07965759 6.69254211 132 164 213
-0.55240236 -0.45253603 5.38187678 0 1 0
-0.50827112 -0.40477794 5.37270080 160 134 103
-0.43441916 -0.22053658 5.36013436 121 98 67
-0.40282607 -0.49648088 5.41728787 75 49 12
-0.38094363 -0.15958131 5.36344618 114 91 60
-0.37980744 -0.39514303 5.38888890 65 41 9
-0.35927040 -0.40146646 5.38970633 65 39 10
-0.33036944 -0.26817105 5.36349551 63 37 4
-0.31802728 -0.52326976 5.44637948 66 35 7
-0.26381478 -0.29736042 5.37448610 58 31 2
-0.25821364 -0.55582627 5.47094961 101 64 20
-0.25070027 -0.33541688 5.39039556 54 30 1
-0.08953565 -0.23826844 5.38917309 60 32 4
-0.06079874 0.32125010 5.64814080 83 59 35
-0.01617663 0.20004256 5.40765728 120 96 70
0.02283362 -0.41931961 5.45892713 68 44 9
0.06044871 0.47638981 5.34130654 55 29 2
0.06882472 -0.60365137 5.54684103 81 44 10
0.14641509 0.19517795 5.38178014 41 18 1
0.14641509 0.19517795 5.38178014 41 18 1
0.19529105 -0.08166104 5.43766238 30 12 0
0.20042115 -0.08145319 5.43705467 32 17 4
0.22163118 -0.08816237 5.43770206 20 7 2
0.23030104 0.02199306 5.42744263 36 20 6
0.26140772 -0.15778366 5.29654318 91 61 33
0.27054935 0.48667445 5.28865121 108 82 49
0.28870574 -0.18128249 5.30332160 177 152 122
0.39905713 0.97117891 5.21506323 67 38 4
0.46424021 0.51274532 5.32936985 60 33 3
0.47003898 0.61785382 5.30687874 121 98 67
0.55411532 0.34835853 5.39706530 164 130 93
0.81196201 0.29059853 5.58999470 77 46 15
0.97461283 0.18115156 5.73048765 158 126 90
1.00737831 0.29962315 5.66065867 73 46 11
1.28290314 -0.17151492 6.55914699 83 82 80
1.15356036 0.86152162 5.55591572 59 34 0
1.15356036 0.86152162 5.55591572 59 34 0
1.15991849 0.85616350 5.55646733 66 42 5
1.20940887 0.41351819 5.66892413 163 132 93
1.25487435 0.39679516 5.69584600 140 114 79
1.27243888 0.54761139 5.66161293 147 117 83
1.25614487 0.84811603 5.54010808 153 118 78
1.29039490 0.58790500 5.65011911 151 118 82
1.30817907 0.63703390 5.63565830 117 90 61
-2.79555923 0.10847860 6.99763444 67 82 59
-2.65096204 0.77920094 6.46593539 144 139 135
-2.47304062 0.52082321 6.67882316 143 141 130
-2.39356371 0.81823533 6.65361931 165 157 144
-2.35499322 0.86538437 6.57512748 155 151 139
-2.06215046 0.05766441 7.04828408 114 136 169
-2.03337830 0.11698487 7.07741956 255 255 255
-1.62162562 -0.14321715 7.21724518 60 80 107
-0.56728431 -0.53677230 5.42123603 2 0 1
-0.54487458 -0.52715862 5.40830905 156 130 100
-0.53807274 -0.49543741 5.38499732 41 21 7
-0.51541397 -0.39493344 5.35954422 127 101 67
-0.51541397 -0.39493344 5.35954422 127 101 67
-0.49217613 -0.30543754 5.34962746 78 52 18
-0.48419475 -0.43692152 5.36682190 190 157 120
-0.47978915 -0.25331780 5.36387500 54 29 1
-0.43259407 -0.23778706 5.34823939 68 44 10
-0.40565782 -0.27786879 5.35918852 78 56 22
-0.38596775 -0.27770686 5.35532369 53 29 0
-0.37531977 -0.46757030 5.39371763 171 136 95
-0.37493749 -0.09850966 5.37805958 62 31 4
-0.36783777 -0.51494954 5.43812837 95 65 26
-0.35235796 -0.19490244 5.35786331 44 23 0
-0.33561848 -0.09965322 5.36353265 118 93 62
-0.26981273 -0.22418213 5.36656069 46 25 0
-0.22248361 -0.35038476 5.39830856 60 36 4
-0.16038894 -0.32309701 5.39132363 193 166 137
-0.12929784 -0.55622135 5.54250715 129 94 55
-0.11068816 -0.40509461 5.43607383 68 38 4
-0.10769138 0.33006758 5.73478953 151 156 124
-0.06439060 -0.50133439 5.50327967 93 63 26
-0.06437164 -0.09737683 5.40527457 86 58 27
-0.05964167 -0.45799615 5.50052159 161 129 85
-0.05305182 -0.53053039 5.55034332 60 35 0
-0.02659192 -0.23831718 5.39661092 78 51 21
-0.01276446 0.29509898 5.39015800 73 47 12
-0.00713474 -0.09256154 5.40850493 72 46 9
0.01261851 -0.50073211 5.53094928 107 79 40
0.02216431 -0.11403719 5.41112402 66 43 12
0.02693345 -0.57051090 5.57927912 78 51 10
0.03194954 -0.17445159 5.40407733 129 102 71
0.03645906 0.52993339 5.45293742 104 77 47
0.05489581 -0.27512692 5.42154442 161 131 103
0.07388378 -0.03282400 5.42858421 62 36 0
0.08946841 -0.51999296 5.54620934 111 81 48
0.09150828 -0.43078029 5.50546874 61 35 3
0.09716964 -0.26962345 5.43392616 63 40 5
0.10372619 0.64443651 5.27041078 117 92 62
0.12651223 0.20328380 5.37292254 80 51 17
0.12656764 -0.56486437 5.57200857 102 67 18
0.13667252 0.29840988 5.33139355 123 96 67
0.14208907 0.28813264 5.33515386 125 95 64
0.16940934 -0.23091747 5.45344803 125 99 67
0.18743327 0.42922104 5.28423241 130 101 74
0.20182255 -0.58980432 5.65301011 157 126 84
0.22519547 -0.32648933 5.34854746 129 100 67
0.23713154 -0.14723815 5.28587135 53 31 1
0.25106793 0.23302579 5.35010697 122 97 66
0.27587962 0.57995832 5.24887891 125 94 60
0.28860939 -0.09389171 5.27505690 156 131 100
0.29258840 -0.22762483 5.30729639 179 148 115
0.33364742 0.35541608 5.32776277 61 35 1
0.36351975 0.38919708 5.31124796 173 141 104
0.36351975 0.38919708 5.31124796 173 141 104
0.38087942 0.29718547 5.35478401 79 48 20
0.39641836 0.59349161 5.27902639 65 41 6
0.43485176 0.42858843 5.33348858 67 40 10
0.43485176 0.42858843 5.33348858 67 40 10
0.43867931 0.88782661 5.19547196 172 143 102
0.43867931 0.88782661 5.19547196 172 143 102
0.47618575 0.66073935 5.28750552 68 39 0
0.47903015 0.96348686 5.14334111 85 51 18
0.64479476 0.08782995 6.99722191 131 166 210
0.52834858 0.87435234 5.21281780 78 49 2
0.55851731 0.51142958 5.34457170 114 84 50
0.57974109 0.88686895 5.21636273 84 51 18
0.58361816 0.69230057 5.28944613 92 64 21
0.59224055 0.86043886 5.22532143 98 62 29
0.60057909 0.58190662 5.35248595 107 83 48
0.74072430 0.21137907 5.80584143 167 139 103
0.87555757 0.35520190 5.67611349 76 46 5
0.91225512 0.36076188 5.69681860 79 47 5
0.93527963 0.30357219 5.76482708 84 51 10
1.00178329 0.51191655 5.63551284 165 130 93
1.13575243 0.91891704 5.62239344 99 76 52
1.13081288 0.49562293 5.70176246 166 133 98
1.14134085 0.86038106 5.63333258 75 51 14
1.20452422 0.77281989 5.65786783 131 103 63
1.20148724 0.87931051 5.60502610 79 50 16
1.22965672 0.77015574 5.66031357 144 111 70
1.23073911 0.82317066 5.63261654 151 118 76
-2.87031575 0.06982856 7.03026522 65 68 57
-2.38419429 0.92007662 5.66764703 186 192 216
-2.74640900 0.14397106 7.05005722 139 170 192
-2.58359496 0.34540833 6.77294833 71 73 52
-2.07033000 0.92874863 5.79767964 185 196 224
-2.07033000 0.92874863 5.79767964 185 196 224
-1.33921314 0.93915705 6.08472471 172 170 173
-0.96960659 0.10823357 7.10607181 128 146 182
-0.59730779 -0.35331754 5.38907212 7 4 0
-0.58804091 -0.37302135 5.37969728 8 7 4
-0.56660617 -0.53508677 5.44925533 120 88 61
-0.56379703 -0.38974652 5.37284846 127 104 81
-0.54369641 -0.51122727 5.42208105 19 7 2
-0.54293759 -0.40048537 5.37126836 82 58 25
-0.52916760 -0.40917537 5.37438732 66 38 7
-0.53038942 -0.20531075 5.40264531 109 85 59
-0.51351254 -0.46270298 5.39685965 70 40 6
-0.49913813 -0.28851130 5.35944522 132 106 79
-0.50374354 -0.24511959 5.38030680 60 35 4
-0.43406735 -0.18835841 5.36355372 130 103 76
-0.42544425 -0.16417843 5.36272788 92 66 38
-0.41882033 -0.45858701 5.40344317 110 71 33
-0.39657812 -0.38449526 5.38701711 60 34 9
-0.37962950 -0.51025500 5.45039234 79 47 9
-0.35619399 -0.36092784 5.37254749 157 127 93
-0.34982670 -0.25101386 5.34688198 94 67 38
-0.39710936 0.93494775 5.34968130 118 118 115
-0.39710936 0.93494775 5.34968130 118 118 115
-0.32816582 -0.51652523 5.46933502 127 94 58
-0.32506854 -0.31448650 5.37686165 61 35 11
-0.29788903 -0.41261795 5.41400238 159 124 88
-0.27613193 -0.48780816 5.45051141 102 65 27
-0.27176782 -0.06298137 5.37543433 143 117 90
-0.23340953 -0.17877158 5.36753994 91 65 38
-0.20668844 -0.19843995 5.36724598 132 107 81
-0.20668844 -0.19843995 5.36724598 132 107 81
-0.17830927 -0.29745085 5.38933877 169 140 109
-0.16206247 -0.39238018 5.43094509 67 38 8
-0.16109000 -0.54048596 5.54990819 172 137 97
-0.15311428 -0.34887230 5.41897693 156 122 83
-0.14505567 -0.52754338 5.54188448 87 53 15
-0.14505567 -0.52754338 5.54188448 87 53 15
-0.14447342 -0.21270312 5.38573212 135 104 74
-0.13908458 -0.31325755 5.40569016 75 47 16
-0.09603937 -0.17284267 5.39840017 48 26 6
-0.08599084 -0.32058913 5.41486625 170 142 110
-0.09495805 0.25824239 5.50448517 163 163 136
-0.09298173 0.23937613 5.51247319 95 77 58
-0.08157033 -0.44660144 5.49472439 154 116 80
-0.09282412 0.32453760 5.52031209 111 89 63
-0.08182548 0.09806368 5.21342974 150 158 121
-0.07016854 -0.12578650 5.39189289 81 54 25
-0.06829317 -0.54005685 5.58484956 167 133 89
-0.05376934 -0.51496421 5.56106656 166 134 89
-0.06056171 0.49585693 5.42400644 182 174 158
-0.05099469 0.49305887 5.41707314 105 88 67
-0.03903783 -0.10085489 5.41113498 57 30 1
-0.04105126 0.53365386 5.41990764 112 94 74
-0.06998371 0.75974954 6.19804715 125 103 76
-0.02701566 0.11130116 5.44529179 111 86 64
-0.02288048 -0.56388578 5.61855815 164 128 92
-0.01129360 -0.28497740 5.43200242 130 101 66
-0.01762352 0.58810329 5.41106374 110 95 79
-0.00820216 0.38213102 5.36048923 113 91 67
-0.00065639 -0.25691036 5.41704307 78 47 18
0.00737654 -0.29709235 5.44380685 77 49 18
0.01567501 -0.51855279 5.54456156 86 54 16
0.01646645 -0.57888355 5.60497019 172 133 98
0.00390378 0.64369193 5.45849011 113 89 68
0.04003898 -0.11829705 5.41894071 51 24 0
0.04317038 -0.44415004 5.51503388 173 146 108
0.04757653 -0.56815729 5.60376230 81 47 14
0.04702894 0.20902977 5.38482552 73 45 15
0.03767521 0.92996300 5.02271276 182 173 156
0.04750573 0.42314045 5.34068410 63 36 9
0.05587357 -0.47844329 5.54206672 167 131 97
0.05520401 -0.18387063 5.41511889 77 48 18
0.06253862 -0.55278255 5.58814267 139 101 64
0.06023589 0.47751263 5.32919569 67 41 13
0.08333332 -0.45788276 5.52409071 93 62 32
0.10354075 -0.13860641 5.43381503 41 20 3
0.10621429 -0.18200720 5.42291475 66 39 12
0.10308252 0.47849147 5.29497745 83 54 22
0.12868135 -0.29806006 5.46603560 79 46 15
0.12828783 -0.17712959 5.42919882 69 42 21
0.13450075 0.28383720 5.34042242 70 43 13
0.14076541 0.39868920 5.29282753 117 91 61
0.15849701 0.28964523 5.33696224 98 73 48
0.15954807 0.36391437 5.31266945 53 24 1
0.16752204 -0.02561832 5.43250999 70 43 14
0.16918520 -0.29718580 5.47657906 67 36 6
0.17254378 -0.15417751 5.45725753 20 7 1
0.17727367 -0.51316845 5.60064868 68 43 12
0.17396674 0.14722551 5.38453294 46 25 2
0.19005865 -0.25682382 5.48151312 24 10 1
0.19158361 -0.29678255 5.48514642 127 99 76
0.19158361 -0.29678255 5.48514642 127 99 76
0.21398400 -0.51495883 5.62195670 70 38 9
0.21100510 0.50759199 5.26149509 78 47 16
0.22900428 -0.51808053 5.63372580 41 19 1
0.22429788 0.56130950 5.25919115 73 45 7
0.23384895 -0.53354757 5.63093415 120 90 64
0.23513973 -0.17277315 5.28773961 175 149 126
0.23680702 -0.14511102 5.28994850 57 29 5
0.24155348 -0.30506831 5.33175451 168 140 110
0.24297924 -0.20093608 5.30576718 53 26 6
0.26078282 -0.31339794 5.33105106 157 125 95
0.26771667 -0.42100035 5.41135711 172 140 101
0.26656390 -0.30582749 5.33359123 78 47 16
0.28150453 -0.22175201 5.30085128 153 120 82
0.28536335 -0.42975700 5.42109555 115 81 38
0.29009589 -0.19587737 5.29868697 79 45 19
0.30959058 0.43881692 5.28919504 55 31 0
0.32496115 0.14122939 5.41328607 55 31 2
0.36506194 0.88520231 5.24746709 109 85 59
0.38276362 0.59688073 5.27692006 62 35 6
0.38961001 0.67380687 5.27380251 72 38 5
0.39884655 0.87194611 5.24741062 55 33 5
0.40036342 0.38211936 5.32398702 189 156 120
0.39995658 0.57898408 5.28026545 129 99 61
0.40104543 1.00900481 5.17763247 115 93 67
0.40471552 0.85835030 5.25320073 108 81 52
0.43654759 0.88220440 5.20496332 131 96 58
0.44324131 0.02478075 5.42962826 88 59 25
0.44391885 0.96507880 5.16163200 91 56 24
0.45119327 0.77905389 5.30486093 112 81 53
0.44692223 0.96977059 5.15509538 192 158 126
0.44801046 0.97772484 5.14967068 94 61 24
0.44801046 0.97772484 5.14967068 94 61 24
0.45299763 0.00974470 5.43728033 77 46 12
0.45660012 -0.17410163 5.51820268 164 136 100
0.48292651 0.87552580 5.22117662 161 123 78
0.48689385 0.63002499 5.29946719 88 58 20
0.48689385 0.63002499 5.29946719 88 58 20
0.49864809 0.57838996 5.33018286 70 41 8
0.49800626 0.89042346 5.19304837 115 76 37
0.50705599 0.61406321 5.30348398 125 97 58
0.51751200 0.34355642 5.41064227 153 119 79
0.54035220 0.28418293 5.44660874 173 139 102
0.58285304 0.52237527 5.35176708 183 154 112
0.58285304 0.52237527 5.35176708 183 154 112
0.59483862 0.70128554 5.29855234 153 123 85
0.73146441 0.03754929 7.03455586 93 89 88
0.60235587 0.92809826 5.20201583 98 64 27
0.61003218 0.57354759 5.37009927 66 37 3
0.62853841 0.24250059 5.62829247 155 126 92
0.61321673 0.75687152 5.31675616 62 33 3
0.61494782 0.95569795 5.20689571 110 77 44
0.65975577 0.22905901 5.71524291 156 126 94
0.65965719 0.26257728 5.62514640 161 131 95
0.64630577 0.60858702 5.36022784 150 120 85
0.69498581 0.56048570 5.40253924 74 45 5
0.71372929 0.31349612 5.62872507 155 123 84
0.71372929 0.31349612 5.62872507 155 123 84
0.73840664 0.49365590 5.46543242 178 145 110
0.76255236 0.22824136 5.76786938 118 83 43
0.76863905 0.29493176 5.69088727 90 55 15
0.77374201 0.58105975 5.46038712 163 131 101
0.78514633 0.71900853 5.45076231 122 91 53
0.80886775 0.24886905 5.77951131 170 137 101
0.81538309 0.33232858 5.66108244 86 50 18
0.84503917 0.42528281 5.61581735 78 49 13
0.86270267 0.29758049 5.74162736 145 115 78
0.85483426 0.40655671 5.62151913 176 143 105
0.87108995 0.31448398 5.72800347 174 142 107
0.87651258 0.36593840 5.67161603 162 131 93
0.90394544 0.43869878 5.63711023 159 126 86
0.91781613 0.37617157 5.70358744 158 125 85
0.92933726 0.39045613 5.68064690 161 128 90
0.92933726 0.39045613 5.68064690 161 128 90
0.95402262 0.30629656 5.78188458 80 48 7
0.96648181 0.36652942 5.73275587 87 55 18
0.95414334 0.51926313 5.61417475 154 123 84
1.03897716 0.15310924 6.09172495 113 88 56
0.98966455 0.44444709 5.67847815 164 127 85
0.99207181 0.47912225 5.64909681 97 68 35
1.01791563 0.36783508 5.73641097 160 125 87
1.06045144 0.61505423 5.64828027 121 89 51
1.09870478 0.93136554 5.76082179 158 160 186
1.08782676 0.78957815 5.70063245 191 194 212
1.08844111 0.51501164 5.69248804 159 127 89
1.11028321 0.60349942 5.66955525 159 133 95
1.11028321 0.60349942 5.66955525 159 133 95
1.15462103 0.26329204 5.88530197 86 53 21
1.15814515 0.86891416 5.66690247 73 47 17
1.15879419 0.71026169 5.69988881 95 64 34
1.16890951 0.85641597 5.67823822 66 37 6
1.17853922 0.73382070 5.71033339 77 47 16
1.17993382 0.84155903 5.67515339 55 30 2
1.18550373 0.41651160 5.78200261 161 127 90
1.18585442 0.84833968 5.66645198 144 110 72
1.21913170 0.30398808 5.87321958 146 117 78
1.21927674 0.38902123 5.80866030 83 53 16
1.21833826 0.94842363 5.57557407 44 30 7
1.22702872 0.83831247 5.65707309 152 115 76
1.23763732 0.38375061 5.82167497 80 51 17
1.25065754 0.34500858 5.86063083 165 135 101
1.25065754 0.34500858 5.86063083 165 135 101
1.25193243 0.77849518 5.69128359 154 116 77
1.21304385 0.18391888 5.56707782 146 120 93
1.25243057 0.85940267 5.63541320 99 66 31
1.25792851 0.56185785 5.74856038 156 130 97
1.28053957 0.31171832 5.91447403 85 57 15
1.28053957 0.31171832 5.91447403 85 57 15
1.27959323 0.31890319 5.89685593 159 128 92
1.28861866 0.67700079 5.72866572 148 113 73
1.31189345 0.59896192 5.76640232 146 113 79
1.33164937 0.78680426 5.67462559 112 76 40
1.38361384 0.58190186 5.83681037 178 162 138
1.55748851 0.59982206 6.76672128 154 155 121
1.19923049 0.29627723 4.91912644 190 179 167
1.26504096 0.44998755 5.15876049 129 114 94
2.00096996 -0.13790287 7.22376543 165 191 218
2.01408729 0.13867202 7.03651447 230 248 255
2.01408729 0.13867202 7.03651447 230 248 255
2.15382084 0.39349243 6.92973715 106 105 77
-2.36306603 0.39254472 6.53824785 146 141 136
-2.25369861 0.68620150 6.50873196 51 59 37
-1.35618501 -0.20981687 6.79155357 75 74 72
-0.42356740 -0.39711467 5.38450218 105 81 53
-0.30308351 -0.08807224 5.35807975 122 98 64
-0.16340035 -0.48787230 5.45420132 66 36 4
-0.09124108 0.02963294 5.39964696 159 154 143
-0.02657883 0.57164104 5.44667756 158 155 135
-0.00675751 -0.16462430 5.37882433 59 35 9
0.08794282 -0.38434057 5.44341419 65 35 7
0.09665069 -0.20943181 5.40262532 144 115 84
0.15243066 -0.22689940 5.41272982 115 88 60
0.17293611 0.44252634 5.29645682 70 44 11
0.24110980 -0.14765233 5.27093851 79 53 25
0.25861145 -0.10776311 5.27304594 46 24 1
0.25861145 -0.10776311 5.27304594 46 24 1
0.38484142 0.39202243 5.31493730 126 95 66
0.45070349 0.88004280 5.28318623 76 49 16
0.47752852 0.19760317 5.41567054 153 126 95
0.47948448 0.92387868 5.25225035 124 91 53
0.55858038 0.52796033 5.34181828 76 47 10
0.55502690 0.91212450 5.26536855 152 119 76
0.58001976 0.65385349 5.33227236 78 49 13
0.64710049 0.56226546 5.37053610 90 65 34
0.87917706 0.50001920 5.52338203 124 94 58
1.17391930 0.78694564 5.60874240 130 96 59
1.18381905 0.77644177 5.61498628 62 33 8
1.25162837 0.78321205 5.60066160 150 114 76
-0.57226538 -0.54670745 5.46965186 88 59 19
-0.49523954 -0.45875156 5.39645935 65 39 9
-0.46956152 -0.51194394 5.42050219 90 59 13
-0.46110443 -0.41097880 5.37265342 67 43 4
-0.43757235 -0.27024745 5.36123499 51 31 0
-0.40582188 -0.44482728 5.38797072 83 49 14
-0.40582188 -0.44482728 5.38797072 83 49 14
-0.40582188 -0.44482728 5.38797072 83 49 14
-0.31534566 -0.19572926 5.34715813 53 29 2
-0.29737741 -0.54110932 5.49287840 110 74 32
-0.29737741 -0.54110932 5.49287840 110 74 32
-0.29737741 -0.54110932 5.49287840 110 74 32
-0.26575086 -0.31487757 5.36641761 83 52 6
-0.26593197 -0.11844410 5.35445674 56 33 0
-0.19453514 -0.05778012 5.37978728 116 92 56
-0.17267826 -0.16177878 5.37326051 54 33 1
-0.17023516 -0.33484280 5.38644687 85 54 9
-0.16962307 -0.32547568 5.38173703 180 147 111
-0.16610819 -0.55404317 5.42638879 170 137 93
-0.13487155 -0.32698944 5.39129790 162 132 103
-0.11883218 -0.22732073 5.36838827 68 40 4
-0.09590956 -0.46722780 5.49437567 77 52 23
-0.08060094 0.15132086 5.53622920 141 139 109
-0.03327568 -0.25080439 5.38119215 191 162 130
0.00026770 -0.35459987 5.42299431 77 48 19
-0.00249816 -0.45034351 5.56469947 25 27 19
0.04125081 -0.41378050 5.47918542 66 38 3
0.04580350 -0.31542133 5.43014719 58 34 0
0.04521296 -0.47709380 5.52577822 137 104 66
0.06438689 -0.10424748 5.39032441 61 35 0
0.11857763 0.06288467 5.41956088 42 28 2
0.13998784 -0.22844776 5.41746966 135 106 72
0.15752943 0.05846006 5.40313686 64 41 12
0.16638157 -0.29338597 5.44042930 146 118 88
0.17753232 0.24380787 5.32841332 75 48 18
0.18686599 0.04607211 5.41015171 52 31 3
0.21686326 0.30688320 5.30114438 54 31 0
0.23746501 -0.30371159 5.28921896 103 76 46
0.26217846 0.29891153 5.30863377 113 89 53
0.27811665 -0.55740139 5.59322969 149 114 77
0.29796153 -0.14898505 5.24977495 51 27 0
0.32726625 0.52290149 5.27593046 60 34 2
0.35977243 -0.28763233 5.39531041 187 158 122
0.37270381 0.69081033 5.28413298 147 115 77
0.40351720 0.51350689 5.29895171 62 37 1
0.46626976 0.98007047 5.21028681 85 52 20
0.46626976 0.98007047 5.21028681 85 52 20
0.90027071 0.27162209 5.74545348 102 69 23
1.05130387 0.30126499 5.77110362 159 124 82
1.16768077 0.94013199 5.64314272 106 80 53
1.31830338 0.63927254 5.36404965 194 192 202
-0.48824346 -0.50797538 5.44007449 166 132 95
-0.48824346 -0.50797538 5.44007449 166 132 95
-0.43377739 -0.34599937 5.36793953 67 42 11
-0.39227213 -0.44872971 5.41297037 162 127 96
-0.32489849 -0.26368353 5.34248560 184 153 127
-0.32383886 -0.16859552 5.33318087 125 99 71
-0.32383886 -0.16859552 5.33318087 125 99 71
-0.31383439 -0.17057978 5.33299154 70 43 13
-0.31177864 -0.08769642 5.34805091 84 57 28
-0.30612204 -0.26605110 5.34224072 70 40 4
-0.29650402 -0.26683806 5.34749297 86 57 23
-0.26997800 -0.42569828 5.43312987 72 47 17
-0.25208165 -0.48970781 5.45880227 117 79 42
-0.19850315 -0.43275335 5.44920198 158 124 86
-0.12563850 -0.32279314 5.39316166 190 159 130
-0.12563850 -0.32279314 5.39316166 190 159 130
-0.08896600 -0.23293904 5.37430010 117 91 62
-0.08329938 0.16877598 5.51235558 164 163 133
-0.08011166 0.20089732 5.52848203 150 158 121
-0.06218353 -0.46646780 5.51890769 69 46 17
-0.05893959 -0.50124235 5.52650561 166 134 93
-0.03561196 -0.15406431 5.36179835 126 99 69
-0.00706256 -0.45688659 5.52342514 188 174 158
0.02345826 -0.17913041 5.37986283 126 98 68
0.02510120 -0.12364491 5.38820931 54 27 5
0.03298568 -0.28138843 5.39747526 94 62 30
0.03817672 0.67955715 5.45938995 185 181 176
0.03818904 0.65369568 5.45523926 102 73 41
0.08279041 -0.59893595 5.65237396 170 135 93
0.10833515 -0.38087263 5.46808405 153 120 87
0.11111336 0.40039615 5.30620295 66 36 11
0.13678219 0.27504150 5.31741792 70 43 13
0.13675438 0.30791052 5.29510624 133 108 77
0.13696790 0.29214984 5.30869290 123 98 67
0.13963942 0.25464049 5.31832036 114 87 57
0.14454183 0.06783222 5.39579984 71 47 23
0.14302783 0.31447167 5.29269308 133 107 77
0.14878498 0.29144453 5.30822590 71 44 17
0.16734136 -0.08848022 5.41227698 110 82 60
0.16678638 -0.07539829 5.41600412 43 19 0
0.17997827 -0.22182828 5.42213619 59 33 12
0.21291586 -0.09766156 5.42405280 90 68 45
0.22235205 -0.27804493 5.26807379 62 36 16
0.23768813 -0.30742007 5.28419515 97 70 40
0.34615582 0.28117814 5.31114123 65 40 10
0.38935981 1.04240773 5.25071254 117 98 74
0.41131933 0.35144179 5.32268290 135 101 72
0.45050669 0.50929949 5.31566619 63 38 0
0.44928430 -0.00265248 5.39327688 77 46 12
0.52800437 0.90280087 5.27897173 93 59 23
0.55976263 1.01942832 5.24394749 179 144 106
0.63553739 0.52327043 5.36394142 118 86 46
0.63553739 0.52327043 5.36394142 118 86 46
0.74056541 0.59487848 5.42275562 161 133 96
0.82164345 0.33830736 5.63916933 132 99 64
0.84383827 0.33762168 5.65191511 154 126 90
0.97575055 0.39783980 5.66878841 107 73 35
0.99747002 0.35356815 5.72432939 86 57 22
1.04739535 0.19248131 5.88935921 171 144 105
1.06422852 0.27579626 5.81262498 94 63 24
1.12847632 0.79770912 5.72549246 63 45 30
1.16350987 0.62236763 5.70176812 87 61 37
1.18155920 0.88141513 5.68268013 165 130 100
1.19152455 0.67749229 5.71595262 76 50 16
1.22975498 0.96586425 5.65067096 129 99 68
1.23115459 0.73408408 5.72595277 72 42 8
1.23734501 0.48903049 5.75390846 157 125 91
1.26842184 0.66558100 5.74365513 151 113 76
1.31119622 0.92190780 5.66497481 98 64 27
-0.60824821 -0.47742223 5.64902053 149 118 81
-0.60460201 -0.46940603 5.62005574 151 120 82
-0.59457857 -0.29652908 5.46603343 59 38 6
-0.57918393 -0.30513686 5.44712293 57 36 7
-0.57598505 -0.31941465 5.43747461 136 113 82
-0.56715668 -0.46354395 5.55027658 6 2 0
-0.55713865 -0.46515818 5.54184721 158 136 101
-0.54894278 -0.47522660 5.53922670 80 56 8
-0.55389941 -0.47524618 5.62105334 80 47 1
-0.54153205 -0.47899501 5.62070400 75 40 2
-0.53214328 -0.19708930 5.47945397 61 37 1
-0.51946034 -0.26182532 5.38230064 130 104 76
-0.52051641 -0.43792159 5.47561170 126 98 66
-0.52975511 -0.48155035 5.62212260 76 41 1
-0.51816580 -0.32684896 5.41978381 45 22 0
-0.50840049 -0.34820940 5.41221420 114 88 62
-0.51704837 -0.48511836 5.62293338 73 39 0
-0.51177134 -0.49272892 5.54937699 153 121 83
-0.51140008 -0.47332952 5.53815841 172 138 94
-0.51755499 -0.47938314 5.61646258 167 134 96
-0.48957276 -0.40342961 5.43541068 181 149 120
-0.48859164 -0.47361754 5.52441229 112 77 32
-0.47610624 -0.33063876 5.40203280 58 35 7
-0.47028941 -0.18574292 5.35264246 105 82 54
-0.47377556 -0.47558408 5.52023611 119 84 39
-0.47682633 -0.49324481 5.62945866 82 46 8
-0.45900657 -0.24679919 5.37181604 96 74 42
-0.45170739 -0.43259902 5.47076359 163 127 88
-0.44588512 -0.31522592 5.37673833 103 79 46
-0.44588512 -0.31522592 5.37673833 103 79 46
-0.44503946 -0.49617794 5.57340910 123 82 38
-0.43543086 -0.50491388 5.57138219 152 120 83
-0.39671466 -0.34685635 5.36668049 96 67 29
-0.39591632 -0.50185780 5.55039047 101 65 23
-0.36859490 -0.45251108 5.51369859 155 119 78
-0.36281360 -0.49807710 5.56612769 93 60 17
-0.34155350 -0.12777696 5.32570701 46 18 0
-0.33281859 -0.47266181 5.54221628 61 41 6
-0.32476795 -0.15581524 5.30801687 131 105 75
-0.32187003 -0.47132467 5.51601288 144 110 69
-0.31811221 -0.40719274 5.40391929 150 113 77
-0.31131666 -0.32538603 5.35833197 48 27 0
-0.31018352 -0.16370259 5.29977729 133 108 75
-0.30682155 -0.23283797 5.31535219 44 25 0
-0.30682155 -0.23283797 5.31535219 44 25 0
-0.30337305 -0.16895981 5.30756532 118 94 65
-0.29674658 -0.16602016 5.30451167 122 95 64
-0.29539423 -0.48443814 5.55213930 84 49 11
-0.28315939 -0.09547469 5.30890019 144 119 89
-0.28246618 -0.22625787 5.32150053 55 32 1
-0.28112136 -0.17373138 5.30474572 128 102 74
-0.32494424 1.02543070 6.33863713 171 167 155
-0.26445093 -0.15013679 5.30564259 56 27 0
-0.26127610 -0.18110684 5.30486773 134 107 77
-0.25068494 -0.16834675 5.31402551 52 29 10
-0.24329324 -0.09103709 5.29828292 103 73 38
-0.24523183 -0.40123143 5.39006426 177 144 109
-0.24773163 -0.48978491 5.57211980 76 43 3
-0.23837411 -0.19204141 5.30586086 127 102 75
-0.23412062 -0.50594019 5.59958011 104 70 24
-0.22208033 -0.32702661 5.33761014 186 163 122
-0.19555795 -0.10856635 5.32066554 50 23 2
-0.19482152 -0.33693631 5.34506429 196 167 137
-0.17213063 -0.50040737 5.58183136 70 41 3
-0.17741137 -0.49662040 5.55373349 160 125 87
-0.16400030 -0.49835310 5.59118781 81 50 12
-0.15252326 -0.43255359 5.42478230 96 63 21
-0.13957332 -0.47726553 5.51027368 72 43 4
-0.13642909 -0.50350447 5.59834379 84 51 9
-0.11341517 -0.51057070 5.62263554 171 138 99
-0.09131695 0.20900343 5.47801457 177 164 154
-0.08746137 0.28288442 5.42667971 95 78 56
-0.08060715 0.19077284 5.49093167 174 170 149
-0.07860536 0.21982724 5.41665148 183 174 164
-0.07534244 0.40326211 5.42529554 185 177 169
-0.07622260 0.20834627 5.44976403 83 59 33
-0.07684188 0.11741730 5.46796985 86 65 45
-0.07289081 0.38536631 5.44634225 102 86 63
-0.08394547 -0.50767075 5.61830569 87 52 17
-0.07037368 0.31277238 5.40573900 113 91 70
-0.08167941 -0.51737285 5.63162298 149 113 69
-0.07757193 -0.27803624 5.31756312 73 43 8
-0.07119943 0.18713706 5.48377438 79 58 34
-0.07188101 -0.31653637 5.34041384 52 28 3
-0.06447110 0.17819306 5.41547784 118 99 77
-0.06874803 -0.17901504 5.29497798 85 57 24
-0.05535025 0.12418020 5.46977016 70 43 14
-0.05631189 -0.09736279 5.31982927 146 119 92
-0.06210578 -0.51674602 5.62125680 177 140 99
-0.05895960 -0.48631537 5.57025132 158 124 86
-0.05777643 -0.50706280 5.61400497 68 33 1
-0.05777643 -0.50706280 5.61400497 68 33 1
-0.05595410 -0.44041719 5.49956903 158 127 87
-0.05390793 -0.45415877 5.49599455 183 152 107
-0.05165983 -0.40834392 5.42001706 64 38 9
-0.04825121 -0.15567575 5.31008531 47 23 0
-0.05150573 -0.48124730 5.51760348 168 137 101
-0.05036137 -0.36327771 5.35682070 76 46 9
-0.05030710 -0.50278174 5.61381851 71 43 6
-0.03244614 0.51066885 5.42805407 104 78 52
-0.03630447 0.01649053 5.37892288 57 31 4
-0.03878196 -0.10254602 5.31142280 147 121 90
-0.03654102 -0.24572584 5.30854319 53 28 2
-0.03762902 -0.46115611 5.51182225 8 8 8
-0.02488830 0.22801673 5.32129883 127 103 75
-0.03459245 -0.51120010 5.62181134 74 42 12
-0.02898778 -0.39862609 5.41322472 145 110 72
-0.01708345 0.27923748 5.31928098 127 103 72
-0.02330266 -0.24440552 5.31748317 45 24 2
-0.02497923 -0.48121989 5.54610755 5 3 2
-0.01750077 -0.45584763 5.50661916 40 39 33
-0.00593118 0.04250288 5.34964052 64 39 8
-0.00787939 -0.46261657 5.51256353 175 163 154
0.00128277 -0.57169381 5.74913311 113 76 29
0.00293336 -0.18163890 5.30229477 129 103 70
0.02210401 -0.33844589 5.35496736 154 125 84
0.02345480 -0.42688091 5.45472010 63 38 7
0.03454302 0.14882671 5.32315750 108 83 51
0.05106257 1.07314256 5.85294585 183 178 182
0.03500459 0.00075510 5.35892831 130 103 76
0.02872796 -0.54674362 5.63513466 80 51 21
0.05390378 0.67593062 5.41034101 195 183 171
0.04283133 -0.10746668 5.30157678 70 42 15
0.03785315 -0.42068251 5.42963012 162 127 90
0.04218498 -0.19566469 5.30199528 124 96 64
0.04078115 -0.51693777 5.55741698 78 50 13
0.04436150 -0.49040209 5.52934244 60 37 1
0.05521914 -0.00397434 5.34112425 66 42 17
0.04711380 -0.45594190 5.47651861 159 128 90
0.05009267 -0.55168228 5.64341939 82 49 7
0.05091423 -0.52662777 5.56610912 73 45 7
0.05165920 -0.31856474 5.33644958 159 128 89
0.05231926 -0.51727557 5.54994214 77 49 12
0.07061400 0.38144928 5.28497874 92 67 38
0.07835155 0.46852795 5.28412266 130 101 68
0.06490019 -0.46890261 5.53117465 120 89 47
0.07144819 -0.12211385 5.30938749 129 103 71
0.08605410 0.42064750 5.27547063 141 113 81
0.07131905 -0.48671357 5.49187600 153 122 86
0.07131905 -0.48671357 5.49187600 153 122 86
0.09914846 0.72381561 5.45016376 121 95 69
0.08317519 -0.56954636 5.68820422 96 57 11
0.08333220 -0.56131349 5.67700670 161 126 87
0.08333220 -0.56131349 5.67700670 161 126 87
0.08302457 -0.42804266 5.45329056 156 120 83
0.08739739 -0.55773625 5.65740247 94 57 13
0.09769244 0.28123378 5.27052592 59 32 2
0.09141451 -0.21275793 5.31246899 106 78 54
0.12998202 1.00886996 5.58096897 47 25 2
0.13029541 0.82207410 5.47390174 74 60 30
0.14166241 1.03795821 5.60585267 100 80 55
0.10655420 -0.06430777 5.32327150 128 99 69
0.10270952 -0.47617070 5.51100258 75 43 15
0.10463842 -0.44094516 5.44272689 166 128 91
0.10609243 -0.44998552 5.46420342 64 40 5
0.12420173 0.14857353 5.26742657 121 94 64
0.12420173 0.14857353 5.26742657 121 94 64
0.11784363 -0.41657538 5.42586022 149 116 80
0.11784363 -0.41657538 5.42586022 149 116 80
0.12600272 -0.22603688 5.31409428 100 78 50
0.12577100 -0.45006221 5.47509110 67 42 4
0.12961244 -0.07848704 5.30120409 109 80 50
0.14357543 0.29934565 5.22821201 130 101 69
0.13041335 -0.40791722 5.41801718 60 32 2
0.14101566 0.13708375 5.27026674 45 20 0
0.13088713 -0.46717168 5.48525986 89 62 32
0.13088713 -0.46717168 5.48525986 89 62 32
0.15426396 0.50484325 5.25658833 122 95 66
0.14494819 0.13445022 5.27470353 65 42 10
0.13775419 -0.22735844 5.32200171 96 76 43
0.15080617 -0.02817985 5.32140782 20 6 0
0.14755605 -0.51647222 5.57106260 63 39 4
0.14822566 -0.15703338 5.31561324 132 105 78
0.14822566 -0.15703338 5.31561324 132 105 78
0.14665250 -0.45765432 5.47762221 63 39 8
0.15710282 0.22537371 5.25988343 58 36 6
0.14602659 -0.41310380 5.42337262 70 41 8
0.14602659 -0.41310380 5.42337262 70 41 8
0.14873826 -0.36963977 5.40714128 57 27 3
0.15012716 -0.26761486 5.33194777 57 30 1
0.15106854 -0.27945735 5.31137764 110 81 51
0.16382162 0.07957152 5.27237079 55 30 1
0.16072558 -0.53325750 5.56385771 92 64 38
0.15973694 -0.41185656 5.42568171 74 48 13
0.17482477 0.20448666 5.25934384 116 89 57
0.17099508 -0.06048344 5.32272060 58 32 6
0.17181459 -0.45952803 5.49576546 56 28 6
0.18923504 0.18330574 5.24860416 126 103 69
0.18923504 0.18330574 5.24860416 126 103 69
0.17676831 -0.36572211 5.39333063 96 63 20
0.21809985 0.80165805 5.35901218 51 33 10
0.18319188 -0.53365481 5.59631523 67 42 11
0.18681652 -0.57666353 5.68956899 99 61 15
0.18064131 -0.38884234 5.41006595 32 13 1
0.19037955 -0.07147166 5.32577140 117 87 55
0.18564623 -0.32130962 5.35567993 14 3 1
0.20265229 0.22614709 5.25012721 50 25 1
0.20265229 0.22614709 5.25012721 50 25 1
0.19694125 -0.37567277 5.41060224 125 93 59
0.19514020 -0.25222555 5.25881227 44 29 11
0.20224578 -0.40508513 5.41640767 21 11 1
0.20436958 -0.20199506 5.31952049 26 13 0
0.22653251 0.57024377 5.27259060 73 44 5
0.22653251 0.57024377 5.27259060 73 44 5
0.22792251 0.51984489 5.26477686 57 27 0
0.22196699 0.32342555 5.24912163 48 22 0
0.22577059 0.42220504 5.24672161 47 23 0
0.21488663 -0.52790836 5.61819181 100 74 49
0.23341894 0.49162396 5.25999374 104 74 41
0.21500941 -0.37232327 5.40434533 66 43 18
0.21435647 -0.42886479 5.41742152 44 28 6
0.22101037 -0.06523138 5.33805802 39 19 1
0.22531476 -0.48275457 5.53693871 55 32 3
0.21662207 -0.42931056 5.24128767 133 105 72
0.25109679 0.41938596 5.24883400 54 34 5
0.25719661 0.52569318 5.26727929 58 34 4
0.23941364 -0.49280977 5.54354397 112 84 57
0.23135540 -0.23170307 5.12519601 143 117 91
0.23028439 -0.27826911 5.14109089 147 123 89
0.23164855 -0.35020947 5.16870181 137 108 76
0.23637039 -0.31138529 5.13775455 17 2 0
0.24057754 -0.17264653 5.12025924 141 116 84
0.24009261 -0.26350728 5.12934585 146 119 86
0.29336172 0.61739414 5.29787177 141 110 79
0.25141812 -0.25950905 5.12362627 156 127 95
0.25141812 -0.25950905 5.12362627 156 127 95
0.25175507 -0.28003297 5.13653011 183 153 118
0.25564071 -0.44719040 5.27193898 87 55 5
0.26600202 -0.08571707 5.13778331 87 55 14
0.26007814 -0.32771799 5.17345835 84 55 13
0.26256663 -0.49156319 5.31209520 103 70 25
0.28573066 0.17103222 5.25219173 88 62 29
0.26201275 -0.23627223 5.11783573 139 115 80
0.27035812 -0.24398149 5.11499764 138 114 80
0.27222487 -0.33786369 5.17682776 67 38 2
0.27222487 -0.33786369 5.17682776 67 38 2
0.27214880 -0.28469755 5.13136391 80 47 10
0.27760582 -0.45177780 5.30041386 82 52 1
0.28019293 -0.33847407 5.19661806 64 36 1
0.28019293 -0.33847407 5.19661806 64 36 1
0.28859923 -0.54200639 5.43884790 161 126 84
0.28859923 -0.54200639 5.43884790 161 126 84
0.29895584 -0.57509781 5.58990771 173 133 83
0.30704291 0.14382126 5.25035869 57 32 1
0.28502694 -0.34621900 5.20445236 69 40 5
0.28939683 -0.48593175 5.34657752 169 139 103
0.28643744 -0.23136030 5.14151562 56 29 1
0.31436041 0.26566121 5.24653368 124 94 60
0.31436041 0.26566121 5.24653368 124 94 60
0.29217697 -0.19101858 5.12169688 74 46 7
0.29217697 -0.19101858 5.12169688 74 46 7
0.29211500 -0.36761235 5.22883915 171 145 108
0.30824841 -0.57539704 5.58629665 110 67 14
0.29670434 -0.16459015 5.13011800 151 122 92
0.32577528 0.30530093 5.25028799 53 28 0
0.37454687 1.19488719 5.44976902 63 51 35
0.30556784 -0.14422260 5.15506784 63 37 4
0.37198364 1.08471440 5.43506954 122 95 65
0.34501001 0.59749405 5.28695652 150 116 79
0.30412415 -0.40862388 5.24478046 162 135 100
0.34178079 0.49049981 5.26795185 133 103 70
0.31779327 -0.51850626 5.43994751 157 127 90
0.36900687 0.75739357 5.36038605 81 47 11
0.36900687 0.75739357 5.36038605 81 47 11
0.35502710 0.48618627 5.26884268 142 108 74
0.39735125 1.22324824 5.43932808 57 47 30
0.32840137 -0.51288403 5.45540926 94 63 31
0.34598387 0.14835274 5.27295217 66 42 13
0.32945842 -0.16589343 5.19069325 78 51 8
0.33257956 -0.12208049 5.18010035 181 155 122
0.32758425 -0.44432715 5.31074152 161 129 94
0.33076736 -0.45236693 5.35544511 117 84 42
0.33105326 -0.27632380 5.24469432 69 39 2
0.40646180 1.16502338 5.45029494 61 35 5
0.36431697 0.38529979 5.26847203 137 104 72
0.33544677 -0.33896174 5.25199267 157 128 94
0.41830519 1.24325879 5.44666938 43 32 16
0.34561992 -0.40645678 5.38414324 93 59 21
0.39486531 0.70202904 5.32884165 139 106 71
0.34923506 -0.30548661 5.27855540 83 54 22
0.37370478 0.29470189 5.26607599 67 42 1
0.42410284 1.19426325 5.40606664 135 106 75
0.41582207 0.95589138 5.44256301 65 40 12
0.35324348 -0.10869138 5.20153021 63 34 2
0.38275294 0.27906360 5.27522562 129 99 61
0.36399416 -0.05146852 5.20490346 105 72 36
0.36998874 -0.05157747 5.22849810 119 90 57
0.37246280 -0.10394522 5.23434157 145 116 76
0.36973302 -0.33116675 5.33293360 92 63 23
0.36934567 -0.25704079 5.25826169 170 140 107
0.39306907 0.18320471 5.29603253 116 88 51
0.37353638 -0.22823672 5.26824728 74 51 13
0.41500812 0.56092024 5.30248531 150 118 79
0.41500812 0.56092024 5.30248531 150 118 79
0.37661933 -0.23692802 5.27081612 79 49 9
0.38520216 -0.43515340 5.50009362 171 139 100
0.42473937 0.69306675 5.33775398 142 113 82
0.37847130 -0.38093752 5.35273054 176 146 112
0.38038812 -0.28556149 5.28386451 188 155 115
0.38949892 -0.13707235 5.26253357 68 37 7
0.38862020 -0.17160864 5.24929545 162 133 104
0.40054069 -0.05261376 5.28610623 180 149 119
0.41379645 0.23251727 5.28091696 132 99 58
0.39551547 -0.14484885 5.27394634 63 37 1
0.39409902 -0.22020313 5.29760490 171 138 105
0.44726335 0.70861060 5.35095935 59 35 1
0.45222064 0.67145737 5.33703574 127 94 61
0.41525402 -0.20423143 5.30056546 169 139 102
0.42389228 -0.13460154 5.31233660 143 109 71
0.42677895 -0.04246655 5.27981708 141 113 79
0.44280035 0.12011573 5.36206356 69 47 9
0.50055555 1.20691134 5.42281762 107 72 31
0.49060348 0.82761442 5.40564775 139 111 86
0.47555686 0.58547218 5.33989269 150 117 72
0.47788862 0.60189105 5.34293776 69 46 5
0.45645104 0.14963284 5.32879081 127 93 57
0.44487212 -0.06773375 5.29243492 175 146 110
0.48097731 0.58854203 5.32008345 76 47 7
0.50788126 0.84313103 5.41549700 77 52 12
0.45101558 -0.13996947 5.31096823 150 118 80
0.49558832 0.65916469 5.35355560 124 90 55
0.51787765 0.90556095 5.42387689 110 81 47
0.48706941 0.27247738 5.33073298 126 96 58
0.49073047 0.11989708 5.41799068 67 41 3
0.50318632 0.49281189 5.32563664 63 37 0
0.55335659 1.24736264 5.43618599 67 43 17
0.49605746 0.18496771 5.35282917 78 50 10
0.51148333 0.11030680 5.50716598 157 127 98
0.53158414 0.59614736 5.35968554 55 31 0
0.55271530 0.86058494 5.42321028 61 34 0
0.57581606 1.25862835 5.44918298 64 34 6
0.52042177 0.12538273 5.45623676 80 51 11
0.57564432 1.04069992 5.42918469 98 66 25
0.53411980 0.39848746 5.33866244 147 112 71
0.57653197 0.95339010 5.43136241 138 100 59
0.54956915 0.57222107 5.35275310 141 111 75
0.60082661 1.26249362 5.45940743 71 45 8
0.60303708 1.19584394 5.46059951 82 51 7
0.54455322 0.19805229 5.39793614 164 129 89
0.55567330 0.14612898 5.50868246 81 48 3
0.58858696 0.93142432 5.40853344 133 94 57
0.56249065 0.56812224 5.35464350 152 121 83
0.61317606 1.26386559 5.46571180 80 52 17
0.57491241 0.55181736 5.35458998 145 113 76
0.56981793 0.19641898 5.44390750 80 48 9
0.56981793 0.19641898 5.44390750 80 48 9
0.61361343 0.94493688 5.44054779 52 28 0
0.57642862 0.37972056 5.34602126 158 122 78
0.58689549 0.56729860 5.36436653 141 108 74
0.57869488 0.25824256 5.39406744 144 114 79
0.64663672 1.21169253 5.48307773 81 48 6
0.65604608 1.21300456 5.49326368 77 44 8
0.65241224 1.20808324 5.48226390 77 44 8
0.62340592 0.58146242 5.38878524 68 41 11
0.61582540 0.42353870 5.36367052 178 144 102
0.66417532 1.05600043 5.46141711 143 112 76
0.63052688 0.56123684 5.38431237 148 117 79
0.62663675 0.16753519 5.55904130 164 127 90
0.68271874 1.24100352 5.49231145 113 87 58
0.67347387 1.08196535 5.47391581 85 54 20
0.62350911 0.27181072 5.43559400 82 51 8
0.66083162 0.85482798 5.45546147 58 35 0
0.63221682 0.49914835 5.37850629 93 60 16
0.63221682 0.49914835 5.37850629 93 60 16
0.63221682 0.49914835 5.37850629 93 60 16
0.68948530 1.21499030 5.51086368 107 79 50
0.67918508 1.01863726 5.47760566 166 133 96
0.68278586 0.98242288 5.45915611 175 142 108
0.68924383 0.96801667 5.47333530 87 60 20
0.66125909 0.16831230 5.61490612 156 124 85
0.69328975 0.84524357 5.47337487 141 112 78
0.67919567 0.19003674 5.62090517 100 67 24
0.69280577 0.74919531 5.45019529 175 143 105
0.67412397 0.18149111 5.55355510 160 130 92
0.67462738 0.30400562 5.48392895 153 120 79
0.69404458 0.64164706 5.41043197 131 99 58
0.70455691 0.74275198 5.43823079 160 126 94
0.70455691 0.74275198 5.43823079 160 126 94
0.69970345 0.30977149 5.50458328 160 126 88
0.73008442 0.64689537 5.44406518 167 137 101
0.73353819 0.15313078 5.68832792 95 58 14
0.71931816 0.37888328 5.46011532 167 132 93
0.74292656 0.72713708 5.46356562 172 145 116
0.72451319 0.26019175 5.54591662 111 75 37
0.72451319 0.26019175 5.54591662 111 75 37
0.75568074 0.14682570 5.82206094 124 95 60
0.74469929 0.33199546 5.49822491 171 140 104
0.75224015 0.48446597 5.47370120 170 137 101
0.76301839 0.20159216 5.66344017 100 63 10
0.75589930 0.30562934 5.55188732 82 51 6
0.78072162 0.13422489 5.80485838 145 109 73
0.76969444 0.20662625 5.65814410 170 134 90
0.77711195 0.60158199 5.48896637 160 132 99
0.76828539 0.23888988 5.60432634 83 51 8
0.77055780 0.50469363 5.45890575 187 153 115
0.82298658 0.88262945 5.63578841 134 107 75
0.77510409 0.31683412 5.54232818 145 110 68
0.79087558 0.58575783 5.50266490 77 48 9
0.78416641 0.47879310 5.50039690 74 46 2
0.78803613 0.45408689 5.49774017 151 120 91
0.87014492 0.97389403 5.71519662 74 66 47
0.81120059 0.57992748 5.52458526 135 106 74
0.80949903 0.38898471 5.55031288 87 56 21
0.83181338 0.66068866 5.53511426 166 136 101
0.82136748 0.18755675 5.69277729 100 62 27
0.82154491 0.52307714 5.52010903 170 138 100
0.82606301 0.19480044 5.68749848 135 101 63
0.82766837 0.19650797 5.68610500 124 91 49
0.84486253 0.63761673 5.55532840 149 119 84
0.83365600 0.21000979 5.69417030 90 56 9
0.83114303 0.23151198 5.62708139 155 124 86
0.83949943 0.21942135 5.66557832 173 142 104
0.85332635 0.58819360 5.55158050 104 75 32
0.86608377 0.64554183 5.56229273 147 118 85
0.86754928 0.26169850 5.66319215 80 47 4
0.90251214 0.73188035 5.60924768 108 79 41
0.89339413 0.64863762 5.58704452 141 112 79
0.94178375 0.99585380 5.71636192 82 71 53
0.88289036 0.25633272 5.66467813 82 50 4
0.88883109 0.53397533 5.57007148 159 126 85
0.88815488 0.31852152 5.62324404 89 58 15
0.89154318 0.34767032 5.59212612 166 133 102
0.89683344 0.26091376 5.66169180 163 127 85
0.89467496 0.36254308 5.59718561 101 67 22
0.89467496 0.36254308 5.59718561 101 67 22
0.91659833 0.63734396 5.59302686 164 133 98
0.94401633 0.78973466 5.65190920 93 62 17
0.93073879 0.52288359 5.60887384 163 131 92
0.94803608 0.68875896 5.62440121 73 44 4
0.93611700 0.31912345 5.64280903 90 58 10
0.95050982 0.53899593 5.59735017 118 88 50
0.95069117 0.38499648 5.61895910 139 107 72
0.97762107 0.64875448 5.61364608 151 123 84
0.98518591 0.63950223 5.62687538 145 115 79
0.97067052 0.37938409 5.62472350 143 113 80
0.97434826 0.36200041 5.63372287 168 136 98
0.98704495 0.49822193 5.62815259 67 41 5
1.00444583 0.65633738 5.63696926 158 126 88
1.00393874 0.44447120 5.63997098 143 109 64
1.00393874 0.44447120 5.63997098 143 109 64
1.01663975 0.57434170 5.63791255 135 105 69
1.10961422 0.94588089 5.85501432 152 156 179
1.03712288 0.23410341 5.73613510 94 63 10
1.15932671 1.03128688 5.97190810 153 160 186
1.13175706 1.12781706 5.77443990 183 168 161
1.13175706 1.12781706 5.77443990 183 168 161
1.16583431 1.09334489 5.87846201 147 146 161
1.14479856 0.87083722 5.83193783 192 192 206
1.07334503 0.38575444 5.67401948 76 47 7
1.09132422 0.45995030 5.67058260 143 115 77
1.08663378 0.36701498 5.68039697 145 115 79
1.20472051 1.11318333 5.85849503 32 15 0
1.11724396 0.21559400 5.78156596 92 60 16
1.18760282 0.88091569 5.81580174 78 52 25
1.13959192 0.56158078 5.70532090 69 44 4
1.19614516 0.98543117 5.80193515 124 96 58
1.12581113 0.39279184 5.70505713 166 128 89
1.21173475 1.05835535 5.82966552 118 88 50
1.14223466 0.08756319 5.91609261 178 145 103
1.21637134 1.04018767 5.82292343 73 45 3
1.15659030 0.53275164 5.70442603 154 124 88
1.21389629 0.78156902 5.77665123 74 48 3
1.16457266 0.26476686 5.76664500 153 120 78
1.18333769 0.08893096 5.92948762 91 59 16
1.20688616 0.68573076 5.75524009 152 126 85
1.18378804 0.08934629 5.91268249 168 136 96
1.20047275 0.14971945 5.93116023 131 99 59
1.22478556 0.69685978 5.76788764 65 42 1
1.22301850 0.68406742 5.76728879 153 127 91
1.21110568 0.59014883 5.74135256 165 132 97
1.26023612 0.93503822 5.81338345 64 36 0
1.18488449 0.40104043 5.69759117 158 125 90
1.21977051 0.61298411 5.74668826 78 51 9
1.24705089 0.76099659 5.77950365 147 114 79
1.31242586 1.03496669 5.99400114 107 73 35
1.24854204 0.68764446 5.77872328 64 42 2
1.21450533 0.18046867 5.83592877 138 108 71
1.23585396 0.14170179 5.92664953 111 87 56
1.24099592 0.20218462 5.86546082 79 56 14
1.24099592 0.20218462 5.86546082 79 56 14
1.25258186 0.48936811 5.73836758 149 115 84
1.33275566 1.11062296 5.82169867 63 36 1
1.25061262 0.44029435 5.73914942 158 128 89
1.34347917 1.10673220 5.84195899 159 127 89
1.29108773 0.39263518 5.77410019 155 125 93
1.30384569 0.34462380 5.83347476 93 64 23
1.30384569 0.34462380 5.83347476 93 64 23
1.30685525 0.44313926 5.78825004 150 120 83
1.34699449 0.79887660 5.80470388 137 104 69
1.38667171 1.09310292 5.81626957 143 111 79
1.39902051 1.10726408 5.83967887 129 99 64
1.33635779 0.43144785 5.84312304 89 60 25
1.59587749 1.03958560 6.85046844 89 60 25
1.40165332 1.09138833 5.81317577 148 119 83
1.36973982 0.77231332 5.77888401 135 99 65
1.38333900 0.78960607 5.81547581 153 120 89
1.38711193 0.77022656 5.82260109 72 48 12
1.38711193 0.77022656 5.82260109 72 48 12
1.42329447 1.05844490 5.82235512 165 130 99
1.41277439 0.86571410 5.82709756 160 125 93
1.56836518 0.83093506 6.55860336 176 169 156
1.44027822 1.06797231 5.83097747 165 135 104
1.45461125 1.12232488 5.85700364 97 74 48
1.41622921 0.77071383 5.84134422 85 58 20
1.38153068 0.51249886 5.80093532 148 129 108
1.44059360 0.96433541 5.83359113 153 123 91
1.75259754 1.75898421 6.84550260 203 194 197
1.44972822 0.96071339 5.84619265 99 70 39
1.46037477 1.05056355 5.84794149 202 201 209
1.43908841 0.82541582 5.83565785 136 108 85
1.44970270 0.83710385 5.87677486 148 119 87
1.45684822 0.91001439 5.84992869 144 113 82
1.55325121 1.02986528 5.93480167 188 187 201
2.69710914 0.92663257 6.79124851 122 113 84
2.62475802 0.53241763 6.62673857 140 134 101
-0.65994029 -0.46587943 5.35884103 71 72 76
1.33899489 0.76766440 5.52585862 94 65 37
-0.49904133 -0.45067652 5.38647426 163 129 90
-0.47780170 -0.43914697 5.37651138 101 67 29
-0.39189061 -0.34741054 5.34582106 162 134 105
-0.37863457 -0.35281265 5.35035021 81 48 14
-0.28568487 -0.48314623 5.42669969 89 57 12
-0.12636099 -0.31273516 5.37985497 67 38 3
-0.09166015 0.37440686 5.50298844 157 162 130
-0.07892380 -0.33649012 5.39483322 77 47 22
-0.07658207 0.24175891 5.36206010 169 170 144
-0.04866296 -0.45963702 5.50477331 24 14 1
-0.04247021 -0.52027915 5.57181747 157 127 89
-0.02032270 -0.52404608 5.57523850 152 119 88
0.06237196 -0.11630231 5.38906587 100 75 37
0.17298039 -0.39163413 5.48488686 119 90 58
0.20391093 -0.48580345 5.56590730 115 84 56
0.23978084 -0.42661313 5.36351691 82 49 16
0.27214403 -0.31844166 5.26926804 88 59 18
0.47510552 0.87331373 5.26544431 75 47 4
0.62058070 0.49434845 5.37177348 176 142 106
-0.59985925 -0.54419303 5.50124764 101 73 48
-0.54441128 -0.45981850 5.40014771 149 122 97
-0.54143506 -0.50115355 5.43655764 149 126 99
-0.50240331 -0.42378934 5.38152524 76 45 15
-0.45378192 -0.51190125 5.44257696 118 85 42
-0.44421315 -0.23086400 5.34038711 76 46 20
-0.41858168 -0.43101036 5.38809757 79 49 13
-0.28382241 -0.49986354 5.48631588 154 118 84
-0.26024884 -0.51516019 5.51342374 92 54 12
-0.15183517 -0.41148526 5.42479765 79 48 15
-0.00593475 -0.45639539 5.52645613 188 174 158
0.01382916 -0.53667730 5.61286130 154 116 74
0.01944296 -0.46990084 5.53789618 5 3 0
0.07771919 -0.29787741 5.41460560 94 61 29
0.08628695 -0.45988313 5.51671813 93 62 32
0.11618246 -0.45305910 5.51861544 97 70 41
0.14950564 -0.55330373 5.35743933 64 35 11
0.26104628 0.35038951 5.28640626 58 33 3
0.40946360 0.85313591 5.32223968 110 84 52
0.85352841 0.33312639 5.68470163 88 56 19
1.00033069 0.30220911 5.81455964 82 54 17
1.19369768 0.94814039 5.70758664 77 47 20
1.21641055 0.95639291 5.68467791 130 97 62
1.23041170 0.99079031 5.66333902 44 30 7
-0.56557471 -0.29976226 5.38839035 80 54 19
-0.52522118 -0.45713718 5.41043248 154 128 93
-0.50344030 -0.39049553 5.36890055 149 123 98
-0.49012072 -0.25003681 5.35315414 102 78 40
-0.39504069 -0.50653874 5.48355172 114 76 30
-0.38699684 -0.19817708 5.33565074 47 25 1
-0.36008409 -0.52080272 5.51613588 93 60 17
-0.35097381 -0.26148614 5.32609206 174 146 113
-0.34791801 -0.12080639 5.31974244 95 69 42
-0.34663526 -0.48085274 5.46486279 139 102 62
-0.30176521 -0.33887410 5.34973329 56 36 4
-0.29354109 -0.50183889 5.51423401 84 49 11
-0.24812903 -0.49417909 5.47032386 112 75 33
-0.24812903 -0.49417909 5.47032386 112 75 33
-0.24577908 -0.50491210 5.53910969 76 43 3
-0.23151041 -0.20751938 5.31405245 129 104 74
-0.19926751 -0.33151452 5.33744320 74 45 11
-0.19029196 -0.36209477 5.36443130 126 96 62
-0.17421536 -0.43807594 5.45616088 154 121 80
-0.15222201 -0.43512877 5.41959058 96 63 21
-0.10823479 -0.44704479 5.47538991 152 119 77
-0.07472499 0.44423306 5.51152839 97 80 63
-0.07895476 -0.34341650 5.35651538 79 52 21
-0.06977721 -0.44969486 5.49634443 162 129 89
-0.05239026 0.00713055 5.35693403 99 73 44
-0.05516611 -0.44753553 5.48868753 142 111 71
-0.03984164 -0.52092136 5.66378365 169 137 91
-0.03093158 -0.35713088 5.37500461 64 35 4
-0.01064590 0.09649040 5.41915096 117 92 66
-0.01154316 -0.51065124 5.63057732 59 25 1
-0.00133555 -0.46346107 5.52437898 51 48 38
0.02258505 -0.42742687 5.51266849 14 6 4
0.01893958 -0.52274560 5.62082360 144 115 73
0.02602682 -0.55940386 5.68212462 113 76 32
0.02483077 -0.41904867 5.47132064 63 38 7
0.02614733 -0.43957886 5.47985068 145 120 95
0.04339479 -0.47171907 5.53722180 141 107 78
0.04558028 -0.45770786 5.51528123 150 124 94
0.04719321 -0.31499379 5.36449978 90 56 20
0.05768698 -0.16117424 5.35036175 42 16 0
0.06478022 -0.46414818 5.51770613 80 51 17
0.06478022 -0.46414818 5.51770613 80 51 17
0.08780286 -0.17556155 5.35184882 46 24 3
0.08976223 -0.10325204 5.35421761 136 109 79
0.09137448 -0.32710931 5.38931313 78 45 10
0.10313179 -0.55218643 5.68953600 80 43 0
0.12351599 -0.56961816 5.71570687 166 128 90
0.14375445 0.35750877 5.26539972 85 55 18
0.13680852 -0.18693264 5.36746968 22 5 0
0.14959247 -0.02350675 5.37707901 72 47 20
0.15304361 0.00838064 5.38595981 21 6 0
0.14419497 -0.28028927 5.38787887 27 14 3
0.17659956 -0.35409678 5.44157515 154 121 84
0.21233381 0.39047393 5.24377589 124 96 56
0.20907202 -0.43363723 5.52773624 149 113 79
0.23184320 0.48445064 5.24937878 104 74 41
0.21954808 -0.25505440 5.13555492 176 150 123
0.25117454 0.49322577 5.24612836 127 93 62
0.23332926 -0.22297072 5.12465868 63 38 9
0.24063343 -0.17180222 5.12306296 141 116 84
0.26130153 -0.51372048 5.60066398 24 15 0
0.26340124 -0.53066753 5.51541761 167 131 88
0.24652124 -0.43005908 5.17030119 127 95 54
0.29408557 0.60564908 5.26340005 57 29 0
0.25968301 -0.36670014 5.17733007 87 55 19
0.29444180 -0.20370928 5.14736408 134 104 70
0.31172588 -0.14074714 5.16805753 91 66 32
0.38502963 1.14774821 5.34270098 54 44 25
0.36421290 0.25628077 5.28051357 149 120 79
0.34294164 -0.18625028 5.22039953 78 53 17
0.38545890 0.15645836 5.31340887 63 39 7
0.37813329 -0.14092896 5.26234900 165 136 104
0.42641165 0.68692280 5.31159199 74 50 12
0.42087530 0.35722432 5.27726357 120 89 53
0.51964932 1.06878664 5.27810055 98 62 12
0.53980884 0.24282527 5.39926476 121 85 40
0.59117997 0.56363650 5.34623609 64 37 3
0.63158608 0.60101354 5.36337708 92 65 25
0.64254496 0.60210569 5.35004422 110 80 42
0.64902291 0.55463631 5.37191862 62 35 1
0.67124186 0.40639924 5.42083406 170 137 96
0.69546201 0.80706390 5.41304273 74 43 5
0.81733152 0.36379686 5.64659689 166 129 85
0.82566289 0.53555292 5.53977126 170 138 100
0.99629612 0.28367537 5.90887400 84 49 9
1.04754375 0.66482672 5.67829892 167 138 107
1.04412147 0.45161870 5.72148466 160 124 82
1.07198518 0.66502933 5.69824702 158 129 95
1.07310244 0.44063446 5.74787219 71 48 3
1.17091031 0.35488427 5.86629297 82 53 6
1.21985713 1.06345225 5.78907909 112 86 55
1.21561934 0.73369800 5.81832045 150 122 79
1.19285998 0.63268068 5.76759331 153 124 93
1.23737670 0.82769139 5.80447354 116 87 52
1.21058154 0.51372163 5.78863041 155 122 87
1.25685194 1.05571273 5.75439556 132 102 70
1.27663484 0.53559278 5.82248092 158 125 90
1.32566834 0.59739644 5.84086788 159 132 97
1.34613218 0.75634754 5.81675609 137 104 72
-3.12796765 1.54760819 8.58358028 145 142 127
-3.11057836 1.54405332 8.64078073 111 125 96
-3.00819189 2.01265180 8.42593172 116 110 92
-2.98769289 1.92630999 8.45102537 167 158 149
-2.30739512 1.50944008 6.61286582 183 194 216
-1.75095273 1.70602203 7.40371129 250 252 255
-1.48745418 1.60314041 7.04180077 167 166 171
-1.34362185 1.00290457 9.15256733 102 111 135
-0.59988873 -0.77473855 4.92377461 6 5 1
-0.65608370 -0.39667311 5.43323147 135 134 109
-0.71558198 1.15110418 5.75647669 176 167 158
-0.61879276 -0.54308846 5.50850382 129 105 71
-0.60339847 -0.53113623 5.49291005 4 2 1
-0.59351065 -0.56775036 5.50225501 111 83 44
-0.57974549 -0.37100203 5.36922427 118 98 73
-0.93157966 1.33668836 9.69004486 100 133 177
-0.55334340 -0.31984018 5.27363635 147 151 114
-0.55508906 -0.40873108 5.34764673 77 54 20
-0.55443347 -0.30994053 5.36218808 83 58 27
-0.54687207 -0.54379607 5.50976874 146 109 65
-0.53895923 -0.50544461 5.39797344 147 127 101
-0.53593590 -0.34246180 5.35301216 74 50 18
-0.53117747 -0.35953270 5.35892586 43 21 0
-0.52876218 -0.53769662 5.42611702 157 125 87
-0.52493220 -0.48287319 5.37349574 159 135 103
-0.52126406 -0.50365252 5.39563472 83 58 19
-0.51026796 -0.40316190 5.34127684 78 51 11
-0.50889556 -0.41843652 5.33961336 88 59 21
-0.50574338 -0.53673593 5.44132824 97 61 15
-0.49966588 -0.45517430 5.35382896 171 140 103
-0.49758700 -0.29080977 5.34361034 121 94 65
-0.48312363 -0.52937480 5.42227113 110 78 31
-0.47867584 -0.43464934 5.34941221 84 59 25
-0.47867584 -0.43464934 5.34941221 84 59 25
-0.47632794 -0.44601296 5.36720523 92 63 30
-0.46715619 -0.47235284 5.38037368 141 109 64
-0.46070490 -0.44216136 5.34636680 79 50 11
-0.45826263 -0.43082818 5.33886664 75 50 9
-0.45487079 -0.27462170 5.34491545 46 24 0
-0.44560637 -0.53783487 5.47739569 148 115 73
-0.44045479 -0.18465012 5.34985538 57 28 0
-0.43206675 -0.36722024 5.33246461 76 50 17
-0.43206675 -0.36722024 5.33246461 76 50 17
-0.42758131 -0.46656974 5.37108614 85 52 7
-0.42081370 -0.35538405 5.32500336 77 48 19
-0.41213209 -0.19543301 5.31482370 101 74 39
-0.41180450 -0.23236618 5.31109194 129 102 73
-0.40243482 -0.38179407 5.31792416 194 166 124
-0.40463516 -0.52642438 5.46531022 152 118 81
-0.40001902 -0.45613723 5.35528888 168 134 99
-0.39421394 -0.44646800 5.36327683 75 46 13
-0.39102024 -0.52959186 5.47650510 148 115 73
-0.38129273 -0.46186820 5.36468542 81 50 12
-0.38591976 -0.54760398 5.50133131 112 78 32
-0.37965309 -0.55660795 5.51734294 114 77 28
-0.37464666 -0.54459841 5.47856758 97 62 9
-0.37464666 -0.54459841 5.47856758 97 62 9
-0.36509045 -0.38966442 5.34000512 164 133 89
-0.35111071 -0.13412198 5.33208055 145 120 90
-0.34844636 -0.28299885 5.29943675 141 111 76
-0.34823551 -0.28738937 5.31121186 77 48 14
-0.34531631 -0.30340738 5.31046177 76 47 6
-0.34291752 -0.55500439 5.51993732 109 71 27
-0.33149692 -0.39310235 5.33654273 168 138 104
-0.32191307 -0.54777337 5.51523740 95 59 3
-0.32191307 -0.54777337 5.51523740 95 59 3
-0.30232301 -0.33142742 5.31902569 108 75 40
-0.29995869 -0.28042142 5.30423829 153 126 97
-0.29967126 -0.42310489 5.39444348 155 119 80
-0.29325417 -0.30778078 5.30601651 192 162 127
-0.29045368 -0.52028556 5.51288560 147 113 73
-0.28650163 -0.43160259 5.39359644 151 111 69
-0.27177993 -0.43025167 5.40032522 139 102 58
-0.26852209 -0.40510771 5.35371651 78 48 13
-0.26852209 -0.40510771 5.35371651 78 48 13
-0.26577273 -0.14563791 5.37233689 126 99 68
-0.26997457 -0.51756021 5.51790297 164 131 89
-0.36024020 1.15266324 9.35017193 73 72 69
-0.25575172 -0.55394555 5.57866907 113 80 30
-0.23836714 -0.24539930 5.32991600 91 68 36
-0.24088886 -0.43883846 5.41078624 146 111 70
-0.24417955 -0.52127850 5.54109573 152 118 73
-0.30280346 1.18880909 9.31618011 178 174 175
-0.22538800 -0.41150512 5.37700133 174 145 110
-0.22037233 -0.18556889 5.32718985 129 102 67
-0.22616476 -0.51789181 5.49675793 136 98 49
-0.21370031 -0.50804692 5.47543545 103 63 16
-0.20074330 -0.05293944 5.37175734 88 59 20
-0.18736382 1.01376877 5.11215483 185 172 156
-0.20268274 -0.41070249 5.38201434 76 48 13
-0.19214174 -0.10712124 5.34361675 136 110 75
-0.19466129 -0.50710920 5.52578223 150 113 69
-0.18212204 -0.20323812 5.32664055 131 102 70
-0.18908690 -0.52784109 5.58457157 83 50 1
-0.17655440 -0.51700752 5.56830018 134 99 53
-0.17016151 -0.36336720 5.37796963 147 114 78
-0.14535837 0.08432670 5.39696866 171 163 150
-0.14535837 0.08432670 5.39696866 171 163 150
-0.15917240 -0.49587631 5.48373978 94 63 18
-0.15917240 -0.49587631 5.48373978 94 63 18
-0.15999530 -0.52472745 5.60826828 96 64 15
-0.14478672 -0.23736697 5.32173937 97 68 27
-0.14824298 -0.50132215 5.50462466 159 124 86
-0.14824298 -0.50132215 5.50462466 159 124 86
-0.14720454 -0.52969311 5.59782330 103 72 18
-0.14141704 -0.42479584 5.41795408 64 39 2
-0.13553020 -0.34416765 5.36252827 177 147 109
-0.13588821 -0.43282047 5.41592453 159 129 89
-0.12055796 -0.11873973 5.35904177 130 106 73
-0.12451408 -0.51505282 5.58845028 88 55 4
-0.12150948 -0.44242975 5.45241615 167 132 87
-0.12407427 -0.49204507 5.49163201 79 45 2
-0.12169872 -0.51294351 5.57487766 175 135 85
-0.10616964 -0.00651246 5.41256235 127 100 73
-0.10809275 -0.52699356 5.73700531 157 124 83
-0.09970493 -0.27528022 5.33997716 140 112 82
-0.09482666 -0.19035294 5.35985855 44 18 1
-0.07387700 0.37213104 5.58175612 85 68 43
-0.09551756 -0.50412888 5.58421643 153 112 62
-0.07150104 0.26758149 5.62681772 173 165 153
-0.08169016 -0.52121546 5.64904304 91 58 7
-0.07562975 -0.43183952 5.43730980 77 44 6
-0.07577361 -0.49969538 5.52385824 106 69 24
-0.07200040 -0.36516046 5.38659271 77 43 4
-0.07106253 -0.30285536 5.36389844 55 34 2
-0.07093761 -0.50683730 5.61019610 172 130 76
-0.06554477 -0.34677407 5.37858826 76 46 10
-0.06417914 -0.52117645 5.64508282 166 131 89
-0.01497699 0.38097010 5.43159992 66 42 14
-0.00434028 0.63091524 5.50174485 113 89 66
-0.03099731 -0.49109078 5.57696175 87 55 6
-0.02722827 -0.47908192 5.56963165 161 126 86
-0.02232349 -0.41664565 5.49778062 145 113 64
-0.02250031 -0.50510843 5.64066854 59 32 0
-0.01985585 -0.43401042 5.51537448 1 1 1
-0.00248521 -0.22008230 5.36341621 46 22 1
0.00248947 -0.16440732 5.34771847 121 94 63
0.02125051 0.34004533 5.23337384 107 80 50
0.00694371 -0.39599304 5.45026783 144 109 67
0.00821349 -0.35408063 5.40270708 58 33 1
0.01854021 -0.51752406 5.59377312 103 66 21
0.02225763 -0.53945402 5.64061151 74 43 11
0.03114886 -0.52598397 5.65122659 136 102 59
0.10192226 1.13638752 5.68409586 109 108 114
0.04157463 -0.44118698 5.52982369 16 8 2
0.04034099 -0.54841444 5.66364317 147 114 70
0.04823852 -0.55555418 5.70347994 105 67 20
0.07074440 0.06382662 5.45562330 105 77 46
0.07689825 0.00592114 5.41015191 135 106 74
0.07677442 -0.47441841 5.56078548 158 123 80
0.14923989 1.07453862 5.63501854 34 15 0
0.16491201 1.13036526 5.61035997 32 18 1
0.09324025 -0.48349170 5.58540063 63 39 5
0.13664172 0.32806149 5.28462774 79 55 20
0.13666618 0.27587173 5.28748435 111 87 53
0.10828719 -0.50402564 5.58849891 100 75 44
0.10940751 -0.55120576 5.71262871 162 126 78
0.13998561 0.24191218 5.30172153 125 99 64
0.11821504 -0.56019958 5.74673254 168 131 87
0.20042178 1.12813695 5.59846440 7 0 0
0.15241948 0.31263661 5.29041892 63 38 6
0.15241948 0.31263661 5.29041892 63 38 6
0.13015075 -0.27057916 5.40901398 81 59 37
0.13809830 -0.08253408 5.38938690 47 28 4
0.13030711 -0.32878836 5.44681902 150 115 78
0.16134509 0.21944167 5.29453027 94 67 40
0.13525379 -0.39822615 5.48013940 77 43 7
0.15162174 -0.04964305 5.39934732 58 33 2
0.16524098 0.21540107 5.31801737 70 46 10
0.15269160 -0.08286525 5.39927776 37 16 0
0.13882603 -0.48162160 5.56630066 113 80 37
0.15420245 -0.09229686 5.40207050 116 93 62
0.18895060 0.37164376 5.62096090 54 33 3
0.14963729 -0.55571346 5.72439755 93 57 17
0.16875930 -0.40037429 5.49178850 88 54 9
0.16957965 -0.49602043 5.63537119 99 75 41
0.19359840 0.15217233 5.33768989 106 82 48
0.19756569 0.01102850 5.43286494 48 23 4
0.20565948 0.26208736 5.29863917 46 22 0
0.19714076 -0.10549141 5.40429544 107 83 53
0.20220544 -0.48281208 5.63863214 151 113 78
0.20837366 -0.38887020 5.50195278 51 23 4
0.21217029 -0.33274984 5.42539664 58 36 16
0.21049499 -0.39576126 5.27376860 51 27 2
0.21049499 -0.39576126 5.27376860 51 27 2
0.25368083 0.20161033 5.30794975 53 29 1
0.21779438 -0.38379887 5.24146156 73 44 5
0.22059359 -0.31694808 5.17383094 46 24 1
0.21932497 -0.34289912 5.20042557 54 29 2
0.22457722 -0.27249145 5.16374617 57 32 11
0.26517790 0.26484996 5.26700413 55 32 3
0.23846711 -0.42130306 5.57540485 130 97 59
0.22473233 -0.36530124 5.20440858 170 142 105
0.20611751 -0.21091527 4.68058866 48 24 0
0.23149536 -0.25704823 5.13043324 188 160 136
0.24916002 -0.48859064 5.71908357 125 103 77
0.23412803 -0.27522476 5.15770321 162 135 100
0.23843890 -0.23912675 5.13362345 92 64 27
0.24111525 -0.48492903 5.41219620 156 123 82
0.23820675 -0.34206424 5.18022199 85 57 26
0.24685088 -0.21951772 5.13784287 140 115 82
0.24148230 -0.36560452 5.19688319 76 45 9
0.25077164 -0.19893387 5.14292210 47 24 3
0.24306934 -0.37821274 5.19797067 169 140 99
0.31174791 0.57540208 5.23580691 57 27 0
0.24842248 -0.36709527 5.20328606 73 44 1
0.25271565 -0.30086436 5.18580811 80 52 13
0.26854414 -0.49459842 5.70395496 0 0 2
0.25260519 -0.47354907 5.33825285 164 135 95
0.25516618 -0.33917936 5.18999374 86 54 12
0.25883329 -0.24316672 5.13614832 78 48 17
0.27056531 -0.55728298 5.68429903 122 96 63
0.26591739 -0.19799852 5.15598705 38 18 0
0.26092918 -0.29137297 5.16150248 161 125 90
0.26092918 -0.29137297 5.16150248 161 125 90
0.30596708 0.26496419 5.28064206 55 29 6
0.26356838 -0.27970915 5.15269749 184 151 119
0.27208205 -0.51412805 5.57065212 149 117 81
0.26693260 -0.26491246 5.14071925 189 163 132
0.26550504 -0.45572044 5.32525504 103 73 25
0.26940924 -0.27331398 5.14636782 76 46 12
0.27848992 -0.54339660 5.63090355 60 34 8
0.27128857 -0.28983369 5.16424468 89 51 9
0.27549844 -0.44092029 5.33534146 127 95 54
0.36959586 0.99221848 5.26838797 51 27 0
0.36959586 0.99221848 5.26838797 51 27 0
0.28961886 -0.17181097 5.14769847 88 54 10
0.29119301 -0.21860928 5.17485319 87 57 28
0.29298594 -0.29763664 5.19697306 167 133 97
0.32122708 -0.01492109 5.27357729 110 83 54
0.36400855 0.55779321 5.24725635 141 108 75
0.40122822 1.03972741 5.24386337 124 102 68
0.30726768 -0.35834372 5.29030815 102 73 27
0.31593831 -0.17305892 5.10297078 142 111 82
0.33707106 -0.09455380 5.21049727 175 144 116
0.32883923 -0.51827955 5.55002564 109 76 30
0.41973407 0.84525239 5.33385065 52 29 2
0.40742912 0.74333006 5.29628668 37 18 1
0.33701835 -0.41704168 5.41567490 107 76 31
0.40324698 0.56410108 5.25551419 65 38 12
0.34902975 -0.21129568 5.28723467 170 135 102
0.34902975 -0.21129568 5.28723467 170 135 102
0.34858785 -0.47238662 5.56193477 104 73 28
0.35587454 -0.10127891 5.24871525 152 125 95
0.43627135 0.94641893 5.20471098 125 88 51
0.35580714 -0.23287372 5.31966047 172 139 106
0.44976972 0.75365416 5.31337860 58 30 2
0.38243450 -0.33021957 5.42732110 103 69 27
0.44103983 0.53857510 5.26895948 144 115 73
0.42485060 0.26429643 5.31913812 171 142 108
0.46898286 0.79207647 5.28188973 51 31 6
0.47025062 0.73438289 5.31499851 132 97 67
0.49068263 0.97731126 5.17338036 161 127 87
0.47975685 0.62150722 5.29472902 104 71 36
0.49032774 0.61627138 5.28373677 134 103 69
0.50186616 0.70319156 5.28822094 133 104 75
0.45328106 -0.02027533 5.38964099 81 48 8
0.52281999 0.80573751 5.28586149 46 24 3
0.49041548 0.33147996 5.35376875 134 100 62
0.48971966 0.20172539 5.44107842 177 144 111
0.50334307 0.20108180 5.51112095 154 119 79
0.50477537 0.26983597 5.38203594 164 133 100
0.55075873 0.98650811 5.19505251 180 147 116
0.53318785 0.60705954 5.30010130 165 138 93
0.52777850 0.22788961 5.55969920 159 124 91
0.53890681 0.51098635 5.30688208 188 159 125
0.57075700 0.96388409 5.21155450 75 41 2
0.57439431 0.89423037 5.23853592 165 131 90
0.63012181 0.79539765 5.30281508 179 145 118
0.62904689 0.28693195 5.73018411 89 54 17
0.62925144 0.67976805 5.30558430 163 133 100
0.65299871 0.69580855 5.31987320 91 62 32
0.65879691 0.32250076 5.65652703 81 49 8
0.64210210 0.35790879 5.44466165 171 138 103
0.64714723 0.40384177 5.43763442 176 145 106
0.67223739 0.35865165 5.57087768 84 52 11
0.71178895 0.33023600 5.71840791 159 126 91
0.73225910 0.38396464 5.65097110 146 111 70
0.79201764 1.06398648 5.46010615 190 174 159
0.77509861 0.34203212 5.86157429 111 72 31
0.77906760 0.73190921 5.49921969 150 125 94
0.79765835 0.34000278 5.99704528 176 141 102
0.76281182 0.45635293 5.53878979 162 129 97
0.76281182 0.45635293 5.53878979 162 129 97
0.77396342 0.61408095 5.46112258 173 147 110
0.79826689 0.36897080 5.78766839 82 48 7
0.78587008 0.51664227 5.52454417 161 127 90
0.81600576 0.43809812 5.66021465 94 58 22
0.89704944 0.57960282 5.60646851 151 118 84
0.91068406 0.40171629 5.83887565 182 146 110
0.95615111 0.45986435 5.76810103 153 118 80
1.00592956 0.38004143 6.01360641 94 55 16
0.99698031 0.40147773 5.91154991 81 44 3
0.98900379 0.51397240 5.75020499 165 132 91
0.99960385 0.44210976 5.83138947 97 58 14
1.04852312 0.34349048 6.13153944 114 75 32
1.02749841 0.58054790 5.72542207 156 123 85
1.16142260 0.99991434 5.95494536 144 152 174
1.21674472 0.94599938 5.82057741 52 26 2
1.17778073 0.60676077 5.80674458 157 128 97
1.24212722 0.99228862 5.76309545 78 47 11
1.25590224 0.86572038 5.83587448 123 94 62
1.26629670 0.86671470 5.79603022 139 99 63
1.28154410 0.99822872 5.72716006 155 117 80
1.25271165 0.43550924 5.99125327 163 125 89
1.32949310 0.36677282 6.39065821 117 90 46
1.28502553 0.42445328 6.04363515 162 125 90
1.27879069 0.58407215 5.88539338 153 123 87
1.29573538 0.65756719 5.87775025 168 138 104
1.32438270 0.99127799 5.71446446 165 129 93
1.32438270 0.99127799 5.71446446 165 129 93
1.33343518 0.87361916 5.82262487 150 111 70
1.35153766 1.03525493 5.71655062 42 28 12
1.38415673 0.55064141 6.02404315 175 144 114
1.40970712 0.63286778 6.02248247 157 129 101
2.11480351 2.68669542 7.86480759 125 107 91
1.43994427 0.88134475 5.86426702 90 67 29
2.12403239 1.28085968 6.56850219 186 188 201
-0.08008254 0.26019916 5.52869738 136 131 105
1.16908006 0.54616082 5.70682932 132 105 78
-0.08150043 0.33363418 5.54992110 108 87 63
-0.05607732 -0.26607958 5.38135804 117 89 55
-0.06355372 0.52825060 5.51228319 174 168 155
-0.00536095 -0.47776390 5.55778345 7 8 3
0.13789211 -0.38891150 5.48135644 137 103 68
0.55704584 1.43444613 5.97500482 112 87 58
-0.52944562 -0.50958078 5.44198481 80 52 9
-0.50000784 -0.50125819 5.42793559 149 117 76
-0.30276858 -0.50139875 5.50612106 75 42 5
-0.17922590 -0.51388087 5.58486031 159 123 81
-0.08078604 -0.02618523 5.27040743 158 159 130
-0.02599991 -0.39383247 5.46670083 66 42 9
-0.02348189 -0.49591689 5.63327869 159 125 88
-0.00743608 -0.39037155 5.45500140 155 120 79
0.00101169 -0.52294460 5.65077867 67 39 5
0.00938754 -0.36505619 5.41995825 64 38 1
0.05601418 -0.41501038 5.49696890 60 34 1
0.12750663 -0.31737953 5.42758306 74 45 3
0.15661908 -0.43223755 5.54437946 58 33 3
0.18665877 -0.42972489 5.56220375 63 34 13
0.20850130 -0.10154367 5.40561579 42 25 9
0.24879858 -0.54415452 5.72409953 69 39 10
0.26612188 -0.18248682 5.15777896 72 45 16
0.27920670 -0.26483868 5.15893376 90 57 22
0.27920670 -0.26483868 5.15893376 90 57 22
0.55566440 1.03585182 5.23512878 168 132 95
0.80153713 0.38875215 5.68067461 160 123 79
1.23687574 1.04216536 5.76068479 124 92 54
1.27711726 1.04531693 5.74482137 139 108 75
1.34948407 0.72435718 5.87514401 85 53 14
-3.10893831 1.51354091 8.43810650 119 115 103
-3.01971865 2.04600083 8.69328996 152 155 137
-0.57924397 -0.54154314 5.48903566 145 109 69
-0.55476508 -0.28336858 5.33551093 149 153 116
-0.50969535 -0.50980310 5.40043904 93 62 23
-0.50969535 -0.50980310 5.40043904 93 62 23
-0.48535044 -0.54158299 5.45404840 94 58 17
-0.46991190 -0.33124814 5.33824553 153 131 99
-0.46570662 -0.48949275 5.41442095 126 98 60
-0.44571159 -0.47153102 5.43422059 52 36 3
-0.44383264 -0.44587123 5.36480696 173 143 105
-0.41553350 -0.51129422 5.44249433 137 104 62
-0.33056570 -0.55222964 5.52535520 159 120 76
-0.31098903 -0.50931516 5.49138215 66 38 0
-0.30728553 -0.52831798 5.51792733 97 63 18
-0.30302128 -0.52583553 5.49478411 155 122 76
-0.29477683 -0.50010333 5.44428616 97 59 14
-0.29477683 -0.50010333 5.44428616 97 59 14
-0.29024418 -0.55103264 5.55260263 115 81 29
-0.29024418 -0.55103264 5.55260263 115 81 29
-0.27993718 -0.49645287 5.44107048 89 54 13
-0.27993718 -0.49645287 5.44107048 89 54 13
-0.27421327 -0.51044073 5.51258345 84 53 7
-0.17080989 -0.34360864 5.37170403 75 45 7
-0.07730577 0.42845918 5.56931288 177 171 163
-0.07678396 -0.48270897 5.52221457 84 51 10
-0.05350147 -0.37050091 5.43932749 138 104 64
-0.04075392 -0.34231584 5.39326413 161 131 98
-0.03535871 -0.52319007 5.65628953 157 124 81
-0.02254229 -0.26493281 5.37270268 109 79 45
-0.01005494 -0.49324484 5.65196915 55 27 0
-0.01005494 -0.49324484 5.65196915 55 27 0
0.02197511 -0.40545140 5.51457400 138 108 72
0.06886477 -0.51402934 5.59325754 98 74 38
0.13280531 0.30102490 5.30172173 79 53 21
0.13280531 0.30102490 5.30172173 79 53 21
0.15019691 0.29655529 5.31560841 58 35 1
0.15848993 0.37560910 5.27039523 77 53 18
0.15155672 -0.37605249 5.48810303 64 37 2
0.18537041 -0.31025871 5.47119724 160 126 94
0.23453155 0.56416464 5.56212843 46 25 1
0.19795472 -0.24027090 5.45841806 70 48 28
0.24378615 -0.48090406 5.70561226 34 13 3
0.23068409 -0.33528117 5.21265560 155 130 100
0.25858758 -0.25133336 5.17017772 103 70 34
0.25858758 -0.25133336 5.17017772 103 70 34
0.25858758 -0.25133336 5.17017772 103 70 34
0.25776289 -0.33957509 5.21563951 87 56 12
0.32374610 -0.51478296 5.54185938 165 131 85
0.48940017 0.87290362 5.20115413 176 140 105
0.52541001 0.42253766 5.32873125 180 146 108
0.52541001 0.42253766 5.32873125 180 146 108
0.58841261 0.86681154 5.24577110 131 99 61
0.72272491 0.41609633 5.55654258 146 118 81
0.78128628 0.36231553 5.82678566 96 53 10
0.87690488 0.45153278 5.72902173 107 73 36
0.93542752 1.04097508 5.37763386 190 177 160
0.96356598 0.47419253 5.78811388 153 118 80
1.00005008 0.59239517 5.72256351 157 123 85
1.20941548 1.03596957 5.77092920 107 80 51
1.22267715 1.05478200 5.69288389 184 166 156
1.29453156 0.76300348 6.15118005 61 37 2
1.30877191 0.88471803 5.83891063 145 107 67
1.33613120 0.79465842 5.88338069 140 106 68
1.34269331 0.87783206 5.83812313 155 116 78
1.37436643 1.03561100 5.70012112 177 155 134
1.39314684 1.03072366 5.71073214 170 148 137
-3.06981527 1.41069515 8.32368107 138 135 121
-3.09681140 1.50415738 8.37115521 161 158 153
-2.92058293 1.89723485 8.36335370 55 59 39
-2.90200017 1.95029407 8.57355246 143 145 131
-0.62470457 -0.53765051 5.52139005 125 96 65
-0.59223487 -0.53754287 5.49198910 134 109 73
-0.59336032 -0.54612941 5.51762327 147 119 83
-0.57132633 -0.52908532 5.47878654 146 106 69
-0.56159203 -0.52058313 5.44442489 0 1 0
-0.54914316 -0.52025954 5.43888176 140 116 88
-0.54022242 -0.48441696 5.38494835 87 65 35
-0.53210072 -0.47089203 5.38096651 76 52 14
-0.53275114 -0.40788743 5.35828236 145 120 94
-0.52954909 -0.44339648 5.38334203 76 50 17
-0.52453536 -0.48843629 5.40300352 156 132 98
-0.52253411 -0.51006661 5.41434859 85 58 17
-0.52096405 -0.53799889 5.51650596 82 48 9
-0.51654604 -0.46503803 5.39732029 61 38 5
-0.51689429 -0.27320445 5.36700795 130 105 77
-0.50774307 -0.41487656 5.35824276 158 132 100
-0.50994327 -0.53638048 5.52639138 71 38 1
-0.50390366 -0.53014427 5.43248799 172 137 99
-0.50390366 -0.53014427 5.43248799 172 137 99
-0.50491944 -0.53952919 5.45773502 149 114 74
-0.50206687 -0.51436881 5.41353112 155 122 80
-0.50316005 -0.46958106 5.38831074 67 42 10
-0.49955352 -0.51629671 5.42222735 100 64 14
-0.49955352 -0.51629671 5.42222735 100 64 14
-0.48369507 -0.46099400 5.39059887 141 110 73
-0.46313348 -0.32990238 5.34235827 150 126 91
-0.45807962 -0.51928692 5.41929257 143 110 71
-0.45528810 -0.34429176 5.34036381 80 55 16
-0.45007880 -0.53450251 5.47138491 98 64 16
-0.44089355 -0.33834030 5.33962816 152 123 90
-0.43530312 -0.32509825 5.33723161 83 58 19
-0.41894534 -0.45591816 5.38610716 94 61 17
-0.40849232 -0.35137371 5.34041450 73 45 7
-0.39479052 -0.28059914 5.35436212 72 49 17
-0.39261862 -0.38524880 5.36468611 145 114 80
-0.38179142 -0.38690328 5.37748036 137 104 66
-0.37639148 -0.47051898 5.40837370 92 57 16
-0.37620482 -0.37437635 5.35372682 169 137 98
-0.36794456 -0.54841323 5.50629189 95 57 17
-0.36826325 -0.37042302 5.34884270 84 50 13
-0.36826325 -0.37042302 5.34884270 84 50 13
-0.37088234 -0.28772928 5.34234248 56 34 2
-0.36591742 -0.46113310 5.39049158 147 115 74
-0.36554627 -0.38103695 5.35166905 167 136 102
-0.36481208 -0.47261144 5.41683283 90 53 4
-0.36517399 -0.36550349 5.34219550 165 136 98
-0.34656983 -0.28407213 5.33569510 83 57 21
-0.34496070 -0.22469698 5.33462199 112 83 53
-0.33521664 -0.46888482 5.40218938 84 53 12
-0.33341388 -0.38527741 5.36540236 75 47 9
-0.31861690 -0.49471875 5.49295198 138 101 49
-0.31222920 -0.37944218 5.36738691 83 55 16
-0.30249371 -0.52711769 5.49341955 146 112 69
-0.28751666 -0.28431677 5.32616864 86 57 23
-0.28525721 -0.40583429 5.39232670 92 55 11
-0.28374816 -0.50794522 5.51428924 87 53 8
-0.27418686 -0.28685632 5.33565944 75 47 13
-0.26249651 -0.52909701 5.53982368 100 63 18
-0.25853643 -0.29192069 5.34024076 83 54 20
-0.25729464 -0.49948572 5.45832562 155 120 81
-0.24141903 -0.51454400 5.54201771 154 119 80
-0.23704598 -0.41141884 5.39987947 167 137 91
-0.22696166 -0.30196970 5.34645557 68 44 0
-0.21315780 -0.22307859 5.35526521 47 25 0
-0.21283986 -0.48232556 5.46446477 135 105 66
-0.20600145 -0.52024464 5.58035413 106 72 24
-0.20351009 -0.51713419 5.56441139 145 112 68
-0.20310490 -0.42597388 5.42886117 106 72 33
-0.19252568 -0.49439551 5.47930541 90 56 10
-0.17940968 -0.42236569 5.42160362 95 62 17
-0.17179421 -0.40308219 5.41127101 146 115 77
-0.16934929 -0.44283384 5.47946324 51 30 0
-0.16303500 -0.39050894 5.42470568 67 39 2
-0.16273660 -0.24275142 5.37273997 52 31 0
-0.15825412 -0.52130468 5.59847604 158 124 79
-0.15656651 -0.42128631 5.42422649 148 116 74
-0.14065923 -0.51882669 5.59616273 148 111 66
-0.13117770 -0.23043007 5.36328637 88 59 30
-0.08931454 -0.33717164 5.39938262 183 153 122
-0.09546300 -0.36403463 4.84546261 171 164 151
-0.07209020 0.37313647 5.63022442 174 169 161
-0.07209020 0.37313647 5.63022442 174 169 161
-0.07083433 -0.43971769 5.52967804 42 19 3
-0.06814349 -0.30715101 5.39504735 98 70 40
-0.06652470 -0.40740821 5.45233619 73 45 5
-0.06652470 -0.40740821 5.45233619 73 45 5
-0.06043662 -0.04322156 5.20171060 90 65 38
-0.05794081 -0.33710454 5.40349687 158 128 94
-0.05098330 -0.25231157 5.38025738 73 48 11
-0.04942990 -0.46180184 5.54940095 145 113 75
-0.03926255 -0.24042522 5.37395374 87 58 25
-0.02630614 0.32233317 5.45652552 66 43 11
-0.03437554 -0.41538555 5.51729691 166 135 97
-0.03356055 -0.45161100 5.53114203 10 10 8
-0.02858317 -0.42398378 5.51345915 15 10 1
-0.02783570 -0.40877035 5.50155664 148 115 72
-0.02347708 -0.51511739 5.65236314 139 104 63
0.01010381 0.92521621 5.70520946 173 168 163
-0.01406811 -0.43483534 5.54240340 14 16 13
-0.01224841 -0.28557670 5.39533416 143 113 79
-0.00965943 -0.41341336 5.51284711 17 13 5
-0.00203550 -0.47855743 5.58328782 125 98 69
-0.00025233 -0.44954811 5.56317072 11 11 10
-0.00048614 -0.54452360 5.69534541 150 112 73
0.00203930 -0.41820107 5.50708049 19 15 7
0.00417182 -0.50641394 5.63124372 150 116 76
0.00469079 -0.49661211 5.60044894 81 51 13
0.00756960 -0.50163124 5.61082529 155 123 82
0.00860852 -0.44695353 5.55417760 5 6 3
0.01317100 -0.36011421 5.44042025 144 115 75
0.02712421 -0.55934757 5.75322043 103 66 21
0.02712421 -0.55934757 5.75322043 103 66 21
0.02565025 -0.38654481 5.47570175 138 104 59
0.03214714 -0.40449010 5.50606685 136 107 74
0.04007580 -0.15695340 5.39457579 94 69 39
0.03806110 -0.52223754 5.61015212 151 116 77
0.05017802 -0.54916621 5.69872424 158 124 79
0.05659919 -0.04832391 5.41143352 122 95 65
0.05252947 -0.42761416 5.52477371 140 111 72
0.06445027 -0.55628612 5.69700453 152 119 74
0.07779090 -0.45918526 5.54018408 149 116 78
0.09770911 -0.30443034 5.45279921 147 113 75
0.09770911 -0.30443034 5.45279921 147 113 75
0.09869620 -0.53047111 5.62274878 158 124 87
0.09869620 -0.53047111 5.62274878 158 124 87
0.09858273 -0.46547933 5.57661040 139 104 66
0.10394614 -0.52801219 5.60994497 152 117 86
0.10394614 -0.52801219 5.60994497 152 117 86
0.12361468 0.39555229 5.28762852 115 91 61
0.12914456 0.17416245 5.38427255 124 99 69
0.12323476 -0.04989125 5.41628737 68 44 18
0.13511761 0.30854078 5.34187968 63 37 5
0.13763684 0.33995014 5.29755773 69 44 9
0.12609184 -0.53773521 5.71390629 162 120 67
0.14191779 0.28928460 5.31972103 117 92 61
0.15084523 0.09570965 5.42065627 84 59 28
0.15084523 0.09570965 5.42065627 84 59 28
0.14796014 0.00600400 5.42709911 117 94 61
0.13776112 -0.36356827 5.49029939 58 33 2
0.14158340 -0.53185744 5.65073493 109 71 35
0.14018708 -0.43352089 5.54760428 70 50 13
0.16829221 0.29161144 5.31285376 56 32 4
0.17202314 0.44116492 5.25152889 123 98 67
0.15457581 -0.30987025 5.48142173 128 98 63
0.15717819 -0.45911517 5.56362884 64 38 3
0.16057427 -0.48378730 5.63310083 56 34 2
0.17150949 -0.54243184 5.68049653 109 72 29
0.17150949 -0.54243184 5.68049653 109 72 29
0.19799860 0.07382431 5.44589854 81 61 38
0.18774754 -0.54389883 5.74144835 87 53 7
0.18456437 -0.30867294 5.48179703 103 70 33
0.18456437 -0.30867294 5.48179703 103 70 33
0.19280256 -0.14014503 5.44399058 28 16 5
0.19051230 -0.31944462 5.52028439 20 8 0
0.20653119 0.00925594 5.45128427 102 79 50
0.21551630 0.35042647 5.28507269 50 30 3
0.22126451 0.43370456 5.26177050 46 23 0
0.20000487 -0.38801550 5.54091213 89 57 19
0.21649718 0.15476047 5.37851158 101 77 46
0.21853308 0.21756129 5.33033215 44 20 0
0.21313939 -0.54258287 5.75977315 102 67 13
0.23664527 0.55065832 5.23530059 140 109 78
0.21219582 -0.53539939 5.68327289 89 55 17
0.25205735 0.94613195 5.04996199 185 172 156
0.21139617 -0.35775460 5.27041710 120 90 57
0.21661737 -0.30511740 5.22747694 162 140 111
0.21617501 -0.32821361 5.23804352 152 124 89
0.23369769 -0.38107712 5.55081830 135 106 78
0.22042106 -0.34233068 5.27814413 78 48 11
0.26530532 0.57091093 5.22906038 70 41 10
0.23835720 -0.38702702 5.55540159 70 40 6
0.22721880 -0.19037887 5.19308130 78 53 26
0.26361411 0.45773488 5.23881328 124 95 65
0.23647735 -0.27959151 5.22016486 122 97 65
0.25758993 -0.52588249 5.72912280 101 73 46
0.24291105 -0.21993608 5.17476600 162 136 103
0.24628428 -0.24633441 5.20557034 147 120 81
0.25946871 -0.32637209 5.22833889 80 54 8
0.26490931 -0.28511843 5.22116126 92 64 21
0.27170518 -0.12086812 5.17687408 87 61 24
0.26619024 -0.33496122 5.23218727 167 140 110
0.27752269 -0.44618686 5.36748117 103 69 28
0.31767181 0.37144150 5.26934147 76 50 12
0.28128295 -0.35577955 5.28013824 96 67 24
0.32563667 0.35079062 5.30485775 48 24 0
0.33643300 0.26320543 5.34136753 43 27 1
0.33798674 0.05250309 5.35381642 87 62 31
0.37891978 0.99359799 5.18636762 43 30 12
0.31120950 -0.48531175 5.49101325 158 126 87
0.30901266 -0.33943144 5.31530732 89 62 17
0.31619161 -0.15569823 5.23684337 146 114 82
0.38658938 0.87941473 5.22903883 86 56 21
0.39721871 0.86508489 5.26634298 62 36 5
0.33530710 -0.17573603 5.30180411 172 141 111
0.40394083 0.98809122 5.17393148 38 22 4
0.41368586 0.87039362 5.21638191 142 107 69
0.35340083 -0.30431835 5.39027319 164 136 96
0.42189726 0.98074690 5.18050235 150 118 85
0.35539296 -0.30389432 5.40368334 94 63 28
0.42069321 0.92069799 5.18715544 144 108 71
0.39905056 0.27365238 5.38196273 49 32 1
0.36768139 -0.42600608 5.54285004 105 73 28
0.41357210 0.37685730 5.32068654 107 77 44
0.43969002 0.88856549 5.20643132 91 59 22
0.42396720 0.56642531 5.27393110 70 45 18
0.41500632 0.37823600 5.30560756 172 143 108
0.38904950 -0.29664484 5.43773976 106 79 42
0.46135394 0.93679081 5.15548965 95 59 24
0.40416618 -0.11118700 5.36517322 145 119 84
0.45948672 0.63232478 5.29257786 127 96 64
0.41612461 -0.11164005 5.39769179 145 117 78
0.41929518 -0.12031701 5.41216841 98 68 30
0.46070900 0.59989578 5.28696108 120 94 57
0.47117581 0.63955035 5.29774796 131 100 71
0.49241483 0.78950272 5.29168864 99 73 43
0.46474536 0.37098237 5.33576409 177 147 114
0.49077819 0.47548172 5.32372151 131 104 65
0.52850143 0.96711372 5.16133466 150 118 88
0.54160793 0.98703270 5.17003925 89 59 33
0.53864267 0.87423266 5.22297775 152 115 75
0.53183529 0.52909242 5.32531760 125 92 59
0.53183529 0.52909242 5.32531760 125 92 59
0.53841375 0.57494206 5.33209315 72 46 14
0.54384906 0.68252800 5.28040905 134 102 67
0.54884544 0.47576759 5.35029507 125 96 66
0.55013761 0.44771893 5.36027134 108 74 36
0.58180433 0.81647135 5.27276700 140 105 67
0.58682673 0.95242268 5.20523928 87 54 16
0.59456111 0.89536412 5.23795042 145 113 74
0.59606464 0.81565676 5.28927738 58 34 3
0.59745893 0.91735376 5.20232208 152 122 88
0.60478116 0.80893391 5.28382113 65 39 2
0.63206704 0.30637320 5.86895417 93 59 13
0.62969924 0.97272617 5.24343997 100 74 50
0.60146470 0.46934874 5.38423875 136 104 69
0.62739890 0.89440523 5.26673776 89 59 31
0.61925670 0.54301378 5.36846309 147 115 78
0.61906505 0.49437996 5.39801989 63 39 4
0.64397222 0.84490035 5.29983113 160 134 103
0.66473482 0.32059606 5.94419807 121 89 47
0.63167504 0.54571541 5.36924806 157 128 98
0.64345988 0.55314518 5.38359621 140 111 74
0.64511148 0.53452853 5.38131117 145 113 75
0.64822577 0.53415181 5.38864460 175 141 106
0.67994787 0.33653832 5.79944204 153 118 76
0.67518680 0.78102115 5.32893410 151 122 94
0.66887307 0.60210602 5.36943012 120 88 47
0.70553998 0.33081188 5.85679181 160 130 93
0.68279645 0.61900915 5.37710731 156 123 92
0.70428224 0.63391734 5.38442251 92 66 32
0.73648254 0.36496829 5.87369714 99 69 26
0.75142928 0.36972303 5.87785683 84 54 14
0.74192703 0.64271287 5.42612551 97 72 38
0.77149097 0.37296690 5.89460220 104 71 28
0.76664179 0.41622481 5.72971754 96 63 17
0.75532724 0.42193958 5.62910004 154 120 82
0.75532724 0.42193958 5.62910004 154 120 82
0.76279525 0.56181936 5.48613172 160 132 92
0.81445736 0.37182613 6.01623077 97 63 17
0.82775307 0.38732083 5.93225748 90 53 11
0.82222571 0.42560040 5.75128443 131 98 53
0.83893729 0.41642052 5.77918063 169 134 92
0.87132767 0.37442358 6.04907468 167 133 88
0.84648556 0.50057510 5.67550707 153 119 81
0.85556354 0.41431440 5.81104563 161 131 87
0.89223000 0.40719565 5.97337737 94 62 23
0.89977333 0.39185363 5.99225958 95 64 18
0.90465842 0.39630707 5.97913243 119 90 50
0.89017449 0.68398065 5.61399126 152 123 89
0.90717692 0.40112609 5.92639014 160 129 85
0.91002737 0.42260947 5.88266602 92 60 19
0.91818478 0.45761383 5.80406476 82 55 14
0.93481072 0.43601162 5.90948304 83 50 5
0.95760099 0.39379049 6.10531638 106 70 19
0.93574014 0.43423203 5.86520664 154 125 83
0.93574014 0.43423203 5.86520664 154 125 83
1.00514721 0.40388252 6.03288404 100 66 19
0.99915334 0.48006465 5.86400884 86 58 10
1.01345897 0.47529784 5.88778144 145 111 71
1.01620126 0.47598513 5.87170758 94 63 16
1.03385746 0.47997841 5.88660611 99 64 19
1.03385746 0.47997841 5.88660611 99 64 19
1.04868151 0.56814815 5.79704069 150 116 76
1.04868151 0.56814815 5.79704069 150 116 76
1.05572871 0.48112336 5.89986792 99 65 27
1.08199519 0.54625313 5.85160600 75 47 1
1.09667403 0.43736336 6.00678027 91 61 17
1.12421668 0.43232169 6.02115614 96 62 17
1.16370016 0.79626804 5.81104032 110 82 45
1.15719425 0.46687644 5.95427126 85 51 13
1.15719425 0.46687644 5.95427126 85 51 13
1.22453989 0.98844273 5.80897194 139 106 73
1.23361257 0.97258117 5.82890502 127 91 55
1.21946627 0.54075280 5.94331753 79 52 7
1.25073545 0.78890043 5.88158066 146 120 90
1.26585362 0.82000067 5.86040975 132 103 74
1.27986235 0.91924476 5.82595067 111 74 37
1.29061460 1.03368884 5.73303477 141 108 74
1.29830633 0.82304530 5.88091314 146 114 78
1.29830633 0.82304530 5.88091314 146 114 78
1.32547976 0.37937668 6.27442182 118 86 46
1.35750520 0.62375210 6.00165785 151 120 82
1.39566221 0.47589717 6.27819343 91 61 25
1.41881504 0.47950519 6.30164618 172 166 144
1.38680728 0.58033832 6.03307981 153 124 85
1.40240710 0.82619812 5.90050113 135 105 73
1.39693866 0.61681794 6.01300991 144 116 80
1.10456372 -0.19525692 4.87743852 192 192 199
1.10445839 -0.22640777 4.89019034 142 124 105
1.85382495 1.54821894 7.29422407 177 173 169
3.38116699 1.14336484 7.83321874 129 128 97
-0.64804350 -0.51109474 5.33579124 58 60 62
-0.04951306 0.60368313 5.65371807 114 94 75
0.13001983 0.11453831 5.39582719 93 69 35
0.13596215 0.43212652 5.26578373 121 95 64
1.61621789 1.01432047 6.91828282 149 121 99
-0.20355558 -0.31942489 5.36105708 148 116 82
-0.20355558 -0.31942489 5.36105708 148 116 82
-0.20355558 -0.31942489 5.36105708 148 116 82
-0.08874427 0.25588003 5.43848297 150 157 123
-0.08325670 0.29445143 5.56310707 164 166 134
0.71407254 1.02835318 5.36590001 185 167 153
-0.62160806 -0.62652003 5.21521230 153 152 138
0.13075300 0.04347295 5.40790353 97 73 43
0.48379062 0.94989142 5.24466372 152 118 80
1.26949499 0.90203311 5.80673999 107 73 35
-0.31211154 -0.50782307 5.49399655 66 38 0
-0.22616679 -0.51182604 5.54144340 70 39 5
-0.16770343 -0.43751075 5.45153800 126 87 43
0.00106686 -0.46154866 5.56351719 55 51 45
0.01696287 -0.51640206 5.64910339 136 99 57
0.06541665 -0.39065586 5.49699242 148 110 63
0.12667287 -0.40509467 5.52058997 152 117 73
0.19608942 -0.45514372 5.59208935 124 94 61
0.25179767 -0.41793788 5.62690391 18 4 1
0.49774040 0.26240375 5.39094803 114 81 35
0.44588659 -0.00822942 4.86514403 127 97 63
0.65428387 0.84317112 5.73951264 173 144 108
-0.48509137 -0.36723125 5.36415000 40 22 2
-0.38388114 -0.52206784 5.47121656 103 68 26
-0.37587553 -0.38096313 5.34484382 169 137 98
-0.35715322 -0.36655636 5.33838633 79 52 16
-0.35830089 -0.54272727 5.60640195 153 115 69
-0.33555615 -0.46683760 5.40505674 84 53 12
-0.33142789 -0.38215969 5.35138825 162 132 94
-0.32798806 -0.28635077 5.32353488 74 45 13
-0.31918980 -0.49768380 5.48861146 138 101 49
-0.30715794 -0.52491499 5.52092244 93 60 15
-0.22303999 -0.31903972 5.34613462 177 149 111
-0.20517985 -0.49933146 5.49224736 108 72 23
-0.20351521 -0.41499607 5.40490915 159 127 83
-0.20351521 -0.41499607 5.40490915 159 127 83
-0.18779280 -0.50118871 5.48811620 149 113 68
-0.14553441 -0.31464171 5.36695819 143 117 90
-0.13577929 -0.42158634 5.43158911 145 114 72
-0.04355929 -0.20093424 5.37101370 41 23 0
-0.00748214 -0.50160984 5.64525651 54 30 0
0.04258811 -0.51767690 5.59988222 86 52 14
0.05602816 -0.51215910 5.59238953 73 45 6
0.05661803 -0.34233809 5.43351477 81 56 29
0.05661803 -0.34233809 5.43351477 81 56 29
0.08636213 -0.55079686 5.69717159 145 107 68
0.10698949 -0.05324831 5.40141657 59 35 6
0.10698949 -0.05324831 5.40141657 59 35 6
0.10529779 -0.16635590 5.39475527 100 76 44
0.10739835 -0.45813718 5.54178675 72 43 2
0.13988346 -0.53333437 5.64842838 109 71 35
0.13907404 -0.39517709 5.49833473 146 112 68
0.15782558 -0.46880422 5.56532575 115 85 52
0.16220480 -0.40266561 5.53567558 141 106 65
0.18184825 -0.16018451 5.43018650 6 1 1
0.18679413 -0.35197255 5.50344761 83 61 37
0.22132897 -0.41485219 5.59915226 45 26 0
0.21081919 -0.18735141 5.16981286 91 70 42
0.21553129 -0.33885913 5.23803558 62 39 2
0.23185239 -0.22867545 5.16524286 174 149 116
0.23348313 -0.38209650 5.28200329 155 119 67
0.24946184 -0.02818664 5.19355410 137 113 87
0.24946184 -0.02818664 5.19355410 137 113 87
0.25792930 -0.02728930 5.18946509 62 38 10
0.25792930 -0.02728930 5.18946509 62 38 10
0.29646739 -0.25132738 5.80808031 144 112 67
0.26866771 -0.41747472 5.33330265 77 49 0
0.29138173 -0.50340456 5.66066411 142 108 70
0.36340808 0.29742211 5.30865089 139 112 83
0.44362225 0.97435336 5.18095481 127 94 59
0.41750863 0.34481252 5.32396968 154 124 93
0.46103978 0.36377952 5.33394270 172 142 109
0.53735043 0.63802248 5.30796990 71 47 1
0.53691554 0.43970663 5.34360633 170 141 105
0.60015655 0.90136769 5.26033086 72 42 3
0.68145402 0.59866808 5.37836696 160 127 87
0.68429963 0.49730637 5.43410027 146 113 71
0.81317488 0.35722209 5.99807830 97 63 17
0.85913734 0.35665342 5.93577229 154 125 84
0.90598196 0.38649824 5.95655666 92 63 20
1.12889452 1.09737910 5.72410070 181 168 156
1.13805327 0.41109335 6.01245746 102 69 17
1.18161080 0.74200327 5.85021359 155 125 98
1.18161080 0.74200327 5.85021359 155 125 98
1.19349801 0.58779035 5.86011559 68 45 4
1.24267038 0.40996561 6.09395050 93 64 18
1.33400469 0.48585243 6.04968181 152 124 82
1.33400469 0.48585243 6.04968181 152 124 82
-2.27226291 1.34410084 6.44601687 201 207 231
-1.78189854 1.79218739 7.43155996 255 255 255
-0.70429184 1.00159707 5.63231676 183 175 164
-0.60633427 -0.35184483 5.40255800 173 165 155
-0.55609195 -0.52393960 5.48180187 143 105 68
-0.55448644 -0.52299074 5.45588154 123 93 57
-0.54581211 -0.49354161 5.39302977 162 137 115
-0.53948643 -0.37544697 5.35756969 132 104 72
-0.53059980 -0.42725686 5.35560954 83 58 28
-0.52716199 -0.52379664 5.41153074 150 124 87
-0.52462623 -0.54352591 5.49482380 165 125 88
-0.51691579 -0.52724249 5.43422206 96 63 26
-0.51691579 -0.52724249 5.43422206 96 63 26
-0.51368039 -0.48717709 5.38758702 133 108 72
-0.51594545 -0.21570185 5.37212755 171 168 155
-0.50456806 -0.45673417 5.36564246 144 113 77
-0.49388800 -0.53104639 5.41726325 169 136 93
-0.49821891 -0.21591626 5.36129252 114 96 68
-0.48591154 -0.41822234 5.35348726 91 65 29
-0.48427420 -0.53701753 5.45910373 101 66 24
-0.48237405 -0.36126931 5.33541616 56 32 5
-0.47099894 -0.46244625 5.37399422 99 66 22
-0.46968969 -0.51829053 5.43203606 93 63 15
-0.46968969 -0.51829053 5.43203606 93 63 15
-0.47231785 -0.53212919 5.54967882 90 52 6
-0.46656549 -0.44740964 5.35895894 157 127 92
-0.46656549 -0.44740964 5.35895894 157 127 92
-0.45502668 -0.45300254 5.36241131 170 136 101
-0.45534733 -0.53106285 5.54051178 164 127 83
-0.44033082 -0.54007952 5.48922109 109 68 24
-0.42018215 -0.35244040 5.33019785 88 60 29
-0.42324996 -0.22336114 5.32538510 137 113 86
-0.42213535 -0.15496362 5.32656824 182 172 159
-0.39952495 -0.23536743 5.32186532 123 100 69
-0.39103021 -0.37741630 5.33303427 170 143 110
-0.39121115 -0.53378935 5.48724228 100 64 22
-0.38428002 -0.55401867 5.49755102 111 75 33
-0.38467458 -0.14289222 5.29883788 177 168 160
-0.37348397 -0.52586215 5.50320789 97 63 23
-0.36875551 -0.53234630 5.50929506 146 111 71
-0.36447620 -0.47892989 5.41017287 92 56 9
-0.35959057 -0.53546599 5.49460133 98 65 21
-0.36078545 -0.08947996 5.34040334 184 174 164
-0.35420832 -0.47309327 5.40832717 159 124 85
-0.35420832 -0.47309327 5.40832717 159 124 85
-0.34705527 -0.26753744 5.30662648 111 85 52
-0.34320975 -0.11847561 5.32831535 102 76 49
-0.32262403 -0.41111583 5.38978643 123 90 48
-0.30652378 -0.54269014 5.53126747 110 72 31
-0.29871540 -0.27338916 5.31035213 141 117 90
-0.29048967 -0.52735339 5.50580389 149 114 73
-0.28827181 -0.39235878 5.35997002 161 131 103
-0.27483921 -0.50859315 5.51450081 82 48 5
-0.26618305 -0.31914779 5.32141969 180 150 115
-0.26576444 -0.48149942 5.43877101 151 117 80
-0.26321094 -0.54140346 5.58417775 162 126 85
-0.24784574 -0.42519473 5.38420559 181 147 108
-0.24531320 -0.17296491 5.34349944 109 82 52
-0.24002033 -0.47133837 5.44666792 75 45 8
-0.23633137 -0.42332072 5.38767744 179 142 100
-0.22516638 -0.49147694 5.47252204 158 120 83
-0.22185377 -0.21295235 5.31457942 141 116 84
-0.20828706 1.10810131 5.17348953 188 180 169
-0.20347057 -0.48373810 5.46785050 88 56 23
-0.20440694 -0.49947396 5.49222231 99 65 17
-0.20147755 -0.08736650 5.34991061 79 54 24
-0.19684951 -0.49254724 5.46941367 136 103 67
-0.19236302 -0.05609852 5.35332886 115 92 64
-0.18980529 -0.50977774 5.59218400 160 124 86
-0.18571232 -0.41163295 5.40021761 78 51 14
-0.18253966 -0.03211345 5.36353704 193 184 172
-0.17191712 -0.41231752 5.40175896 135 106 74
-0.16992534 -0.49181039 5.48503753 147 116 81
-0.16454718 -0.47048638 5.47233846 123 94 60
-0.16080017 -0.50858343 5.60034041 148 113 66
-0.16197951 -0.34213050 5.35830398 184 154 117
-0.15706554 -0.43150535 5.41357172 152 121 94
-0.15036568 -0.20317245 5.33561740 52 30 6
-0.14567551 -0.49767253 5.52367992 106 71 26
-0.14163479 -0.51167376 5.58304604 97 61 14
-0.12274960 0.11078362 5.45452544 178 175 169
-0.12908335 -0.29036418 5.35851987 44 27 1
-0.12908335 -0.29036418 5.35851987 44 27 1
-0.12791702 -0.37197377 5.39021069 147 112 80
-0.12152284 -0.51504511 5.63153965 99 65 20
-0.11252353 -0.50780388 5.60034527 86 52 6
-0.10873184 -0.23180865 5.33985966 129 101 71
-0.09647849 -0.51194791 5.63441031 168 131 86
-0.09242613 -0.50365815 5.61685650 85 51 5
-0.08845570 -0.49975304 5.63312843 155 117 73
-0.07975666 -0.51258418 5.66168108 92 58 12
-0.06615263 0.44397704 5.50419675 194 188 182
-0.07891126 -0.23743888 5.35173833 136 107 75
-0.07814681 -0.51285796 5.55228115 119 83 38
-0.06798985 -0.51761731 5.66532062 91 53 7
-0.06590816 -0.23566608 5.34778509 122 95 65
-0.06741178 -0.35530496 5.37114689 73 47 17
-0.04611126 0.46618334 5.47742534 93 74 49
-0.06094183 -0.50026494 5.63084063 72 38 5
-0.05335939 -0.44001254 5.45064074 97 63 26
-0.04736784 -0.39904890 5.44699883 61 36 6
-0.04094316 -0.35196132 5.38354537 151 123 94
-0.03815026 -0.29034482 5.36716046 134 104 70
-0.03661664 -0.22124075 5.35967278 51 27 3
-0.03839006 -0.47519913 5.56686474 147 118 84
-0.03325561 -0.46974485 5.54752610 11 8 7
-0.02429860 0.03875447 5.42464732 113 88 63
-0.01973089 -0.22457610 5.36228496 45 23 0
-0.01944269 -0.48826942 5.59247207 95 67 26
-0.01554524 -0.50135319 5.65526113 114 85 56
-0.01045195 -0.49136654 5.60760828 122 89 52
0.00834838 0.38244294 5.56573146 96 69 42
-0.00596788 -0.46436007 5.57231125 4 2 2
-0.00358078 -0.54053433 5.68125435 117 83 44
0.00514290 -0.52920715 5.74175563 107 71 29
0.01257039 -0.54965559 5.79411764 145 109 72
0.01254772 -0.42766433 5.49151472 143 119 82
0.02056041 -0.13822796 5.36516689 67 45 13
0.02660724 0.04220249 5.41390066 68 45 20
0.01970733 -0.54290397 5.74408275 100 63 20
0.01883171 -0.48317966 5.57220805 101 73 36
0.01983417 -0.51655108 5.57191562 84 54 20
0.03552988 0.05157012 5.43727831 56 33 2
0.03072901 -0.41540637 5.49445194 141 110 80
0.03296741 -0.55445888 5.69285124 111 72 24
0.03786425 -0.26106650 5.37420080 102 76 52
0.03725747 -0.32727815 5.40490186 143 109 74
0.04015621 -0.43509910 5.51033163 154 123 94
0.04444755 -0.50905382 5.58410883 77 51 18
0.05171198 -0.31716658 5.41686506 134 100 61
0.04976255 -0.40712349 5.46967950 139 104 61
0.05420471 -0.21590596 5.36084980 83 53 19
0.06699945 0.05313029 5.43272049 82 56 32
0.06088005 -0.15252044 5.37115498 47 26 0
0.07592763 0.39545108 5.30325095 126 100 72
0.05821409 -0.53417519 5.67403063 77 45 1
0.06132121 -0.54573727 5.67985723 174 136 98
0.06547378 -0.46075811 5.59215576 55 32 1
0.06432116 -0.55318720 5.68744994 110 73 30
0.06432116 -0.55318720 5.68744994 110 73 30
0.07350456 -0.02268135 5.39315712 129 106 76
0.09319669 -0.10125476 5.37354742 125 98 68
0.08835927 -0.38089922 5.45535563 70 45 12
0.08835927 -0.38089922 5.45535563 70 45 12
0.08979073 -0.31026575 5.40646235 151 118 85
0.09232489 -0.52183267 5.60810812 163 129 96
0.09612686 -0.43595874 5.50534712 59 35 3
0.10395625 -0.54015678 5.68857140 157 114 66
0.13274203 0.25265705 5.29436811 66 40 7
0.11691664 -0.27448736 5.40909839 94 71 45
0.12599092 -0.54268576 5.70816063 159 117 68
0.12309552 -0.38994599 5.47273655 116 86 60
0.12657502 -0.25003156 5.39396026 119 86 59
0.14148926 0.09864114 5.37709140 31 13 0
0.13517422 -0.10016321 5.37869746 65 40 12
0.15827869 0.39054172 5.24820834 74 45 13
0.15284663 0.15198211 5.34186972 116 89 60
0.13571763 -0.47384865 5.59665583 149 111 72
0.16229417 0.34184054 5.54564627 81 55 28
0.15808976 0.24610048 5.30088843 42 22 0
0.13720927 -0.44216183 5.53820739 80 57 26
0.13774606 -0.39185318 5.47837721 129 98 69
0.15828234 0.01807154 5.40459703 49 31 16
0.15217806 -0.12493704 5.38035678 121 95 62
0.15505547 -0.22659589 5.40358954 70 39 10
0.15861523 -0.21935928 5.41252364 79 48 19
0.15708180 -0.41966490 5.55141654 65 36 5
0.15546999 -0.46510717 5.55699852 72 44 9
0.17067734 -0.24753879 5.41562255 122 92 66
0.19667572 0.29760089 5.26691670 126 100 66
0.18837377 -0.48690135 5.65036378 54 30 0
0.19230154 -0.48253073 5.62171620 144 109 69
0.22872171 0.46994059 5.23607928 141 109 78
0.19493561 -0.50576363 5.65155037 74 49 19
0.19493561 -0.50576363 5.65155037 74 49 19
0.20110157 -0.51302064 5.69724446 145 110 78
0.20150596 -0.28369365 5.43722727 4 2 0
0.20520114 -0.33927039 5.48487574 126 94 63
0.20823054 -0.43143051 5.59371790 102 74 42
0.23459473 0.37583479 5.23872610 116 91 51
0.21180370 -0.53458229 5.68406063 88 56 25
0.21340024 -0.32374235 5.44901295 38 23 0
0.21582250 -0.40987098 5.53536169 130 96 61
0.28527525 1.04895246 5.24393669 93 84 71
0.22211658 -0.35754577 5.51063876 9 4 2
0.22202941 -0.35866879 5.45659753 46 26 9
0.26280654 0.58347072 5.23721977 87 59 13
0.22970250 -0.49284228 5.67416093 64 39 8
0.25047027 0.18937530 5.30262404 67 44 13
0.27643750 0.63056349 5.24843958 87 61 24
0.22245718 -0.25801689 5.18990952 46 25 2
0.22583676 -0.20200842 5.16704564 142 115 86
0.23823864 -0.42854032 5.60192810 34 15 0
0.22214248 -0.36134484 5.21764847 159 129 95
0.22214248 -0.36134484 5.21764847 159 129 95
0.27160706 0.38251746 5.24900241 127 101 68
0.24537298 -0.47002046 5.67982276 129 93 57
0.22824288 -0.27871582 5.16487613 153 125 95
0.23136552 -0.28318257 5.19059581 11 2 0
0.24569689 -0.39321888 5.54754472 85 58 28
0.22909798 -0.42954418 5.29977014 89 59 21
0.23354285 -0.47622360 5.39392529 68 39 10
0.23819890 -0.35636247 5.21523060 79 51 4
0.24299861 -0.19456775 5.15756361 40 21 0
0.24200053 -0.32472100 5.19357866 158 131 94
0.24724329 -0.50611353 5.42210741 142 107 70
0.24918033 -0.29526777 5.19905913 81 52 14
0.25566450 -0.22506618 5.16347621 86 62 33
0.25125111 -0.33798241 5.20142845 83 57 20
0.25374830 -0.34863217 5.20678700 82 58 20
0.26140427 -0.33820735 5.20631722 153 126 91
0.26639140 -0.26618524 5.16652570 92 59 31
0.26627277 -0.42834323 5.32440637 87 53 15
0.28071050 -0.55360138 5.67590975 131 98 60
0.27071287 -0.27354256 5.18036907 170 137 104
0.28033898 -0.17295540 5.16677823 159 135 100
0.36281356 0.96774074 5.22911305 103 88 65
0.27662423 -0.44011219 5.33010569 94 59 21
0.27998745 -0.31078272 5.24432954 76 47 13
0.36954305 1.06324217 5.25287580 68 53 32
0.28927305 -0.29803876 5.23292631 156 124 86
0.30494526 -0.14551311 5.23243752 144 114 74
0.38763694 1.00081608 5.23576111 166 134 97
0.38763694 1.00081608 5.23576111 166 134 97
0.39090110 0.87777349 5.33807268 55 32 0
0.39426379 1.02683169 5.22258943 141 111 77
0.31109490 -0.37924757 5.30217930 113 82 50
0.31824211 -0.52106083 5.47321540 149 116 81
0.40759017 0.84824165 5.31715987 103 78 43
0.32671562 -0.53411823 5.53773179 114 77 33
0.38801648 0.60667684 5.23983314 152 122 86
0.32929865 -0.51831797 5.52851789 114 82 40
0.33635256 -0.52344013 5.55878218 166 133 93
0.39671498 0.57318838 5.26275199 72 48 11
0.35433522 -0.02209085 5.26512114 160 133 104
0.43162442 0.99524525 5.20898812 109 77 32
0.43043192 0.92186439 5.24666481 172 134 96
0.39521400 0.38696094 5.29038369 148 118 87
0.35936142 -0.09830365 5.27845859 165 138 106
0.36987039 -0.01617690 5.27571494 139 110 80
0.37554559 0.16582147 5.28780217 60 36 2
0.39530017 0.26016276 5.31360417 186 156 120
0.37341719 -0.40311078 5.54074298 154 121 85
0.45558991 1.00214238 5.21255167 110 73 32
0.37589429 -0.28140708 5.40830403 105 73 36
0.37499300 -0.22477388 5.31190932 109 77 44
0.38428214 -0.20272532 5.35065261 102 72 38
0.42323253 0.26295481 5.32629089 181 149 116
0.40069030 -0.05613623 5.29879218 168 136 96
0.48371949 0.99622588 5.22374062 156 118 80
0.47358061 0.81777502 5.30042710 57 35 5
0.41667008 -0.13169879 5.38286596 171 140 108
0.45522026 0.18597609 5.46051409 52 31 1
0.50397638 1.03312153 5.20655258 164 133 96
0.42382600 -0.15188279 5.39197470 168 138 104
0.52721092 0.80113712 5.31064995 111 81 45
0.51512917 0.62827202 5.31070044 143 114 78
0.50897962 0.50689098 5.32266285 151 117 78
0.46841012 -0.29475090 5.65504259 144 119 89
0.54118813 0.90351892 5.26085235 86 55 11
0.45236953 -0.11344653 5.30251356 168 140 104
0.50174381 0.26383488 5.39977498 129 94 57
0.50761714 0.25259872 5.45356010 79 54 13
0.50761714 0.25259872 5.45356010 79 54 13
0.48312590 -0.07372663 5.45119557 121 89 50
0.55680925 0.97130946 5.23445846 146 112 71
0.56903956 1.07251483 5.23700969 113 83 48
0.49140492 -0.06148844 5.48057540 110 78 40
0.49140492 -0.06148844 5.48057540 110 78 40
0.54706251 0.67140062 5.30913314 181 148 109
0.57055782 0.90095618 5.27168053 144 110 75
0.58291416 1.05939809 5.23621933 133 102 70
0.56529245 0.70996946 5.30232634 153 124 82
0.57805065 0.62096114 5.33641011 139 112 79
0.57419320 0.24485329 5.65620102 104 73 29
0.56034704 0.27396981 5.44179095 159 127 89
0.60159847 0.82742737 5.31407847 157 124 89
0.57990401 0.49514565 5.34631293 165 134 90
0.57745814 0.41336496 5.39132958 146 113 74
0.60105995 0.65900559 5.32421419 184 151 110
0.61700932 0.84926811 5.29438109 158 123 83
0.59378372 0.52523005 5.33765268 167 138 99
0.59349632 0.27713710 5.56992014 99 66 28
0.62813965 0.82585297 5.32410288 161 128 91
0.63291796 0.89447201 5.29243162 172 140 101
0.62939422 0.27154502 5.83520122 102 66 15
0.61097927 0.44585199 5.38730087 151 120 85
0.60416821 0.37694204 5.40516085 77 49 12
0.60416821 0.37694204 5.40516085 77 49 12
0.61326478 0.48760533 5.37015760 165 135 91
0.63509880 0.27612127 5.72950488 94 62 26
0.65215973 0.78049182 5.35536638 80 56 23
0.64800152 0.44196190 5.48727286 77 49 13
0.64023938 0.32898279 5.52827508 93 60 25
0.67420379 0.29784305 5.88277858 101 65 16
0.64536361 0.39421965 5.43140158 168 133 91
0.69582957 0.30754683 5.90068312 110 73 28
0.66936198 0.43917291 5.43020923 160 129 94
0.67319077 0.49712253 5.37952239 168 134 98
0.68834416 0.32187026 5.68074954 91 59 20
0.70058494 0.36792508 5.60325496 91 60 20
0.70058494 0.36792508 5.60325496 91 60 20
0.72480062 0.47615961 5.49140280 165 133 93
0.73687075 0.54835219 5.43772023 103 75 43
0.73687075 0.54835219 5.43772023 103 75 43
0.75516003 0.40751622 5.68107403 91 59 21
0.75516003 0.40751622 5.68107403 91 59 21
0.76043529 0.37443711 5.69129647 110 76 39
0.79140405 0.64608768 5.48844315 101 78 46
0.79948847 0.35890483 5.79660056 121 86 44
0.83542238 0.36719140 5.80637740 96 63 22
0.82929968 0.41248167 5.71202976 160 119 73
0.86685528 0.66125228 5.58930052 162 132 98
0.86685528 0.66125228 5.58930052 162 132 98
0.85688627 0.47247620 5.65499404 156 121 79
0.86162028 0.45622967 5.68128973 156 123 82
0.86735436 0.40248829 5.74953350 150 116 81
0.87920959 0.45476443 5.68871960 165 133 94
0.89738718 0.66653900 5.61125402 162 133 98
0.89515798 0.56282811 5.61656904 157 125 83
0.91040663 0.46517884 5.71198300 146 114 73
0.92652913 0.54303113 5.66357086 79 55 21
0.93543096 0.45875463 5.72348471 166 135 95
0.96139317 0.35419955 5.96871717 111 76 36
0.95736918 0.42948322 5.74671302 159 126 85
1.00023126 0.77761061 5.68357449 141 112 76
1.14434930 0.56700168 6.95134819 136 106 67
1.01849615 0.83957682 5.70148156 81 69 57
1.07160573 0.71305856 5.71406218 106 81 51
1.07383557 0.67083056 5.72440896 161 130 92
1.12618198 0.91072786 5.83286172 160 158 171
1.07520096 0.55051023 5.77087939 152 122 85
1.18893525 0.45569351 6.52385523 179 172 153
1.15115040 0.54589346 5.82292755 159 127 90
1.21202555 0.87907062 5.86628905 43 21 10
1.17835140 0.53533166 5.85493615 165 130 92
1.17835140 0.53533166 5.85493615 165 130 92
1.25334197 1.00650312 5.77768756 83 51 13
1.24299967 0.78012766 5.84693518 100 71 37
1.22565866 0.52272026 5.88467986 168 136 99
1.22565866 0.52272026 5.88467986 168 136 99
1.24196806 0.38938665 6.07643858 105 71 23
1.31109106 1.06036743 5.74712105 69 43 20
1.32784208 0.35338045 6.42792130 119 90 46
1.31042917 0.66309124 5.89109143 166 133 96
1.30605716 0.44594013 6.05187085 93 63 18
1.30605716 0.44594013 6.05187085 93 63 18
1.30290619 0.57310589 5.88366462 159 127 92
1.33594396 0.70866321 5.88377953 127 98 58
1.34725185 0.35696550 6.25163928 102 66 22
1.35972057 0.66103752 5.93321373 159 126 94
1.37909828 0.84765363 5.85828691 138 104 69
1.36611193 0.70081519 5.91015771 146 112 76
1.39226513 0.41680635 6.33572621 113 76 35
1.35843317 0.56943408 5.94365096 154 124 87
1.38780546 0.68593155 5.94453672 77 55 18
1.41457446 1.02395601 5.76275236 157 127 95
1.38460784 0.36081314 6.23425143 142 112 74
1.39921046 0.81097643 5.83661418 135 102 64
1.43458309 1.02676026 5.79123232 115 83 47
1.38954731 0.53721993 5.98953051 92 63 29
1.43683681 0.82244489 5.91455254 159 129 93
1.45803016 1.02068185 5.79560468 208 202 209
1.45570422 0.84751914 5.91648818 143 110 71
1.47658369 0.76428377 5.99983528 150 128 96
1.49830985 0.79068977 6.05024823 157 135 108
1.64906136 1.21599905 6.15992892 212 216 228
2.10090591 1.38613528 7.02019678 255 255 255
3.37295566 1.65992823 7.83420199 121 112 85
3.34658401 1.19718263 7.81503603 143 138 108
3.42353251 1.20292956 7.66624076 37 37 27
3.55753206 0.86518526 7.35976632 138 155 177
3.58071835 0.85220912 7.35806271 152 167 192
3.57218114 0.84205158 7.28533628 125 139 158
3.60602471 0.84257300 7.34083744 144 163 192
-0.79160561 1.59656720 6.77284221 185 178 168
0.00198825 -0.26640216 5.38791384 86 58 22
-0.29462495 -0.51086482 5.50202202 78 45 1
-0.52256452 -0.44619437 5.38084729 72 43 11
-0.30297365 -0.48184079 5.43425006 149 115 81
0.19382378 -0.22630865 5.17861155 42 25 9
0.21616752 -0.24208988 5.17853759 64 40 14
-0.48440501 -0.26181312 5.34106240 87 61 28
-0.47901546 -0.44762802 5.36992718 94 61 24
-0.38121668 -0.55365189 5.50794447 162 126 84
-0.38121668 -0.55365189 5.50794447 162 126 84
-0.37308560 -0.47818993 5.41180617 151 113 73
-0.23277354 -0.32034908 5.35186894 76 49 7
-0.14370866 -0.50080206 5.52138792 105 69 17
-0.02336079 -0.46964138 5.56637360 1 2 0
0.02244027 -0.19815087 5.37286448 55 31 3
0.04288732 -0.52110202 5.59480029 86 52 14
0.05174646 -0.53339646 5.65947258 135 97 51
0.09121669 -0.29315865 5.42188223 150 118 80
0.25058900 0.34167887 5.27996555 52 31 4
0.22560748 -0.35581773 5.26201879 150 119 73
0.36279596 0.30042581 5.31194032 139 112 83
0.45453541 0.91534901 5.19241080 79 49 13
0.47325349 0.62884760 5.44042669 50 30 0
0.53815036 0.80802915 5.26237581 122 86 53
1.13021586 1.08293368 5.70957026 181 168 156
1.22756353 1.02699413 5.78900594 68 38 7
2.23313329 3.01070096 8.18609579 195 192 199
1.18722506 -0.01118257 5.18095446 189 190 192
1.45857205 0.74286990 5.64804081 188 190 203
-0.65339432 -0.40691156 5.42299113 178 172 156
-0.64345864 0.98728439 5.33824063 120 119 117
-0.53071202 -0.42307956 5.35989358 83 58 28
-0.50985949 -0.36860376 5.35789953 48 27 3
-0.50342812 -0.50020783 5.39040500 140 111 75
-0.50025855 -0.53758975 5.44371997 102 64 28
-0.43341189 -0.46664717 5.41273808 146 109 67
-0.39948152 -0.46739091 5.38476784 96 61 19
-0.37809944 -0.54108483 5.58105776 88 53 1
-0.36775326 -0.37845197 5.34077298 98 67 30
-0.29769391 -0.53387664 5.51335902 112 77 35
-0.25759463 -0.52613381 5.65580385 97 59 17
-0.21005180 -0.00582198 5.37820592 188 179 170
-0.19583229 -0.49912253 5.54853823 153 114 66
-0.13688901 -0.49712480 5.50809368 103 70 27
-0.13282768 -0.44357671 5.47064410 159 122 77
-0.13216962 -0.45223693 5.48981915 55 36 0
-0.12381351 -0.51593125 5.58856324 92 56 8
-0.10645412 -0.51798964 5.60126484 158 123 79
-0.09341276 -0.42711143 5.43538362 77 50 21
-0.03955661 -0.37213434 5.41689107 89 55 16
-0.03057434 -0.51329747 5.62497907 91 55 15
-0.03055953 -0.34406099 5.39860016 69 41 10
-0.01920509 -0.45055045 5.54283110 8 6 6
-0.00214271 -0.54423413 5.67717995 117 83 44
0.01908811 -0.42132992 5.51425271 10 3 3
0.04809797 -0.48098630 5.55915200 68 43 7
0.05267158 -0.28640465 5.39226593 152 121 91
0.07461713 0.40320161 5.30950127 126 100 72
0.06368410 -0.56187312 5.70268780 108 71 30
0.08263367 -0.46584511 5.54687183 94 62 24
0.10789889 0.37681317 5.29638538 66 37 11
0.09233193 -0.57167615 5.71422971 161 124 81
0.09474108 -0.32135924 5.44053735 130 95 63
0.10572413 -0.41804649 5.52406081 60 36 7
0.13333205 0.06397227 5.42715112 98 70 45
0.12862189 -0.37719739 5.46677629 65 38 8
0.13161131 -0.41697530 5.53694837 61 36 9
0.15107109 -0.37890705 5.48510294 68 37 7
0.18930413 0.41546114 5.24949489 56 34 2
0.17815105 -0.47549774 5.62963815 144 108 67
0.17896549 -0.47598598 5.58399318 130 98 60
0.21448998 -0.22263007 5.17769414 173 151 122
0.21591791 -0.36805612 5.26896034 78 48 10
0.22878381 -0.15439642 5.15502832 139 115 86
0.23011037 -0.37011367 5.27884387 144 107 63
0.24299178 -0.33548045 5.21981043 143 116 85
0.24299178 -0.33548045 5.21981043 143 116 85
0.25400306 -0.30629817 5.20407091 85 57 18
0.25697241 -0.44921218 5.34348430 158 125 90
0.25946596 -0.47809353 5.36750603 98 63 25
0.26896741 -0.26712073 5.19698601 91 58 18
0.37793471 0.35567800 5.28673550 109 76 33
0.37793471 0.35567800 5.28673550 109 76 33
0.36490940 -0.31620121 5.39261662 170 139 105
0.46011647 0.98525957 5.16989861 134 102 74
0.38450281 -0.31288633 5.43729073 176 142 107
0.40154191 -0.01846657 5.31255068 170 140 108
0.47979983 0.81310957 5.25623645 124 90 54
0.46437623 0.43752345 5.30534595 157 128 94
0.50121615 0.96660752 5.17973896 155 121 83
0.49652673 0.27710924 5.49598483 174 143 104
0.54963732 0.60875943 5.31558898 134 107 79
0.62449194 0.89655701 5.26839043 91 60 34
0.62613032 0.44990183 5.39274534 164 132 95
0.63440114 0.36084437 5.49178331 171 137 98
0.69485394 0.34403813 5.70129512 91 59 20
0.70065283 0.42806494 5.51224521 159 123 83
0.71878833 0.55561923 5.42581474 80 51 12
0.71878833 0.55561923 5.42581474 80 51 12
0.84364297 0.48138947 5.67590363 77 50 4
0.90949478 0.48945121 5.72820832 139 109 70
1.07612262 0.41055408 6.35054949 136 102 65
1.21206479 1.09250731 5.77468760 184 164 145
1.20973063 0.98930866 5.82902381 73 44 14
1.16439304 0.66239945 5.80879535 94 67 38
1.23460655 0.96034744 5.83637287 59 33 0
1.26658292 1.06290754 5.73696629 50 34 20
1.23225897 0.42400557 6.08999784 108 74 31
1.29663277 0.81566616 5.86985246 154 120 84
1.29663277 0.81566616 5.86985246 154 120 84
1.30407896 0.63986758 5.90089070 81 56 15
1.29560295 0.55048551 5.93433120 162 129 91
1.32251886 0.68044972 5.90685377 166 133 96
1.41533980 0.40809585 6.37983257 140 114 79
1.44240073 0.45580101 6.39232139 184 177 158
1.42760692 0.77109462 5.93695946 93 64 30
-2.29844248 1.39514380 6.48325093 193 203 230
-1.66624541 1.69897790 7.54473298 177 185 207
-0.56015350 -0.50699341 5.41657780 0 0 0
-0.54964164 -0.52623380 5.41876893 0 1 1
-0.54845551 -0.53308860 5.42809236 139 114 86
-0.62812465 0.96870223 5.32924860 114 114 115
-0.53585404 -0.28328185 5.34033646 175 171 160
-0.52103758 -0.37404327 5.35986376 122 99 67
-0.51355038 -0.53570579 5.41417525 159 128 85
-0.51283397 -0.52244171 5.41208111 147 118 78
-0.50462596 -0.51414634 5.39770285 99 72 20
-0.50470451 -0.47778161 5.38040786 71 49 7
-0.48110373 -0.53003394 5.41906212 121 86 48
-0.46930578 -0.28770823 5.34830539 130 104 78
-0.47301089 -0.19305572 5.35017815 185 178 168
-0.46291368 -0.33243139 5.33647669 143 117 92
-0.45388653 -0.55369976 5.53669150 95 59 6
-0.45085175 -0.46382411 5.40904962 151 113 73
-0.44301584 -0.45214934 5.37275134 103 70 28
-0.44654661 -0.31453518 5.33316387 124 100 72
-0.42034022 -0.31659538 5.33637275 130 103 73
-0.40413504 -0.54373306 5.61752455 137 99 51
-0.40567921 -0.13688364 5.34610564 112 90 66
-0.39117189 -0.55023440 5.47260504 95 62 20
-0.38587868 -0.37174009 5.35199729 84 52 8
-0.37883940 -0.50145039 5.45328958 66 36 1
-0.36901898 -0.55081457 5.49274132 156 118 81
-0.36808783 -0.37001763 5.34645393 101 71 20
-0.35055786 -0.39588255 5.35766425 93 61 16
-0.34156694 -0.55995456 5.51790008 104 69 19
-0.32717093 -0.26891753 5.32284154 152 127 96
-0.31250885 -0.48719113 5.43588179 97 62 12
-0.33667943 1.43886912 6.02745823 101 98 88
-0.30507637 -0.27443546 5.32033213 96 68 27
-0.29819438 -0.54723014 5.61644054 109 71 26
-0.29987924 -0.43618279 5.38657519 141 108 70
-0.29605672 -0.43686147 5.41056051 63 40 12
-0.28618502 -0.48705568 5.42513530 91 59 17
-0.28165296 -0.54597322 5.62875722 103 62 4
-0.27431488 -0.42308393 5.41014178 121 84 43
-0.26109653 -0.52745836 5.52887515 168 135 92
-0.26244783 -0.27761343 5.32996587 129 102 65
-0.25341632 -0.29992344 5.34132653 162 134 95
-0.24708192 -0.40964559 5.37738498 159 129 95
-0.24620450 -0.51899964 5.52413967 79 46 0
-0.24229399 -0.53221131 5.52528482 163 127 79
-0.23242990 -0.50204213 5.45547156 101 68 28
-0.23242990 -0.50204213 5.45547156 101 68 28
-0.22507994 -0.51542386 5.53826008 82 48 1
-0.22651795 -0.31006611 5.33780200 86 62 16
-0.22260786 -0.50097408 5.47728473 107 70 26
-0.21777980 -0.37610522 5.38706238 111 83 51
-0.20371197 -0.25606209 5.36133664 48 24 0
-0.20262377 -0.39540732 5.39851418 85 52 19
-0.19832975 -0.08754386 5.36851894 114 89 58
-0.19617337 -0.51918702 5.54457512 74 42 5
-0.19264416 -0.50634100 5.52897873 155 114 71
-0.19288961 -0.07372707 5.35398601 117 93 62
-0.18701185 -0.53720664 5.57952376 110 75 30
-0.18846457 -0.32221642 5.34740498 101 76 44
-0.18470016 -0.52882407 5.56897325 147 113 70
-0.17272972 -0.53456192 5.58734630 107 70 24
-0.17192366 -0.40648130 5.40665845 140 110 81
-0.17192366 -0.40648130 5.40665845 140 110 81
-0.16073625 -0.54092692 5.59354730 102 66 11
-0.14321237 -0.33492630 5.37655645 167 140 103
-0.13500227 -0.50646606 5.51140648 155 121 80
-0.13500227 -0.50646606 5.51140648 155 121 80
-0.13500227 -0.50646606 5.51140648 155 121 80
-0.12747900 -0.41724834 5.43142756 76 46 9
-0.12125369 -0.00163419 5.36995115 174 171 166
-0.11976121 -0.23200359 5.35364785 93 66 31
-0.11903909 -0.44173766 5.45402423 120 82 34
-0.11790212 -0.51364065 5.58428817 162 121 74
-0.11620763 -0.45177960 5.49596746 61 40 6
-0.11385663 -0.19637209 5.35254548 57 32 4
-0.11306174 -0.50245131 5.53469483 100 64 16
-0.09325145 -0.50991762 5.61110115 86 55 1
-0.08547142 -0.39778967 5.44108126 135 102 64
-0.05607913 -0.18215077 5.38075618 46 27 1
-0.05137494 -0.35316240 5.40290809 163 129 91
-0.04188857 -0.49424021 5.61094872 168 134 91
-0.03969537 -0.53170619 5.64820354 154 117 73
-0.02643023 -0.36332217 5.45811496 146 108 62
-0.01092532 -0.47870869 6.02006513 166 134 100
-0.00353091 -0.42297676 6.10764590 144 112 75
-0.01616242 -0.50215125 5.56392294 130 105 71
-0.01420145 -0.55895471 5.67517389 167 127 78
-0.01218148 -0.51158811 5.57212954 153 125 85
-0.00173252 -0.51247023 5.60661203 118 84 41
-0.00099672 -0.41752615 5.50640645 5 5 1
0.00224123 -0.55274773 5.65969281 163 130 80
0.00506615 -0.15144874 5.36496789 136 109 80
0.00903718 -0.58284466 5.74801520 104 64 19
0.01404355 -0.22644569 5.38918787 122 95 63
0.01780143 -0.51952895 5.64625293 145 106 63
0.02126801 -0.46539372 5.55520732 5 5 5
0.02632069 -0.51903999 5.58322812 92 60 13
0.02632069 -0.51903999 5.58322812 92 60 13
0.03433675 -0.43463140 5.52462738 5 4 6
0.04093367 -0.46949205 5.57761818 123 95 58
0.05039058 -0.56659515 5.68306464 173 141 97
0.05129951 -0.42875828 5.52159326 137 105 64
0.05783361 -0.39427725 5.51314465 67 40 2
0.06698315 -0.03555717 5.40404484 92 60 22
0.06842335 -0.29806102 5.43948045 140 108 73
0.07316390 -0.40370684 5.51635406 69 41 2
0.07332108 -0.55962256 5.66764119 89 53 8
0.07653574 -0.56891624 5.69737895 113 73 22
0.08332465 -0.20228843 5.40289683 139 110 74
0.09250785 -0.57024795 5.70319953 100 61 6
0.09350176 -0.47577156 5.56599138 141 107 63
0.11091325 0.00575824 5.41923835 132 103 74
0.10339089 -0.19153868 5.39172305 84 52 13
0.10320227 -0.57756900 5.68873289 160 125 85
0.10907966 -0.30285520 5.43729506 105 71 33
0.14382338 0.36198433 5.27263927 89 59 28
0.14797216 0.26517729 5.48864463 60 38 14
0.12516526 -0.57582839 5.72301936 154 115 82
0.15277957 0.19036644 5.35078970 47 25 2
0.16429410 0.33907632 5.29437433 118 97 64
0.14069417 -0.47955582 5.57307482 115 77 29
0.15798531 -0.13371344 5.42857158 24 13 0
0.15272300 -0.28422138 5.44596165 82 52 14
0.17488892 0.16035477 5.37211725 57 36 4
0.15541050 -0.55688897 5.71127511 165 121 72
0.15734621 -0.53147108 5.62463939 89 62 18
0.17926691 -0.06637064 5.42367900 50 27 3
0.17695950 -0.18312948 5.43095347 109 80 49
0.17257268 -0.28907332 5.45612739 73 49 13
0.17257268 -0.28907332 5.45612739 73 49 13
0.20381702 0.46807260 5.23669721 134 103 71
0.22074137 0.53546623 5.23435885 94 66 28
0.18639091 -0.27573821 5.45740141 86 66 33
0.23595393 0.60993168 5.20942906 52 43 19
0.25785292 0.62244802 5.22583050 147 121 86
0.21335253 -0.32549222 5.24849462 70 45 14
0.22741661 -0.43829948 5.39209493 76 47 12
0.23191735 -0.22251445 5.18040034 137 107 73
0.23611204 -0.19845798 5.17569318 99 70 35
0.24118458 -0.52512932 5.69401188 82 58 24
0.24506519 -0.48529565 5.70026128 44 25 2
0.24694160 -0.47131427 5.68278066 141 100 65
0.24395889 -0.21131252 5.17567602 166 140 109
0.25460727 -0.44725112 5.63122593 105 81 53
0.25502258 -0.18707485 5.16151933 83 59 28
0.25437107 -0.32188465 5.22759016 88 61 16
0.25437107 -0.32188465 5.22759016 88 61 16
0.25407089 -0.43747014 5.37716686 173 140 101
0.25426404 -0.40311364 5.33156556 91 58 6
0.25906754 -0.24988557 5.20678716 164 132 94
0.26377063 -0.44753713 5.37371061 112 78 34
0.26704984 -0.29043157 5.23167529 80 51 11
0.26704984 -0.29043157 5.23167529 80 51 11
0.27624248 -0.17317726 5.19096336 97 69 42
0.27037892 -0.41659694 5.37919961 173 139 101
0.27538121 -0.40907940 5.34667335 129 92 48
0.28588319 -0.52390884 5.61739365 140 107 71
0.28840498 -0.54464015 5.64599492 142 104 62
0.34240585 0.51073368 5.22547954 142 107 75
0.34240585 0.51073368 5.22547954 142 107 75
0.32212612 0.07010170 5.27947746 60 42 14
0.29966431 -0.37441407 5.29799751 175 144 106
0.31239548 -0.34983566 5.35577341 174 147 109
0.39465217 0.81335991 5.23571769 55 33 2
0.40957130 0.79595517 5.26530433 90 64 27
0.39260271 0.50584960 5.24451601 157 125 90
0.34131661 -0.52952536 5.72943590 154 121 77
0.34050840 -0.25852985 5.34582601 168 138 105
0.35517140 -0.04272615 5.27933004 99 66 34
0.33793892 -0.50487483 5.57531859 162 126 90
0.34047976 -0.38451917 5.43488051 168 134 100
0.34855864 -0.28612272 5.37954237 178 149 109
0.34614033 -0.50608736 5.58223173 126 90 53
0.35802278 -0.32076706 5.48142761 116 77 39
0.35364603 -0.39793370 5.47659576 172 140 103
0.36010321 -0.28902835 5.36300776 130 97 60
0.38527320 -0.08746572 5.34093296 163 130 96
0.43797946 0.56048305 5.26918411 94 68 31
0.45993632 0.70003996 5.25289512 109 82 50
0.47861237 0.81446161 5.17390623 153 115 77
0.41344786 -0.08415700 5.38136039 95 65 21
0.44864705 0.26626347 5.38396379 160 122 83
0.48444551 0.68697861 5.26188247 85 57 27
0.48379193 0.66196166 5.26823123 146 116 80
0.50709370 0.91524681 5.13110717 68 45 21
0.47812661 0.34940976 5.38551304 73 47 16
0.47812661 0.34940976 5.38551304 73 47 16
0.48232429 0.38599284 5.34412044 158 129 100
0.50620964 0.68906603 5.26701826 77 45 8
0.50617760 0.64156503 5.27745048 175 142 107
0.51209904 0.67076791 5.26695466 162 129 97
0.53301747 0.83791922 5.20477777 151 117 82
0.50716486 0.50253627 5.29249359 164 132 102
0.54840566 0.89306843 5.15296691 165 131 96
0.49944833 -0.07057025 5.56668370 143 109 64
0.55231435 0.51884322 5.32905611 114 81 46
0.57612837 0.66981989 5.28424522 157 130 93
0.56191360 0.44680758 5.35043165 157 124 88
0.63000872 0.38336710 6.04332788 150 113 69
0.64169443 0.36151905 6.01742389 124 87 38
0.66041439 0.44467851 6.16155598 194 191 182
0.65356790 0.79011594 5.38239377 147 121 88
0.62910703 0.33917475 5.76305698 117 83 40
0.64215765 0.33016045 5.88267523 103 63 3
0.63906219 0.64176557 5.33144780 170 138 101
0.63386129 0.40367780 5.55688638 111 76 34
0.62947188 0.39958500 5.46005599 154 124 88
0.65176733 0.57857357 5.33941245 158 125 91
0.71138962 0.40202646 6.06870375 122 89 39
0.68113346 0.52595143 5.39544603 164 134 104
0.77461357 0.92709110 5.56781683 165 136 106
0.73319221 0.40232033 5.88217032 105 69 28
0.73703266 0.66697418 5.43307470 109 85 57
0.72834813 0.48410926 5.45761863 175 142 101
0.75089982 0.41838615 5.72373964 155 124 83
0.76390700 0.60634460 5.46238373 171 140 106
0.77825827 0.55108407 5.50641207 169 136 99
0.78589813 0.48162226 5.66010177 157 124 90
0.83729032 0.40780472 5.94058426 101 67 26
0.84060841 0.58052038 5.58963979 166 131 93
0.84186869 0.51037177 5.64068734 154 118 78
0.86487877 0.43287791 5.81897173 168 131 87
0.88008788 0.42374379 5.99025302 165 128 83
0.86554967 0.54540418 5.64384161 143 112 72
0.90101804 0.65429468 5.63643644 93 67 29
0.90101428 0.67695630 5.61846741 172 137 109
0.89680021 0.46490544 5.80521870 150 117 77
0.90489421 0.61924832 5.64050965 171 138 102
0.93752132 0.71290381 5.66235997 164 135 105
0.93683921 0.70932911 5.66019852 164 135 105
0.92517463 0.55220432 5.68631766 152 117 79
0.97571038 0.49983885 5.80039353 157 123 85
1.05135067 0.63308251 5.77016865 156 122 88
1.06033409 0.70466314 5.72966926 156 126 92
1.18378697 0.58899088 6.89838649 171 146 106
1.23245054 1.03825483 5.79566438 79 46 12
1.23158475 0.99929097 5.81368842 153 117 81
1.26866203 0.53379356 6.64533554 117 91 62
1.21010903 0.51532732 6.01321408 101 66 24
1.21010903 0.51532732 6.01321408 101 66 24
1.31404746 1.02245678 5.73494338 154 119 84
1.32680514 0.46464747 6.55456313 124 95 61
1.35079474 0.56295939 6.46789132 140 99 56
1.39293165 1.03589149 5.75797435 156 121 89
1.38759603 0.83398083 5.95983537 93 60 15
1.39216681 0.82358625 5.93872609 155 118 77
1.39993267 0.66749259 6.14379890 93 61 20
1.40088943 0.45421588 6.46952000 117 83 37
1.40088943 0.45421588 6.46952000 117 83 37
1.43084131 0.54185472 6.31112991 131 97 56
1.44309637 0.77549715 6.04482918 165 135 101
1.42197701 0.60952755 6.07174811 172 142 103
0.94261552 -0.88727659 4.81340840 138 109 76
1.44242116 0.56840551 6.22643551 142 110 68
1.44104552 0.56097249 6.23463162 123 89 50
1.47223649 0.56975320 6.37373146 193 186 179
1.52037192 1.04602250 5.90095985 198 197 210
1.48564228 0.73910306 6.09949179 140 110 76
1.52498501 0.76356695 6.16232204 199 197 202
1.64800409 1.22973980 6.17267632 203 205 221
4.25215809 1.51914033 7.93614698 94 111 130
0.08099983 -0.55918957 4.70848349 80 67 60
0.54169092 0.17910047 5.05747047 79 47 9
-0.63239776 -0.63500933 5.28222767 141 140 107
-0.00956357 -0.40734592 5.57335156 4 3 0
0.18235959 0.65053827 5.69868093 114 88 60
0.20630733 -0.09895309 5.30010870 115 88 59
-0.60396076 -0.47129720 5.44160523 1 1 1
-0.35186274 -0.54592428 5.49432045 141 104 65
0.16313657 -0.38275105 5.50678843 87 53 18
-0.52459626 -0.35259580 5.34635172 84 60 32
-0.39062310 -0.30715381 5.33601213 42 21 0
-0.28369421 -0.42401694 5.40680159 142 109 71
-0.27108475 -0.41576890 5.37975872 162 129 94
-0.27009303 -0.56438465 5.55829581 119 80 31
-0.12185472 -0.52459977 5.59251691 160 123 79
-0.11205443 -0.52426239 5.60524718 165 130 88
0.02047850 -0.30787652 5.40165008 148 114 77
0.05099686 -0.54522775 5.75548216 164 127 89
0.10660121 -0.56864476 5.72944516 154 116 75
0.11540769 -0.23766469 5.42327831 27 13 0
0.11540769 -0.23766469 5.42327831 27 13 0
0.17760418 0.39557075 5.25088833 130 100 70
0.19164657 -0.31609584 5.48755038 142 106 74
0.20293622 -0.53585190 5.74760571 164 127 82
0.21834107 0.14888934 5.12031888 49 29 0
0.22082121 -0.32169698 5.52497645 74 57 32
0.47907090 0.80350517 5.26335908 56 36 3
0.57314951 0.96694676 5.19110939 166 133 99
0.84866146 0.44009540 5.73980645 161 122 79
1.13076400 0.62644009 6.98376655 131 107 75
1.25672858 0.77788768 5.87131937 151 124 94
1.26747886 0.44614397 6.13267862 105 71 23
1.43285016 0.78641684 5.95046899 93 64 30
1.21046453 -0.08815066 5.34968245 123 94 55
-0.54676718 -0.56114711 5.48178564 95 59 1
-0.54928221 -0.43520699 5.35659905 171 148 116
-0.62239755 0.95287745 5.31993366 114 114 115
-0.52823323 -0.56243578 5.48912133 93 56 3
-0.51749085 -0.56077308 5.49667428 90 54 0
-0.50406517 -0.45898239 5.36795276 169 137 98
-0.49911301 -0.53230402 5.41107623 102 71 25
-0.47599531 -0.27356431 5.33241350 95 73 31
-0.46859535 -0.36639290 5.34717968 49 29 2
-0.32537216 -0.29414509 5.31737531 85 54 16
-0.31107862 -0.49418588 5.42981268 97 62 12
-0.26899341 -0.54472554 5.53878786 161 123 83
-0.25836548 -0.52391885 5.51077899 96 60 7
-0.20670252 -0.42427942 5.40889547 96 64 26
-0.19479236 -0.33120282 5.35392989 177 148 105
-0.08275557 -0.52877973 5.63284251 172 137 97
-0.07049688 -0.39639342 5.44883840 120 88 50
-0.01585303 -0.44225699 5.53482391 12 14 9
0.00540996 -0.24790686 5.38169900 113 80 45
0.01348647 -0.27328952 5.39200268 88 59 14
0.01923577 -0.52073104 5.60296525 162 128 85
0.02299507 -0.47882605 5.57112706 103 79 32
0.04330457 -0.21226434 5.40096175 44 22 0
0.04780496 -0.44232383 5.59005056 58 38 1
0.07922855 -0.16821559 5.38459672 127 97 70
0.08811884 -0.31575109 5.46207865 50 30 2
0.09275123 -0.29976710 5.45415316 144 112 70
0.12094955 0.32158223 5.28999796 132 106 70
0.11166753 -0.41388429 5.52974544 65 38 3
0.17198542 0.42435061 5.23761551 129 103 70
0.15014548 -0.35983300 5.49903603 72 41 11
0.16187019 -0.33809812 5.49896044 93 68 45
0.19103354 0.16954792 5.36345732 115 88 63
0.26842089 0.90631406 5.04495948 175 161 150
0.21843348 -0.27286529 5.22110803 58 37 10
0.24218799 -0.50873705 5.70926837 82 58 24
0.25395168 -0.39736621 5.33638023 91 58 6
0.26889063 -0.24549077 5.22157267 170 138 100
0.33239222 0.44294896 5.29876718 146 116 87
0.26577601 -0.42904799 5.37637982 165 132 92
0.37379543 0.33775298 5.31612912 62 41 3
0.33186643 -0.53323885 5.73666743 135 98 48
0.41517658 0.81830763 5.18406431 170 135 104
0.35010526 -0.27712000 5.36768786 169 142 106
0.42064473 0.54052918 5.25912990 86 61 21
0.44531997 0.86855201 5.15522797 147 111 75
0.45693576 0.62650236 5.27272264 65 40 5
0.45800489 -0.15229515 5.57459634 169 137 96
0.49078936 0.27754329 5.40223128 169 131 91
0.46718451 -0.14859935 5.57434544 124 92 51
0.55470586 0.82906175 5.19987396 150 118 80
0.49760780 -0.06901161 5.56808774 143 109 64
0.57439731 0.40733637 5.40376385 69 43 7
0.60515781 0.82659170 5.21153840 165 137 99
0.91946933 0.43306694 6.00308061 124 89 46
0.92458632 0.84688006 5.29485111 166 150 135
0.92439756 0.58566654 5.67636188 143 109 75
0.95688542 0.51767628 5.78357003 127 93 53
0.98654389 0.50466807 5.86796876 106 71 28
1.04735976 0.60982709 5.78928116 153 121 78
1.13453062 1.06421451 5.70064642 190 174 159
1.09057957 0.51995651 5.93462500 102 70 24
1.18782638 0.88137911 5.81605279 78 51 28
0.86047768 0.27750848 3.71961444 156 139 118
1.23381209 0.75749195 5.88270039 155 126 96
1.26428669 0.61560009 5.94766556 161 127 90
1.29616064 0.49146648 6.17280650 115 80 31
1.29616064 0.49146648 6.17280650 115 80 31
1.32108761 0.54386160 6.11441613 104 69 27
1.36125562 0.84999868 5.91911159 149 111 72
1.36408474 0.80031546 5.95187389 143 110 73
1.36776450 0.56414400 6.08198759 149 117 79
1.41323625 0.83362202 5.96735208 88 55 14
1.47526831 0.55549904 6.47244193 187 180 163
1.47526831 0.55549904 6.47244193 187 180 163
1.47831337 0.87287328 6.02522604 111 79 41
1.47831337 0.87287328 6.02522604 111 79 41
1.46995334 0.64351477 6.19284535 131 100 56
1.49633267 0.72733822 6.16873044 139 114 74
-2.29126879 1.09944959 6.60080009 158 156 161
-0.62422889 -0.54743508 5.50137814 0 1 0
-0.62088120 -0.56415421 5.50657739 151 117 82
-0.59851993 -0.55727970 5.47335406 1 1 1
-0.58670389 -0.58359771 5.50129809 127 89 50
-0.58583340 -0.57170005 5.46149639 166 132 98
-0.57549662 -0.56096059 5.43315877 0 0 0
-0.56481974 -0.31898150 5.36782348 112 95 72
-0.55514127 -0.32787126 5.35554359 99 82 59
-0.55427213 -0.31625845 5.35009018 196 183 184
-0.54387228 -0.34410401 5.34130375 104 87 61
-0.53240848 -0.37736583 5.34526948 72 43 15
-0.52454299 -0.45031087 5.32647550 153 126 96
-0.49229375 -0.52488854 5.36886461 145 112 76
-0.47997652 -0.57844428 5.50562712 104 60 22
-0.49174675 -0.40485767 5.33500343 59 33 6
-0.49947114 -0.22138333 5.34863755 192 184 174
-0.47742126 -0.50264303 5.37953621 78 46 18
-0.47742126 -0.50264303 5.37953621 78 46 18
-0.48298834 -0.31515222 5.32932369 151 127 98
-0.46393159 -0.54953899 5.40728694 108 73 35
-0.43748704 -0.57095383 5.52620640 117 76 32
-0.43642932 -0.57216883 5.46761710 133 87 47
-0.43590353 -0.55717724 5.45479143 127 85 45
-0.45103359 0.15119065 6.41483168 191 182 173
-0.42707466 -0.56478576 5.47269632 170 129 90
-0.42135662 -0.57697567 5.53237397 127 86 44
-0.41366735 -0.54398697 5.45877161 174 132 93
-0.40328722 -0.56649229 5.53023461 183 139 97
-0.41778283 -0.36055242 5.32370717 97 73 39
-0.40170971 -0.53814384 5.45202591 168 125 91
-0.40526753 -0.48947450 5.41281911 159 119 78
-0.39024305 -0.50921920 5.43375696 80 45 9
-0.38118130 -0.57271824 5.46746538 165 124 93
-0.39306291 -0.20241254 5.31809990 108 82 56
-0.39107272 -0.22514918 5.31738856 77 52 24
-0.36215972 -0.46705092 5.38393471 169 133 102
-0.34062958 -0.55706465 5.48220658 116 77 36
-0.34746275 -0.35227412 5.33661826 131 101 75
-0.33126471 -0.54716014 5.47220005 163 126 84
-0.33714664 -0.26743482 5.30549614 153 126 95
-0.32191465 -0.41465847 5.38603487 138 98 59
-0.33001060 -0.24050266 5.31465215 67 43 17
-0.31692031 -0.40691341 5.36291714 102 67 22
-0.29634473 -0.48565398 5.42049336 99 64 33
-0.29839569 -0.28222390 5.30694495 154 128 97
-0.27704768 -0.56203764 5.52653566 127 85 46
-0.27689935 -0.29120064 5.31467588 151 127 99
-0.25965113 -0.47622069 5.42247693 120 92 56
-0.25571676 -0.47834664 5.43160655 103 70 37
-0.27232395 -0.10893976 5.32680708 123 108 88
-0.26466275 -0.16066546 5.32065061 82 56 22
-0.24661759 -0.42699251 5.38403957 193 159 117
-0.22705278 -0.42934824 5.43127829 160 119 77
-0.23399068 -0.30564380 5.32761888 145 116 87
-0.21389420 -0.55299388 5.65371990 113 69 24
-0.22151853 -0.50285921 5.47588432 120 77 34
-0.23620867 -0.22654788 5.30709600 140 116 81
-0.22354461 -0.32213916 5.34442105 189 157 126
-0.22049219 -0.28206281 5.34630171 126 100 74
-0.20530890 -0.38253092 5.39323859 129 100 66
-0.20514856 -0.36262912 5.36404816 158 125 84
-0.19104168 -0.38196748 5.39905494 130 101 71
-0.16997386 -0.46667671 5.46042982 67 36 10
-0.15857556 -0.54185149 5.58306252 175 133 95
-0.14803178 0.44196595 5.58065161 188 178 176
-0.13827437 -0.44747380 5.47270854 168 124 82
-0.14475723 -0.31240296 5.36423514 153 124 91
-0.12971336 -0.34982261 5.40612514 160 124 88
-0.12799894 -0.41848515 5.43060888 92 57 23
-0.11761774 -0.52053399 5.57910602 173 130 88
-0.12569697 -0.30459343 5.37265576 140 113 84
-0.12086981 -0.36891594 5.42587233 70 40 0
-0.12430109 -0.24123868 5.33568807 160 130 100
-0.10593742 -0.33112122 5.37230948 147 117 84
-0.07428863 -0.53979713 5.62152929 168 125 79
-0.07885604 -0.34941024 5.37820788 92 61 32
-0.05617781 1.24575167 5.99601260 198 187 195
-0.02749269 -0.42413935 6.09785003 89 54 32
-0.02749269 -0.42413935 6.09785003 89 54 32
-0.05841715 -0.39365959 5.46054504 140 106 75
-0.05315780 -0.33145656 5.38621252 157 132 101
-0.04722592 0.24735371 5.50116815 101 76 52
-0.05184171 -0.04745909 5.38375353 90 64 42
0.00022233 -0.44865743 6.13281768 184 179 157
-0.03375457 -0.45063799 5.53339109 1 1 1
-0.02327758 -0.51439946 5.64771769 160 122 85
0.00348891 -0.42616013 6.08820468 160 126 91
-0.02654548 0.92361082 5.42837245 138 143 157
-0.02654548 0.92361082 5.42837245 138 143 157
-0.02084806 -0.34600935 5.48266792 167 125 82
-0.02237854 -0.34115959 5.39437197 121 89 58
-0.01865613 0.16759622 5.41938423 124 99 72
0.02647038 -0.39982257 6.12840009 141 112 78
-0.00625978 -0.47808390 5.58995643 129 98 64
-0.00203703 -0.52623336 5.63516726 84 52 13
-0.00203703 -0.52623336 5.63516726 84 52 13
-0.01222212 -0.02848020 5.41223636 140 114 79
-0.01127754 -0.17113284 5.35086255 154 125 92
-0.00725459 0.29368513 5.36728694 146 120 97
0.03757454 -0.39883776 6.10735756 157 124 92
0.00650948 -0.04164709 5.39546329 151 124 95
0.02424062 -0.52942110 5.65455082 91 55 14
0.01428189 -0.00072043 5.40375203 86 56 34
0.03337777 -0.54389454 5.69766461 128 89 50
0.06145065 -0.36287931 6.13843519 194 184 172
0.02002278 -0.31100634 5.40852473 158 123 83
0.02561259 -0.42701973 5.49567286 150 115 83
0.03838187 -0.53416260 5.65981534 79 48 2
0.04035254 -0.50857080 5.61601836 167 128 94
0.03425157 -0.31454543 5.41624236 146 111 73
0.05204025 -0.55483022 5.70404117 124 82 39
0.04023850 -0.36913903 5.45305346 148 109 71
0.04431247 -0.17718041 5.38129274 142 112 81
0.06974817 -0.54527367 5.70489906 175 135 98
0.05603127 0.30228839 5.31044484 142 113 85
0.05666580 -0.38215017 5.45095927 150 112 75
0.07857615 -0.55349887 5.78571510 128 83 36
0.06590985 -0.26763012 5.40973003 137 104 69
0.09199881 0.03384447 5.42237038 67 40 22
0.13007168 -0.43870589 6.01379353 151 126 98
0.09537956 0.23355416 5.28619257 81 46 18
0.09970950 0.31651805 5.30204067 81 46 14
0.10227279 -0.29726817 5.46659385 146 105 67
0.10020076 -0.15350496 5.38941113 53 30 6
0.10717599 -0.05262904 5.40230286 90 60 32
0.11396236 0.08805417 5.44178249 65 38 10
0.11647963 0.76420625 5.37902319 73 61 43
0.14021311 -0.51233968 5.90320608 196 162 128
0.12376440 -0.43559927 5.55157472 77 46 15
0.12237228 0.33922899 5.27538941 133 106 77
0.12298626 -0.37290960 5.48592222 130 95 67
0.12458215 -0.31411187 5.46300572 139 104 66
0.12853958 0.45628318 5.26248767 94 59 29
0.13110507 0.09093499 5.38050716 70 44 19
0.12629063 -0.26782912 5.42931150 109 80 50
0.13216665 0.33835103 5.24380047 143 115 85
0.13216665 0.33835103 5.24380047 143 115 85
0.14335417 -0.07139416 5.40036296 88 65 33
0.15771865 0.03090175 5.41867533 40 22 1
0.15758316 0.25742470 5.31163025 50 27 1
0.16771869 0.15531458 5.35319078 127 102 70
0.16838181 -0.11247126 5.40241592 117 91 67
0.17240601 0.30521833 5.27215358 136 109 79
0.18173695 -0.44768796 5.59151466 77 46 19
0.18355186 -0.02573994 5.41551402 118 92 68
0.19959928 -0.50323070 5.69398411 154 118 82
0.20419342 -0.53446228 5.76443450 115 74 42
0.19216831 -0.29885323 5.46348898 134 103 72
0.19857158 -0.13041694 5.44702297 20 5 0
0.19914726 -0.20847522 5.47783782 77 55 29
0.21401472 0.50085714 5.21574148 102 73 39
0.21640858 0.39561652 5.23769906 54 28 2
0.22029280 0.35769343 5.24240623 108 80 49
0.23245776 0.56843856 5.21853792 140 110 75
0.23343106 -0.36342249 5.56106698 160 129 97
0.21452809 -0.37407097 5.31225568 143 113 74
0.26146692 0.56187177 5.21289595 109 77 38
0.25837162 0.44984321 5.22613129 158 130 100
0.25314962 -0.38065513 5.58710900 73 38 17
0.24788168 -0.42301482 5.53909583 84 53 32
0.23000782 -0.21876578 5.21048473 168 136 98
0.25606504 0.50301085 5.20100892 164 131 94
0.23193934 -0.23858652 5.22309451 19 1 0
0.23139583 -0.28883348 5.22917267 106 80 50
0.27098208 -0.50477322 5.74500008 21 8 2
0.23876022 -0.30960229 5.24874168 88 56 18
0.27484383 0.51964033 5.20008225 117 87 54
0.24361398 -0.21419534 5.19951804 200 169 131
0.28265914 -0.50787429 5.79634081 177 146 116
0.26462576 -0.48134676 5.49614671 154 115 76
0.25267513 -0.08220232 5.17861532 122 94 61
0.25478288 -0.29858370 5.24280322 106 77 32
0.26000221 -0.22172838 5.20685628 203 170 138
0.26520748 -0.19855109 5.20012741 193 164 131
0.28967004 -0.45101713 5.61435723 151 108 70
0.30876698 0.60497906 5.21562955 163 136 107
0.27408326 -0.17007939 5.19316748 92 63 27
0.27686776 -0.25286499 5.26631008 107 75 37
0.27859105 -0.13279198 5.19611194 173 145 113
0.27994898 -0.27218697 5.26779271 102 74 34
0.27994898 -0.27218697 5.26779271 102 74 34
0.28840784 -0.38127251 5.41269867 177 140 104
0.31986737 0.58621881 5.19783025 78 57 36
0.30929571 -0.45795296 5.50516396 173 134 101
0.33481911 0.53053347 5.21549500 97 69 32
0.33285798 0.28985535 5.29345105 144 117 88
0.34181277 0.29209355 5.34965271 81 58 27
0.31259836 -0.22194547 5.29332833 187 154 123
0.31344087 -0.35506825 5.33761498 141 102 64
0.35744073 0.49881894 5.22761558 161 125 96
0.37246642 0.87770712 5.14027513 155 127 97
0.36745232 0.34798585 5.29812666 159 124 86
0.36676449 0.27280253 5.31419817 104 74 40
0.34734965 -0.18821077 5.34334737 188 155 121
0.39926015 0.73840693 5.23537679 97 70 40
0.35694567 -0.08448166 5.29024405 179 146 113
0.36740918 -0.40053294 5.55794895 104 67 37
0.36856969 -0.01720940 5.31630195 114 82 46
0.36409017 -0.27065304 5.41485270 175 143 105
0.40789878 0.89593896 5.13433487 172 131 91
0.37268820 0.00337962 5.31404956 197 167 129
0.37268820 0.00337962 5.31404956 197 167 129
0.41855766 0.66278091 5.25705590 163 133 100
0.42877899 0.69843615 5.25585006 49 26 0
0.43976495 0.66128231 5.25727731 156 123 91
0.43373389 0.33495565 5.34707914 68 42 20
0.43781645 -0.32334683 5.77749125 158 127 99
0.44709229 0.58461532 5.26484511 150 121 86
0.45897588 0.93144476 5.09878994 194 178 165
0.42223550 -0.06949679 5.41044971 119 88 50
0.42223550 -0.06949679 5.41044971 119 88 50
0.48235265 0.74019233 5.28635882 98 70 40
0.44115915 0.27787444 5.34262391 177 141 107
0.46476850 0.89078339 5.12388975 183 150 116
0.45536272 0.49265703 5.26740838 172 137 105
0.47419458 0.86817526 5.14282030 168 130 95
0.47696098 0.91443945 5.12355967 87 66 46
0.44296027 -0.10833996 5.47399353 173 142 111
0.44296027 -0.10833996 5.47399353 173 142 111
0.45930904 0.35363002 5.31923137 194 161 128
0.46718720 0.25709204 5.44287214 168 134 106
0.47239815 0.57310148 5.26999305 145 113 83
0.48024599 0.71692682 5.25853101 111 87 51
0.47295966 0.50563380 5.28111515 173 139 109
0.47109421 0.26455424 5.42772546 98 64 28
0.48100033 0.62729482 5.26900828 159 127 88
0.48654617 0.65336482 5.25626039 167 137 102
0.46627223 0.05069479 5.42648384 178 149 109
0.49475663 0.91458369 5.11478222 192 171 154
0.47347749 0.01383139 5.42627413 188 153 123
0.48322795 -0.15604774 5.61914720 134 100 63
0.50144650 0.47498272 5.30301080 158 124 90
0.48991151 -0.06583822 5.56362770 193 157 121
0.52140920 0.91355948 5.15697573 169 130 99
0.50090345 0.26676531 5.38864012 188 155 117
0.53458226 0.95785068 5.14803382 190 169 154
0.55373883 0.62867992 5.29714095 176 141 103
0.69074068 0.74574616 6.46727430 197 195 196
0.56827241 0.28325861 5.54517998 113 74 32
0.56827241 0.28325861 5.54517998 113 74 32
0.57433084 0.47340435 5.35322383 91 64 32
0.57433084 0.47340435 5.35322383 91 64 32
0.59307471 0.25556602 5.68331165 122 88 43
0.59575549 0.80881456 5.23160509 165 132 100
0.58336337 0.31879223 5.47057245 132 97 55
0.59318802 0.48502601 5.35606206 182 146 110
0.60207350 0.59059885 5.32974697 157 129 97
0.60146806 0.36305140 5.42693798 187 150 120
0.61325751 0.54487719 5.38520979 139 103 66
0.61927235 0.66987084 5.30269531 169 134 102
0.63343208 0.48422272 5.38070681 173 137 97
0.63043415 0.43201201 5.39855581 172 138 101
0.64085261 0.38696060 5.47026105 188 151 119
0.65987814 0.52051213 5.38529366 164 135 95
0.70816061 0.35705944 5.94401608 125 82 39
0.67952036 0.48721743 5.42788101 174 139 101
0.68010972 0.43755816 5.45467513 180 145 107
0.67653298 0.45151954 5.42890615 83 55 31
0.69176263 0.41168022 5.43828667 172 136 100
0.74689270 0.63539650 5.44911392 172 145 115
0.77143775 0.43057168 5.70782348 99 65 14
0.76611697 0.51080369 5.53149756 92 61 30
0.79244262 0.36457583 5.79104886 97 62 24
0.79488741 0.57466527 5.52700777 174 142 104
0.79077751 0.55878245 5.49950997 98 74 37
0.79937871 0.64447609 5.48282536 138 118 98
0.80854518 0.49254241 5.66223626 88 55 11
0.91907168 0.50425322 6.35913343 142 115 87
0.84426450 0.53492439 5.63380227 180 143 103
0.87159150 0.38888442 5.83863643 112 80 33
0.90091610 0.81795364 5.64132754 157 134 110
0.90509189 0.78409071 5.60901442 82 70 55
0.89698185 0.47149320 5.79459124 106 69 23
0.92398045 0.43673258 5.94454344 179 146 105
0.94787503 0.80954370 5.66326564 161 137 109
0.95270024 0.69999617 5.69022906 101 73 41
0.95270024 0.69999617 5.69022906 101 73 41
0.96321656 0.78178810 5.66224040 156 133 109
0.95102519 0.44430864 5.81303790 112 73 34
0.97044699 0.58857250 5.75318024 159 121 82
0.98266002 0.46779325 5.94418314 117 79 34
1.00679527 0.62784091 5.77187603 168 134 95
1.00638812 0.70192660 5.67128709 120 99 62
1.03407825 0.51131534 5.89378369 122 85 41
1.19907393 0.68173062 6.88263879 190 180 165
1.06936842 0.67451732 5.76661878 173 141 103
1.22042691 0.65213846 6.85950939 127 101 68
1.07431448 0.56819554 5.84846606 100 67 24
1.14571101 1.09265546 5.71422769 195 181 172
1.12227379 0.75391118 5.79754208 171 145 112
1.12227379 0.75391118 5.79754208 171 145 112
1.14676262 0.83024697 5.81114353 153 123 92
1.14781762 0.85299036 5.79294349 48 29 15
1.12173326 0.69473690 5.75308089 117 87 57
1.20433117 0.50930503 6.50201249 147 105 66
1.29679812 0.75481457 6.80763932 201 190 184
1.14442548 0.59435349 5.85874224 188 150 113
1.14442548 0.59435349 5.85874224 188 150 113
1.20409472 1.06803224 5.79875737 47 30 19
1.14591718 0.53532499 5.89223426 166 129 92
1.20446886 0.54874288 5.92417670 101 69 31
1.27100522 0.83920783 5.88771743 111 85 50
1.28578826 0.89723453 5.87315820 135 100 67
1.34815319 0.55010120 6.59758295 84 52 20
1.28004925 0.79711202 5.89413082 147 122 89
1.28686000 0.80242569 5.88276310 93 64 29
1.28969030 0.75282449 5.90965750 164 133 99
1.37633365 0.58691156 6.64820062 151 113 76
1.31200770 1.01094463 5.75566110 160 118 78
1.32543588 1.08195465 5.73539303 192 172 157
1.40063186 0.58989739 6.65087389 112 77 39
1.35376999 0.89020746 5.87900651 121 91 56
1.35376999 0.89020746 5.87900651 121 91 56
1.40463796 0.53101893 6.57742748 130 90 54
1.39050493 0.80178368 5.96292436 150 114 77
1.41909052 0.81237445 5.95336855 94 64 21
1.48263664 1.03317974 5.87985631 109 81 47
1.49366210 0.95891376 5.88791554 148 125 97
1.50789554 0.82824336 6.08177526 140 110 74
3.53189018 8.06086427 10.45172385 148 122 87
1.52377413 0.97466794 5.94952272 202 200 216
1.57256783 0.87851342 6.15350171 196 202 218
1.67115141 1.22937372 6.15945321 199 206 224
2.19040995 1.49394339 7.10826046 255 255 255
0.12950075 -0.46157624 4.88545869 138 109 76
-0.29679500 -0.56463372 5.15665483 154 121 80
1.10924170 0.50227756 5.75575885 156 123 90
0.23182128 -0.45538387 5.39853194 146 112 73
0.40305382 0.48697790 5.26695811 71 48 17
1.21062047 0.61194032 5.88773996 68 45 4
-0.50174902 -0.48067135 5.37671700 71 48 17
-0.00305965 -0.44652419 5.54431321 192 177 159
0.00598331 -0.52490912 5.64930748 68 39 8
0.10415003 -0.52820137 5.60976739 150 119 86
0.13881370 0.32088872 5.26751813 132 105 73
0.36604016 -0.42681654 5.54203855 105 72 29
1.33465970 0.33485792 5.66009202 88 63 27
-0.53720428 -0.54683877 5.42728495 86 58 30
-0.48326879 -0.47009649 5.36795666 124 90 53
-0.47351947 -0.33728621 5.32275092 135 108 80
-0.35304537 -0.55977721 5.48750917 155 117 78
0.13662508 0.22740990 5.33437990 70 43 11
0.11501915 -0.45297573 5.54974413 135 103 71
0.11501915 -0.45297573 5.54974413 135 103 71
0.23167145 -0.37971940 5.55005813 146 115 86
0.22617114 -0.34706731 5.27031156 157 122 78
0.39724063 0.33847769 5.30524468 166 131 92
1.00313413 0.63278410 5.72356824 156 123 88
1.27921559 0.56082560 6.76097180 118 86 45
1.30433269 0.64108288 6.77299477 120 91 59
-0.52581071 -0.54259484 5.41064639 109 74 41
-0.43319476 -0.52549993 5.42080389 157 120 78
-0.40447771 -0.50384241 5.42790515 65 40 2
-0.35691451 -0.55115834 5.48100443 126 86 50
-0.31916132 -0.55649893 5.51177625 123 81 43
-0.26383412 -0.56518050 5.57652630 134 92 51
-0.21277665 -0.49471555 5.45154212 169 129 93
-0.16525711 0.94377582 5.14346656 200 187 179
-0.16525711 0.94377582 5.14346656 200 187 179
-0.11885995 -0.52457815 5.61114445 190 147 111
-0.10934611 -0.43323098 5.43236991 154 119 82
-0.08273069 -0.36183790 5.40512843 172 133 99
-0.07971144 -0.23863891 5.35441787 149 116 88
-0.07100000 -0.29772904 5.37948612 60 36 12
0.00018445 -0.47906925 5.58295082 121 89 60
0.02619541 -0.40031287 5.49458473 68 40 11
0.03792442 0.19845009 5.37143009 125 96 66
0.10996088 -0.56572018 5.74353962 129 88 44
0.12470606 0.12348471 5.39000358 100 73 44
0.13301434 0.15001427 5.35548941 125 96 66
0.13861992 0.15436911 5.35245867 135 104 78
0.16101551 0.21129583 5.31888430 84 57 28
0.17860939 -0.42129141 5.58091717 85 55 31
0.17860939 -0.42129141 5.58091717 85 55 31
0.17588315 0.37669425 5.20736534 85 55 27
0.21215775 -0.21239124 5.18421229 185 152 122
0.23099370 -0.17650726 5.16922147 80 53 23
0.25522784 -0.42797498 5.35814770 169 135 96
0.28305162 -0.52456303 5.65225371 59 29 6
0.28068279 -0.51233356 5.59393632 156 120 87
0.33916549 0.31618884 5.29055366 60 36 1
0.30842721 -0.25650847 5.27101788 187 154 123
0.41255984 0.85988156 5.15524994 158 114 81
0.40781168 0.32559378 5.31270200 176 136 97
0.42571925 0.61347799 5.25316931 110 81 49
0.45974349 0.86404717 5.14592413 161 123 82
0.53769655 0.48084013 5.31879907 150 120 90
0.57464843 0.84009086 5.20558148 160 123 87
0.57842796 0.61000455 5.30342667 165 130 93
0.62431470 0.74253767 5.28405799 172 142 113
0.67956365 0.34402100 5.93826274 177 143 110
1.04134796 0.47877874 5.98239941 104 68 32
1.12418506 0.61480014 5.84439986 173 139 104
1.25261189 0.99911182 5.84246998 144 101 62
1.24372731 0.85922676 5.88269677 146 116 82
1.29625316 0.91195488 5.81310455 136 97 61
1.31699830 1.05952224 5.74252598 80 55 34
1.32476734 0.69969809 5.93951954 89 62 33
1.39205634 0.79729575 5.95965143 150 114 77
1.46883489 0.52799816 6.53196758 148 117 81
1.46417500 0.73605349 6.06824529 104 79 44
1.26033353 -0.06439151 5.44558800 201 200 208
-0.62524415 -0.52769226 5.52903870 157 122 83
-0.58554665 -0.54871271 5.47568016 156 130 105
-0.53817709 -0.53937853 5.46220645 160 122 83
-0.53592561 -0.51894810 5.40119779 5 1 0
-0.48515299 -0.53668603 5.40994433 184 148 108
-0.47638760 -0.50915309 5.40840993 158 124 87
-0.45311115 -0.52434430 5.41575319 153 117 82
-0.41854282 -0.53971965 5.44519743 170 134 100
-0.38858337 -0.51160529 5.71488760 137 105 69
-0.38664958 -0.51488967 5.72640672 192 185 183
-0.38251643 -0.38812831 5.33998837 82 51 15
-0.35534576 -0.54964609 5.58440114 95 60 12
-0.35491050 -0.54302724 5.57827854 173 131 91
-0.37555764 -0.38285181 5.32237531 117 84 56
-0.32824177 -0.55151696 5.53661526 116 75 36
-0.26791755 -0.52406962 5.51224166 183 144 103
-0.25775621 -0.52329674 5.52816787 176 139 100
-0.25541218 -0.32970268 5.36163331 148 114 77
-0.24946665 -0.36102951 5.36671791 45 25 0
-0.24946665 -0.36102951 5.36671791 45 25 0
-0.21442195 -0.55776130 5.60013767 132 93 54
-0.21442195 -0.55776130 5.60013767 132 93 54
-0.22325663 -0.32973398 5.33999589 177 148 118
-0.19258553 -0.51400274 5.54793922 79 49 11
-0.20181859 -0.30833649 5.34278314 135 106 77
-0.14754157 -0.54861346 5.62959434 127 88 47
-0.14754349 -0.52598870 5.59243075 180 141 100
-0.14108584 -0.52335199 5.57356893 86 53 10
-0.13236058 -0.45178265 5.48984719 63 36 1
-0.12611981 -0.40516114 5.42085408 148 119 85
-0.11613499 -0.43814712 5.45657753 109 73 31
-0.04117804 -0.36227623 6.18646175 141 115 92
-0.05922088 -0.44487031 5.51085323 113 79 36
-0.02822735 -0.46670486 5.56764868 6 1 0
-0.03027489 0.28105708 5.45060882 80 55 30
-0.01315372 -0.47868607 5.56053110 1 0 1
-0.00909702 -0.37981227 5.46353649 155 116 77
0.00162275 -0.21885920 5.37625465 58 32 15
0.02156527 -0.38514569 5.51756524 140 106 68
0.02533561 -0.40307243 5.49344238 68 43 3
0.02060293 -0.14038033 5.36691244 91 67 32
0.02640758 -0.34184744 5.43056147 112 85 56
0.04993425 -0.42717569 5.52170555 152 118 85
0.03426886 0.85576078 5.08871014 114 105 98
0.06210397 -0.43136858 5.51108717 138 106 67
0.07682261 -0.56084981 5.70455610 108 71 29
0.06610930 -0.31093463 5.43132622 147 111 75
0.08075092 -0.46059705 5.53844142 159 129 92
0.09204504 -0.56607938 5.70815401 104 66 26
0.12785653 -0.37980637 5.53822148 154 112 75
0.12688522 0.53771496 5.25556199 158 134 112
0.13623640 0.01349543 5.41372340 44 20 0
0.13803724 0.04876110 5.40764125 115 88 61
0.16168938 -0.48447640 5.63190789 61 33 2
0.16173494 -0.47275145 5.62139043 152 111 75
0.18946457 -0.46705341 5.63156176 140 101 61
0.18399795 0.07801971 5.39378085 115 89 62
0.18573130 0.36627462 5.23491174 144 117 90
0.22825873 -0.52564796 5.69169974 88 62 30
0.23151313 -0.47124462 5.68090877 156 117 81
0.23554334 -0.41985952 5.61376328 56 31 7
0.24534355 -0.47508365 5.70822001 48 25 4
0.23873870 -0.40604239 5.59755280 134 96 60
0.21890087 -0.44386192 5.36883675 167 134 100
0.21206043 -0.32600940 5.22796651 68 38 13
0.24672141 -0.41822485 5.62408441 27 11 1
0.25171098 -0.39904747 5.62333500 118 83 44
0.24874149 -0.49709459 5.53438625 67 41 13
0.25038284 -0.44911400 5.37127917 176 141 109
0.25134705 -0.41169266 5.32819469 97 64 26
0.28857638 -0.52371569 5.64291612 146 111 74
0.34381434 0.35765088 5.25923619 171 141 113
0.41276615 0.35717676 5.29089140 192 161 130
0.40525868 -0.10873961 5.38465453 172 143 112
0.43386364 0.50224587 5.26160665 173 141 113
0.46625073 0.68087386 5.26740971 163 134 103
0.46695848 0.78983646 5.22239444 140 105 68
0.44273194 0.07188676 5.39551990 77 54 24
0.45714713 0.31883561 5.35879595 80 51 17
0.45790714 0.29822472 5.36858344 170 137 106
0.50374007 0.10185334 5.94030226 155 122 89
0.47270752 0.85374567 5.15337161 75 45 12
0.47270752 0.85374567 5.15337161 75 45 12
0.46842383 0.31450548 5.36632780 80 52 21
0.47232335 0.28679547 5.37334512 175 142 111
0.48948833 0.76619179 5.22475787 153 119 86
0.48701703 0.38024683 5.34860940 180 150 123
0.48404574 -0.09638689 5.54606885 178 144 109
0.56077115 0.39363457 6.10058675 200 200 206
0.51999325 0.80802237 5.18777632 154 116 82
0.56983057 0.30267709 6.01827192 145 114 78
0.52415120 0.41443685 5.35958381 166 132 97
0.53655299 0.91659850 5.14743371 128 101 78
0.55204200 0.90818405 5.15282944 137 106 84
0.54214589 0.50577000 5.30907196 187 156 125
0.56606263 0.36652977 5.40113190 170 135 103
0.68471222 0.34452431 5.92338498 120 77 35
0.64315305 0.54277457 5.36548156 76 51 21
0.64320216 0.37508298 5.48929141 131 96 65
0.64320216 0.37508298 5.48929141 131 96 65
0.71692408 0.39861134 6.06625125 115 79 32
0.67461997 0.84568614 5.25444491 197 184 175
0.69975476 0.34043244 5.80852704 117 80 44
0.69047343 0.52685632 5.41403878 177 144 110
0.71564190 0.37644561 5.73231860 102 69 28
0.71564190 0.37644561 5.73231860 102 69 28
0.70878015 0.47620914 5.48244948 167 135 102
0.72967068 0.37944950 5.64155353 105 67 23
0.84385669 0.40872462 6.08831729 123 88 48
0.89073998 0.41648068 6.07839196 182 144 105
0.90872282 0.43153834 5.98803476 119 81 44
0.91759832 0.61358819 5.64459373 177 146 117
0.92862502 0.57973092 5.70190679 155 127 99
0.93871198 0.59850352 5.70064095 69 48 15
1.14525878 0.66850917 6.98052742 186 178 168
0.98091923 0.52062748 5.78474343 152 118 83
1.03736355 0.52160359 5.83157279 161 131 95
1.07645062 0.57290854 5.85116488 87 54 10
1.12725507 0.52068634 5.95303118 96 63 20
1.27899843 0.57927343 6.79908440 113 76 28
1.22923202 1.10957255 5.83111200 116 87 61
1.17326270 0.65166729 5.82858504 181 149 119
1.18770645 0.55845330 5.93794998 159 123 89
1.24005282 1.02328085 5.82511984 161 126 91
1.27658726 0.53538349 6.59029962 188 181 173
1.25933395 1.06929049 5.77899972 152 118 90
1.29624332 1.03211676 5.78571320 77 47 13
1.29624332 1.03211676 5.78571320 77 47 13
1.41989246 0.64948058 6.81748772 184 180 171
1.29812590 0.56489047 6.01893675 158 126 88
1.34205200 1.06818667 5.69520385 189 177 165
1.37607672 0.93777131 5.87615513 155 115 78
1.36111977 0.73761415 5.95576689 165 135 100
1.36654510 0.51761735 6.12746998 102 68 30
1.40679396 1.08273102 5.75775552 102 79 54
1.41516371 0.45818561 6.47265907 101 70 26
1.41516371 0.45818561 6.47265907 101 70 26
1.44890164 0.51078575 6.52450999 134 103 60
1.41047636 0.59431632 6.04718523 174 141 106
1.46686520 1.00988879 5.85378136 118 84 52
1.48110084 1.05489768 5.81523411 197 196 209
1.47508634 0.77266259 6.06245903 158 128 101
1.48198370 0.95394626 5.91576765 98 67 34
1.49745363 0.57664843 6.38124014 197 200 215
1.52425839 0.63060168 6.34490884 199 205 219
1.54280336 0.99684389 5.80495575 195 194 203
1.74565349 1.34652411 6.47624764 195 200 219
2.59583113 1.89212294 6.91184941 191 190 204
3.48335784 1.57739198 7.21537193 33 34 20
-0.67644658 -0.46972679 5.51469942 132 131 111
0.03236371 -0.40143355 5.49947060 53 32 2
0.16156484 0.16315698 5.35464324 116 90 62
0.60662661 0.80476208 5.27991552 65 39 2
0.02810714 -0.49113466 5.57803676 86 57 14
0.05972023 -0.55632322 5.66980181 174 142 97
0.24622988 -0.02106330 5.23097182 110 81 49
0.29423779 -0.53840682 5.69980660 139 102 55
0.34587308 0.43788733 5.24783464 164 132 94
1.26315570 0.59960656 6.82705101 122 91 47
1.26315570 0.59960656 6.82705101 122 91 47
1.24662605 1.09068557 5.72016803 194 177 161
1.25200086 1.05598113 5.77715687 145 110 72
1.37477256 0.92404633 5.88483307 89 56 22
-0.46503427 -0.33270601 5.32772348 147 120 91
-0.16636398 -0.52685971 5.57926956 168 124 85
-0.02318970 -0.41286980 5.49554601 167 129 88
0.18059728 -0.31964089 5.48952104 143 105 75
0.31231332 0.37531279 5.25208565 166 135 106
0.44329835 0.86958029 5.16974736 88 52 5
0.57785029 0.30908671 6.02156075 144 118 84
0.87771462 0.39591750 5.97074847 175 141 103
1.23333985 1.07498915 5.79768603 123 93 67
1.28714165 0.85632365 5.88458255 157 127 93
1.32416742 0.92053806 5.89212703 139 106 75
-0.60393214 -0.49232404 5.60205352 145 107 68
-0.55794494 -0.50669039 5.63685029 140 108 81
-0.52202519 -0.54130399 5.42505490 178 145 114
-0.36099728 -0.32676205 5.32834944 40 20 1
-0.32774996 -0.55341821 5.52041088 166 128 91
-0.03922139 -0.48357327 5.55794046 148 124 98
0.13070783 0.57747592 5.29462332 115 86 54
0.13659453 0.34883811 5.26493852 101 71 44
0.39998639 0.50712849 5.25080282 174 141 114
0.44984901 0.92402872 5.12528040 80 65 44
1.29086382 1.31883268 6.35731819 157 121 86
1.27471470 1.09096527 5.75046618 66 49 24
1.35798960 0.95424865 5.88245107 153 111 76
-2.49336647 1.59666726 6.91675666 162 156 160
-1.77011953 1.89360313 7.64924853 170 177 203
-0.64473289 -0.50198335 5.59622713 196 188 186
-0.64014853 -0.39993859 5.40804872 187 182 177
-0.57991413 -0.54585294 5.49302058 171 136 99
-0.63430180 0.15023186 5.39445778 186 181 185
-0.55641159 -0.52940926 5.43387035 0 1 2
-0.53827009 -0.50796456 5.64191275 135 99 63
-0.54869308 -0.42685762 5.36032231 181 158 128
-0.53327836 -0.48980807 5.38209162 136 105 78
-0.52454381 -0.52704779 5.41732842 104 68 32
-0.51642419 -0.48523077 5.66482198 140 111 84
-0.64482743 0.84576399 5.27397112 129 130 139
-0.47849995 -0.54794881 5.53623506 159 121 84
-0.45284906 -0.47886036 5.40932472 71 39 2
-0.45284906 -0.47886036 5.40932472 71 39 2
-0.44034472 -0.53082219 5.45187435 181 140 99
-0.44374928 -0.43426929 5.35865996 145 112 83
-0.42689269 -0.55151645 5.47711182 173 133 97
-0.43311975 -0.48749420 5.40159919 162 120 80
-0.38878007 -0.51921790 5.44622827 149 114 74
-0.39676603 -0.44599857 5.36450391 183 150 119
-0.38847302 -0.46376568 5.38163154 190 153 120
-0.36646673 -0.35846459 5.34176216 188 154 127
-0.36249214 -0.35596606 5.33466161 166 135 107
-0.34584908 -0.50057312 5.47086751 66 42 13
-0.33898202 -0.55053638 5.52165504 127 88 49
-0.32841812 -0.54748117 5.52240869 174 135 96
-0.33921140 -0.48930086 5.36410418 65 34 2
-0.33921140 -0.48930086 5.36410418 65 34 2
-0.30131420 -0.31614201 5.33783568 176 142 110
-0.28670068 -0.39027970 5.35742692 182 150 122
-0.24916919 -0.53790451 5.54344704 132 93 54
-0.25640144 -0.27801795 5.32044431 73 50 25
-0.22866437 -0.46685315 5.44247327 133 100 66
-0.23688107 -0.30988370 5.32660515 154 130 102
-0.22876919 -0.44313894 5.36469428 132 100 63
-0.22966328 -0.26889734 5.33312178 73 48 17
-0.19511413 -0.52524753 5.55453606 177 138 94
-0.09294396 -0.51804570 5.60561240 101 57 14
-0.10015414 -0.37824896 5.40615750 167 128 91
-0.10004714 -0.23744599 5.36286937 168 139 108
-0.07999156 -0.44058638 5.50801598 166 124 80
-0.07033720 -0.24034580 5.36886954 146 115 89
-0.00844917 -0.40566104 6.08359418 174 146 123
-0.03821429 1.09195452 5.49893985 140 147 165
-0.02791531 -0.38538673 5.47126734 72 43 14
-0.02791531 -0.38538673 5.47126734 72 43 14
-0.01325985 -0.53127930 5.67677359 172 137 97
-0.00812558 -0.51094340 5.63771497 68 37 2
-0.00351969 -0.44566713 5.54470171 194 180 177
0.01241853 -0.52594162 5.63290917 104 65 22
0.00028587 -0.31841702 5.41110527 54 29 1
0.02219934 -0.01450315 5.37935932 66 40 13
0.03702329 -0.38317778 5.47804653 168 128 91
0.08512644 -0.49135003 5.98162300 132 98 69
0.05481809 -0.41115492 5.50359903 73 41 10
0.07846864 0.55822184 5.33178980 147 120 95
0.09810122 0.16580427 5.38919981 65 39 12
0.13337802 -0.54961978 5.81210880 108 70 25
0.10982425 0.56447484 5.28040068 158 128 106
0.12102021 -0.48897103 5.60339636 67 37 1
0.11863310 -0.13526802 5.39840143 64 43 23
0.12521180 -0.48128044 5.57030067 149 109 72
0.12521180 -0.48128044 5.57030067 149 109 72
0.14895486 0.13506670 5.39185833 55 33 10
0.15373718 0.10754888 5.37868174 57 35 12
0.15842325 -0.35462745 5.49052526 120 94 67
0.17236250 -0.37528808 5.50307727 100 68 37
0.19614508 -0.23808777 5.45974077 78 57 35
0.19614508 -0.23808777 5.45974077 78 57 35
0.20367462 0.93296670 5.09875784 194 181 172
0.20186205 -0.16184133 5.43144514 38 21 4
0.20321116 -0.33278319 5.49514194 146 111 78
0.21026718 -0.51977496 5.66021887 79 50 18
0.21083667 -0.32215637 5.51153266 126 92 66
0.22924060 -0.56561956 5.79126336 135 101 66
0.20975422 -0.30838030 5.22245006 186 158 128
0.24911668 -0.54919763 5.79685008 185 151 118
0.24172677 -0.37650942 5.54416190 29 11 0
0.24172677 -0.37650942 5.54416190 29 11 0
0.26148294 0.96636772 5.18853405 98 87 75
0.24466737 -0.40569766 5.54810228 44 24 2
0.28594852 -0.42679765 5.92051817 170 147 113
0.23737813 -0.44727190 5.35176969 137 99 62
0.23311190 -0.22521476 5.18005895 133 103 71
0.23750685 -0.21276825 5.17021787 168 142 115
0.23926402 -0.29288896 5.21724497 171 140 111
0.23885497 -0.23721804 5.18507548 206 174 141
0.25047453 -0.17269135 5.17137180 92 63 33
0.29936902 -0.47638616 5.85133495 177 153 121
0.25808864 -0.33582250 5.22916428 187 158 128
0.26808789 -0.43509429 5.36381723 192 157 126
0.26808789 -0.43509429 5.36381723 192 157 126
0.29760939 -0.54180869 5.76440476 109 71 28
0.30770605 -0.53069358 5.78332672 180 150 120
0.32230306 0.95818814 5.12841485 196 181 174
0.33757087 0.99072124 5.18173285 164 152 140
0.35227956 0.97450506 5.18542382 57 44 31
0.31615443 -0.51068742 5.49578363 166 135 107
0.36393744 0.90107780 5.21690640 148 115 88
0.36322561 0.48812198 5.25061427 84 57 27
0.39353461 0.94433257 5.16342633 154 122 91
0.37899840 0.51072081 5.24353607 176 142 114
0.35941481 -0.40920231 5.49500043 179 145 110
0.40028657 0.52232914 5.25454585 181 149 120
0.49824914 0.84596980 5.21883207 86 52 9
0.50251775 0.96766124 5.14909100 95 68 51
0.50069448 0.67697307 5.28675190 187 152 123
0.52236270 0.85539338 5.21919466 88 51 17
0.52005332 0.52201027 5.31326711 187 154 123
0.53503912 0.84034325 5.22785353 155 121 89
0.54476828 0.75418916 5.28749251 98 68 34
0.56096356 0.31849884 5.47223550 177 145 109
0.59003019 0.73980245 5.29535533 94 64 29
0.57812441 0.32603831 5.49183484 172 139 106
0.64729215 0.42354819 6.12275663 144 113 83
0.60924087 0.27260244 5.71235351 137 99 54
0.62202113 0.91387389 5.26234168 148 117 88
0.61431147 0.72828543 5.30405950 86 59 30
0.60144143 0.54108908 5.33675842 106 77 50
0.65440051 0.85031645 5.32350593 134 108 85
0.63662259 0.59551350 5.33848397 104 73 44
0.71575981 0.42836320 6.14164612 123 89 54
0.73655567 0.51557461 6.23555779 144 113 84
0.71519830 0.39882812 6.10934210 180 146 117
0.63955990 0.53835522 5.27914477 132 107 81
0.67441864 0.55630336 5.40773288 184 154 120
0.73053730 0.37865924 5.80225748 182 148 113
0.80840365 0.62113088 5.53765968 113 86 59
0.88928819 0.40332465 5.95471279 137 93 47
0.88642917 0.67851372 5.62532848 110 83 55
0.96777051 0.85093257 5.68287363 162 136 113
1.01577834 0.51470402 6.42725500 137 102 65
1.01003844 1.27837990 5.46395989 170 153 146
1.00293817 0.62510048 5.72030540 172 136 102
1.15694069 0.62251942 6.98161027 135 105 75
1.19126180 0.60688181 7.00531367 128 91 55
1.18575423 0.53937191 6.91893199 156 122 87
1.19300656 0.52793092 6.87238077 175 145 112
1.16326196 1.10472316 5.71867469 197 180 172
1.09360966 0.48308695 5.85638240 165 129 93
1.18272873 0.45684884 6.45705280 138 99 60
1.15404255 0.77410692 5.83581897 129 99 67
1.21750042 1.06916691 5.83824669 83 50 15
1.21750042 1.06916691 5.83824669 83 50 15
1.25651153 0.42733531 6.53148390 194 190 187
1.24618975 0.94919982 5.86774482 77 49 20
1.25934628 0.42111113 6.47992419 139 109 71
1.32265232 0.40371948 6.51386666 90 59 28
1.32085447 0.73004825 5.91876804 159 129 103
1.37462616 0.79036959 5.94595684 156 123 90
1.40015866 0.86082752 5.91093788 173 138 108
1.40492231 0.89208562 5.89067835 147 114 86
1.41962283 0.41963914 6.49676684 128 95 54
1.48275121 0.93841367 5.90181041 143 108 78
1.47533175 0.54702407 6.32363998 140 110 74
1.45777863 0.51423414 6.20231146 153 121 90
1.49717941 0.88618987 5.94700857 146 112 79
1.48644350 0.67513312 6.08327723 154 125 95
1.52120192 0.89114260 6.02836713 154 125 95
1.50277532 0.65810746 6.19670735 159 132 102
1.51379166 0.72898872 6.09891767 149 122 94
1.63516581 1.10940796 6.10862312 202 204 225
2.16175965 1.31584065 7.02570902 255 255 255
3.30024383 1.70638334 7.70106880 143 138 108
3.89247958 0.95972574 7.31802686 108 109 104
0.21633410 -0.09735294 5.39320041 82 59 36
-0.02141816 2.36258007 7.19106478 190 182 172
0.84853491 1.02046662 5.47362720 195 178 160
1.00464410 0.71762005 5.69389892 163 134 101
1.25864889 0.98551942 5.84083200 142 108 71
0.16922338 0.18253255 5.34923095 45 27 1
0.92045741 -0.78900513 5.44149240 166 136 101
0.09708008 0.24860718 5.29490146 81 46 18
0.36566548 0.84578407 5.22732366 74 47 19
0.36631823 0.90343114 5.20239116 66 44 20
1.36200864 1.05762173 5.76362064 160 125 85
-1.70892830 1.78967204 7.57894032 174 184 211
-0.53503618 -0.54502877 5.42834066 95 65 29
-0.25793847 -0.52355844 5.52807714 176 139 100
0.04533172 -0.30448747 5.42964202 154 118 82
0.09501848 0.23114932 5.31309460 72 44 15
0.11318030 0.54186149 5.25986118 77 65 54
0.18701798 -0.23241680 5.21044374 31 15 0
0.22342533 -0.44495105 5.39077728 57 35 6
0.23793325 -0.24580739 5.18307176 207 174 140
0.54800969 0.50240404 5.33331028 167 137 107
-0.53965103 -0.35975438 5.33087700 188 185 180
-0.50473903 -0.36742866 5.34587246 70 45 15
-0.47024436 -0.42007125 5.34603471 165 135 108
-0.40187922 -0.45484809 5.37928723 197 162 124
-0.29547793 -0.55525013 5.53113075 183 144 108
-0.22071690 -0.50175929 5.47507117 127 84 43
-0.19559698 -0.50474713 5.52708341 182 139 97
-0.12928373 -0.34775348 5.40291314 160 126 90
-0.07747516 -0.50603759 5.55587315 118 79 36
-0.03889712 -0.49979891 5.60909329 187 144 102
-0.00202397 -0.42542291 6.11524605 154 121 87
-0.01365056 -0.44057368 5.53550922 13 12 11
0.03803138 -0.54332853 5.94661381 122 90 50
0.05570891 -0.53641993 5.94130782 185 160 130
0.04694769 -0.46349495 5.57302969 73 45 10
0.03594506 0.94821501 5.11633414 115 106 97
0.05145251 0.19786618 5.37311434 97 67 41
0.11260762 -0.49806840 5.97723015 124 95 62
0.09121659 -0.57572069 5.70346002 117 80 38
0.11784953 0.24742603 5.32095363 142 113 83
0.17509573 -0.15372883 5.23848642 132 105 75
0.19975507 0.01175004 5.42530177 23 7 1
0.18293314 -0.20106463 5.27127740 36 16 1
0.21182703 -0.38348929 5.56629873 130 91 56
0.19629110 -0.23059004 5.26231506 100 73 43
0.21146144 -0.38234849 5.30850948 153 119 87
0.25244394 -0.40995840 5.61815780 115 85 56
0.29326872 -0.55826651 5.69076026 135 94 50
0.33672693 0.57131190 5.22761857 112 82 53
0.32979980 -0.49433826 5.53740211 177 143 108
0.44327600 0.96541008 5.12158561 172 156 145
0.47693666 0.84823344 5.22601535 91 57 12
0.47693666 0.84823344 5.22601535 91 57 12
0.52214278 0.85294623 5.21841995 88 51 17
0.58232557 0.82036271 5.26683594 170 132 96
1.19944146 1.19564283 5.80775505 195 178 168
1.27554008 0.40669337 6.64879547 110 72 26
1.27666677 0.41505199 6.62580016 163 133 95
1.24642265 0.32113970 6.43397272 144 117 89
1.50696012 0.97902413 5.90225341 148 123 97
1.52277230 0.94137992 5.93225131 199 193 196
-1.93239001 1.91051059 7.35177987 215 231 255
-0.62248733 -0.51937093 5.59529387 136 108 79
-0.61307345 -0.43507148 5.38700234 4 2 8
-0.59651711 -0.56138895 5.47901127 4 1 2
-0.54113634 -0.57889474 5.54814567 110 75 37
-0.55688550 -0.37148236 5.35800962 135 116 91
-0.53859888 -0.48971125 5.37286878 171 145 107
-0.51599092 -0.52881921 5.39131213 95 71 37
-0.52839240 -0.41601971 5.34254818 148 127 98
-0.53085945 -0.36344980 5.34221723 98 81 56
-0.50593835 -0.56445781 5.42860087 109 67 26
-0.49067312 -0.56113199 5.59297027 161 127 95
-0.46479767 -0.53981830 5.41630558 104 70 35
-0.45135643 -0.50702278 5.66634460 166 129 91
-0.43525515 -0.56415874 5.47821918 110 70 23
-0.43525515 -0.56415874 5.47821918 110 70 23
-0.43525515 -0.56415874 5.47821918 110 70 23
-0.42722031 -0.55325600 5.61544502 136 98 59
-0.43075564 -0.50166466 5.41420169 61 30 0
-0.42480909 -0.42500613 5.36235214 151 124 95
-0.41925722 -0.45486406 5.36445018 129 97 60
-0.40304698 -0.50456854 5.43046557 65 35 1
-0.41077152 -0.43164265 5.36305614 140 114 84
-0.37835797 -0.50468384 5.45075406 71 38 2
-0.36673429 -0.19401635 5.90748239 129 113 93
-0.35882777 -0.50767565 5.46156028 69 37 11
-0.34865827 -0.16560030 5.97846539 184 179 172
-0.33567151 -0.28056979 5.88546907 106 74 42
-0.31956064 -0.56624195 5.51215969 119 84 42
-0.31956064 -0.56624195 5.51215969 119 84 42
-0.30143756 -0.27888985 5.93213906 92 59 28
-0.28666292 -0.29568328 5.94293763 104 69 37
-0.28611163 -0.28838175 5.93482770 168 134 107
-0.29232464 -0.51763857 5.50818717 180 141 104
-0.30275750 -0.37000186 5.35568681 139 111 85
-0.30140455 -0.30913598 5.32631001 150 124 91
-0.24459647 -0.30199563 6.05555764 130 107 76
-0.22987500 -0.33731785 5.98650812 109 70 29
-0.24359875 -0.51920748 5.52326847 85 44 5
-0.25060368 -0.28296812 5.31673710 89 67 30
-0.19559731 -0.50221457 5.89284718 164 130 95
-0.21124907 -0.48620034 5.47502747 155 117 78
-0.18106966 -0.37725157 6.04176728 123 85 40
-0.21822518 -0.28116596 5.33042184 81 56 23
-0.18185837 -0.43264264 5.45376696 167 125 89
-0.14202353 -0.54501059 5.95423791 171 145 113
-0.18507647 -0.27895184 5.34739288 53 26 0
-0.17119115 -0.44219201 5.47260471 69 37 1
-0.14765353 -0.56116146 5.62476313 118 80 41
-0.11128798 -0.34731919 6.16128641 182 179 174
-0.10521893 -0.53524650 5.99852903 165 141 110
-0.11852544 -0.44825439 5.49651155 67 38 0
-0.05829886 -0.44140328 6.10636739 67 37 1
-0.05717961 -0.43707260 6.09356035 114 84 49
-0.05226460 -0.44930022 6.15198960 199 193 182
-0.09120857 -0.29081594 5.37758841 51 25 1
-0.03358939 -0.47769341 6.13505706 126 99 67
-0.06090436 -0.52270293 5.61512017 82 43 1
-0.07436699 -0.34892813 5.39032813 188 158 122
0.00260020 -0.46115017 6.14132838 198 191 184
-0.03577626 -0.30143123 5.39623908 51 25 2
-0.02237133 -0.35615648 5.46928102 160 121 82
-0.04270948 0.92112902 5.45587002 131 137 153
0.01642687 -0.55150925 5.97930551 131 102 74
0.02819062 -0.42869396 6.16399561 180 177 170
0.00221443 -0.51949272 5.64168987 66 35 6
0.00221443 -0.51949272 5.64168987 66 35 6
-0.01310536 -0.15372957 5.35753375 160 138 114
0.02968973 -0.59499246 5.82757015 153 115 74
0.03800265 -0.59512460 5.91703742 194 164 137
0.02190006 -0.30333270 5.42882717 68 36 6
0.02668311 0.25908822 5.41716460 68 39 9
0.02327467 0.20230033 5.54536070 188 155 124
0.06380006 -0.57717242 5.90085933 178 147 118
0.02791614 0.28586084 5.40609771 72 43 13
0.03178122 -0.20905282 5.38800409 79 51 21
0.03913499 -0.39721921 5.50060366 71 37 6
0.04521774 -0.45191333 5.56382292 151 118 80
0.04414796 -0.35697174 5.45433891 141 109 76
0.04940821 -0.41922218 5.52315658 161 128 94
0.06587962 -0.45986890 5.58470865 67 36 1
0.06563216 -0.07183903 5.40337371 166 140 115
0.06441801 -0.27425337 5.40695976 132 102 71
0.09898054 0.17318573 5.39113291 64 38 13
0.10475593 -0.31992378 5.46636016 52 24 3
0.11223318 -0.23106694 5.42237513 51 29 7
0.11223318 -0.23106694 5.42237513 51 29 7
0.12627321 -0.05637113 5.42079994 77 55 31
0.12646289 0.33099465 5.29042352 132 108 83
0.14008901 -0.48921333 5.61314104 66 34 5
0.14235668 0.20936558 5.35720797 25 7 0
0.15218813 -0.49672626 5.62005656 66 36 5
0.15441563 -0.32330104 5.48829021 45 19 0
0.17266767 -0.32145416 5.50112334 35 7 0
0.19366027 -0.57221010 5.81995675 112 75 34
0.20242777 -0.52835924 5.89693848 184 156 126
0.17594358 0.39557342 5.23596862 84 58 24
0.18134107 -0.13828297 5.42875582 22 4 2
0.23085425 -0.50243611 5.90406629 175 151 121
0.20894127 -0.44153147 5.56221851 152 111 74
0.20831844 -0.21174354 5.44175712 90 68 48
0.21404494 -0.23293996 5.47332782 18 9 2
0.23251478 -0.17672226 5.54193762 26 11 3
0.21293745 -0.33820033 5.28611749 85 49 14
0.22105904 -0.33917310 5.32484640 145 112 77
0.21961970 -0.33117239 5.23974777 171 141 103
0.24477345 -0.41292304 5.60529913 124 88 54
0.23254289 -0.44094233 5.41999511 57 31 1
0.26175754 -0.54233455 5.83134331 187 158 127
0.26777638 -0.53591410 5.72514317 25 11 4
0.25203271 -0.49290478 5.45632316 122 88 52
0.26984490 -0.44610622 5.62578621 1 1 1
0.28201476 0.55683973 5.21560158 131 102 70
0.30418512 -0.46052128 5.89922408 175 151 123
0.25984989 -0.23618478 5.17672962 183 159 127
0.28811422 -0.52012040 5.63486008 144 110 77
0.32079102 -0.39227902 5.93227705 121 96 64
0.32734618 -0.39123618 5.93729754 148 124 90
0.33586772 -0.35652747 5.95555385 136 118 98
0.32091143 0.41653787 5.24464306 157 131 98
0.34158898 -0.43184918 5.90932762 137 115 84
0.34568450 0.98605333 5.20605914 63 47 32
0.30954019 -0.40477139 5.44943526 140 100 56
0.29708797 -0.44513433 5.22820017 142 111 80
0.35405844 0.93147898 5.19794933 127 107 83
0.35405844 0.93147898 5.19794933 127 107 83
0.36113076 0.60827418 5.27241135 87 57 29
0.33052523 -0.48636342 5.55061135 126 93 54
0.35336789 0.41075862 5.26614290 77 50 20
0.38254321 0.81963185 5.24479029 41 21 2
0.38144717 0.84217260 5.19807708 154 124 92
0.36952763 0.40816072 5.27238001 88 59 24
0.39694351 0.83241807 5.20286879 171 137 99
0.38901607 0.32431357 5.31795080 61 30 3
0.40254127 -0.33924328 5.88150390 133 115 96
0.41008140 0.84669711 5.19503750 188 154 123
0.39517109 0.39994119 5.28434155 75 49 8
0.40214901 0.44157387 5.27598575 184 159 120
0.41547041 0.93896221 5.13095458 81 64 44
0.42380742 0.92129658 5.13812041 177 146 114
0.39710671 -0.46964565 5.66385983 183 152 117
0.43488553 0.71075636 5.21262520 82 49 16
0.44225769 0.48519345 5.29134283 95 66 25
0.45755378 0.89904767 5.17064928 72 38 2
0.45664296 0.83562853 5.18149485 177 143 106
0.48032217 0.17978795 5.98297607 199 200 212
0.56224655 0.84913404 6.27660162 192 198 214
0.45922073 -0.29425873 5.75641602 193 162 128
0.46719520 0.30858960 5.36658423 108 71 40
0.47245781 -0.21008589 5.76295050 188 158 122
0.49321757 0.80295211 5.23812530 147 113 75
0.46923602 -0.31116767 5.74247971 131 96 58
0.49969039 0.85104732 5.21983449 85 47 4
0.48566708 0.48060096 5.29126065 141 115 81
0.48566708 0.48060096 5.29126065 141 115 81
0.58085241 0.61293797 6.43205262 192 196 208
0.58085241 0.61293797 6.43205262 192 196 208
0.51253223 0.40323670 5.35926896 119 84 44
0.52881270 0.64669014 5.30471766 72 40 6
0.56646965 0.23621355 6.00081461 140 106 68
0.54419158 0.80953178 5.27820618 52 25 1
0.51239040 0.00042191 5.50759898 172 143 109
0.54838818 0.49998389 5.34498051 96 65 38
0.55841843 0.49973360 5.32709798 159 127 95
0.58936176 0.56263660 5.34680659 183 156 124
0.63411754 0.34655639 6.05825921 156 125 95
0.62220664 0.28720222 5.91988373 121 88 50
0.61889532 0.92531475 5.23741811 157 133 111
0.62255942 0.65766644 5.34633466 58 33 2
0.64232602 0.81523700 5.31940178 157 128 92
0.65750431 0.64855979 5.29275481 192 180 170
0.72603633 0.44802715 6.21614513 120 94 68
0.72687579 0.41358238 6.17507135 184 161 130
0.74057986 0.44444775 6.22555145 135 110 86
0.74632688 0.40339822 6.17341746 164 138 109
0.76352426 0.46333790 6.24643359 110 84 57
0.74803626 0.33826626 6.04774070 124 86 39
0.78764377 0.43635356 6.27939276 200 206 216
0.73187857 0.48457007 5.57140433 106 70 23
0.77098557 0.37075029 6.13163523 182 149 117
0.75832952 0.30572657 6.03942613 178 145 112
0.79456994 0.46154528 6.27517386 122 96 73
0.73574272 0.55561305 5.48898789 178 148 112
0.78163020 0.39246758 6.14948171 115 81 45
0.79989326 0.45907427 6.26667200 141 114 84
0.75694677 0.41904469 5.71433547 142 110 71
0.81395549 0.29764745 6.26221485 185 189 199
0.84238530 0.42189404 6.29966162 139 115 92
0.83346247 0.35764893 6.17481169 168 139 109
0.84517657 0.36426153 6.08159546 171 136 100
0.86092840 0.81524723 5.61656305 157 127 93
0.86264019 0.37014016 6.02938641 126 88 39
0.89902016 0.42527644 6.33987961 133 108 82
0.88856621 0.34342793 6.23084377 169 136 98
0.88740205 0.34027265 6.14512546 162 128 93
0.88740205 0.34027265 6.14512546 162 128 93
0.88547472 0.66371810 5.62089700 100 70 41
0.90012052 0.74350429 5.62691570 154 126 99
0.90075395 0.35571117 6.06080919 193 155 111
0.90533917 0.65059571 5.64413849 191 162 131
0.92148503 0.34243898 6.05806307 138 98 47
0.92658967 0.39170298 5.91801888 169 138 99
0.93397754 0.43221503 5.86613144 185 150 110
0.98943071 0.37132031 6.33774898 116 81 43
0.98583069 0.50409836 5.81204760 175 141 104
1.01950636 0.32948727 6.33589012 162 127 89
0.99405824 0.51848326 5.79649401 180 148 111
1.03335725 0.32974968 6.28070056 165 128 99
1.09692570 0.32565495 6.84859473 199 190 181
1.09524590 0.30461797 6.80667813 197 189 179
1.10769736 0.32196495 6.85617408 147 120 95
1.11660615 0.30861718 6.79192237 116 87 63
1.12256378 0.28567982 6.86271566 193 183 172
1.07952623 0.65817172 5.78887820 180 151 111
1.09812086 0.72061296 5.78220069 127 99 70
1.13783329 0.30723265 6.70360125 197 188 179
1.09153866 0.58009262 5.81149221 136 106 68
1.15171517 0.33110760 6.69643249 197 185 173
1.12969134 0.78261825 5.79525896 160 141 111
1.16133137 0.32771638 6.67166294 198 192 185
1.12059615 0.66245033 5.80602240 196 164 124
1.16445647 0.31114844 6.68131747 108 85 61
1.19683973 0.31882189 6.61954665 110 86 65
1.22978621 1.06484989 5.84097969 148 119 97
1.22978621 1.06484989 5.84097969 148 119 97
1.24108865 1.11732662 5.79280268 60 43 17
1.20653024 0.29601406 6.59478797 100 72 52
1.21684858 0.32099574 6.57614211 201 197 194
1.25471577 1.11282594 5.78815055 154 127 97
1.22183411 0.31946307 6.59024250 109 80 56
1.25264756 1.02248959 5.86765153 44 17 0
1.25587177 1.02224045 5.85224093 141 105 64
1.25620586 0.98222053 5.86887869 120 90 62
1.23748405 0.32847038 6.62864900 178 144 106
1.24145021 0.30038553 6.55574964 101 73 41
1.28072428 1.03700276 5.85322362 149 111 75
1.29460190 1.14947768 5.78186859 155 128 101
1.24615717 0.30006622 6.52669632 207 203 209
1.24987719 0.30225455 6.54219610 96 72 45
1.28005930 0.95487055 5.88554600 70 47 19
1.26339169 0.44284647 6.53704557 197 197 207
1.28781555 1.01029920 5.81830104 144 106 69
1.29408618 1.00254184 5.84969420 55 30 1
1.29247514 0.97141536 5.86404437 134 99 67
1.24146249 0.27143449 6.39681962 170 140 111
1.26166982 0.28643059 6.52015889 122 94 68
1.26611259 0.26688984 6.54776208 180 146 111
1.27040143 0.30768721 6.51577385 117 94 68
1.27185185 0.31930102 6.50545994 202 202 209
1.30684086 0.93954354 5.88253834 53 27 3
1.27133657 0.23980791 6.51752589 172 136 101
1.27133657 0.23980791 6.51752589 172 136 101
1.32935072 0.98405542 5.83412180 73 42 0
1.30522157 0.78227851 5.90315907 87 57 26
1.30177601 0.74788046 5.91012395 170 141 110
1.30303253 0.67275877 5.91488751 108 79 47
1.36228173 1.13075575 5.74978382 191 174 158
1.30516386 0.30199002 6.45232193 223 213 213
1.33317554 0.79840649 5.92496336 71 44 2
1.36507510 1.05696960 5.78157814 77 42 1
1.36507510 1.05696960 5.78157814 77 42 1
1.32411834 0.68484842 5.93305276 113 83 49
1.31795579 0.30105564 6.45254296 72 45 29
1.37908727 1.10313430 5.75477479 74 52 33
1.35205927 0.33415940 6.59578970 146 124 94
1.38280086 1.04042101 5.77760582 74 40 4
1.38280086 1.04042101 5.77760582 74 40 4
1.35794405 0.38252765 6.53325906 108 70 28
1.34620209 0.32222694 6.52081542 163 130 92
1.33590596 0.24801696 6.50402810 126 91 53
1.35362746 0.25289856 6.53836201 154 131 102
1.34361762 0.23383281 6.48559851 120 82 43
1.39972579 0.92832317 5.88456371 82 48 10
1.34433802 0.22947177 6.45557834 169 134 97
1.33544639 0.23260813 6.30295810 169 130 91
1.40730153 0.83118890 5.94372196 168 133 94
1.42433791 0.92033716 5.88520074 86 51 13
1.42433791 0.92033716 5.88520074 86 51 13
1.39391794 0.27642890 6.44953418 188 158 125
1.41231323 0.31847000 6.51128918 146 128 104
1.39172388 0.43803603 6.12813734 110 72 26
1.39938658 0.27529985 6.43579318 185 152 120
1.40538800 0.39185090 6.23016613 102 65 21
1.40538800 0.39185090 6.23016613 102 65 21
1.40992225 0.28574013 6.39590426 184 153 121
1.43001728 0.30773161 6.40863961 139 113 88
1.51189998 1.04632729 5.87308007 206 205 214
0.59317974 -3.39587716 4.80959433 211 211 220
1.48695097 0.52891572 6.15327183 159 140 119
1.60758962 0.86585156 6.01150464 205 211 233
1.73242815 1.28479744 6.44905406 202 205 222
3.03411772 1.22765312 7.07561451 159 160 154
0.86157833 0.05377462 5.52238725 101 78 47
0.15142121 0.16616994 5.35562776 106 79 50
1.83750526 2.10182892 6.84683068 147 119 91
-0.35291207 -0.55481112 5.49176212 155 117 78
-0.02999123 -0.43984655 6.05016399 163 136 112
1.32157422 0.59983589 5.82146126 147 112 81
-0.37060619 -0.42756226 5.36898430 58 35 1
-0.37060619 -0.42756226 5.36898430 58 35 1
-0.27659676 -0.53949917 5.52986273 157 123 86
-0.15510046 -0.50143185 5.50498167 171 136 96
0.14897216 0.28071806 5.29154991 114 88 60
0.35713388 -0.41493857 5.49253734 173 143 109
-0.59487747 -0.53522511 5.48616845 3 2 1
-0.57999814 -0.51319277 5.63483180 198 188 183
-0.55731632 -0.51089814 5.63356491 139 110 81
-0.46893195 -0.54009739 5.46158634 175 134 95
-0.33189597 -0.51944848 5.48447752 165 126 84
-0.29899360 -0.26661071 5.98270495 137 118 94
-0.26324674 -0.56228080 5.57779344 123 82 37
-0.01796461 -0.41301763 6.09665236 12 6 4
0.00214408 -0.55786037 5.65719371 162 125 82
0.09177948 -0.51195392 5.95968142 184 159 129
0.08891522 0.60132725 5.29400282 83 71 60
0.11530745 0.19362201 5.33674469 129 99 63
0.11530745 0.19362201 5.33674469 129 99 63
0.14774155 0.28909139 5.29292060 123 97 70
0.16192160 0.14320446 5.36011890 71 41 12
0.18480917 -0.42525046 5.57234080 77 48 12
0.25077283 -0.43666004 5.35492628 173 138 102
0.35323803 0.98513972 5.16483069 187 170 162
0.85583981 0.40269811 6.15008145 130 91 52
0.83233454 0.44656041 5.70934278 177 141 104
1.24735476 1.07373700 5.75906132 73 51 31
-0.59997418 -0.51680539 5.60820836 122 92 60
-0.58570583 -0.55036209 5.47632146 164 136 111
-0.58570583 -0.55036209 5.47632146 164 136 111
-0.50788617 -0.52597922 5.61681092 161 122 86
-0.43547382 -0.50939557 5.67194964 144 106 67
-0.40051177 -0.53858149 5.45233425 169 131 93
-0.40473333 -0.39900675 5.36233732 37 14 2
-0.37358990 -0.43632374 5.38098368 169 136 102
-0.36138877 -0.31964410 5.33038162 77 54 28
-0.31864850 -0.49229301 5.43688164 178 140 101
-0.27304183 -0.44371827 5.42012650 72 45 4
-0.27304183 -0.44371827 5.42012650 72 45 4
-0.25783159 -0.54006330 5.52383993 183 149 111
-0.19420687 -0.51233338 5.54767752 88 51 6
-0.20635657 -0.36317587 5.38581619 63 32 6
-0.20635657 -0.36317587 5.38581619 63 32 6
-0.15684329 -0.56989028 5.64079186 131 93 47
-0.11127925 -0.31681771 6.12937831 155 124 85
-0.06994850 -0.45484096 5.51866295 46 23 0
-0.02168225 -0.42279437 6.15885061 124 99 66
-0.05812027 -0.32975920 5.38792796 169 142 113
-0.03661353 -0.47600684 5.54803033 5 3 2
-0.00390380 -0.51540487 6.00715963 142 109 79
0.04750235 -0.44854454 6.05327876 184 158 123
0.06389584 -0.49068292 5.58493854 133 101 70
0.08274474 -0.33571376 5.45236827 48 21 0
0.09292490 -0.46962169 5.58343902 152 116 77
0.11294139 -0.58130647 5.71640134 114 79 40
0.11294139 -0.58130647 5.71640134 114 79 40
0.09314632 0.12869212 5.28083809 76 50 18
0.12871280 -0.31530296 5.45737175 97 61 25
0.15049659 0.33279235 5.27334768 72 46 16
0.18263241 -0.50822279 5.90615780 173 148 114
0.16478875 -0.46094191 5.57259469 82 53 22
0.15866853 0.47888898 5.22089068 152 130 106
0.16742200 -0.21891767 5.43934728 131 101 77
0.19512261 -0.19175384 5.43890272 76 59 34
0.24371647 -0.49191710 5.45234039 145 112 80
0.25893913 -0.22473283 5.17974380 183 159 127
0.32094903 0.52772299 5.25078818 178 154 117
0.35143381 0.40328726 5.26438718 77 50 20
0.37527161 0.90915593 5.19648500 58 34 6
0.37527161 0.90915593 5.19648500 58 34 6
0.37901341 0.99112486 5.14569418 197 182 171
0.65865258 0.31243625 5.87725836 133 92 44
0.75051993 0.44458211 6.18925154 164 138 109
0.71216863 0.32949332 5.73429090 166 133 99
0.88913438 0.44388953 6.26086193 177 144 110
0.87252364 0.40617666 6.14722390 160 125 86
0.90375690 0.37961131 6.06963351 193 155 111
0.92785204 0.41460217 5.97026997 182 144 106
0.93873079 0.44458949 5.89063033 178 141 97
0.94096199 0.39488345 5.93356345 177 143 107
0.97111274 0.44472678 5.92683645 106 67 23
0.97713987 0.51099276 5.77035722 83 49 6
1.04596756 0.36525355 6.20919569 126 91 50
1.04409153 0.40214585 6.03371116 176 136 99
1.22952934 0.53518128 6.74937059 124 95 66
1.27639439 0.54228744 6.89872590 194 188 176
1.31118161 0.97167371 5.82021948 145 110 72
1.33044935 0.51742462 6.55252625 202 202 215
1.28453222 0.61845277 5.92436133 170 140 106
1.32789584 0.38320466 6.42751540 171 133 97
1.39784712 1.00281717 5.78105355 151 118 84
1.41693517 0.45974724 6.58797042 150 118 83
1.40849222 0.95224606 5.82078106 96 57 12
1.39186180 0.39686433 6.41040038 126 88 43
1.39345192 0.47790262 6.15414980 167 136 105
1.40854942 0.46742125 6.24141112 126 83 41
1.43285711 0.43093817 6.44760695 174 141 106
1.50311472 0.56133917 6.32839719 205 209 217
1.55326459 0.87122533 6.04785317 199 202 216
2.94708756 2.88957477 7.19603724 189 188 196
-0.60975378 -0.53086692 5.51355563 123 88 51
-0.61086543 -0.39189977 5.38661531 183 176 170
-0.59765749 -0.33799215 5.38635461 191 185 181
-0.53035094 -0.54608250 5.63088762 146 108 70
-0.52513021 -0.52613764 5.64515405 129 100 71
-0.54802011 -0.33143869 5.34999253 194 187 175
-0.52146315 -0.43911356 5.37788220 73 45 5
-0.49287764 -0.47121853 5.39805375 134 105 77
-0.46929560 -0.51648254 5.41393234 177 143 108
-0.44317278 -0.43799926 5.72617380 195 193 192
-0.44040338 -0.41323685 5.35808035 169 139 108
-0.40916005 -0.27343416 5.33148273 76 52 24
-0.40395986 -0.34007981 5.34282886 190 160 132
-0.37691545 -0.44418361 5.38230743 178 144 109
-0.33270405 -0.23489576 5.93077772 128 110 92
-0.31843298 -0.44594697 5.39515817 66 36 8
-0.28887557 -0.46373110 5.79759120 128 96 64
-0.30519502 -0.42713214 5.40658411 64 34 3
-0.27352480 -0.41379948 5.85687797 176 153 129
-0.27018922 -0.28685617 6.02457510 138 120 100
-0.29905055 -0.32284027 5.35625408 42 16 0
-0.27402157 -0.26932387 5.95296812 148 117 89
-0.26719121 -0.56586501 5.55660938 113 71 27
-0.28830643 -0.36377482 5.36342665 172 144 119
-0.24449896 -0.36809648 5.94429996 106 68 34
-0.24818582 -0.50834225 5.45838370 112 70 30
-0.22071836 -0.25230369 6.10098704 136 117 94
-0.22597411 -0.44213904 5.44176434 61 32 3
-0.19210476 -0.42989442 5.94774104 145 115 84
-0.19014813 -0.47385741 5.91888295 175 144 110
-0.20898234 -0.43893404 5.45114718 76 46 7
-0.19233804 -0.40494062 5.39356995 137 108 73
-0.11001884 -0.46370655 5.52578867 133 98 60
-0.07229029 -0.31081835 6.19133496 184 174 163
-0.11131409 -0.31818533 5.37672920 177 150 122
-0.06490215 -0.45433045 6.02816005 116 83 51
-0.10503397 -0.21568347 5.36908585 192 165 133
-0.07571366 -0.51353645 5.54420905 195 157 119
-0.04705162 -0.50338572 5.62121248 114 75 32
-0.01905609 -0.46139697 6.02118067 120 89 52
-0.01905609 -0.46139697 6.02118067 120 89 52
-0.00539956 -0.32972319 6.18758877 113 89 65
-0.00461569 -0.39594085 6.08113984 175 150 113
-0.03060439 -0.40500525 5.46633319 72 40 4
-0.03060439 -0.40500525 5.46633319 72 40 4
0.01625706 -0.33379642 6.17030736 114 82 45
-0.02929500 -0.30324041 5.39902756 53 22 1
-0.00750674 -0.50289381 5.58019825 125 94 66
0.02752540 -0.42664006 6.04147864 134 107 78
0.01326403 -0.51087804 5.57614058 156 126 97
0.01644363 -0.20906851 5.37786047 71 49 22
0.06506743 -0.34612071 6.09618075 140 113 83
0.02509903 -0.15997511 5.36799440 141 119 95
0.08626639 -0.30153496 6.12993485 116 86 53
0.09612762 -0.28255790 6.15006300 136 115 92
0.09285278 -0.40256893 6.04274155 173 148 119
0.08604049 -0.45381447 5.94261065 184 154 118
0.11805975 -0.14875606 6.18581090 198 191 185
0.07242328 -0.25286732 5.39823971 58 32 9
0.09210339 -0.49237174 5.58832038 64 32 1
0.14171937 -0.48523013 5.90167984 166 137 103
0.15618099 -0.31899853 6.08688633 154 133 105
0.11410821 -0.34131259 5.46647431 51 19 2
0.12584611 -0.36001595 5.46552441 50 25 3
0.12844591 -0.32275512 5.44579980 114 79 46
0.12844591 -0.32275512 5.44579980 114 79 46
0.13599765 -0.34751882 5.47434452 47 24 2
0.14217946 -0.27550150 5.42695925 45 21 7
0.18309563 -0.38516329 6.01319263 131 103 72
0.15108804 -0.02574838 5.40215068 50 28 4
0.14881137 0.39547536 5.25108289 83 58 26
0.17032967 -0.29395832 5.44132891 45 23 8
0.17899659 -0.03329319 5.41089991 25 5 1
0.22399715 -0.52348720 5.98039381 149 128 104
0.17771681 0.42418119 5.23467499 89 63 32
0.19399814 -0.33288903 5.51199796 39 13 3
0.24666108 -0.29683622 6.03380240 152 127 97
0.20583200 -0.32412463 5.24803457 76 46 19
0.22186151 -0.41847798 5.48142526 17 7 0
0.21730212 -0.33733408 5.23855781 178 149 119
0.22586946 -0.24983964 5.21134329 40 15 2
0.23463433 -0.19401330 5.17286938 171 147 119
0.28032417 -0.50865844 5.77422089 173 145 115
0.29166989 -0.51603663 5.79527575 130 97 60
0.29862809 -0.46339570 5.85455661 182 156 126
0.27350596 -0.24027524 5.20335681 146 117 85
0.29923297 0.47141601 5.22291610 93 67 40
0.29923297 0.47141601 5.22291610 93 67 40
0.27511694 -0.36520851 5.26804118 185 156 122
0.32739031 -0.51016694 5.54430620 112 76 44
0.37098709 0.93614881 5.18351334 181 149 118
0.34390752 -0.50022718 5.58373340 123 88 50
0.38422123 0.97331524 5.15406678 90 68 46
0.38980187 0.81075555 5.24299192 48 26 5
0.37475637 0.54146802 5.23641330 100 75 44
0.37477804 -0.44842319 5.76909171 125 95 59
0.42193546 -0.22402464 5.90549397 203 202 207
0.42117390 0.80094053 5.23749105 57 32 3
0.42244747 0.99435507 5.12671095 183 166 151
0.40195519 -0.42138131 5.72534186 119 87 49
0.40195519 -0.42138131 5.72534186 119 87 49
0.43448659 1.00393243 5.15991147 146 111 78
0.42107405 0.37755014 5.27740361 184 153 124
0.42805024 0.46624974 5.26154380 177 143 108
0.44870390 0.50288871 5.27502934 192 160 130
0.51157024 0.42382150 6.06093645 132 106 78
0.45367202 0.40528398 5.31833669 118 85 52
0.49922219 0.65696695 5.27378688 151 122 89
0.59166096 0.49538017 6.13205194 125 105 89
0.57948746 0.36295465 6.01919553 106 74 41
0.54761629 0.91570996 5.19268398 150 117 87
0.52618645 0.33566514 5.37536143 174 145 114
0.58242443 0.28356929 5.93407405 176 145 116
0.54033374 0.42816337 5.33089384 85 59 27
0.54025899 0.33116775 5.38829572 177 145 110
0.56911268 0.20980622 5.77236668 133 95 52
0.56911268 0.20980622 5.77236668 133 95 52
0.55294836 0.47895781 5.33239716 172 140 103
0.62094854 0.34090898 5.96935835 109 69 31
0.62498323 0.30512672 5.97612093 119 80 42
0.62498323 0.30512672 5.97612093 119 80 42
0.59274006 0.19676706 5.68058607 128 87 48
0.62067305 0.28199442 5.91831227 123 89 54
0.60503216 0.73554152 5.28288112 173 146 114
0.68320469 0.52551845 6.20474175 137 120 99
0.71268689 0.60163400 6.25646491 200 203 209
0.62447985 0.56189855 5.32107042 181 152 118
0.64065983 0.37770091 5.44565575 184 152 115
0.64398535 0.44126595 5.37181723 149 119 82
0.66694782 0.50281573 5.39507440 166 137 102
0.71224029 0.28491147 5.78786344 154 121 84
0.77611349 0.54274135 6.24029920 153 125 96
0.79084693 0.58472365 6.31592195 204 208 218
0.75236930 0.37734736 6.05970394 121 84 43
0.84614188 0.93207604 6.49063632 193 199 213
0.83952634 0.63563483 6.36857691 204 204 208
0.83774550 0.51489869 6.21673334 161 131 100
0.91405800 0.44347657 6.17535485 104 70 32
0.87772090 0.53757103 5.61160943 177 148 118
1.03284201 0.82192339 6.58740257 193 195 208
0.93324308 0.42720325 5.89597116 123 85 40
0.93547932 0.53899522 5.68697792 93 64 31
1.08988434 0.72466199 6.53312573 133 109 83
1.01633106 0.65691908 5.69868115 170 146 117
1.23252840 1.03729745 7.14075049 130 101 70
1.06911486 0.72248934 5.74138744 173 148 116
1.17239104 0.70320027 6.57305166 212 211 219
1.10029169 0.73654039 5.76586928 179 156 129
1.29917726 1.11953426 7.14894530 131 95 54
1.18313425 0.69306471 6.56309670 135 112 86
1.11874957 0.82421973 5.77480205 80 64 51
1.20915389 0.70125873 6.57282409 135 109 81
1.17013701 0.88374326 5.78795413 102 80 60
1.22205953 0.65661509 6.52147351 128 93 56
1.15566861 0.73921133 5.80483227 169 143 116
1.16903131 0.65105574 5.81892560 129 104 75
1.26040451 0.68573897 6.58072924 138 115 90
1.22486239 1.02328985 5.78767791 124 99 73
1.20598504 0.73157688 5.84010223 146 122 94
1.22711144 0.85209289 5.85299257 67 41 14
1.32963035 0.77075716 6.72245495 203 200 207
1.21972294 0.63123116 5.92465513 174 141 106
1.36170346 0.88950071 6.83262775 172 141 105
1.35698779 0.79652451 6.88177593 132 103 66
1.25981329 0.90249120 5.84374726 120 92 63
1.34903875 0.65824331 6.57737787 134 109 84
1.39105229 0.74069505 6.74278717 167 132 99
1.37602986 0.71578014 6.62468044 203 203 212
1.31600844 0.91898188 5.81787967 78 43 7
1.43295613 0.88357137 6.85414032 151 126 95
1.44612431 0.89548172 6.84372192 150 124 91
1.41391731 0.67961026 6.62993377 151 116 79
1.36678197 0.92870016 5.80409401 144 106 67
1.37142640 0.55225122 6.31655885 108 71 26
1.44310873 0.65869776 6.60602181 163 128 88
1.39917167 0.88286981 5.88825398 153 120 89
1.63518408 1.49811879 7.07044700 202 202 212
1.39330202 0.78622250 5.94095860 84 53 3
1.42090244 0.79833257 5.95176287 82 50 10
1.41596575 0.72202961 5.97706642 119 87 50
1.44061041 0.90064384 5.89452675 152 119 86
1.50236525 0.68586539 6.62129904 151 118 84
1.51493216 0.69167732 6.56729900 131 100 63
1.50446337 0.62327188 6.47789390 135 115 96
1.50185454 0.97782362 5.87567311 196 200 214
1.49529388 0.86655122 5.83763156 192 194 207
1.53100886 0.70132826 6.30169587 153 131 112
1.52839770 0.66496675 6.18839180 215 214 222
1.55741356 1.03947864 5.81907291 197 195 200
2.49381139 2.43393740 7.45993114 217 247 255
0.18281980 -0.24964353 5.20929991 32 19 6
0.16458325 -1.25961511 5.05550061 85 94 104
0.14733619 0.27314924 5.29952870 72 46 21
0.14284291 0.17282281 5.34256510 37 19 1
0.26486831 -0.07358372 5.23357558 86 62 38
0.41120381 0.88984076 5.15830411 165 130 99
-0.40989754 -0.41521336 5.37968482 133 99 65
-0.05236190 -0.47180094 5.55776848 159 125 88
-0.00802520 -0.39647852 5.47722492 97 60 23
0.12687400 0.26289382 5.30353802 90 61 34
0.28112526 -0.49507998 5.84712304 182 156 123
0.40288229 0.91568745 5.13892500 168 134 104
1.24560641 0.33168179 6.45501445 201 198 195
1.38755405 0.38940911 6.50501691 170 135 96
1.46509842 0.50928857 6.30252689 140 108 70
-0.46121856 -0.51341114 5.40638269 125 94 59
-0.43990045 -0.53594302 5.45025561 186 148 109
-0.42534455 -0.47455914 5.80052277 185 181 180
-0.37730543 -0.50651189 5.45006563 71 38 2
-0.25573147 -0.32339751 5.33975938 114 85 53
-0.13798855 -0.55351087 5.63164963 165 128 86
-0.07877614 -0.36696935 6.12695899 61 33 2
-0.09405964 -0.34181033 5.40029049 153 121 86
-0.09405964 -0.34181033 5.40029049 153 121 86
0.06302449 -0.56518941 5.90577343 178 147 118
0.04488045 -0.30742798 5.42841015 162 129 97
0.23046359 -0.44980040 5.41735522 57 31 1
0.35956994 0.90824471 5.20241425 59 37 9
0.77892581 0.34276207 5.98986969 178 141 103
1.04178912 0.34790440 6.20240419 126 91 50
1.12448154 0.39101723 6.41741955 163 133 99
1.20780863 0.51284659 6.73985913 198 190 184
1.22966668 0.49432276 6.68677170 207 198 191
1.27239109 0.33990126 6.35079530 157 119 81
1.33451027 0.90039467 5.87498537 55 33 1
2.96331122 7.14204611 8.22015539 207 208 221
-2.31097110 1.39684083 6.78955370 167 161 165
-0.66279521 -0.43617534 5.46615386 191 192 183
-0.63575719 -0.50723356 5.58912748 131 109 85
-0.58576583 -0.55917619 5.50151315 168 138 107
-0.54133015 -0.56422026 5.55197832 113 73 35
-0.53687769 -0.47722712 5.38495945 121 99 75
-0.47023109 -0.42342384 5.36750913 137 107 77
-0.41145016 -0.49600873 5.42847499 69 39 5
-0.37299028 -0.38450554 5.78679543 144 118 93
-0.30001303 -0.40177472 5.83019862 161 133 111
-0.32823970 -0.33470919 5.34367816 37 17 2
-0.30227603 -0.31819726 5.33692779 175 146 116
-0.26500485 -0.47921611 5.41742171 67 38 8
-0.23942644 -0.44770026 5.43378565 66 32 2
-0.22053469 -0.50741546 5.47366128 112 74 29
-0.22628325 -0.36497096 5.37763558 45 21 2
-0.18198921 -0.54456441 5.56649195 167 130 88
-0.15420510 -0.54336921 5.68287242 197 154 115
-0.15420510 -0.54336921 5.68287242 197 154 115
-0.10395671 -0.57712974 5.80684003 125 91 55
-0.10395671 -0.57712974 5.80684003 125 91 55
-0.08425880 -0.33948524 6.17254878 196 189 181
0.00607547 -0.44014344 6.04272061 182 156 123
0.06033833 -0.46325071 5.56876222 143 105 68
0.06831029 -0.52611574 5.58880834 81 53 16
0.07340389 -0.33436378 5.44881035 49 25 2
0.11405961 -0.50305464 5.90564819 119 80 47
0.10433340 -0.49216637 5.59352412 75 46 9
0.09495613 -0.13238460 5.35736355 68 43 12
0.13599810 -0.51233942 5.53182871 89 59 33
0.13599810 -0.51233942 5.53182871 89 59 33
0.14793564 0.45471757 5.23132382 145 120 91
0.17725276 -0.47664981 5.63064216 167 126 86
0.20536876 0.01043607 5.41993307 39 17 10
0.26992495 -0.50390779 5.54626555 96 61 27
0.30814649 -0.48176477 5.48672153 152 123 87
0.37639531 0.39078265 5.25575506 191 162 132
0.38176322 -0.44229910 5.77810885 181 151 122
0.40125901 0.95845722 5.12472779 194 178 163
0.56576121 0.69456963 5.27900525 96 71 35
0.72934541 0.44086983 6.18390772 177 150 121
0.70114122 0.31354240 5.86631268 163 132 101
0.68362663 0.38004543 5.53249448 148 114 81
0.70557483 0.29382629 5.83629148 189 156 120
0.71296913 0.33023407 5.72056437 98 64 21
0.78668815 0.70763598 5.70213434 146 112 75
1.02740549 0.56965118 5.75325357 105 74 44
1.03064826 0.45215140 5.88635550 174 137 102
1.19960658 0.69036442 6.89586792 186 177 172
1.12652614 0.90310053 5.67242077 190 177 168
1.20370546 0.52402644 6.51191200 148 120 90
1.13708000 0.46527740 5.95614846 165 131 99
1.22706599 0.46639794 6.66362340 197 192 188
1.28315570 0.98120663 5.77595311 76 42 7
1.27781792 0.82942646 5.87208106 138 111 84
1.32609569 0.52335720 6.57970228 84 64 41
1.33182808 1.01636671 5.73540552 89 71 50
1.32835592 0.88865208 5.85913883 153 112 79
1.33326931 0.98434943 5.76508722 77 43 5
1.36186290 0.51241646 6.53138113 69 45 24
1.36247090 0.48258535 6.55389590 138 104 69
1.41911174 0.44555283 6.26893383 159 127 95
1.41733282 0.49234858 6.17698539 169 140 108
1.42630425 0.58948666 6.05791091 181 151 115
1.49149611 0.85981445 5.92543850 152 119 88
1.51592507 0.59889573 6.16282036 201 203 216
3.44030886 1.22601804 5.91174337 170 158 157
-2.37376130 1.40365317 6.82715575 155 153 154
-1.98331482 1.65333232 7.39677192 174 180 206
-1.68901629 1.67472437 7.52439760 168 176 196
-0.65725594 -0.49288275 5.54138283 195 189 182
-0.61408098 -0.53383785 5.59130696 134 101 71
-0.59932617 -0.55542628 5.48527994 0 0 2
-0.58109499 -0.58685776 5.51044426 135 96 57
-0.55909869 -0.45661380 5.37163873 0 0 0
-0.50109187 -0.50856915 5.65982028 123 96 70
-0.50763069 -0.54749998 5.41091005 197 163 130
-0.47740706 -0.53707993 5.53570220 158 121 79
-0.46438173 -0.50643671 5.67285623 118 90 52
-0.47322968 -0.54681721 5.44103652 163 125 85
-0.48354099 -0.45831761 5.35132297 112 87 57
-0.44471479 -0.54990815 5.45702787 114 76 36
-0.45819935 -0.38904027 5.34420454 75 51 24
-0.41878646 -0.38747815 5.75091624 141 125 104
-0.41325982 -0.57602709 5.48425087 168 133 95
-0.43296496 -0.42664377 5.34529767 70 47 27
-0.43296496 -0.42664377 5.34529767 70 47 27
-0.41803593 -0.52767288 5.44969599 159 121 82
-0.40620269 -0.38187525 5.76127700 147 130 108
-0.38266784 -0.46686929 5.36760725 164 135 98
-0.37102330 -0.40454738 5.33800748 191 162 130
-0.34477002 -0.50643940 5.46735357 71 37 1
-0.35702037 -0.41219164 5.37034074 146 111 70
-0.32995309 -0.54249836 5.50570689 172 138 101
-0.31950070 -0.49115947 5.42591486 110 75 39
-0.32636885 -0.40095059 5.34223440 167 141 109
-0.30847195 -0.49603237 5.43026067 114 78 36
-0.28105436 -0.25063563 5.93732916 76 47 18
-0.27417742 -0.24878798 5.95857684 164 130 97
-0.27252797 -0.23018385 5.94325813 81 50 22
-0.23153755 -0.53921123 5.56421971 128 87 43
-0.23153755 -0.53921123 5.56421971 128 87 43
-0.23153755 -0.53921123 5.56421971 128 87 43
-0.22874629 -0.35281140 5.36043467 146 115 84
-0.18017480 -0.39016571 5.39356653 57 26 1
-0.13664808 -0.26697820 6.14492661 131 95 55
-0.16105096 -0.32125993 5.36637263 176 150 115
-0.13707555 -0.45460448 5.48703238 85 54 14
-0.09208025 -0.53569184 5.96836659 144 104 58
-0.09208025 -0.53569184 5.96836659 144 104 58
-0.12941541 -0.41953332 5.41199589 71 35 5
-0.07411680 -0.32218148 6.12329313 108 79 47
-0.01339272 -0.39524167 6.15930462 163 133 96
-0.01339272 -0.39524167 6.15930462 163 133 96
-0.01371351 -0.38200244 6.13299195 78 53 22
-0.04600031 -0.45795769 5.53096438 1 2 1
-0.04211688 -0.23618615 5.35441311 91 67 43
-0.03526890 -0.26710152 5.37408385 144 117 88
-0.03526890 -0.26710152 5.37408385 144 117 88
0.03123606 -0.38779467 6.18544054 185 184 179
-0.01427336 -0.43070282 5.53656412 15 13 13
-0.00677624 -0.47456383 5.57063867 1 1 1
-0.00397707 -0.44435014 5.54449308 194 192 178
0.04265816 -0.43312062 6.07939259 108 77 32
-0.00806649 0.34240577 5.58943712 111 73 34
0.01953040 -0.34656976 5.51444287 137 106 72
0.06774663 -0.35296992 6.14120657 138 109 76
0.06529904 -0.44281164 6.04783593 188 163 134
0.02549628 -0.15376860 5.36902722 151 124 103
0.08250366 -0.33564603 6.14083416 121 96 72
0.03351855 -0.32650562 5.43099218 63 36 3
0.04747848 -0.41537875 5.52289412 158 128 90
0.07248919 -0.52452444 5.60660016 131 98 63
0.07370755 -0.38815802 5.52023057 72 40 3
0.08997136 -0.52147086 5.60395574 202 170 129
0.12138899 -0.44388823 6.01288896 172 146 118
0.12985120 -0.28330419 6.12502601 145 126 98
0.09107169 -0.29903304 5.44900739 174 138 106
0.14928553 -0.45821233 5.98466424 184 159 127
0.10977892 0.29624609 5.29209134 155 132 101
0.11408818 -0.18008899 5.38897040 56 34 10
0.13275443 -0.52662110 5.62065152 111 82 51
0.11799366 0.26606214 5.32194952 135 108 79
0.13804217 -0.45313441 5.61126107 160 125 87
0.14558323 -0.43450400 5.55242583 80 53 25
0.15763499 -0.55166354 5.64258888 181 146 110
0.15279515 -0.34247335 5.48474582 46 22 2
0.17760562 -0.54436976 5.66644526 103 68 30
0.18115157 -0.50850404 5.64350239 68 38 4
0.18265848 0.13186813 5.35239178 128 104 73
0.19557856 0.07169768 5.40505503 98 78 49
0.21820287 -0.36199797 5.52626478 10 1 1
0.19855621 -0.37127190 5.27010022 144 112 83
0.31137514 1.48256962 6.05014908 67 41 18
0.23081353 -0.43091853 5.47586827 102 74 45
0.21874961 -0.26078247 5.19512152 162 135 105
0.25416673 -0.46308173 5.68683331 123 91 61
0.28473762 -0.42463211 5.92160215 175 151 119
0.24258665 -0.20649764 5.16735688 100 76 48
0.31193447 -0.39824954 5.92756684 176 152 121
0.34505794 -0.51088583 5.89494112 148 122 90
0.35452268 0.90184691 5.16194604 84 65 45
0.38439265 0.85811907 5.18636925 59 31 2
0.38439265 0.85811907 5.18636925 59 31 2
0.37675820 0.33257027 5.27631832 194 165 128
0.39323234 0.90071945 5.13168471 93 76 58
0.38843278 -0.42569552 5.60617253 178 148 110
0.39500801 -0.45516687 5.66972113 183 155 118
0.42435319 0.89243307 5.12523581 78 59 44
0.49300524 0.61569806 6.12074310 186 193 203
0.42383779 -0.29603464 5.57086511 176 144 105
0.45979589 0.57668237 5.27213473 126 99 74
0.48456660 0.75462342 5.23150585 153 119 85
0.53176752 0.39832805 6.06546457 136 106 76
0.50945884 0.88585571 5.15487289 183 149 120
0.51743033 0.74393585 5.24412133 148 112 81
0.51549895 0.46874903 5.30624979 176 147 116
0.57633848 0.36339088 6.03717073 129 94 56
0.54534973 0.42585174 5.34652757 183 153 121
0.61531679 0.45498615 6.14043492 150 130 109
0.57364730 0.59919264 5.32165596 81 46 10
0.57364730 0.59919264 5.32165596 81 46 10
0.61080914 0.29178047 5.71982174 128 86 43
0.63227100 0.28881596 5.91937991 173 140 106
0.63888544 0.89359283 5.27688865 216 197 181
0.69219459 0.46817977 6.20074652 127 105 81
0.62978830 0.50852524 5.36934819 196 166 137
0.62978720 0.45393134 5.39515165 122 88 51
0.64457765 0.63819887 5.33872272 174 146 115
0.68721515 0.32210621 6.08495033 173 142 102
0.64085019 0.40821461 5.45087178 189 157 118
0.69068179 0.99787527 5.29569274 203 189 178
0.68102982 0.29982664 5.88729073 177 143 109
0.68102982 0.29982664 5.88729073 177 143 109
0.66703733 0.37783324 5.51488791 158 123 89
0.67386803 0.40221045 5.54598133 128 94 56
0.73792965 0.42641861 6.19010690 103 72 42
0.69762586 0.29851628 5.80086462 98 61 19
0.71239375 0.35541687 5.82551424 131 93 61
0.78041050 0.49212638 6.27444141 132 105 76
0.73180231 0.33922064 5.77633988 173 141 103
0.77241310 0.33954968 6.02582569 126 89 50
0.83414497 0.39002657 6.20160341 110 76 40
0.85142216 0.34845486 6.13472643 130 93 46
0.82983046 0.43799955 5.70763101 172 138 99
0.83504235 0.50282501 5.64254133 154 120 83
0.88601347 0.39728938 6.24713961 156 126 91
0.92940031 0.33271848 6.10858546 153 118 80
0.91956759 0.40050980 5.87818496 121 84 40
1.12283286 0.42726923 6.91431507 192 184 172
1.03717280 0.36811885 6.02487866 170 131 88
1.13522237 0.43834231 6.92865083 132 109 85
1.10492739 0.52820880 6.41409911 117 76 35
1.13968096 0.47622967 6.87522095 191 184 176
1.14062208 0.45030239 6.89220197 115 85 57
1.15303664 0.48663782 6.88890990 101 75 51
1.15845568 0.92762542 5.80480793 63 51 40
1.17541459 0.42387213 6.75357497 200 191 182
1.18118440 0.43138370 6.77692479 113 87 60
1.18238939 0.41607503 6.72837832 199 191 184
1.18963229 0.80136756 6.16524204 143 106 63
1.18142997 0.95151572 5.81106833 112 86 58
1.17167732 0.38421775 6.47593545 136 115 86
1.13855926 0.57326869 5.81937439 176 146 111
1.14688246 0.29045720 6.28521056 168 129 86
1.16269344 0.56864088 5.85754839 173 144 110
1.25005198 1.03534148 5.78455111 148 115 83
1.27498075 0.89897941 5.85182903 160 126 87
1.26923915 0.38811051 6.57626619 206 202 216
1.25689240 0.32053999 6.42705208 164 136 104
1.24475874 0.49079281 5.94919073 110 76 38
1.28450172 0.35263866 6.54837739 108 82 58
1.30138118 0.86048300 5.86456738 64 38 5
1.27068413 0.28134048 6.42160811 168 139 109
1.37088097 1.07512371 5.73216261 188 172 156
1.33222637 0.68076168 5.92359456 185 159 124
1.33913528 0.36323534 6.47957944 223 216 233
1.37222849 0.40292158 6.64001208 141 115 83
1.36821828 0.28963507 6.57485979 155 127 96
1.40769258 0.99797200 5.76125795 172 143 114
1.38179653 0.33882328 6.54788233 157 123 83
1.39808929 0.37564603 6.60427464 150 126 101
1.40836941 0.30272319 6.42328793 100 70 34
1.42974962 0.64507820 5.99846959 171 140 110
1.44683437 0.36699549 6.53114604 209 210 222
1.45399734 0.59817044 6.06543094 122 92 60
1.44939671 0.55605482 6.08030101 169 144 115
1.45390882 0.34930725 6.43225376 214 213 217
1.51287001 0.62438982 6.12735820 217 210 214
0.00524678 -0.43982914 5.53418989 14 13 8
0.14940825 -1.24060758 5.14314786 93 96 111
1.22460843 0.66506302 6.82505996 194 185 175
1.25873463 -0.01064078 5.71688960 114 80 41
1.25873463 -0.01064078 5.71688960 114 80 41
-0.14776933 -0.50244750 5.50786013 182 147 109
-0.13414830 -0.35385687 5.38791250 166 134 96
0.12159776 -0.57713876 5.72347882 178 142 106
1.24524662 0.66222270 6.96408335 127 90 47
1.35330953 0.51204897 6.54769226 212 193 181
2.16399012 3.48208008 7.09553377 199 201 222
-0.57415946 -0.55975182 5.48795487 168 132 98
-0.43721616 -0.42374933 5.35678874 146 119 89
-0.00177738 -0.42827645 6.08324639 10 1 0
-0.00262346 -0.49226833 6.01671765 142 109 79
0.03623684 -0.41159705 6.10576252 178 148 113
0.20491630 -0.48443267 5.63620742 157 119 82
0.20837726 -0.42692010 5.34612013 135 105 71
0.70446599 0.34629899 5.87512776 178 150 111
0.84559549 0.43268999 5.78369855 185 156 116
1.18028315 0.49467193 6.80613841 194 183 174
1.25686479 0.59007293 6.56833230 213 209 213
-0.35571693 -0.52200936 5.45774030 76 40 4
-0.32308282 -0.52133069 5.71314821 171 132 98
-0.28637028 -0.26368736 5.95309010 102 71 41
-0.24723216 -0.37074041 5.36690764 42 15 1
-0.24723216 -0.37074041 5.36690764 42 15 1
-0.20400806 -0.51614594 5.48210608 118 79 36
-0.17107866 -0.24239927 6.15269084 196 188 182
-0.19310864 0.94642425 5.34441260 96 88 76
-0.09005496 -0.30655624 6.14457472 115 89 61
-0.06461020 -0.52053061 5.58947480 172 128 88
0.00585922 -0.52091144 5.59514360 168 133 99
0.06342128 -0.38103069 6.08402943 140 113 83
0.38140578 -0.44158469 5.77843548 181 151 122
0.47502920 0.88546553 5.14749256 180 144 112
0.49327447 0.62064823 5.27531978 174 142 103
0.91172392 0.46363650 6.19324815 146 115 84
1.20795618 0.87198514 7.06925659 130 101 70
1.21427557 0.87284878 7.00490470 190 184 178
1.27732614 0.78278443 6.83447448 117 90 61
1.17276797 0.54430675 5.91628838 164 131 96
1.30686344 0.51608501 6.40873954 152 112 77
1.40036968 0.83222877 6.68159180 99 71 41
1.44219838 0.60390670 6.57650862 167 134 100
1.41125452 0.61915990 6.09208429 96 63 25
1.43048211 0.66717954 6.06459397 180 150 117
1.50098424 0.58105864 6.48976966 147 124 110
1.53065164 0.63167496 6.52445137 197 206 226
-0.63207837 -0.53759447 5.56336989 122 97 68
-0.49642508 -0.46946777 5.36796840 192 162 133
-0.39652410 -0.51164936 5.42922518 72 39 3
-0.35402771 -0.18935178 5.94252322 183 184 182
-0.32490285 -0.57603846 5.52970898 103 64 23
-0.31783335 -0.49729614 5.42457485 110 75 39
-0.30539747 -0.52660486 5.48295134 82 46 1
-0.30190138 -0.54335549 5.50479681 114 77 33
-0.28524921 -0.54944990 5.51910278 173 139 100
-0.26147212 -0.57584114 5.57463286 118 77 23
-0.22289992 -0.25682585 6.03352015 112 74 35
-0.24468263 -0.40884945 5.37478795 128 99 66
-0.24170812 -0.42680375 5.38366069 147 115 81
-0.12768292 -0.35782684 5.39906970 145 110 78
-0.09803822 -0.47140255 5.50059516 71 37 3
-0.09803822 -0.47140255 5.50059516 71 37 3
-0.03409451 -0.36846376 6.17644362 113 82 47
-0.06996179 -0.46422583 5.51670584 64 34 8
-0.02653962 -0.43738031 6.02385321 126 87 51
0.04246092 -0.33409527 5.43530033 64 36 6
0.08522580 -0.47035161 6.00076858 191 166 136
0.11186121 -0.57939122 5.71697546 115 82 39
0.15908575 -0.25644439 6.12757865 206 200 195
0.17417444 0.15194316 5.34363564 25 7 2
0.17599862 -0.23955331 5.44178194 113 87 63
0.22726555 -0.47654426 5.68776028 93 60 28
0.22456968 -0.46193359 5.39659361 148 118 86
0.25216290 -0.47469968 5.66209419 102 72 38
0.26985740 -0.50864277 5.57340646 156 123 88
0.30715590 -0.49567115 5.79420846 193 161 123
0.40775409 0.09169852 5.99647757 154 127 96
0.37568465 -0.44281936 5.78918146 132 102 70
0.43053359 0.84099798 5.15821007 146 110 74
0.45468773 0.81217390 5.17244154 164 132 94
0.45952032 0.69195912 5.24906757 55 31 11
0.52440890 0.61005742 5.28665922 168 139 104
0.61283202 0.73123110 5.29437962 151 124 95
0.60854191 0.44831773 5.38303837 121 88 55
0.61936631 0.61781108 5.29729124 137 110 79
0.74892655 0.53618254 6.22137379 103 72 42
0.88570406 0.42702948 6.01097980 173 140 97
1.18257441 0.75466392 7.01188353 189 181 174
1.24819525 0.79509580 7.02282305 135 98 61
1.25382020 1.12819114 5.78611046 166 139 108
1.33102202 0.69862762 6.71330185 99 73 43
1.33858963 0.65627162 6.72562076 173 140 105
1.32499711 0.58147242 6.58274284 187 189 201
1.34304920 0.57119745 6.53788340 147 116 75
1.44122416 0.56059400 6.58355613 158 126 87
1.42080766 0.50358890 6.44426258 126 88 35
1.45337008 0.56335872 6.30744800 166 134 95
1.50985745 0.60013539 6.42034671 139 112 92
-2.30952462 1.43402231 6.79773708 164 163 164
-1.68258262 1.41089682 7.22115967 255 255 255
-0.64923471 -0.48634108 5.53741522 19 12 10
-0.61955884 -0.54373700 5.52253094 149 113 75
-0.58998254 -0.54905393 5.48239438 2 0 1
-0.50700379 -0.54601142 5.42001879 116 80 44
-0.49992875 -0.55762181 5.43170397 117 80 31
-0.45228899 -0.45390340 5.73014792 182 179 172
-0.46326809 -0.47367086 5.36096404 144 110 80
-0.45447921 -0.51052371 5.38626365 158 125 88
-0.42214929 -0.54515764 5.42008383 144 105 65
-0.36269788 -0.30946580 5.83622062 185 185 184
-0.36269788 -0.30946580 5.83622062 185 185 184
-0.33087660 -0.50381334 5.75807842 165 139 109
-0.35706850 -0.47207056 5.38176198 170 137 98
-0.33553285 -0.21999643 5.91348915 76 51 23
-0.29749428 -0.27255655 5.91423470 83 54 22
-0.28989506 -0.25909225 5.92200666 87 55 24
-0.27843746 -0.27797069 5.91689440 137 105 74
-0.26302010 -0.56041994 5.57638915 113 70 26
-0.24064728 -0.22794333 6.08679377 133 114 87
-0.26918195 -0.44943802 5.40969499 154 115 77
-0.26714163 -0.44014916 5.42269096 68 37 0
-0.25069176 -0.47663679 5.42549412 70 37 3
-0.20840419 -0.23873111 6.06854206 106 69 24
-0.18593454 -0.43964201 5.96393740 174 150 119
-0.17969717 -0.47257104 5.94466074 114 84 48
-0.17406531 -0.21469166 6.14740925 130 109 84
-0.20866105 -0.47182553 5.44463503 72 40 2
-0.20866105 -0.47182553 5.44463503 72 40 2
-0.21165586 -0.43620832 5.40600206 133 99 63
-0.18958986 -0.50202152 5.45051613 68 36 0
-0.18958986 -0.50202152 5.45051613 68 36 0
-0.19728169 -0.39629672 5.38502857 56 30 0
-0.19728169 -0.39629672 5.38502857 56 30 0
-0.17034837 -0.47909707 5.46506702 81 48 7
-0.12946729 -0.42186884 6.01640797 180 155 129
-0.16692789 -0.32724244 5.34531389 64 43 17
-0.10073101 -0.30247354 6.11282515 128 96 64
-0.09184312 -0.28731418 6.12765960 47 23 1
-0.09346145 -0.59910805 5.79124658 109 71 25
-0.07996815 -0.29127875 6.11235553 132 104 68
-0.07579826 -0.45445797 6.04126743 168 142 112
-0.13174368 -0.31265928 5.36157337 54 28 0
-0.11614963 -0.46071860 5.45286658 122 79 34
-0.11614963 -0.46071860 5.45286658 122 79 34
-0.03685706 -0.32552693 6.10234068 100 67 37
-0.04106747 -0.54500092 5.94929704 160 126 89
-0.04106747 -0.54500092 5.94929704 160 126 89
-0.01458352 -0.52689348 5.97740146 128 98 64
-0.00356093 -0.50193928 5.99198988 140 108 71
-0.05468921 -0.33811304 5.37909554 65 41 13
-0.02508500 -0.31015260 5.38754029 178 143 113
-0.01254206 -0.43608155 5.49754640 182 151 118
-0.00174355 -0.55321785 5.58151497 109 77 36
-0.00389702 -0.46175204 5.54175507 165 165 157
0.03307695 -0.48403293 5.97961646 175 146 107
0.08257861 -0.29795885 6.12932184 132 98 56
0.03885355 -0.44242492 5.53618417 11 4 2
0.02568989 -0.04181126 5.36512316 74 49 20
0.10225548 -0.49223932 5.59712403 74 43 8
0.09517130 -0.14578017 5.37048125 46 25 0
0.13895155 -0.49717505 5.61263783 75 45 7
0.12390266 0.61273845 5.29746899 154 131 99
0.18195614 -0.38716670 6.00108986 176 154 122
0.16341695 -0.18895687 5.40847256 51 30 9
0.16527957 -0.23256072 5.43604055 137 111 79
0.17176142 -0.39312467 5.51613461 97 63 26
0.18429118 -0.29492034 5.45537316 46 28 9
0.18900665 -0.37897220 5.50331076 67 39 17
0.20623635 -0.51368419 5.66298964 95 62 29
0.18806667 0.18142475 5.29786817 27 12 1
0.21653908 -0.52558955 5.68295977 181 148 113
0.21736663 -0.51120084 5.67294499 80 49 15
0.20810000 -0.34990702 5.52082073 49 27 8
0.20461324 -0.36759676 5.25721702 88 55 20
0.25366101 -0.53313228 5.77676688 168 133 93
0.23022410 -0.47634668 5.44633792 90 60 31
0.21335866 -0.28802327 5.20598825 56 33 17
0.27220058 -0.49272787 5.83710359 183 155 118
0.28245458 -0.42831880 5.79237296 176 149 119
0.27782290 -0.51962060 5.76633144 171 145 112
0.26012115 -0.49971065 5.54310664 157 123 90
0.28849589 -0.52313720 5.79289853 127 97 63
0.27828554 -0.50617078 5.59861090 149 115 75
0.28497826 -0.53510900 5.65566210 135 102 60
0.25784391 -0.36784962 5.24573444 185 153 121
0.29113164 -0.55382959 5.69344324 164 129 87
0.29405637 -0.57486972 5.69784819 179 143 102
0.27250761 -0.40792582 5.35531984 108 69 33
0.30647574 -0.47751130 5.48747192 171 139 109
0.33009229 0.26326445 5.34336775 179 148 119
0.35419474 0.68844090 5.21519197 64 38 10
0.35575155 -0.46892096 5.78111303 191 162 128
0.37852735 0.50307008 5.23938161 156 127 96
0.39927857 0.72745855 5.23518839 42 21 2
0.39848781 -0.40161735 5.79087110 184 156 119
0.43496974 0.80008877 5.17906392 180 147 112
0.45126870 0.63036903 5.25828770 172 147 115
0.53723608 0.48096637 6.06438982 167 140 110
0.54488988 0.49456439 6.07898590 119 89 55
0.47887464 0.37142127 5.33129833 152 119 83
0.63674434 1.12548817 6.32813144 188 194 208
0.50939352 0.81025984 5.17322682 189 155 118
0.51551037 0.23225615 5.46825827 165 123 81
0.52690170 0.83073056 5.16033421 185 153 122
0.52823268 0.82077817 5.16997424 104 73 38
0.52954137 0.74677454 5.23411390 148 113 83
0.51938932 0.40569968 5.33419945 186 160 127
0.54461296 0.61592266 5.29490614 178 149 117
0.58793634 0.64458006 5.27169150 163 134 100
0.59558624 0.64502678 5.31859781 162 132 99
0.61733868 0.42473110 5.40309653 182 155 118
0.71320312 0.37044607 5.77259172 132 94 51
0.78685586 0.64371788 6.26079043 168 139 107
0.82536467 0.72806937 6.31244510 111 81 47
1.03281121 1.63552015 6.79010558 144 151 167
0.89101318 0.59962293 5.66191392 142 109 71
0.93885422 0.54360171 5.90521331 129 88 41
1.17917479 1.27987003 5.72698361 196 182 171
1.12714031 0.67739563 5.88085232 95 61 23
1.23675625 1.10604247 6.23241938 134 96 49
1.23675625 1.10604247 6.23241938 134 96 49
1.26644643 1.13519473 5.88027669 39 16 0
1.21338059 0.68162639 5.93685302 130 96 58
1.27864701 1.15519946 5.77920483 157 122 93
1.29190568 0.97044073 5.93666413 177 144 106
1.29305683 0.69756050 6.18834672 150 115 75
1.37198556 0.81271824 6.63675109 190 193 208
1.34034979 1.06163124 5.91785832 141 112 75
1.35890637 1.11864084 5.84338687 124 88 44
1.35689130 1.03986240 5.92270756 155 122 88
1.33866155 0.74480616 6.10602417 148 107 57
1.33866155 0.74480616 6.10602417 148 107 57
1.42978812 0.84323900 6.60572729 132 111 83
1.46097385 0.84808984 6.63241300 119 87 49
1.41809395 0.71697537 6.47142753 184 148 100
1.68856439 1.82930213 7.15110081 204 206 218
1.58257105 0.91548771 6.44479635 199 200 202
1.59714337 1.23091434 5.84399342 194 192 193
1.59436418 1.08529413 6.08822685 195 202 219
1.79283217 1.53129138 6.16081405 197 202 214
2.51466358 2.49508192 7.43036445 255 255 255
0.93445042 0.74375154 6.59601078 118 84 49
0.07576707 0.51561152 5.28082513 80 67 51
0.21370407 0.39033792 5.35536761 146 124 95
1.19349779 0.64356310 6.89754303 189 182 176
1.49972883 0.52372483 6.40826113 205 210 222
-0.07928719 -0.50549216 5.55610377 118 78 38
0.12241853 4.66619162 6.51748507 67 40 16
0.68262428 0.33787252 5.93280202 174 141 103
1.18946544 0.76680989 7.02428337 130 101 70
1.24293564 0.69172313 6.80179541 194 188 176
1.35075380 0.55571694 6.62313928 174 138 106
1.33811177 0.97010890 5.81784345 144 104 68
1.39802824 0.61356943 6.03207426 179 149 116
1.49879477 0.53742426 6.43598924 203 204 219
-0.56646184 -0.53017554 5.45259384 0 0 0
-0.43038723 -0.54192130 5.46575810 118 81 40
-0.42168166 -0.37766537 5.33198692 114 89 64
0.00354798 -0.44943338 6.03968711 179 152 122
0.03624664 -0.53647526 5.65548136 87 48 10
0.05769834 0.53146818 5.31277166 86 73 57
0.25947816 -0.25903321 5.19872828 180 151 119
0.60224432 0.27389220 5.73172403 167 137 101
0.79793856 0.51163143 6.25305881 163 134 104
1.00789479 0.42100307 6.14530349 124 87 43
1.22964056 0.64630782 6.92154402 166 136 108
1.23755748 0.65226047 6.82950736 104 81 55
1.27266737 0.58422787 6.71807065 88 63 36
1.22681387 0.51035238 6.01313707 118 77 25
1.34009755 0.54744082 6.59513965 88 61 41
1.28108991 0.46636734 6.13142992 134 94 42
1.35591280 0.45757220 6.28870974 114 75 26
1.39948507 0.48830568 6.60702564 119 84 44
1.35291649 0.59375083 6.00998659 136 102 64
1.43775475 0.49921787 6.57558996 172 139 103
1.44632479 0.61180446 6.06004252 125 94 62
1.50201632 0.53502771 6.50444176 213 214 220
1.50358202 0.56406811 6.36246365 206 204 209
2.59845763 5.67993253 7.14580273 138 119 99
1.51883628 0.65057229 6.19668245 149 127 103
-0.53841250 -0.52524267 5.41523372 0 1 1
-0.36086500 -0.17666337 5.93274781 194 187 176
-0.31259461 -0.23787119 5.90934516 87 59 29
-0.09863983 -0.26395959 6.20687954 183 184 179
-0.09411607 -0.57052230 5.79704943 109 71 25
-0.03977947 -0.49360298 5.61051812 180 141 98
-0.03241307 -0.47783805 5.56292100 5 0 3
-0.00462759 -0.44642645 5.54414383 165 165 157
0.03526254 -0.48519554 5.57444744 139 118 82
0.08485200 -0.43418504 6.03574667 173 151 117
0.13604891 -0.18451796 5.30373784 49 28 8
0.33452811 -0.46527700 5.77905261 197 167 131
0.49541913 0.83757051 5.15976192 101 67 30
0.57314362 0.26781980 5.77980376 125 84 41
0.57314362 0.26781980 5.77980376 125 84 41
0.76078360 0.42248777 5.70646444 106 68 25
1.23264938 0.77199419 6.88513273 186 179 173
1.23558510 0.76419122 6.91573687 129 110 85
1.16623673 0.79891400 5.84177631 160 131 97
1.35874901 0.61136871 6.57839550 200 201 216
1.35535305 0.99746474 5.82806848 93 56 15
1.33060594 0.55513192 6.08865753 115 71 24
1.42108441 0.60503367 6.65243685 178 146 108
1.43012633 0.97403413 5.89073633 96 61 21
1.46051988 0.57746802 6.57219490 167 137 102
1.49310408 0.64179278 6.62700821 140 119 95
1.49755310 0.59619046 6.52551722 127 93 54
2.54676102 1.79720066 6.84299642 184 184 194
-2.39511259 1.48979558 6.84417035 156 155 153
-2.03760158 1.80057124 7.44865273 177 184 205
-1.76947911 1.74764006 7.32279737 255 255 255
-1.75089540 1.84822614 7.59796220 174 179 199
-0.63730308 -0.42813372 5.50052582 0 0 0
-0.59727429 -0.41592716 5.37910599 187 181 171
-0.69744481 0.50198104 5.20891247 121 121 116
-0.55466463 -0.33664821 5.71334836 190 186 183
-0.55039291 -0.53150075 5.44939585 11 2 0
-0.55039291 -0.53150075 5.44939585 11 2 0
-0.53890272 -0.42654008 5.35822451 165 147 119
-0.46005628 -0.52789990 5.40941882 180 146 109
-0.44027517 -0.52653051 5.48320182 130 90 47
-0.38234766 -0.53647390 5.47410874 113 77 26
-0.33684397 -0.21647316 5.89987838 108 79 44
-0.29480417 -0.26513156 5.99153954 140 120 95
-0.28650709 -0.26265582 6.00471557 122 101 75
-0.28089017 -0.25959258 5.93623009 82 50 22
-0.25017507 -0.46609133 5.87742043 171 146 113
-0.26407724 -0.46275588 5.43441111 161 129 92
-0.22537424 -0.48800446 5.89840854 190 159 127
-0.21936016 -0.27278601 6.09837168 146 125 100
-0.20037682 -0.50505158 5.55591231 165 126 83
-0.34054959 1.38157226 4.83667019 200 190 179
-0.10585591 -0.44912327 6.02292679 166 137 100
-0.12291062 -0.51849207 5.59212233 185 144 98
-0.05573252 -0.38149390 6.12315718 121 90 57
-0.06898421 -0.56384604 5.81663056 126 85 41
-0.07676608 -0.49533972 5.54633658 191 156 117
-0.00507056 -0.52144529 5.97881805 182 152 117
0.01009967 -0.39239173 6.12173139 140 106 68
-0.02437407 -0.46308762 5.57050240 8 1 0
0.01148658 -0.53923718 5.97634193 172 142 106
-0.02271877 -0.46876053 5.55981012 34 31 27
-0.00059904 -0.44350463 5.53909356 165 162 151
0.05016713 -0.46601124 6.02696312 181 151 122
0.07969428 -0.33428193 6.14523809 136 106 73
0.07384124 -0.43571320 6.04557901 112 84 42
0.07634670 -0.43565040 6.05483358 174 146 110
0.03340310 -0.30455403 5.43314744 68 39 3
0.03974405 -0.18333841 5.37433491 164 141 110
0.07955189 -0.59259626 5.81076993 114 76 32
0.07955189 -0.59259626 5.81076993 114 76 32
0.09340223 -0.49474151 5.97656937 104 68 32
0.05324910 -0.35406660 5.45405318 164 130 92
0.06837983 -0.51513079 5.60770488 195 166 128
0.11717970 -0.49895648 5.97283960 186 156 127
0.09263365 -0.51262275 5.61214735 128 94 56
0.14316886 -0.28444698 6.13532197 195 192 187
0.09050108 -0.31231237 5.44601615 162 129 92
0.07941302 0.31348061 5.28228069 144 123 96
0.14813780 -0.27384812 6.12913728 130 112 92
0.14813780 -0.27384812 6.12913728 130 112 92
0.13921644 -0.46949096 5.99153129 110 78 36
0.15134148 -0.45710952 5.99508364 101 67 33
0.13845862 0.35537528 5.23136146 149 132 104
0.18952495 -0.56979886 5.77241256 188 149 106
0.18952495 -0.56979886 5.77241256 188 149 106
0.23073415 -0.30381567 6.08492222 192 191 189
0.18696180 -0.34349861 5.50670151 73 48 18
0.17501688 -0.45574831 5.30691584 15 6 3
0.24918960 -0.45065999 5.92827237 190 162 125
0.22480830 0.86213965 5.17882277 92 84 66
0.23399524 -0.53524580 5.72152338 155 121 83
0.22505285 -0.38237313 5.46588589 110 83 49
0.26214415 -0.52827896 5.71341313 3 0 1
0.24441188 -0.38543266 5.34193144 177 148 108
0.27106488 -0.52739165 5.70489752 136 110 72
0.24667785 -0.26175531 5.21320137 96 67 27
0.30231389 -0.45290336 5.86743873 105 72 31
0.34344402 -0.49559635 5.59107274 189 156 113
0.34344402 -0.49559635 5.59107274 189 156 113
0.40129328 -0.43156277 5.71363399 201 169 130
0.52674545 0.37242228 6.06808007 136 106 70
0.47909690 0.74056384 5.23097935 169 135 100
0.50455875 0.20381949 5.86384814 181 149 113
0.48984492 0.60505512 5.26859003 172 143 101
0.55116290 0.25683612 6.02492580 138 102 63
0.58233291 0.47982544 6.13429639 139 119 95
0.57494308 0.32445139 6.01983272 87 57 29
0.57522756 0.26149225 5.88976400 198 164 126
0.57522756 0.26149225 5.88976400 198 164 126
0.57144004 0.34911405 5.46841766 120 82 35
0.68631907 0.34500006 6.09865075 170 137 101
0.66902284 0.80878771 5.28206473 205 192 175
0.73084121 0.38297566 6.13372169 168 137 103
0.76457528 0.44635677 6.22325440 165 135 101
0.81900155 0.45990424 6.28852941 112 83 43
0.79142684 0.36620655 6.10093637 123 82 36
0.84911629 0.47823771 6.23090485 139 108 70
0.79937868 0.44261985 5.65940764 116 81 41
0.82725118 0.47391941 5.64149054 161 131 90
0.88578172 0.41219143 6.28288639 115 81 42
0.88839484 0.37903811 5.97921309 177 143 101
0.88086837 0.36570203 5.86015534 127 90 41
0.88086837 0.36570203 5.86015534 127 90 41
0.88448822 0.41003586 5.78309451 115 80 35
0.94335159 0.39730553 5.91215858 118 82 35
1.06508886 0.66306245 6.55427711 192 194 206
1.06221413 0.52388030 6.47961050 128 101 75
1.16931173 0.52522793 6.92782207 112 92 67
1.20733450 0.50466533 6.78066225 197 195 194
1.17690953 0.48139351 6.51390958 135 106 72
1.20570516 1.02859263 5.77598062 187 170 156
1.18200387 0.42442268 6.46268998 134 101 58
1.28105612 0.58283828 6.92608666 143 116 80
1.24646361 0.96742634 5.80345360 153 118 77
1.22700505 0.20327494 6.51690825 193 199 215
1.25593711 0.36120141 6.45232957 172 140 100
1.28038326 0.43319344 6.50351031 136 105 65
1.30363735 0.42480488 6.60676976 114 86 55
1.33125352 0.85491824 5.87773217 70 42 2
1.33931544 0.42670022 6.51286085 139 116 83
1.40041255 0.50132338 6.69064490 149 119 84
1.40056098 0.92844927 5.78370349 165 132 96
1.39660599 0.40717040 6.54848707 158 121 76
1.41844841 0.89079939 5.83672129 157 123 86
1.39250757 0.35621134 6.41104233 127 87 38
1.43722281 0.40056373 6.52207325 177 145 106
1.44233473 0.39575824 6.53331860 137 104 64
1.43696895 0.39669139 6.46829946 122 90 48
1.44034224 0.39283656 6.50454991 179 146 109
1.44763765 0.39081632 6.46352844 181 146 109
1.43894107 0.49689932 6.12154381 135 106 64
1.45943385 0.37853810 6.46856716 143 110 80
1.50501120 0.79799716 6.00228163 146 117 83
1.52365307 0.73659601 6.14491231 133 105 75
1.52365307 0.73659601 6.14491231 133 105 75
2.21057556 1.38853812 7.11299795 255 255 255
-0.57995398 -0.39519383 5.45482972 4 2 0
0.61618697 1.02157433 5.47016095 86 53 16
-0.39062152 0.58039168 5.97946660 184 176 163
0.39255057 3.70963108 6.24370616 162 131 108
-0.54046669 -0.53494559 5.42600112 155 130 102
-2.41803047 1.47481429 6.86068339 159 154 158
-0.01232353 -0.65618834 5.52029622 1 0 1
-0.61249371 -0.45623878 5.39433663 3 3 3
-0.28859177 -0.53223754 5.50389025 177 142 104
-0.02868237 -0.46186254 6.03349804 188 162 132
0.26820442 -0.49467199 5.84461227 171 142 112
1.31632886 0.59955711 6.58920770 187 189 201
1.30580888 0.41890269 6.39736434 119 83 35
1.36648325 0.54864206 6.64852255 99 57 7
1.36648325 0.54864206 6.64852255 99 57 7
-0.26682413 -0.52829919 5.51277798 153 114 71
0.01836191 -0.57709916 5.88394573 168 134 91
0.01836191 -0.57709916 5.88394573 168 134 91
0.19369247 -0.53812511 5.67070488 171 137 99
0.27613016 -0.54641211 5.77460458 171 142 111
0.29527831 -0.50937035 5.80063453 116 83 50
0.67293150 0.39167745 5.54660614 116 75 29
0.71231375 0.34575555 5.74299261 148 116 77
0.78221372 0.49289126 5.65720002 159 130 93
1.19524176 0.76090160 7.01883582 118 95 69
1.50711986 0.55915674 6.43695681 198 198 204
-0.56432613 -0.55718996 5.46476606 22 9 2
-0.36350755 -0.14449001 5.88863210 128 110 87
-0.34804412 -0.18030455 5.89519017 165 139 110
-0.32504078 -0.22698457 5.91209946 150 125 94
-0.30271913 -0.25321374 5.98392033 134 111 88
-0.29730589 -0.24880851 5.93333790 158 129 97
-0.28451314 -0.28167587 5.99183360 168 146 117
-0.25845349 -0.26090808 6.05378025 140 114 91
-0.24995470 -0.24792571 6.08179901 193 189 183
-0.25995612 -0.55574879 5.56288900 165 127 82
-0.23199547 -0.39115404 5.94413711 187 157 124
-0.20698636 -0.27963942 6.06100447 103 62 16
-0.20078506 -0.26603733 6.08525091 113 75 32
-0.15174949 -0.25846734 6.15482026 142 121 92
-0.07695187 -0.33944992 6.12069038 125 93 56
-0.04017595 -0.39548230 6.14049724 151 119 72
-0.03194750 -0.37387472 6.12643892 97 69 35
-0.04619181 -0.44708899 5.53142104 5 0 1
-0.02890600 -0.52235960 5.63996736 172 137 98
0.01137600 -0.52886539 5.97825984 172 142 106
-0.00433723 -0.44706651 5.54323516 190 188 175
0.04897271 -0.43077671 6.06111102 185 154 122
0.07252252 -0.53240681 5.95432831 183 154 113
0.08925678 -0.35207454 6.10547364 121 88 50
0.08773870 -0.41723093 6.05047271 120 90 52
0.08992567 -0.44251576 6.03340348 175 148 118
0.15086268 -0.47978203 5.59420710 169 131 90
0.15443729 0.45606161 5.22118966 137 118 93
0.20907662 0.09066686 5.39089128 18 9 5
0.25150718 -0.54586714 5.77486934 170 135 97
0.30738306 -0.52306700 5.80597141 131 101 65
0.53905836 0.29480178 5.93303318 167 134 99
0.57126913 0.26508024 5.78409105 123 85 37
0.57126913 0.26508024 5.78409105 123 85 37
0.57126913 0.26508024 5.78409105 123 85 37
0.59771132 0.31416205 5.95683442 138 102 59
0.59347547 0.27308963 5.71774040 180 145 111
0.64964027 0.36950498 5.58296446 160 127 89
0.67982299 0.33194885 5.93419709 179 146 106
0.69099903 0.38573620 5.57209474 112 75 28
0.74433406 0.38708040 5.77905293 119 85 42
0.80498189 0.51855347 6.29447311 135 105 70
0.88306531 0.41939204 6.16695167 103 72 29
0.90376213 0.50106880 5.74026105 163 133 100
0.97293834 0.38749865 6.14538553 150 115 74
1.07193630 0.53603625 5.83978562 118 85 41
1.21491283 0.55681909 6.84464994 116 90 67
1.20254281 0.91229113 6.19849993 139 100 53
1.23056150 0.58160360 6.82101087 114 93 62
1.31749880 0.67926377 7.00145760 189 184 180
1.27971778 0.40618030 6.46508683 172 140 100
1.26975204 0.54373661 5.97715565 118 85 41
1.33618963 1.02680241 5.78931050 148 115 76
1.39849678 0.86968914 6.73179601 168 132 90
1.34976021 0.45829612 6.55531948 103 73 40
1.36720767 0.45908474 6.53982948 94 63 26
1.36720767 0.45908474 6.53982948 94 63 26
1.36787750 0.46391169 6.52569898 204 190 200
1.48368661 0.48806904 6.55316144 148 130 100
1.52670019 0.93831597 5.93449594 201 201 215
1.62862381 1.24997680 5.98956934 199 202 217
2.78736331 0.54246674 7.07516366 167 158 157
-0.62809114 -0.45304702 5.61837218 192 185 176
-0.59612616 -0.50190789 5.62511645 128 110 87
-0.59604281 -0.46694510 5.63806667 197 189 178
-0.59087190 -0.48814008 5.43254034 0 0 0
-0.57618627 -0.45775516 5.65070273 193 188 182
-0.57455689 -0.57561924 5.47458952 158 139 106
-0.47500329 -0.51440016 5.38491224 91 57 21
-0.46440768 -0.57409088 5.44833143 128 91 46
-0.46685487 -0.50873280 5.39000530 82 47 7
-0.37433116 -0.58759994 5.61995242 162 124 85
-0.39656043 -0.45638574 5.35627921 104 75 46
-0.31615625 -0.20688767 5.88954724 96 70 38
-0.29240944 -0.22720354 6.01829624 191 185 173
-0.29482971 -0.36006206 5.33604158 172 149 113
-0.27823279 -0.47386892 5.41297836 81 47 7
-0.26237046 -0.48791122 5.42230607 102 66 30
-0.18830917 -0.46645802 5.93977265 191 163 127
-0.20692563 -0.57357864 5.58874906 161 123 81
-0.09931856 -0.23830906 6.18915872 200 193 184
-0.09070777 -0.28318172 6.11113935 37 17 0
-0.07281319 -0.45897865 6.04096422 172 147 121
-0.11542932 -0.45115704 5.43910566 184 154 112
-0.07595157 -0.35399310 5.39028698 188 160 119
-0.01872091 -0.39941161 6.08222699 11 6 0
-0.00030507 -0.40796760 6.08467102 10 2 0
-0.02099268 -0.52010244 5.59295565 173 138 98
-0.00491792 -0.45818655 5.54374632 173 166 153
0.03528012 -0.54859695 5.93623033 194 165 127
0.06301646 -0.32167197 6.14787818 118 83 41
0.06992922 -0.35121239 6.09628496 111 82 47
0.02987162 -0.48401648 5.56319241 4 2 8
0.08212639 -0.31135246 6.12452693 128 93 55
0.03496505 -0.48040230 5.54285820 1 1 1
0.03496505 -0.48040230 5.54285820 1 1 1
0.10251795 -0.35398099 6.08330179 169 143 108
0.06269615 -0.44470580 5.53737931 107 75 38
0.06919903 -0.54720720 5.60595824 192 160 122
0.07546963 -0.20272588 5.38307055 132 106 74
0.10188747 -0.37222801 5.47421450 145 120 84
0.16379384 -0.45457428 5.98586071 181 155 121
0.14675054 -0.21861017 5.44145284 125 95 66
0.19945741 -0.48676222 5.91281739 188 160 122
0.25514639 -0.41212888 5.94156041 124 92 51
0.27551364 -0.22331186 6.04803218 142 126 103
0.23139300 -0.38222905 5.52238642 7 4 2
0.24830925 -0.51290254 5.71029685 142 118 95
0.23021025 -0.41397367 5.32448096 132 103 69
0.25373455 -0.39317504 5.46170263 140 105 63
0.25646179 -0.49834633 5.52575199 91 56 16
0.30648143 -0.38546880 5.93729441 175 149 116
0.25125201 -0.38466808 5.32372013 138 97 48
0.27900298 -0.55699298 5.63299647 133 101 63
0.28724047 -0.55819866 5.69183147 170 132 87
0.29062650 -0.57140663 5.70014567 179 147 101
0.31573731 -0.45920942 5.85415960 175 149 115
0.34797353 -0.55150429 5.76609578 200 172 133
0.36680904 -0.46239061 5.76656818 132 95 50
0.62384756 0.88250723 6.26381173 196 200 211
0.54307570 0.89870610 5.19889696 150 115 77
0.55157443 0.17554706 5.72368232 125 86 43
0.53680348 -0.04333963 5.62031972 129 93 50
0.58114244 0.30948847 5.64063297 125 86 45
0.69352187 0.47682533 6.16445433 187 160 126
0.76414635 0.53529695 6.23446491 116 86 51
0.75249679 0.47767181 6.15949925 121 85 42
0.72609403 0.43053833 5.66038122 169 136 97
0.76895136 0.40843813 6.06491355 176 141 101
0.79613718 0.50286351 6.17651814 99 63 23
0.88579192 0.93465827 6.48325054 196 199 206
0.87173903 0.59058482 6.35538643 146 113 82
0.98820102 1.04921093 6.65116238 142 151 165
0.89919860 0.49660002 6.29481987 115 81 39
0.90412895 0.51854352 6.27321138 150 116 79
0.98884842 0.54341280 5.80163377 178 149 107
1.02767548 0.54789742 5.82744084 169 139 99
1.04096736 0.56699487 5.81891650 119 86 43
1.17458709 0.66926987 6.98512273 193 187 180
1.17507922 0.62457085 6.64565826 197 199 211
1.24226543 0.71981942 6.98845969 140 101 51
1.24226543 0.71981942 6.98845969 140 101 51
1.15068609 0.58012123 5.88499590 124 89 50
1.15068609 0.58012123 5.88499590 124 89 50
1.19536724 0.57652846 5.91771857 116 83 37
1.29011146 0.90399431 5.85515896 142 109 71
1.29809360 0.95021664 5.87980880 51 26 1
1.31074428 0.58040131 6.67351773 110 85 57
1.31096153 0.58723798 6.58776716 195 202 218
1.25400577 0.49194689 6.14193734 171 133 91
1.35082382 1.00417139 5.82216836 138 99 51
1.29492151 0.52563159 6.06149789 124 83 32
1.29492151 0.52563159 6.06149789 124 83 32
1.33387445 0.46842915 6.50805647 155 120 80
1.35437963 0.49320198 6.53752516 194 204 216
1.58860541 1.39620308 7.01654427 203 207 219
1.37895609 0.47025470 6.51549426 71 47 16
1.42016275 0.51251333 6.24978966 118 74 22
1.42425478 0.56062107 6.11306293 171 141 101
1.50377227 0.99841675 5.90690424 156 128 91
1.46666053 0.48246632 6.56244990 152 121 82
1.48419661 0.50441350 6.43732445 133 106 77
1.53943771 0.97689417 5.92737362 200 200 209
1.52987073 0.79948029 6.11143927 147 117 83
1.55057910 0.88821242 6.08114746 140 115 86
1.57854834 1.11892560 5.82167668 202 198 197
1.77373238 1.53460321 6.19610040 198 202 214
1.77928643 1.33465859 6.11935657 199 203 210
-0.41950268 1.32163212 5.82954878 125 124 124
-2.05300921 1.74218758 7.45232829 175 184 213
0.15201247 0.23426257 5.29806525 38 16 0
0.23215320 -0.55605486 5.72164557 155 121 86
1.38197431 0.79835497 6.94676172 193 184 177
0.14922303 -0.35744054 6.06688190 121 95 67
1.43324280 0.48451755 6.57059454 172 139 103
2.27675522 1.64230168 7.17176413 255 255 255
-0.01231827 -0.38112134 6.16300064 163 132 98
0.12778556 -0.47675962 5.57514588 162 128 90
1.18797697 0.72171763 7.00481883 118 95 69
1.27967390 0.62268275 6.69215025 205 204 214
1.32097843 0.62866259 6.58461214 190 193 208
-0.37057937 -0.57760450 5.51304167 118 81 36
-0.27955936 -0.23377298 6.05159367 194 190 193
-0.00382698 -0.45195261 5.54275952 190 188 175
0.04719635 -0.46155316 5.54673740 155 127 93
1.04187041 0.41810813 6.37979730 158 123 85
1.30059469 0.50059497 6.74650133 116 79 27
1.28862200 1.01584607 5.78705689 79 48 6
1.41863538 0.44953850 6.55629446 126 92 44
-0.19281215 -0.26017183 6.12334721 139 123 95
-0.00454606 -0.51579635 5.98809414 131 103 66
0.02293164 -0.50697405 5.99224088 163 134 100
0.02485500 -0.57289433 5.89265346 125 84 38
0.34517165 -0.50804507 5.76871792 184 154 116
0.34517165 -0.50804507 5.76871792 184 154 116
0.75656429 0.37741541 5.95768055 131 90 46
0.84157916 0.40222295 6.11865463 155 120 83
0.98160034 0.49924400 5.79872594 178 149 107
1.17137096 0.66248458 7.01309106 190 181 173
1.25409045 0.66705980 7.03437328 154 130 102
1.25060638 0.60829301 6.55920144 208 207 217
1.33879287 0.62063354 6.85604972 155 134 109
1.39421007 0.85660015 6.70184439 170 137 95
-1.76979046 1.67155233 7.30891702 255 255 255
-0.65084020 -0.46548987 5.45745351 170 164 157
-0.62405616 -0.57001626 5.54646903 165 138 106
-0.62511033 -0.54597470 5.52380567 13 5 2
-0.61669390 -0.50193620 5.39821873 146 148 153
-0.57340961 -0.58699169 5.47528108 153 125 93
-0.56005563 -0.55799177 5.45165702 0 0 0
-0.54542777 -0.57960151 5.44958388 4 2 2
-0.53364966 -0.52739530 5.36400635 172 153 127
-0.46945570 -0.58807556 5.45671760 187 150 106
-0.41745621 -0.59120384 5.49067906 121 83 39
-0.37374338 -0.43467648 5.75347897 102 69 30
-0.36707819 -0.43086391 5.76737259 168 138 101
-0.37090921 -0.58746485 5.50076631 190 155 108
-0.34749508 -0.41759270 5.78183146 170 139 103
-0.33646576 -0.42007517 5.78001862 102 70 23
-0.32399178 -0.22464164 5.91221954 148 123 93
-0.31054671 -0.27688041 5.92888645 149 119 84
-0.30915962 -0.47001769 5.78496865 126 88 51
-0.27928127 -0.26536940 6.02180842 127 106 81
-0.30440579 -0.55699956 5.49581440 173 138 96
-0.26813856 -0.29490675 5.93346429 127 97 59
-0.26131886 -0.53451912 5.80756030 123 90 53
-0.26219914 -0.24555587 5.95001507 122 94 57
-0.25372577 -0.42628887 5.87864037 164 139 105
-0.25129551 -0.46770159 5.82213569 117 82 42
-0.27933840 -0.53604458 5.43123293 152 120 81
-0.22720076 -0.48412691 5.89956550 179 155 123
-0.22731760 -0.46671751 5.90277343 190 166 135
-0.21696137 -0.25188478 6.11614385 200 192 184
-0.20478945 -0.27817888 6.11243960 136 118 88
-0.21349514 -0.48502824 5.86165350 113 79 34
-0.20054409 -0.25345396 6.13024387 200 194 186
-0.18225065 -0.51129118 5.88926475 117 77 31
-0.15129098 -0.29158226 6.14250153 170 142 111
-0.15270230 -0.32506526 6.02768236 81 54 24
-0.19809740 -0.47131007 5.40255395 178 148 109
-0.13992157 -0.45756168 6.01311825 158 135 104
-0.15426012 -0.54449456 5.68192386 194 155 113
-0.12742407 -0.25835050 6.07266037 146 117 86
-0.17187376 -0.44173905 5.40774876 154 124 85
-0.10893125 -0.23862865 6.16040247 129 94 56
-0.07579280 -0.48891578 6.01801047 164 133 94
-0.07478717 -0.49006992 6.00321709 168 129 85
-0.05649830 -0.35216987 6.12820897 116 84 45
-0.05244698 -0.36996863 6.13654029 70 42 5
-0.05127066 -0.38364228 6.14558675 139 109 66
-0.03344289 -0.39088864 6.16819820 115 80 39
-0.03788677 -0.37934986 6.07280857 164 140 106
-0.03272669 -0.34803971 6.09892769 105 75 38
-0.02096021 -0.40023682 6.14408353 151 119 79
-0.00655245 -0.51554937 5.97830182 185 152 117
-0.00517050 -0.51292054 6.00457161 201 172 138
-0.03963595 -0.49911404 5.55729899 144 125 97
-0.03368224 -0.53323152 5.62208444 133 95 46
-0.02974658 -0.45992279 5.53416901 0 0 0
0.03864867 -0.29595427 6.18836246 200 196 191
-0.00387092 -0.49663378 5.57956319 148 125 93
0.00409981 -0.52953142 5.64023965 84 48 11
0.05507315 -0.40896137 6.10448311 174 147 114
0.05366411 -0.52784596 5.94549023 205 172 137
0.02420176 -0.50805981 5.57603649 179 154 122
0.06977990 -0.44654170 6.03603429 182 153 117
0.08776419 -0.40947279 6.05072345 114 82 42
0.09867932 -0.45765327 6.01957798 136 110 77
0.10457501 -0.40890877 6.04621304 181 157 123
0.07607326 -0.57588949 5.71327988 129 94 52
0.11412895 -0.37484927 6.06757706 175 147 110
0.12556718 -0.27942096 6.12527347 153 126 89
0.12326378 -0.38347716 6.06068277 109 79 45
0.07967827 -0.48070101 5.53706381 178 146 106
0.13738986 -0.38143759 6.05488768 176 154 119
0.14935016 -0.24765618 6.13250741 122 104 83
0.11827624 -0.57444632 5.72333352 190 157 116
0.15194887 -0.44408873 5.99657691 118 82 40
0.14674402 0.14292595 5.32441648 103 84 54
0.14990597 0.23862880 5.26971267 73 56 26
0.19661339 -0.40682067 5.99754112 183 158 127
0.21204925 -0.38596987 5.99843010 180 157 120
0.18396968 0.13850564 5.30838938 47 33 4
0.19728112 -0.52154871 5.67845457 178 147 107
0.26317652 -0.31422270 6.05194008 152 137 114
0.25116327 -0.50194922 5.85645336 124 87 46
0.26119203 -0.42550704 5.93262321 190 160 122
0.28605874 -0.21623724 6.05073981 207 204 207
0.25837056 -0.50402620 5.84620604 205 172 134
0.24245856 -0.41571633 5.34051467 172 145 108
0.26627996 -0.50986009 5.57301610 163 131 93
0.27556665 -0.52034337 5.61358830 148 120 86
0.28891419 -0.51626564 5.77012231 127 89 45
0.29454171 -0.49576673 5.80057298 115 83 44
0.28267026 -0.52384568 5.56844285 178 136 88
0.31492463 -0.43719722 5.85923192 190 163 126
0.27899212 -0.48353226 5.43560035 168 138 101
0.32618216 -0.50463180 5.77613497 183 153 115
0.33566877 -0.50262949 5.76816212 204 174 138
0.36118412 -0.41140332 5.83452747 132 104 67
0.36649054 -0.45957911 5.76656557 130 95 52
0.49343800 0.17380029 5.84039586 170 140 102
0.53728810 0.40886151 6.06511426 91 65 31
0.51116776 0.20866071 5.84254253 112 74 31
0.50235924 0.69427494 5.22323509 103 68 28
0.54572837 0.36837033 6.04042237 145 106 64
0.55786091 0.40267712 6.07862712 154 125 95
0.53747498 0.26059355 5.93252452 173 138 101
0.57707126 0.38173674 6.08454934 103 71 32
0.57707126 0.38173674 6.08454934 103 71 32
0.52053752 0.27584598 5.41356635 135 96 53
0.58444242 0.33629329 6.04164001 103 73 34
0.52986659 0.26869047 5.42861221 124 90 46
0.59707982 0.28239611 5.95626438 129 92 48
0.59707982 0.28239611 5.95626438 129 92 48
0.56242637 0.19700173 5.60360872 140 103 59
0.57328953 0.34489788 5.40672414 142 109 68
0.61282718 0.26225463 5.91844871 184 149 107
0.58439947 0.31203326 5.43544008 185 155 114
0.59670057 0.25314075 5.52833016 164 129 88
0.67371291 0.43754556 6.16330839 175 146 114
0.64192985 0.29054805 5.95554769 180 147 106
0.67659644 0.45169748 6.17440509 130 101 69
0.64332764 0.50071676 5.36642657 159 132 95
0.65662059 0.33379742 5.53435377 119 84 39
0.77542859 0.40057327 6.14928535 168 138 104
0.76385429 0.34600988 6.03291957 176 139 95
0.82600798 0.48296295 6.29722109 106 76 40
0.76632427 0.41345736 5.64119409 173 141 102
0.79068517 0.43494311 5.66964725 163 130 92
0.82661528 0.39465428 6.11042189 114 80 37
0.83085127 0.39783584 6.11975117 115 80 38
0.80215876 0.48748074 5.60612454 168 136 97
1.02325272 1.18831949 6.66834249 147 157 170
0.84131391 0.37352410 5.79085655 145 111 66
0.84283336 0.43974140 5.69218607 132 95 53
0.90125174 0.46617558 6.35056885 164 134 100
0.87957857 0.35500096 6.10602434 106 72 26
0.88732541 0.41882859 5.78868791 134 97 48
0.93384098 0.36402521 6.13135599 162 125 80
0.91843416 0.45501246 5.74481596 123 88 46
0.93483832 0.44393281 5.76720168 180 148 109
1.03473657 0.41684588 6.37133105 108 72 23
1.03473657 0.41684588 6.37133105 108 72 23
1.11130570 0.71655772 6.50146107 135 106 73
1.01764871 0.50220403 5.80939678 134 103 58
1.01764871 0.50220403 5.80939678 134 103 58
1.03577933 0.35843222 6.22068528 174 136 91
1.16393066 0.97803507 5.71113499 203 190 173
1.09960348 0.43195213 5.95334307 177 145 100
1.18142387 0.72504963 5.80208921 122 95 65
1.35539479 1.32398093 6.89187270 201 204 214
1.19057034 0.75473141 5.84805716 174 144 108
1.24505370 0.54828220 6.77010505 122 102 75
1.18239977 0.48652687 5.98147485 133 92 39
1.24669565 0.78509241 5.88289989 178 146 108
1.24784691 0.81405896 5.85165652 86 56 18
1.25003062 0.82662557 5.86482045 177 147 109
1.30889702 0.89736588 5.89387731 186 156 121
1.27115015 0.44934959 6.50846146 166 132 94
1.31276236 0.97385825 5.78136991 99 65 20
1.31276236 0.97385825 5.78136991 99 65 20
1.29476383 0.52110548 6.53904623 140 112 84
1.33867921 1.03541850 5.71429674 197 182 161
1.33836625 1.02341128 5.71137583 198 183 162
1.34332140 0.93670913 5.79112953 151 119 81
1.32784404 0.47924440 6.57222032 205 208 221
1.35830105 0.94888969 5.77728683 103 74 36
1.36751404 0.47210086 6.52656745 211 202 209
1.38643034 0.76643290 5.95238839 133 95 49
1.39034408 0.39089299 6.55303685 166 129 83
1.45776585 0.84942119 5.95514396 153 118 75
1.55740386 0.99767221 6.79403141 205 212 228
1.41116128 0.39944233 6.34095665 123 86 29
1.44976006 0.44739950 6.54723085 134 101 57
1.48723463 0.78184876 6.02370902 160 132 93
1.46981139 0.46131910 6.50559279 144 109 70
1.48485799 0.49202023 6.53908210 146 119 86
1.48453012 0.48922354 6.52686221 147 126 95
1.47572435 0.45062772 6.45153107 150 122 94
1.46868086 0.46946865 6.31386366 140 110 78
1.47560809 0.40479678 6.47987939 200 203 204
1.48975787 0.47976267 6.42883615 206 198 196
-0.63852477 -0.47544166 5.40211653 190 186 187
1.28656456 0.63367870 6.71068353 104 78 53
1.25412375 0.44845580 6.43221090 147 111 71
1.34363647 0.58470729 6.55975816 190 194 206
0.57717250 0.24957676 5.58478396 170 139 109
0.85752014 0.46146372 6.24530020 102 69 29
-0.16183553 -0.26905619 6.15618369 198 191 183
1.02257555 0.42469412 6.28039406 121 85 36
1.40794478 0.46230236 6.54542667 178 142 102
1.45339187 0.47472120 6.51850183 183 151 113
2.29455341 1.67605824 7.17939647 255 255 255
-2.01776691 1.68698561 7.43869363 179 185 207
-0.16240392 -0.28935460 6.14569623 142 121 94
-0.03218738 -0.34047475 6.09932388 105 75 38
-0.02488289 -0.49473343 5.55786574 3 3 3
0.01535535 -0.50407428 5.98956778 125 93 52
-0.00577859 -0.49723530 5.56554399 1 1 1
0.37206842 0.22956789 6.01562603 150 125 100
0.78635887 0.49407800 6.25619691 120 85 48
0.73210685 0.36074855 5.74836367 122 85 41
0.79962573 0.48533248 6.26901253 114 82 44
0.84672656 0.50989531 6.31825722 121 91 55
0.87810344 0.45434853 6.27417142 108 78 34
0.84902508 0.52519908 5.62305412 158 128 90
1.19919134 0.56611440 6.48768318 160 130 93
1.25136187 0.92543391 5.78931742 130 93 48
1.28779719 0.47043787 6.57860621 198 204 220
1.33802467 0.62537500 6.86043397 155 134 107
1.39707491 0.50319574 6.56449468 109 68 18
1.42655774 0.43891534 6.46572621 111 74 32
1.54115870 0.64395324 6.36188035 200 203 211
3.45213307 1.25961649 5.92600420 183 177 171
-2.36196614 1.32047708 6.84292977 158 154 151
-1.82263589 1.88832991 7.33905049 255 255 255
-0.62233984 -0.59118998 5.53745301 108 93 66
-0.62619105 -0.57087341 5.51123906 0 0 0
-0.58469701 -0.63628465 5.51249453 142 119 82
-0.58011603 -0.62149671 5.49303615 0 1 2
-0.51976495 -0.59556714 5.39413694 118 99 64
-0.31730241 -0.48767871 5.77736870 117 82 41
-0.31067076 -0.45575016 5.80742832 128 100 63
-0.29994809 -0.57944218 5.66309396 164 127 85
-0.24330979 -0.40358623 5.94289455 33 16 0
-0.20808972 -0.48309531 5.88416324 129 92 48
-0.20178645 -0.48736175 5.87883531 165 127 87
-0.18796857 -0.25703478 6.13879235 197 192 182
-0.18980982 -0.38410543 5.98073195 173 150 119
-0.18491805 -0.21458824 6.09506444 141 99 52
-0.17550810 -0.25635208 6.02506737 154 119 85
-0.15981426 -0.25502157 6.04397638 157 124 83
-0.14401101 -0.25999035 6.05066359 85 55 21
-0.12559441 -0.27841771 6.17061952 143 122 97
-0.11544882 -0.27848843 6.09179753 127 96 58
-0.09934759 -0.30931710 6.16271234 95 72 37
-0.08971155 -0.29908318 6.07747466 123 91 55
-0.08971155 -0.29908318 6.07747466 123 91 55
-0.08345257 -0.33402761 6.15192160 143 119 85
-0.06085051 -0.32738692 6.19058926 119 103 78
-0.04043098 -0.38696094 6.14137738 152 120 82
-0.00607648 -0.33172373 6.19459143 156 134 104
-0.01352037 -0.50155617 6.00410902 198 170 130
-0.04045222 -0.53257285 5.52620547 141 116 79
-0.00216736 -0.48633778 6.00613013 198 171 131
0.00798419 -0.36898419 6.01838160 143 106 63
0.00137065 -0.45649458 6.03859259 189 159 122
-0.03249643 -0.51753917 5.57551903 141 121 77
0.01609773 -0.48229314 6.01883959 194 166 127
-0.00359943 -0.45034364 5.49039331 146 117 77
0.06129973 -0.42455048 6.05512592 187 160 120
0.07002987 -0.35562251 6.09576501 111 76 37
0.06002963 -0.52229552 5.96651648 126 88 39
0.08364106 -0.48125078 5.99698815 194 165 132
0.10604195 -0.23698954 6.15124709 147 132 105
0.10015691 -0.41123330 6.04274579 174 151 121
0.09590997 -0.50550393 5.94878780 140 109 70
0.11895383 -0.21855201 6.15343498 198 191 180
0.12017407 -0.34100753 6.11228814 100 73 36
0.14331490 -0.46216653 5.98078506 196 165 130
0.17759104 -0.55972848 5.64600080 107 74 31
0.20511755 -0.44938221 5.31042482 112 93 60
0.21751714 -0.45024072 5.31199089 120 98 64
0.24195673 -0.55285331 5.76828100 136 98 59
0.22246637 -0.42334776 5.28301346 32 14 0
0.28625293 -0.28124681 6.00193623 171 149 118
0.25821965 -0.53754219 5.71391032 6 2 1
0.27016793 -0.53087908 5.78550745 119 86 50
0.25974756 -0.45435386 5.29099392 79 58 27
0.31211842 -0.34415791 5.94821007 130 95 54
0.31211842 -0.34415791 5.94821007 130 95 54
0.30653781 -0.38928824 5.91411458 181 155 118
0.33592654 -0.22054311 6.00147311 145 121 90
0.28370786 -0.50715096 5.44634133 151 125 92
0.36378447 -0.35709051 5.99948675 121 85 48
0.36703692 -0.24379248 5.96867008 180 160 129
0.34083607 -0.45677783 5.48574408 163 137 102
0.44677656 0.31901181 5.97588379 175 144 105
0.48100241 0.44635048 6.02700099 117 87 51
0.50204005 0.21846090 5.83958689 177 145 108
0.51299105 0.62778533 5.23392341 119 90 49
0.54635883 0.22414601 5.74928208 132 91 45
0.58092581 0.38464011 6.02508845 87 62 23
0.58092581 0.38464011 6.02508845 87 62 23
0.60031488 0.40600660 6.05342123 116 82 37
0.59634836 0.37794742 6.04067233 160 128 89
0.55899595 0.22386996 5.58327949 130 95 53
0.58336378 0.24009352 5.59928398 175 140 103
0.60945698 0.30625869 5.90333861 140 105 63
0.66275246 0.46820291 6.15087342 167 141 106
0.66958123 0.50136707 6.16138717 115 89 54
0.66958123 0.50136707 6.16138717 115 89 54
0.69191955 0.46257364 6.16141742 183 155 117
0.69747394 0.48236058 6.18976670 135 107 70
0.68330226 0.38481682 5.95009428 137 103 58
0.66798784 0.33039938 5.60830291 171 139 100
0.72742121 0.44144157 6.13664613 120 83 37
0.70003202 0.32107171 5.84996396 188 159 117
0.70212046 0.35507021 5.80677701 109 73 21
0.74178929 0.36342926 5.70052757 174 141 97
0.78503590 0.45970145 6.15408821 174 142 104
0.78812695 0.46363829 6.16691683 92 59 14
0.81213517 0.53732587 6.27534755 96 67 28
0.77206425 0.51274399 5.52617872 158 133 98
0.80682861 0.43904519 6.10373130 129 88 42
0.91496315 1.04275128 6.47859549 199 200 204
0.84622837 0.53152364 6.30012058 154 128 92
0.81822600 0.45549586 5.69105619 162 129 84
0.84684638 0.38525418 5.98821015 120 83 38
0.89328557 0.53572210 6.35211669 123 93 57
0.88752860 0.40130273 5.97884922 181 148 101
0.94627964 0.39351663 6.14246207 99 63 20
1.03057221 0.55224123 6.43476408 159 127 91
1.03057221 0.55224123 6.43476408 159 127 91
1.04639592 0.43635723 6.22031910 179 138 95
1.05369342 0.57395556 5.81987596 139 105 58
1.07402887 0.42722025 6.24399913 181 143 98
1.10171101 0.46380555 6.36098690 109 75 23
1.10171101 0.46380555 6.36098690 109 75 23
1.11191341 0.59103169 5.85384660 146 112 66
1.19418952 0.63137415 7.04497866 191 188 181
1.20008792 0.65123300 6.89881548 200 200 207
1.13593709 0.53851536 5.94009878 132 92 38
1.23663848 0.69468509 6.98024480 151 110 58
1.23663848 0.69468509 6.98024480 151 110 58
1.22886333 0.63468463 6.80473149 202 208 220
1.23237034 0.90422807 5.80934932 85 63 26
1.16975081 0.53773623 5.98052054 185 151 107
1.29469043 0.65970378 6.93762796 148 116 78
1.24612178 0.52255999 6.04890034 185 148 102
1.24612178 0.52255999 6.04890034 185 148 102
1.29073264 0.52271507 6.63628690 200 205 218
1.29473528 0.49019290 6.57798869 194 202 215
1.35973957 0.68703551 6.84189136 158 132 96
1.38735125 1.04970333 5.81839397 125 84 39
1.34225468 0.53487383 6.59361755 114 84 44
1.33065124 0.55916805 6.08288025 124 87 36
1.35840302 0.52726684 6.55828972 107 84 51
1.36985209 0.57955139 6.53931146 197 200 210
1.36985209 0.57955139 6.53931146 197 200 210
1.36155341 0.46100713 6.48304866 129 95 50
1.37373161 0.48647964 6.49601535 163 129 86
1.42314678 0.49217758 6.55823721 137 100 58
1.45034824 0.58815437 6.67167845 157 133 102
1.41221316 0.49170721 6.24855322 120 80 29
1.45389732 0.49978936 6.52847845 178 145 102
1.45389732 0.49978936 6.52847845 178 145 102
1.50267099 0.86193700 5.99339896 152 125 88
1.48257771 0.58242695 6.56909507 152 118 77
1.49942549 0.58689877 6.39485276 139 108 72
1.73555599 1.17813803 6.11784122 203 207 216
